x,x,,0,0,696,640,-384
x,x,,0,0,688,632,-353
x,x,,0,0,696,624,-360
x,x,,0,0,718,654,-300
x,x,,0,0,720,692,-267
x,x,,0,0,713,689,-343
x,x,,0,0,817,576,-59
x,x,,0,0,709,574,-412
x,x,,0,0,688,729,-587
x,x,,0,0,681,890,-497
x,x,,0,0,667,818,-281
x,x,,0,0,652,699,-176
x,x,,0,0,672,666,-239
x,x,,0,0,704,670,-288
x,x,,0,0,735,701,-336
x,x,,0,0,750,768,-341
x,x,,0,0,730,749,-314
x,x,,0,0,715,696,-336
x,x,,0,0,697,695,-367
x,x,,0,0,668,689,-386
x,x,,0,0,642,704,-382
x,x,,0,0,618,720,-413
x,x,,0,0,617,698,-404
x,x,,0,0,620,663,-363
x,x,,0,0,612,627,-389
x,x,,0,0,620,600,-484
x,x,,0,0,651,611,-544
x,x,,0,0,687,639,-522
x,x,,0,0,704,659,-415
x,x,,0,0,694,685,-309
x,x,,0,0,680,691,-285
x,x,,0,0,680,690,-216
x,x,,0,0,683,700,-187
x,x,,0,0,699,653,-267
x,x,,0,0,728,616,-314
x,x,,0,0,751,582,-343
x,x,,0,0,766,587,-358
x,x,,0,0,749,629,-348
x,x,,0,0,716,674,-344
x,x,,0,0,704,706,-366
x,x,,0,0,704,709,-358
x,x,,0,0,701,700,-346
x,x,,0,0,687,717,-331
x,x,,0,0,684,703,-390
x,x,,0,0,705,702,-408
x,x,,0,0,712,753,-286
x,x,,0,0,712,830,-202
x,x,,0,0,711,810,-219
x,x,,0,0,702,840,-146
x,x,,0,0,664,829,-188
x,x,,0,0,656,728,-312
x,x,,0,0,624,760,-320
x,x,,0,0,546,682,-561
x,x,,0,0,529,589,-530
x,x,,0,0,528,569,-625
x,x,,0,0,572,561,-690
x,x,,0,0,597,474,-682
x,x,,0,0,621,415,-701
x,x,,0,0,692,388,-772
x,x,,0,0,737,371,-784
x,x,,0,0,757,459,-699
x,x,,0,0,747,448,-616
x,x,,0,0,738,409,-581
x,x,,0,0,742,406,-642
x,x,,0,0,703,426,-588
x,x,,0,0,688,461,-589
x,x,,0,0,682,539,-561
x,x,,0,0,691,525,-609
x,x,,0,0,675,515,-629
x,x,,0,0,654,510,-583
x,x,,0,0,643,539,-506
x,x,,0,0,626,570,-505
x,x,,0,0,611,553,-542
x,x,,0,0,617,532,-561
x,x,,0,0,615,511,-598
x,x,,0,0,604,492,-616
x,x,,0,0,608,488,-616
x,x,,0,0,601,488,-655
x,x,,0,0,588,492,-670
x,x,,0,0,596,489,-634
x,x,,0,0,603,483,-653
x,x,,0,0,618,482,-691
x,x,,0,0,647,469,-690
x,x,,0,0,675,444,-729
x,x,,0,0,677,416,-725
x,x,,0,0,672,427,-667
x,x,,0,0,674,409,-622
x,x,,0,0,673,383,-609
x,x,,0,0,656,375,-586
x,x,,0,0,658,426,-588
x,x,,0,0,666,474,-643
x,x,,0,0,674,544,-636
x,x,,0,0,680,579,-659
x,x,,0,0,677,589,-577
x,x,,0,0,660,569,-624
x,x,,0,0,635,522,-627
x,x,,0,0,598,477,-651
x,x,,0,0,585,455,-677
x,x,,0,0,593,448,-650
x,x,,0,0,600,447,-674
x,x,,0,0,609,425,-711
x,x,,0,0,648,448,-680
x,x,,0,0,640,432,-648
x,x,,0,0,640,432,-648
x,x,,0,0,632,447,-648
x,x,,0,0,654,448,-648
x,x,,0,0,707,463,-677
x,x,,0,0,698,450,-673
x,x,,0,0,696,448,-658
x,x,,0,0,682,468,-622
x,x,,0,0,660,485,-709
x,x,,0,0,643,475,-630
x,x,,0,0,634,472,-633
x,x,,0,0,651,484,-659
x,x,,0,0,650,488,-694
x,x,,0,0,630,470,-639
x,x,,0,0,630,447,-645
x,x,,0,0,638,440,-678
x,x,,0,0,624,429,-683
x,x,,0,0,616,424,-622
x,x,,0,0,626,434,-633
x,x,,0,0,622,445,-696
x,x,,0,0,630,429,-696
x,x,,0,0,621,421,-694
x,x,,0,0,617,402,-758
x,x,,0,0,663,388,-778
x,x,,0,0,704,413,-772
x,x,,0,0,704,428,-768
x,x,,0,0,700,455,-717
x,x,,0,0,678,462,-684
x,x,,0,0,637,425,-632
x,x,,0,0,617,443,-563
x,x,,0,0,605,496,-542
x,x,,0,0,597,538,-510
x,x,,0,0,589,571,-523
x,x,,0,0,576,565,-536
x,x,,0,0,573,549,-536
x,x,,0,0,607,562,-526
x,x,,0,0,629,568,-581
x,x,,0,0,644,560,-603
x,x,,0,0,662,538,-626
x,x,,0,0,682,540,-597
x,x,,0,0,685,535,-544
x,x,,0,0,671,566,-476
x,x,,0,0,663,599,-461
x,x,,0,0,656,625,-490
x,x,,0,0,654,584,-503
x,x,,0,0,637,583,-487
x,x,,0,0,607,581,-415
x,x,,0,0,601,637,-409
x,x,,0,0,609,706,-421
x,x,,0,0,624,752,-357
x,x,,0,0,608,752,-256
x,x,,0,0,616,736,-232
x,x,,0,0,632,790,-232
x,x,,0,0,640,868,-224
x,x,,0,0,603,857,-224
x,x,,0,0,571,827,-268
x,x,,0,0,547,781,-301
x,x,,0,0,537,769,-318
x,x,,0,0,543,850,-381
x,x,,0,0,524,877,-492
x,x,,0,0,520,808,-538
x,x,,0,0,526,760,-588
x,x,,0,0,503,752,-544
x,x,,0,0,502,788,-437
x,x,,0,0,486,906,-379
x,x,,0,0,486,921,-460
x,x,,0,0,499,828,-513
x,x,,0,0,509,754,-531
x,x,,0,0,507,757,-468
x,x,,0,0,504,834,-371
x,x,,0,0,504,897,-346
x,x,,0,0,509,869,-390
x,x,,0,0,517,789,-379
x,x,,0,0,533,756,-272
x,x,,0,0,553,769,-143
x,x,,0,0,577,788,-113
x,x,,0,0,608,772,-164
x,x,,0,0,632,698,-204
x,x,,0,0,644,648,-209
x,x,,0,0,662,680,-182
x,x,,0,0,683,727,-173
x,x,,0,0,685,723,-240
x,x,,0,0,704,689,-315
x,x,,0,0,741,655,-332
x,x,,0,0,725,656,-336
x,x,,0,0,691,698,-307
x,x,,0,0,662,725,-331
x,x,,0,0,649,727,-385
x,x,,0,0,634,702,-385
x,x,,0,0,638,708,-351
x,x,,0,0,628,767,-434
x,x,,0,0,618,851,-364
x,x,,0,0,620,864,-294
x,x,,0,0,593,860,-299
x,x,,0,0,562,838,-185
x,x,,0,0,575,823,-148
x,x,,0,0,570,819,-177
x,x,,0,0,588,843,-181
x,x,,0,0,626,872,-155
x,x,,0,0,649,871,-192
x,x,,0,0,673,847,-199
x,x,,0,0,696,808,-176
x,x,,0,0,696,776,-176
x,x,,0,0,688,776,-215
x,x,,0,0,726,776,-132
x,x,,0,0,683,776,-188
x,x,,0,0,651,769,-228
x,x,,0,0,612,754,-203
x,x,,0,0,573,759,-200
x,x,,0,0,548,780,-125
x,x,,0,0,551,811,-152
x,x,,0,0,559,855,-173
x,x,,0,0,560,858,-189
x,x,,0,0,579,856,-142
x,x,,0,0,596,814,-152
x,x,,0,0,618,788,-148
x,x,,0,0,630,778,-110
x,x,,0,0,632,782,-68
x,x,,0,0,627,800,-83
x,x,,0,0,624,834,-85
x,x,,0,0,624,853,-60
x,x,,0,0,619,866,-73
x,x,,0,0,606,858,-117
x,x,,0,0,614,839,-108
x,x,,0,0,615,805,-92
x,x,,0,0,612,788,-105
x,x,,0,0,612,813,-108
x,x,,0,0,600,852,-112
x,x,,0,0,588,876,-105
x,x,,0,0,588,887,-103
x,x,,0,0,588,896,-124
x,x,,0,0,564,896,-148
x,x,,0,0,526,886,-141
x,x,,0,0,524,884,-88
x,x,,0,0,547,901,-94
x,x,,0,0,552,891,-99
x,x,,0,0,552,870,-96
x,x,,0,0,554,848,-122
x,x,,0,0,562,848,-144
x,x,,0,0,568,850,-125
x,x,,0,0,572,860,-66
x,x,,0,0,586,870,-53
x,x,,0,0,592,859,-69
x,x,,0,0,589,839,-68
x,x,,0,0,577,828,-124
x,x,,0,0,586,808,-150
x,x,,0,0,601,813,-187
x,x,,0,0,605,846,-203
x,x,,0,0,577,832,-149
x,x,,0,0,584,825,-31
x,x,,0,0,584,737,-26
x,x,,0,0,576,755,-64
x,x,,0,0,592,847,-48
x,x,,0,0,608,761,-24
x,x,,0,0,616,760,61
x,x,,0,0,639,813,239
x,x,,0,0,662,764,352
x,x,,0,0,700,709,316
x,x,,0,0,754,704,348
x,x,,0,0,760,732,436
x,x,,0,0,740,702,434
x,x,,0,0,756,689,472
x,x,,0,0,773,747,493
x,x,,0,0,757,741,528
x,x,,0,0,727,779,486
x,x,,0,0,714,816,514
x,x,,0,0,700,853,540
x,x,,0,0,673,853,538
x,x,,0,0,625,859,542
x,x,,0,0,576,826,539
x,x,,0,0,523,808,478
x,x,,0,0,473,844,524
x,x,,0,0,441,869,603
x,x,,0,0,403,815,586
x,x,,0,0,379,762,579
x,x,,0,0,367,788,610
x,x,,0,0,377,838,633
x,x,,0,0,400,823,640
x,x,,0,0,412,736,624
x,x,,0,0,404,684,604
x,x,,0,0,396,765,652
x,x,,0,0,400,923,744
x,x,,0,0,400,934,703
x,x,,0,0,400,758,573
x,x,,0,0,400,669,605
x,x,,0,0,397,768,745
x,x,,0,0,387,921,778
x,x,,0,0,371,925,616
x,x,,0,0,360,710,393
x,x,,0,0,365,612,356
x,x,,0,0,387,765,509
x,x,,0,0,416,973,519
x,x,,0,0,421,1025,312
x,x,,0,0,442,755,107
x,x,,0,0,452,585,99
x,x,,0,0,472,769,265
x,x,,0,0,473,974,133
x,x,,0,0,487,935,-13
x,x,,0,0,541,755,-269
x,x,,0,0,590,735,-289
x,x,,0,0,649,958,-71
x,x,,0,0,658,824,-293
x,x,,0,0,688,820,-703
x,x,,0,0,688,688,-656
x,x,,0,0,664,872,-272
x,x,,0,0,633,717,-466
x,x,,0,0,662,628,-495
x,x,,0,0,671,564,-518
x,x,,0,0,723,618,-564
x,x,,0,0,721,667,-704
x,x,,0,0,720,693,-874
x,x,,0,0,693,696,-930
x,x,,0,0,688,636,-789
x,x,,0,0,701,539,-871
x,x,,0,0,723,456,-1017
x,x,,0,0,716,403,-998
x,x,,0,0,718,398,-978
x,x,,0,0,744,412,-829
x,x,,0,0,792,422,-650
x,x,,0,0,847,469,-600
x,x,,0,0,896,499,-557
x,x,,0,0,917,509,-431
x,x,,0,0,940,588,-371
x,x,,0,0,952,662,-160
x,x,,0,0,957,752,116
x,x,,0,0,974,786,119
x,x,,0,0,953,740,-73
x,x,,0,0,850,708,-181
x,x,,0,0,709,746,-204
x,x,,0,0,576,780,-188
x,x,,0,0,427,745,-125
x,x,,0,0,295,764,-7
x,x,,0,0,230,912,49
x,x,,0,0,171,977,3
x,x,,0,0,126,828,8
x,x,,0,0,164,658,-72
x,x,,0,0,257,654,-130
x,x,,0,0,399,886,-173
x,x,,0,0,566,1000,-682
x,x,,0,0,757,681,-983
x,x,,0,0,866,342,-633
x,x,,0,0,769,242,-193
x,x,,0,0,714,444,144
x,x,,0,0,755,500,-234
x,x,,0,0,810,432,-411
x,x,,0,0,910,247,-265
x,x,,0,0,1084,443,87
x,x,,0,0,1324,740,432
x,x,,0,0,1439,728,116
x,x,,0,0,1435,513,-122
x,x,,0,0,1469,509,-51
x,x,,0,0,1501,398,201
x,x,,0,0,1230,375,625
x,x,,0,0,878,505,167
x,x,,0,0,825,526,-135
x,x,,0,0,967,282,-41
x,x,,0,0,1216,-38,-203
x,x,,0,0,1353,51,66
x,x,,0,0,1248,205,140
x,x,,0,0,1306,85,71
x,x,,0,0,1369,229,0
x,x,,0,0,1292,199,-36
x,x,,0,0,1232,240,-40
x,x,,0,0,1251,235,27
x,x,,0,0,1276,206,131
x,x,,0,0,1331,213,44
x,x,,0,0,1294,185,16
x,x,,0,0,1322,152,155
x,x,,0,0,1348,120,318
x,x,,0,0,1352,112,171
x,x,,0,0,1335,90,79
x,x,,0,0,1339,96,104
x,x,,0,0,1349,88,230
x,x,,0,0,1362,80,227
x,x,,0,0,1333,75,148
x,x,,0,0,1331,24,216
x,x,,0,0,1344,-31,285
x,x,,0,0,1331,-66,288
x,x,,0,0,1307,-54,271
x,x,,0,0,1267,-40,285
x,x,,0,0,1224,-40,304
x,x,,0,0,1193,-40,273
x,x,,0,0,1158,-30,211
x,x,,0,0,1108,10,172
x,x,,0,0,1052,-2,159
x,x,,0,0,1008,-25,178
x,x,,0,0,966,2,246
x,x,,0,0,916,-2,253
x,x,,0,0,869,22,248
x,x,,0,0,848,43,256
x,x,,0,0,821,32,216
x,x,,0,0,746,43,93
x,x,,0,0,710,70,108
x,x,,0,0,702,64,122
x,x,,0,0,701,66,123
x,x,,0,0,715,82,106
x,x,,0,0,699,119,112
x,x,,0,0,719,105,101
x,x,,0,0,758,74,50
x,x,,0,0,790,89,61
x,x,,0,0,774,96,34
x,x,,0,0,761,92,-8
x,x,,0,0,777,53,77
x,x,,0,0,784,16,32
x,x,,0,0,792,17,40
x,x,,0,0,792,40,40
x,x,,0,0,816,72,64
x,x,,0,0,824,126,48
x,x,,0,0,847,128,-13
x,x,,0,0,885,98,-53
x,x,,0,0,888,96,-56
x,x,,0,0,881,117,-56
x,x,,0,0,929,113,-42
x,x,,0,0,984,139,15
x,x,,0,0,1005,137,-63
x,x,,0,0,1008,143,-54
x,x,,0,0,1052,157,-80
x,x,,0,0,1076,154,-51
x,x,,0,0,1092,116,-82
x,x,,0,0,1055,145,-125
x,x,,0,0,1051,183,-73
x,x,,0,0,1078,147,-37
x,x,,0,0,1093,150,-21
x,x,,0,0,1075,144,-105
x,x,,0,0,1089,182,-86
x,x,,0,0,1129,203,-23
x,x,,0,0,1197,186,16
x,x,,0,0,1260,181,-47
x,x,,0,0,1280,215,-113
x,x,,0,0,1289,214,-94
x,x,,0,0,1304,150,-43
x,x,,0,0,1280,68,4
x,x,,0,0,1175,43,-14
x,x,,0,0,1037,79,-56
x,x,,0,0,972,82,0
x,x,,0,0,946,67,102
x,x,,0,0,898,72,99
x,x,,0,0,867,93,23
x,x,,0,0,847,113,23
x,x,,0,0,872,80,15
x,x,,0,0,869,82,-22
x,x,,0,0,876,110,34
x,x,,0,0,909,97,45
x,x,,0,0,924,126,35
x,x,,0,0,938,148,-2
x,x,,0,0,942,162,66
x,x,,0,0,938,175,72
x,x,,0,0,947,201,57
x,x,,0,0,964,209,5
x,x,,0,0,989,217,65
x,x,,0,0,1018,225,17
x,x,,0,0,1037,229,-24
x,x,,0,0,1077,209,34
x,x,,0,0,1050,213,-30
x,x,,0,0,1075,176,-4
x,x,,0,0,1137,177,61
x,x,,0,0,1184,224,-40
x,x,,0,0,1144,256,0
x,x,,0,0,1198,225,62
x,x,,0,0,1192,216,18
x,x,,0,0,1177,164,16
x,x,,0,0,1147,109,-28
x,x,,0,0,1130,125,-3
x,x,,0,0,1142,114,-28
x,x,,0,0,1137,132,36
x,x,,0,0,1129,136,28
x,x,,0,0,1121,169,37
x,x,,0,0,1107,182,21
x,x,,0,0,1092,103,-27
x,x,,0,0,1082,122,8
x,x,,0,0,1033,130,0
x,x,,0,0,1010,134,49
x,x,,0,0,1030,103,50
x,x,,0,0,1045,131,83
x,x,,0,0,1043,157,88
x,x,,0,0,1040,155,24
x,x,,0,0,1065,157,32
x,x,,0,0,1075,165,51
x,x,,0,0,1058,214,53
x,x,,0,0,1066,226,34
x,x,,0,0,1080,238,55
x,x,,0,0,1076,272,34
x,x,,0,0,1056,288,-48
x,x,,0,0,1032,323,-26
x,x,,0,0,1035,323,-23
x,x,,0,0,1048,316,-67
x,x,,0,0,1035,362,-94
x,x,,0,0,1010,373,-107
x,x,,0,0,1009,356,-44
x,x,,0,0,998,336,-111
x,x,,0,0,936,333,-160
x,x,,0,0,899,325,-140
x,x,,0,0,876,327,-76
x,x,,0,0,837,335,-88
x,x,,0,0,808,318,-86
x,x,,0,0,800,352,-208
x,x,,0,0,780,400,-247
x,x,,0,0,800,388,-196
x,x,,0,0,831,348,-124
x,x,,0,0,835,373,-168
x,x,,0,0,896,394,-288
x,x,,0,0,941,360,-287
x,x,,0,0,919,359,-269
x,x,,0,0,916,353,-180
x,x,,0,0,951,368,-215
x,x,,0,0,936,370,-205
x,x,,0,0,935,401,-144
x,x,,0,0,912,432,-128
x,x,,0,0,920,424,-192
x,x,,0,0,936,408,-130
x,x,,0,0,921,423,-174
x,x,,0,0,950,476,-198
x,x,,0,0,923,458,-156
x,x,,0,0,956,435,-123
x,x,,0,0,981,446,-127
x,x,,0,0,943,468,-189
x,x,,0,0,956,459,-180
x,x,,0,0,953,443,-163
x,x,,0,0,927,440,-147
x,x,,0,0,901,434,-194
x,x,,0,0,896,426,-166
x,x,,0,0,914,430,-205
x,x,,0,0,891,443,-132
x,x,,0,0,869,415,-180
x,x,,0,0,886,378,-173
x,x,,0,0,912,379,-115
x,x,,0,0,889,430,-60
x,x,,0,0,867,392,-129
x,x,,0,0,874,385,-136
x,x,,0,0,894,352,-99
x,x,,0,0,882,348,-100
x,x,,0,0,873,341,-134
x,x,,0,0,880,304,-139
x,x,,0,0,864,284,-60
x,x,,0,0,860,272,27
x,x,,0,0,883,257,-136
x,x,,0,0,1461,-219,-441
x,x,,0,0,1991,-389,-200
x,x,,0,0,1231,395,-46
x,x,,0,0,572,552,-468
x,x,,0,0,906,271,-4
x,x,,0,0,1188,231,206
x,x,,0,0,1099,200,-514
x,x,,0,0,1066,239,-140
x,x,,0,0,989,288,-51
x,x,,0,0,964,355,-97
x,x,,0,0,1113,302,-177
x,x,,0,0,1178,250,-237
x,x,,0,0,1110,235,-73
x,x,,0,0,1036,164,-88
x,x,,0,0,1029,215,-359
x,x,,0,0,1094,208,-137
x,x,,0,0,1076,218,-67
x,x,,0,0,1039,284,-230
x,x,,0,0,967,220,-479
x,x,,0,0,956,-68,-468
x,x,,0,0,1009,-13,-523
x,x,,0,0,1034,48,-414
x,x,,0,0,1088,32,-352
x,x,,0,0,1128,32,-328
x,x,,0,0,1089,24,-320
x,x,,0,0,1080,-52,-533
x,x,,0,0,1058,-131,-388
x,x,,0,0,1056,-85,-252
x,x,,0,0,1063,-51,-361
x,x,,0,0,973,-174,-474
x,x,,0,0,946,-233,-420
x,x,,0,0,964,-120,-635
x,x,,0,0,916,-18,-563
x,x,,0,0,923,102,-422
x,x,,0,0,940,47,-442
x,x,,0,0,938,30,-347
x,x,,0,0,895,20,-371
x,x,,0,0,863,90,-363
x,x,,0,0,839,137,-380
x,x,,0,0,816,166,-430
x,x,,0,0,803,165,-437
x,x,,0,0,825,185,-345
x,x,,0,0,850,249,-321
x,x,,0,0,842,318,-398
x,x,,0,0,809,349,-472
x,x,,0,0,805,374,-487
x,x,,0,0,838,414,-407
x,x,,0,0,864,428,-315
x,x,,0,0,884,432,-240
x,x,,0,0,938,459,-184
x,x,,0,0,1039,480,-128
x,x,,0,0,1129,448,-76
x,x,,0,0,1170,371,-93
x,x,,0,0,1203,304,-115
x,x,,0,0,1247,265,-99
x,x,,0,0,1272,225,-55
x,x,,0,0,1245,189,-24
x,x,,0,0,1174,160,13
x,x,,0,0,1141,149,0
x,x,,0,0,1150,171,-58
x,x,,0,0,1127,219,-49
x,x,,0,0,1084,288,12
x,x,,0,0,1110,340,99
x,x,,0,0,1153,345,199
x,x,,0,0,1113,320,233
x,x,,0,0,1051,316,288
x,x,,0,0,1063,292,368
x,x,,0,0,1059,269,360
x,x,,0,0,1077,250,315
x,x,,0,0,1060,265,412
x,x,,0,0,1106,281,454
x,x,,0,0,1128,289,424
x,x,,0,0,1119,314,431
x,x,,0,0,1072,368,392
x,x,,0,0,1056,408,360
x,x,,0,0,1056,416,368
x,x,,0,0,1071,431,376
x,x,,0,0,1094,454,361
x,x,,0,0,1118,405,338
x,x,,0,0,1141,400,386
x,x,,0,0,1151,379,308
x,x,,0,0,1179,342,289
x,x,,0,0,1191,349,275
x,x,,0,0,1192,359,220
x,x,,0,0,1205,360,202
x,x,,0,0,1208,366,181
x,x,,0,0,1214,392,164
x,x,,0,0,1228,412,119
x,x,,0,0,1243,427,70
x,x,,0,0,1226,426,17
x,x,,0,0,1232,392,-43
x,x,,0,0,1245,371,-132
x,x,,0,0,1243,343,-188
x,x,,0,0,1230,308,-215
x,x,,0,0,1214,272,-248
x,x,,0,0,1194,224,-273
x,x,,0,0,1162,173,-267
x,x,,0,0,1122,143,-278
x,x,,0,0,1079,140,-313
x,x,,0,0,1032,164,-328
x,x,,0,0,996,211,-336
x,x,,0,0,977,247,-351
x,x,,0,0,957,270,-367
x,x,,0,0,947,298,-369
x,x,,0,0,942,315,-357
x,x,,0,0,919,323,-334
x,x,,0,0,901,328,-292
x,x,,0,0,891,339,-280
x,x,,0,0,893,373,-280
x,x,,0,0,927,410,-246
x,x,,0,0,944,432,-215
x,x,,0,0,942,443,-154
x,x,,0,0,944,476,-150
x,x,,0,0,963,493,-106
x,x,,0,0,944,510,-61
x,x,,0,0,948,503,-76
x,x,,0,0,968,495,-55
x,x,,0,0,970,489,-47
x,x,,0,0,987,496,-33
x,x,,0,0,1011,498,15
x,x,,0,0,1034,512,11
x,x,,0,0,1058,513,42
x,x,,0,0,1081,519,66
x,x,,0,0,1095,504,96
x,x,,0,0,1072,496,88
x,x,,0,0,1056,496,48
x,x,,0,0,1048,504,48
x,x,,0,0,1040,519,48
x,x,,0,0,1033,535,33
x,x,,0,0,1017,529,25
x,x,,0,0,1023,528,60
x,x,,0,0,1031,486,64
x,x,,0,0,1046,439,57
x,x,,0,0,1075,405,23
x,x,,0,0,1093,367,9
x,x,,0,0,1083,341,-17
x,x,,0,0,1068,317,-5
x,x,,0,0,1052,312,-12
x,x,,0,0,1042,306,-28
x,x,,0,0,1029,298,-26
x,x,,0,0,1018,296,-24
x,x,,0,0,1021,296,-46
x,x,,0,0,1013,307,-88
x,x,,0,0,998,307,-155
x,x,,0,0,997,289,-154
x,x,,0,0,995,266,-131
x,x,,0,0,992,251,-114
x,x,,0,0,992,244,-117
x,x,,0,0,988,240,-150
x,x,,0,0,984,252,-172
x,x,,0,0,972,268,-184
x,x,,0,0,960,287,-180
x,x,,0,0,964,315,-164
x,x,,0,0,968,332,-160
x,x,,0,0,968,363,-167
x,x,,0,0,978,429,-173
x,x,,0,0,986,457,-171
x,x,,0,0,976,441,-161
x,x,,0,0,981,453,-114
x,x,,0,0,1005,461,-93
x,x,,0,0,1042,517,-80
x,x,,0,0,1050,616,75
x,x,,0,0,993,738,184
x,x,,0,0,904,880,310
x,x,,0,0,818,947,345
x,x,,0,0,756,913,335
x,x,,0,0,705,855,402
x,x,,0,0,668,851,448
x,x,,0,0,644,858,449
x,x,,0,0,622,819,459
x,x,,0,0,611,782,480
x,x,,0,0,633,766,484
x,x,,0,0,648,744,515
x,x,,0,0,650,743,446
x,x,,0,0,688,728,417
x,x,,0,0,704,736,440
x,x,,0,0,704,704,368
x,x,,0,0,696,720,368
x,x,,0,0,719,773,330
x,x,,0,0,698,821,365
x,x,,0,0,674,780,302
x,x,,0,0,651,712,317
x,x,,0,0,627,732,334
x,x,,0,0,597,634,234
x,x,,0,0,565,676,36
x,x,,0,0,567,675,-52
x,x,,0,0,555,615,-32
x,x,,0,0,564,668,13
x,x,,0,0,586,760,30
x,x,,0,0,610,813,79
x,x,,0,0,610,881,182
x,x,,0,0,602,1071,77
x,x,,0,0,589,938,-27
x,x,,0,0,595,840,15
x,x,,0,0,595,855,12
x,x,,0,0,622,834,-28
x,x,,0,0,659,802,-7
x,x,,0,0,677,746,21
x,x,,0,0,716,761,82
x,x,,0,0,697,873,33
x,x,,0,0,631,894,-160
x,x,,0,0,612,808,-264
x,x,,0,0,597,764,-256
x,x,,0,0,569,764,-248
x,x,,0,0,564,774,-283
x,x,,0,0,561,768,-449
x,x,,0,0,555,704,-635
x,x,,0,0,566,604,-695
x,x,,0,0,582,517,-671
x,x,,0,0,592,523,-497
x,x,,0,0,597,554,-395
x,x,,0,0,608,576,-358
x,x,,0,0,610,590,-347
x,x,,0,0,627,632,-355
x,x,,0,0,658,660,-282
x,x,,0,0,666,670,-244
x,x,,0,0,674,669,-256
x,x,,0,0,684,687,-256
x,x,,0,0,709,675,-252
x,x,,0,0,741,643,-223
x,x,,0,0,773,615,-167
x,x,,0,0,811,607,-161
x,x,,0,0,844,600,-167
x,x,,0,0,881,599,-158
x,x,,0,0,896,591,-134
x,x,,0,0,905,577,-95
x,x,,0,0,928,608,-57
x,x,,0,0,960,600,-119
x,x,,0,0,960,569,-11
x,x,,0,0,960,522,30
x,x,,0,0,967,475,54
x,x,,0,0,975,450,107
x,x,,0,0,990,462,91
x,x,,0,0,1006,478,88
x,x,,0,0,1015,521,95
x,x,,0,0,1016,541,103
x,x,,0,0,1003,537,97
x,x,,0,0,994,530,109
x,x,,0,0,992,516,112
x,x,,0,0,980,494,94
x,x,,0,0,952,459,123
x,x,,0,0,950,437,125
x,x,,0,0,958,410,109
x,x,,0,0,982,400,109
x,x,,0,0,992,411,112
x,x,,0,0,982,421,117
x,x,,0,0,971,439,110
x,x,,0,0,968,453,99
x,x,,0,0,977,461,115
x,x,,0,0,993,468,83
x,x,,0,0,1017,472,44
x,x,,0,0,1040,468,36
x,x,,0,0,1048,460,32
x,x,,0,0,1056,460,17
x,x,,0,0,1079,464,-29
x,x,,0,0,1110,468,-60
x,x,,0,0,1121,479,-56
x,x,,0,0,1099,482,-56
x,x,,0,0,1077,475,-71
x,x,,0,0,1072,477,-102
x,x,,0,0,1072,467,-101
x,x,,0,0,1069,456,-90
x,x,,0,0,1069,446,-100
x,x,,0,0,1087,417,-63
x,x,,0,0,1110,398,-46
x,x,,0,0,1130,392,-66
x,x,,0,0,1131,394,-77
x,x,,0,0,1100,402,-88
x,x,,0,0,1041,408,-59
x,x,,0,0,969,405,-72
x,x,,0,0,934,393,-74
x,x,,0,0,918,403,-92
x,x,,0,0,903,426,-124
x,x,,0,0,895,439,-164
x,x,,0,0,885,431,-204
x,x,,0,0,841,414,-152
x,x,,0,0,857,375,-152
x,x,,0,0,888,344,-160
x,x,,0,0,928,336,-208
x,x,,0,0,967,282,-177
x,x,,0,0,998,303,-222
x,x,,0,0,1000,311,-135
x,x,,0,0,1022,319,-143
x,x,,0,0,1017,391,-65
x,x,,0,0,1023,651,132
x,x,,0,0,1044,961,256
x,x,,0,0,1068,1235,105
x,x,,0,0,1052,1404,111
x,x,,0,0,997,1476,234
x,x,,0,0,891,1469,190
x,x,,0,0,792,1597,247
x,x,,0,0,739,1716,313
x,x,,0,0,699,1692,368
x,x,,0,0,627,1655,406
x,x,,0,0,551,1605,465
x,x,,0,0,502,1500,430
x,x,,0,0,427,1334,380
x,x,,0,0,338,1136,254
x,x,,0,0,261,922,208
x,x,,0,0,195,712,192
x,x,,0,0,110,512,141
x,x,,0,0,47,407,55
x,x,,0,0,15,338,-58
x,x,,0,0,-40,252,-92
x,x,,0,0,-76,197,-84
x,x,,0,0,-68,165,-184
x,x,,0,0,-89,156,-313
x,x,,0,0,-150,190,-310
x,x,,0,0,-224,248,-213
x,x,,0,0,-333,293,-142
x,x,,0,0,-496,360,-155
x,x,,0,0,-644,421,-152
x,x,,0,0,-733,440,-102
x,x,,0,0,-795,456,-22
x,x,,0,0,-851,456,-20
x,x,,0,0,-872,473,-100
x,x,,0,0,-850,510,-184
x,x,,0,0,-852,457,-246
x,x,,0,0,-828,386,-373
x,x,,0,0,-771,433,-339
x,x,,0,0,-693,469,-252
x,x,,0,0,-582,430,-278
x,x,,0,0,-466,266,-320
x,x,,0,0,-359,166,-376
x,x,,0,0,-275,147,-370
x,x,,0,0,-220,96,-309
x,x,,0,0,-165,98,-267
x,x,,0,0,-102,146,-168
x,x,,0,0,-47,226,-167
x,x,,0,0,23,382,-89
x,x,,0,0,109,601,-34
x,x,,0,0,203,874,90
x,x,,0,0,260,992,44
x,x,,0,0,264,985,-55
x,x,,0,0,328,1134,15
x,x,,0,0,462,1340,66
x,x,,0,0,603,1457,4
x,x,,0,0,697,1619,-95
x,x,,0,0,751,1759,-92
x,x,,0,0,760,1835,-126
x,x,,0,0,729,1761,-49
x,x,,0,0,732,1615,0
x,x,,0,0,748,1582,-33
x,x,,0,0,781,1538,-77
x,x,,0,0,731,1481,-77
x,x,,0,0,655,1394,-50
x,x,,0,0,595,1302,-40
x,x,,0,0,586,1287,-30
x,x,,0,0,612,1266,-29
x,x,,0,0,614,1219,-37
x,x,,0,0,608,1144,-49
x,x,,0,0,617,1059,-52
x,x,,0,0,633,994,-65
x,x,,0,0,652,956,-97
x,x,,0,0,676,888,-84
x,x,,0,0,703,813,-68
x,x,,0,0,727,785,-84
x,x,,0,0,761,758,-92
x,x,,0,0,799,726,-93
x,x,,0,0,798,709,-107
x,x,,0,0,778,689,-133
x,x,,0,0,759,655,-131
x,x,,0,0,741,632,-128
x,x,,0,0,736,611,-120
x,x,,0,0,736,598,-138
x,x,,0,0,747,599,-153
x,x,,0,0,784,610,-182
x,x,,0,0,810,586,-206
x,x,,0,0,816,564,-220
x,x,,0,0,823,555,-211
x,x,,0,0,857,567,-227
x,x,,0,0,901,559,-243
x,x,,0,0,929,548,-261
x,x,,0,0,934,529,-279
x,x,,0,0,918,540,-215
x,x,,0,0,902,580,-211
x,x,,0,0,878,619,-242
x,x,,0,0,847,657,-270
x,x,,0,0,823,672,-232
x,x,,0,0,800,672,-232
x,x,,0,0,800,656,-320
x,x,,0,0,823,625,-219
x,x,,0,0,839,616,-224
x,x,,0,0,840,616,-254
x,x,,0,0,825,638,-249
x,x,,0,0,803,647,-184
x,x,,0,0,807,697,-211
x,x,,0,0,781,711,-284
x,x,,0,0,756,712,-283
x,x,,0,0,745,692,-260
x,x,,0,0,712,675,-250
x,x,,0,0,673,672,-267
x,x,,0,0,646,690,-290
x,x,,0,0,622,702,-302
x,x,,0,0,610,710,-333
x,x,,0,0,591,718,-366
x,x,,0,0,568,725,-387
x,x,,0,0,539,723,-397
x,x,,0,0,513,710,-405
x,x,,0,0,509,699,-398
x,x,,0,0,512,696,-387
x,x,,0,0,507,691,-384
x,x,,0,0,508,688,-388
x,x,,0,0,512,679,-375
x,x,,0,0,520,668,-343
x,x,,0,0,544,680,-328
x,x,,0,0,568,711,-328
x,x,,0,0,587,732,-332
x,x,,0,0,600,740,-315
x,x,,0,0,617,757,-288
x,x,,0,0,643,786,-304
x,x,,0,0,660,815,-328
x,x,,0,0,683,843,-325
x,x,,0,0,688,845,-317
x,x,,0,0,688,840,-304
x,x,,0,0,690,850,-290
x,x,,0,0,698,879,-291
x,x,,0,0,706,900,-280
x,x,,0,0,712,914,-272
x,x,,0,0,712,922,-239
x,x,,0,0,705,925,-205
x,x,,0,0,671,906,-189
x,x,,0,0,623,876,-169
x,x,,0,0,571,856,-129
x,x,,0,0,542,858,-91
x,x,,0,0,528,875,-115
x,x,,0,0,529,906,-145
x,x,,0,0,535,928,-161
x,x,,0,0,520,928,-170
x,x,,0,0,512,919,-207
x,x,,0,0,512,888,-161
x,x,,0,0,496,864,-247
x,x,,0,0,496,872,-201
x,x,,0,0,496,902,-192
x,x,,0,0,526,919,-155
x,x,,0,0,543,927,-137
x,x,,0,0,565,935,-136
x,x,,0,0,575,936,-129
x,x,,0,0,583,916,-148
x,x,,0,0,577,885,-132
x,x,,0,0,563,847,-102
x,x,,0,0,560,827,-71
x,x,,0,0,554,812,-95
x,x,,0,0,540,802,-80
x,x,,0,0,530,788,-66
x,x,,0,0,511,755,-98
x,x,,0,0,482,727,-112
x,x,,0,0,450,709,-123
x,x,,0,0,435,709,-123
x,x,,0,0,432,727,-166
x,x,,0,0,447,766,-246
x,x,,0,0,456,808,-251
x,x,,0,0,461,838,-274
x,x,,0,0,468,875,-304
x,x,,0,0,485,922,-347
x,x,,0,0,492,952,-351
x,x,,0,0,476,956,-296
x,x,,0,0,449,964,-257
x,x,,0,0,421,972,-233
x,x,,0,0,415,968,-224
x,x,,0,0,431,965,-214
x,x,,0,0,446,954,-190
x,x,,0,0,468,941,-170
x,x,,0,0,488,919,-154
x,x,,0,0,496,883,-147
x,x,,0,0,525,869,-149
x,x,,0,0,557,862,-137
x,x,,0,0,566,842,-122
x,x,,0,0,560,810,-115
x,x,,0,0,554,816,-78
x,x,,0,0,529,812,-76
x,x,,0,0,502,800,-80
x,x,,0,0,495,796,-49
x,x,,0,0,485,775,-51
x,x,,0,0,473,769,-26
x,x,,0,0,481,779,-40
x,x,,0,0,490,803,-40
x,x,,0,0,505,833,-41
x,x,,0,0,514,849,-44
x,x,,0,0,535,857,6
x,x,,0,0,520,880,-40
x,x,,0,0,528,896,-24
x,x,,0,0,520,912,-24
x,x,,0,0,520,928,-16
x,x,,0,0,550,936,-92
x,x,,0,0,567,951,-44
x,x,,0,0,561,959,-47
x,x,,0,0,574,931,-5
x,x,,0,0,590,907,-42
x,x,,0,0,619,918,-21
x,x,,0,0,637,887,-16
x,x,,0,0,660,854,-16
x,x,,0,0,677,797,16
x,x,,0,0,705,741,43
x,x,,0,0,724,692,102
x,x,,0,0,752,639,155
x,x,,0,0,794,601,191
x,x,,0,0,819,559,217
x,x,,0,0,851,533,246
x,x,,0,0,906,502,256
x,x,,0,0,948,473,266
x,x,,0,0,960,454,247
x,x,,0,0,974,462,242
x,x,,0,0,1016,509,299
x,x,,0,0,1044,554,323
x,x,,0,0,1044,568,312
x,x,,0,0,1019,556,329
x,x,,0,0,996,532,348
x,x,,0,0,988,528,367
x,x,,0,0,984,543,369
x,x,,0,0,973,556,359
x,x,,0,0,953,553,368
x,x,,0,0,941,538,374
x,x,,0,0,942,528,396
x,x,,0,0,955,528,422
x,x,,0,0,965,528,424
x,x,,0,0,986,525,398
x,x,,0,0,1013,510,403
x,x,,0,0,1024,493,462
x,x,,0,0,1026,517,439
x,x,,0,0,1034,550,394
x,x,,0,0,1042,544,393
x,x,,0,0,1050,542,368
x,x,,0,0,1056,535,362
x,x,,0,0,1056,525,332
x,x,,0,0,1052,508,310
x,x,,0,0,1025,486,301
x,x,,0,0,973,470,326
x,x,,0,0,940,449,237
x,x,,0,0,902,377,205
x,x,,0,0,880,384,171
x,x,,0,0,881,376,225
x,x,,0,0,920,392,264
x,x,,0,0,952,400,264
x,x,,0,0,991,431,342
x,x,,0,0,1022,409,405
x,x,,0,0,1024,430,378
x,x,,0,0,1002,439,354
x,x,,0,0,993,419,352
x,x,,0,0,971,402,338
x,x,,0,0,968,400,336
x,x,,0,0,975,393,369
x,x,,0,0,956,392,369
x,x,,0,0,927,386,362
x,x,,0,0,895,378,335
x,x,,0,0,882,382,334
x,x,,0,0,868,402,354
x,x,,0,0,864,419,337
x,x,,0,0,858,435,345
x,x,,0,0,845,451,384
x,x,,0,0,835,482,337
x,x,,0,0,822,491,314
x,x,,0,0,826,478,276
x,x,,0,0,842,477,277
x,x,,0,0,857,485,333
x,x,,0,0,864,497,338
x,x,,0,0,864,517,303
x,x,,0,0,852,524,263
x,x,,0,0,848,524,236
x,x,,0,0,856,524,228
x,x,,0,0,860,516,239
x,x,,0,0,871,508,242
x,x,,0,0,883,507,248
x,x,,0,0,878,518,277
x,x,,0,0,873,531,229
x,x,,0,0,891,536,154
x,x,,0,0,896,533,136
x,x,,0,0,904,528,117
x,x,,0,0,920,530,119
x,x,,0,0,920,536,127
x,x,,0,0,918,536,102
x,x,,0,0,908,540,92
x,x,,0,0,894,552,84
x,x,,0,0,881,550,96
x,x,,0,0,860,540,102
x,x,,0,0,880,521,120
x,x,,0,0,887,526,80
x,x,,0,0,925,513,82
x,x,,0,0,902,520,90
x,x,,0,0,887,519,45
x,x,,0,0,879,513,95
x,x,,0,0,872,528,79
x,x,,0,0,872,528,64
x,x,,0,0,872,536,64
x,x,,0,0,864,536,56
x,x,,0,0,864,536,48
x,x,,0,0,856,551,101
x,x,,0,0,871,559,52
x,x,,0,0,857,560,19
x,x,,0,0,885,581,16
x,x,,0,0,895,584,2
x,x,,0,0,910,577,14
x,x,,0,0,885,583,-4
x,x,,0,0,880,597,-21
x,x,,0,0,867,600,-68
x,x,,0,0,870,600,-43
x,x,,0,0,872,600,-2
x,x,,0,0,872,600,-4
x,x,,0,0,878,594,-8
x,x,,0,0,880,598,-14
x,x,,0,0,864,595,0
x,x,,0,0,867,592,-3
x,x,,0,0,877,587,-33
x,x,,0,0,885,579,-33
x,x,,0,0,888,562,-14
x,x,,0,0,888,552,11
x,x,,0,0,888,552,6
x,x,,0,0,884,548,5
x,x,,0,0,880,536,-1
x,x,,0,0,880,520,4
x,x,,0,0,884,504,62
x,x,,0,0,888,496,56
x,x,,0,0,888,475,32
x,x,,0,0,895,461,96
x,x,,0,0,878,464,-20
x,x,,0,0,837,406,-249
x,x,,0,0,832,381,-177
x,x,,0,0,832,424,-68
x,x,,0,0,840,413,-157
x,x,,0,0,868,426,-61
x,x,,0,0,907,471,209
x,x,,0,0,925,555,200
x,x,,0,0,896,483,43
x,x,,0,0,901,363,153
x,x,,0,0,925,364,74
x,x,,0,0,941,468,74
x,x,,0,0,924,576,63
x,x,,0,0,897,488,127
x,x,,0,0,857,436,122
x,x,,0,0,874,430,473
x,x,,0,0,970,605,507
x,x,,0,0,1060,576,107
x,x,,0,0,904,565,-62
x,x,,0,0,896,353,130
x,x,,0,0,896,376,193
x,x,,0,0,888,408,255
x,x,,0,0,880,455,178
x,x,,0,0,918,441,191
x,x,,0,0,942,470,222
x,x,,0,0,951,457,231
x,x,,0,0,952,449,253
x,x,,0,0,973,469,228
x,x,,0,0,956,492,204
x,x,,0,0,999,516,187
x,x,,0,0,1028,513,191
x,x,,0,0,1032,506,198
x,x,,0,0,1026,504,206
x,x,,0,0,1012,504,202
x,x,,0,0,1020,504,176
x,x,,0,0,1018,504,168
x,x,,0,0,1005,510,179
x,x,,0,0,978,507,173
x,x,,0,0,973,504,179
x,x,,0,0,966,504,169
x,x,,0,0,955,509,150
x,x,,0,0,957,483,168
x,x,,0,0,960,469,170
x,x,,0,0,956,468,169
x,x,,0,0,952,477,172
x,x,,0,0,952,488,168
x,x,,0,0,948,492,144
x,x,,0,0,936,488,151
x,x,,0,0,935,473,184
x,x,,0,0,948,464,195
x,x,,0,0,955,461,201
x,x,,0,0,954,456,186
x,x,,0,0,950,447,188
x,x,,0,0,963,438,202
x,x,,0,0,968,451,211
x,x,,0,0,965,459,243
x,x,,0,0,962,464,225
x,x,,0,0,966,464,210
x,x,,0,0,958,464,212
x,x,,0,0,956,466,204
x,x,,0,0,968,472,218
x,x,,0,0,966,470,226
x,x,,0,0,957,461,226
x,x,,0,0,944,448,204
x,x,,0,0,946,450,222
x,x,,0,0,961,466,206
x,x,,0,0,968,479,195
x,x,,0,0,970,471,214
x,x,,0,0,993,464,111
x,x,,0,0,999,465,106
x,x,,0,0,975,480,145
x,x,,0,0,952,488,176
x,x,,0,0,936,504,112
x,x,,0,0,913,488,135
x,x,,0,0,897,511,174
x,x,,0,0,903,512,146
x,x,,0,0,889,505,137
x,x,,0,0,888,518,129
x,x,,0,0,881,534,135
x,x,,0,0,887,536,136
x,x,,0,0,888,543,129
x,x,,0,0,888,551,154
x,x,,0,0,901,558,141
x,x,,0,0,898,560,136
x,x,,0,0,896,578,124
x,x,,0,0,902,602,120
x,x,,0,0,904,631,114
x,x,,0,0,910,668,118
x,x,,0,0,912,691,98
x,x,,0,0,901,696,120
x,x,,0,0,896,701,111
x,x,,0,0,886,734,66
x,x,,0,0,870,766,72
x,x,,0,0,836,781,93
x,x,,0,0,794,775,83
x,x,,0,0,733,781,63
x,x,,0,0,659,800,48
x,x,,0,0,600,812,56
x,x,,0,0,564,824,64
x,x,,0,0,541,839,63
x,x,,0,0,521,855,68
x,x,,0,0,505,901,74
x,x,,0,0,493,984,82
x,x,,0,0,479,1047,66
x,x,,0,0,458,1066,47
x,x,,0,0,440,1051,40
x,x,,0,0,414,1053,40
x,x,,0,0,382,1097,8
x,x,,0,0,353,1141,19
x,x,,0,0,332,1156,40
x,x,,0,0,314,1174,8
x,x,,0,0,289,1210,-16
x,x,,0,0,266,1292,-18
x,x,,0,0,273,1377,-36
x,x,,0,0,277,1408,-91
x,x,,0,0,258,1356,-98
x,x,,0,0,221,1281,-63
x,x,,0,0,195,1229,-65
x,x,,0,0,151,1200,-143
x,x,,0,0,140,1109,-215
x,x,,0,0,86,1069,-200
x,x,,0,0,54,1016,-200
x,x,,0,0,0,1000,-201
x,x,,0,0,-24,1016,-255
x,x,,0,0,-55,993,-264
x,x,,0,0,-79,954,-287
x,x,,0,0,-125,900,-273
x,x,,0,0,-172,845,-352
x,x,,0,0,-219,790,-417
x,x,,0,0,-266,770,-375
x,x,,0,0,-299,748,-409
x,x,,0,0,-284,711,-383
x,x,,0,0,-280,632,-396
x,x,,0,0,-248,699,-381
x,x,,0,0,-252,720,-469
x,x,,0,0,-262,726,-454
x,x,,0,0,-270,728,-393
x,x,,0,0,-272,676,-382
x,x,,0,0,-278,556,-401
x,x,,0,0,-285,474,-376
x,x,,0,0,-251,524,-302
x,x,,0,0,-242,555,-333
x,x,,0,0,-233,537,-412
x,x,,0,0,-224,542,-435
x,x,,0,0,-233,557,-460
x,x,,0,0,-249,520,-391
x,x,,0,0,-247,415,-411
x,x,,0,0,-265,464,-708
x,x,,0,0,-284,652,-980
x,x,,0,0,-338,740,-956
x,x,,0,0,-459,707,-830
x,x,,0,0,-567,720,-733
x,x,,0,0,-626,765,-682
x,x,,0,0,-630,648,-587
x,x,,0,0,-604,430,-303
x,x,,0,0,-575,272,-358
x,x,,0,0,-590,264,-694
x,x,,0,0,-617,370,-822
x,x,,0,0,-552,639,-849
x,x,,0,0,-513,640,-608
x,x,,0,0,-403,484,-684
x,x,,0,0,-344,278,-629
x,x,,0,0,-261,341,-487
x,x,,0,0,-236,481,-441
x,x,,0,0,-247,607,-511
x,x,,0,0,-141,1311,-928
x,x,,0,0,-339,831,-244
x,x,,0,0,-384,916,-386
x,x,,0,0,-263,1228,-1350
x,x,,0,0,-189,1301,-188
x,x,,0,0,-151,1019,-632
x,x,,0,0,-39,953,-524
x,x,,0,0,-186,969,-587
x,x,,0,0,-248,1016,-432
x,x,,0,0,-168,968,-520
x,x,,0,0,-215,820,-481
x,x,,0,0,-208,839,-472
x,x,,0,0,-148,773,-412
x,x,,0,0,-122,753,-408
x,x,,0,0,-99,681,-379
x,x,,0,0,-110,728,-495
x,x,,0,0,-139,791,-457
x,x,,0,0,-164,853,-435
x,x,,0,0,-161,916,-504
x,x,,0,0,-147,858,-469
x,x,,0,0,-138,877,-499
x,x,,0,0,-136,882,-482
x,x,,0,0,-148,915,-466
x,x,,0,0,-152,911,-458
x,x,,0,0,-169,898,-467
x,x,,0,0,-187,896,-499
x,x,,0,0,-197,880,-475
x,x,,0,0,-205,857,-481
x,x,,0,0,-203,873,-506
x,x,,0,0,-200,888,-483
x,x,,0,0,-191,883,-432
x,x,,0,0,-175,867,-417
x,x,,0,0,-181,865,-424
x,x,,0,0,-184,872,-424
x,x,,0,0,-172,888,-472
x,x,,0,0,-168,900,-482
x,x,,0,0,-168,903,-433
x,x,,0,0,-172,898,-424
x,x,,0,0,-179,877,-458
x,x,,0,0,-187,875,-501
x,x,,0,0,-198,877,-481
x,x,,0,0,-205,872,-468
x,x,,0,0,-203,872,-477
x,x,,0,0,-205,875,-435
x,x,,0,0,-195,880,-404
x,x,,0,0,-186,882,-434
x,x,,0,0,-186,890,-436
x,x,,0,0,-164,898,-424
x,x,,0,0,-154,906,-428
x,x,,0,0,-167,912,-445
x,x,,0,0,-188,912,-465
x,x,,0,0,-167,911,-475
x,x,,0,0,-161,900,-483
x,x,,0,0,-168,878,-455
x,x,,0,0,-167,866,-454
x,x,,0,0,-159,879,-506
x,x,,0,0,-153,863,-527
x,x,,0,0,-159,848,-517
x,x,,0,0,-144,840,-466
x,x,,0,0,-128,856,-543
x,x,,0,0,-120,856,-473
x,x,,0,0,-120,856,-511
x,x,,0,0,-143,871,-497
x,x,,0,0,-137,872,-518
x,x,,0,0,-114,872,-498
x,x,,0,0,-119,872,-553
x,x,,0,0,-106,865,-511
x,x,,0,0,-118,857,-565
x,x,,0,0,-140,829,-523
x,x,,0,0,-137,831,-538
x,x,,0,0,-123,826,-512
x,x,,0,0,-101,830,-523
x,x,,0,0,-72,844,-510
x,x,,0,0,-76,836,-463
x,x,,0,0,-97,838,-477
x,x,,0,0,-82,840,-505
x,x,,0,0,-83,845,-544
x,x,,0,0,-104,843,-544
x,x,,0,0,-102,830,-475
x,x,,0,0,-91,844,-475
x,x,,0,0,-88,856,-448
x,x,,0,0,-102,856,-453
x,x,,0,0,-108,865,-493
x,x,,0,0,-100,868,-500
x,x,,0,0,-96,856,-508
x,x,,0,0,-108,864,-496
x,x,,0,0,-124,880,-476
x,x,,0,0,-135,884,-480
x,x,,0,0,-144,881,-505
x,x,,0,0,-154,872,-499
x,x,,0,0,-165,872,-461
x,x,,0,0,-154,878,-480
x,x,,0,0,-138,882,-483
x,x,,0,0,-133,864,-488
x,x,,0,0,-152,856,-475
x,x,,0,0,-166,874,-443
x,x,,0,0,-158,873,-446
x,x,,0,0,-150,856,-480
x,x,,0,0,-146,858,-478
x,x,,0,0,-148,873,-468
x,x,,0,0,-143,897,-449
x,x,,0,0,-172,876,-431
x,x,,0,0,-191,895,-463
x,x,,0,0,-180,887,-458
x,x,,0,0,-157,880,-477
x,x,,0,0,-135,880,-509
x,x,,0,0,-129,879,-486
x,x,,0,0,-145,871,-462
x,x,,0,0,-161,855,-440
x,x,,0,0,-184,841,-449
x,x,,0,0,-176,864,-496
x,x,,0,0,-184,840,-416
x,x,,0,0,-207,871,-463
x,x,,0,0,-200,872,-434
x,x,,0,0,-215,857,-380
x,x,,0,0,-252,827,-369
x,x,,0,0,-285,867,-347
x,x,,0,0,-295,879,-351
x,x,,0,0,-316,866,-332
x,x,,0,0,-347,997,-215
x,x,,0,0,-372,965,-283
x,x,,0,0,-357,977,-266
x,x,,0,0,-346,959,-182
x,x,,0,0,-368,922,-81
x,x,,0,0,-382,918,-156
x,x,,0,0,-390,960,-186
x,x,,0,0,-403,976,-134
x,x,,0,0,-408,992,-150
x,x,,0,0,-408,968,-121
x,x,,0,0,-388,962,-111
x,x,,0,0,-396,943,-56
x,x,,0,0,-370,976,-222
x,x,,0,0,-302,1003,-314
x,x,,0,0,-290,1004,-293
x,x,,0,0,-282,935,-373
x,x,,0,0,-197,976,-328
x,x,,0,0,-92,1128,-208
x,x,,0,0,13,1211,-111
x,x,,0,0,216,1166,-165
x,x,,0,0,432,1076,-306
x,x,,0,0,511,1045,-322
x,x,,0,0,530,995,-326
x,x,,0,0,535,927,-270
x,x,,0,0,511,775,-265
x,x,,0,0,477,604,-196
x,x,,0,0,422,489,-94
x,x,,0,0,360,409,-41
x,x,,0,0,286,371,15
x,x,,0,0,225,366,66
x,x,,0,0,184,402,62
x,x,,0,0,189,496,102
x,x,,0,0,216,663,109
x,x,,0,0,251,815,147
x,x,,0,0,261,971,93
x,x,,0,0,252,1082,127
x,x,,0,0,274,1195,162
x,x,,0,0,288,1276,112
x,x,,0,0,294,1310,52
x,x,,0,0,365,1278,88
x,x,,0,0,437,1135,93
x,x,,0,0,539,1116,184
x,x,,0,0,649,1241,184
x,x,,0,0,751,1311,208
x,x,,0,0,752,1413,138
x,x,,0,0,805,1469,182
x,x,,0,0,875,1442,199
x,x,,0,0,960,1382,185
x,x,,0,0,1025,1319,177
x,x,,0,0,1046,1284,204
x,x,,0,0,1000,1171,228
x,x,,0,0,972,1085,232
x,x,,0,0,1033,1065,206
x,x,,0,0,1169,1007,219
x,x,,0,0,1262,942,137
x,x,,0,0,1238,862,94
x,x,,0,0,1130,769,141
x,x,,0,0,1022,675,171
x,x,,0,0,942,603,187
x,x,,0,0,904,552,203
x,x,,0,0,901,525,224
x,x,,0,0,924,505,217
x,x,,0,0,941,486,208
x,x,,0,0,939,466,203
x,x,,0,0,931,456,191
x,x,,0,0,910,469,197
x,x,,0,0,892,502,199
x,x,,0,0,880,549,150
x,x,,0,0,876,576,80
x,x,,0,0,888,584,33
x,x,,0,0,896,592,-6
x,x,,0,0,900,578,-43
x,x,,0,0,917,540,-59
x,x,,0,0,946,483,-83
x,x,,0,0,972,400,-167
x,x,,0,0,1001,307,-285
x,x,,0,0,1019,237,-352
x,x,,0,0,1029,190,-389
x,x,,0,0,1045,166,-390
x,x,,0,0,1045,162,-366
x,x,,0,0,1014,185,-356
x,x,,0,0,1002,240,-326
x,x,,0,0,977,275,-276
x,x,,0,0,944,315,-293
x,x,,0,0,909,335,-299
x,x,,0,0,900,375,-228
x,x,,0,0,926,413,-160
x,x,,0,0,963,447,-117
x,x,,0,0,985,504,-155
x,x,,0,0,993,572,-179
x,x,,0,0,1001,617,-209
x,x,,0,0,1018,632,-222
x,x,,0,0,1049,623,-175
x,x,,0,0,1088,592,-128
x,x,,0,0,1080,536,-56
x,x,,0,0,1041,497,22
x,x,,0,0,964,466,70
x,x,,0,0,908,471,124
x,x,,0,0,846,494,128
x,x,,0,0,797,525,121
x,x,,0,0,778,563,106
x,x,,0,0,810,595,138
x,x,,0,0,843,620,164
x,x,,0,0,855,611,194
x,x,,0,0,850,576,206
x,x,,0,0,842,537,214
x,x,,0,0,822,504,204
x,x,,0,0,804,520,188
x,x,,0,0,771,545,178
x,x,,0,0,738,563,193
x,x,,0,0,712,573,184
x,x,,0,0,678,587,165
x,x,,0,0,649,612,155
x,x,,0,0,635,644,142
x,x,,0,0,627,661,131
x,x,,0,0,624,696,119
x,x,,0,0,633,760,121
x,x,,0,0,666,835,167
x,x,,0,0,717,889,212
x,x,,0,0,776,908,220
x,x,,0,0,839,889,185
x,x,,0,0,890,860,141
x,x,,0,0,923,860,117
x,x,,0,0,939,857,104
x,x,,0,0,934,867,91
x,x,,0,0,911,881,81
x,x,,0,0,928,836,102
x,x,,0,0,1014,808,123
x,x,,0,0,1064,821,123
x,x,,0,0,1038,799,53
x,x,,0,0,1000,749,3
x,x,,0,0,937,709,62
x,x,,0,0,866,670,156
x,x,,0,0,870,638,214
x,x,,0,0,967,630,285
x,x,,0,0,1059,617,251
x,x,,0,0,1072,581,155
x,x,,0,0,1067,562,102
x,x,,0,0,1031,527,-61
x,x,,0,0,960,504,-151
x,x,,0,0,893,369,-136
x,x,,0,0,863,298,-49
x,x,,0,0,854,329,46
x,x,,0,0,823,343,1
x,x,,0,0,800,312,40
x,x,,0,0,784,328,88
x,x,,0,0,761,367,127
x,x,,0,0,760,398,189
x,x,,0,0,760,355,73
x,x,,0,0,745,388,137
x,x,,0,0,758,442,123
x,x,,0,0,788,504,92
x,x,,0,0,799,532,54
x,x,,0,0,853,556,28
x,x,,0,0,916,580,-41
x,x,,0,0,998,609,-5
x,x,,0,0,1047,641,27
x,x,,0,0,1074,642,80
x,x,,0,0,1080,622,125
x,x,,0,0,1109,587,142
x,x,,0,0,1170,570,172
x,x,,0,0,1181,595,146
x,x,,0,0,1129,650,81
x,x,,0,0,1089,703,76
x,x,,0,0,1090,764,83
x,x,,0,0,1063,768,61
x,x,,0,0,994,696,85
x,x,,0,0,951,602,116
x,x,,0,0,961,556,107
x,x,,0,0,1001,569,75
x,x,,0,0,1056,588,68
x,x,,0,0,1088,588,76
x,x,,0,0,1070,573,76
x,x,,0,0,1041,546,84
x,x,,0,0,1019,518,98
x,x,,0,0,987,498,106
x,x,,0,0,968,479,90
x,x,,0,0,974,452,86
x,x,,0,0,981,413,104
x,x,,0,0,966,371,120
x,x,,0,0,949,360,122
x,x,,0,0,953,365,135
x,x,,0,0,921,370,158
x,x,,0,0,880,354,172
x,x,,0,0,884,360,158
x,x,,0,0,896,355,149
x,x,,0,0,892,339,133
x,x,,0,0,871,347,128
x,x,,0,0,862,321,172
x,x,,0,0,846,327,188
x,x,,0,0,829,323,153
x,x,,0,0,810,344,102
x,x,,0,0,835,344,160
x,x,,0,0,883,345,161
x,x,,0,0,945,368,176
x,x,,0,0,968,360,176
x,x,,0,0,960,368,192
x,x,,0,0,960,407,169
x,x,,0,0,914,431,145
x,x,,0,0,964,484,77
x,x,,0,0,983,554,50
x,x,,0,0,991,610,62
x,x,,0,0,971,581,85
x,x,,0,0,982,562,95
x,x,,0,0,1017,540,96
x,x,,0,0,1076,529,142
x,x,,0,0,1139,553,177
x,x,,0,0,1152,579,196
x,x,,0,0,1098,572,182
x,x,,0,0,1021,562,200
x,x,,0,0,943,560,191
x,x,,0,0,887,560,190
x,x,,0,0,861,571,187
x,x,,0,0,851,560,195
x,x,,0,0,848,552,185
x,x,,0,0,848,547,161
x,x,,0,0,848,544,157
x,x,,0,0,848,544,174
x,x,,0,0,852,562,117
x,x,,0,0,856,563,77
x,x,,0,0,839,564,96
x,x,,0,0,804,608,120
x,x,,0,0,811,667,113
x,x,,0,0,866,711,77
x,x,,0,0,910,735,39
x,x,,0,0,948,741,25
x,x,,0,0,999,742,48
x,x,,0,0,1066,773,42
x,x,,0,0,1140,793,38
x,x,,0,0,1162,757,56
x,x,,0,0,1113,726,88
x,x,,0,0,1047,689,118
x,x,,0,0,999,640,101
x,x,,0,0,976,594,66
x,x,,0,0,980,574,64
x,x,,0,0,988,563,123
x,x,,0,0,974,541,163
x,x,,0,0,971,527,176
x,x,,0,0,993,517,168
x,x,,0,0,1045,505,146
x,x,,0,0,1076,514,255
x,x,,0,0,1101,531,308
x,x,,0,0,1078,549,340
x,x,,0,0,1054,517,305
x,x,,0,0,1022,467,320
x,x,,0,0,984,365,310
x,x,,0,0,968,271,239
x,x,,0,0,976,201,145
x,x,,0,0,999,200,121
x,x,,0,0,1008,230,112
x,x,,0,0,1023,284,90
x,x,,0,0,1046,354,139
x,x,,0,0,1062,389,194
x,x,,0,0,1078,364,186
x,x,,0,0,1087,360,170
x,x,,0,0,1075,340,155
x,x,,0,0,1046,323,159
x,x,,0,0,1021,307,141
x,x,,0,0,997,298,124
x,x,,0,0,986,302,120
x,x,,0,0,996,310,149
x,x,,0,0,1011,301,114
x,x,,0,0,988,302,74
x,x,,0,0,971,309,37
x,x,,0,0,968,307,-39
x,x,,0,0,963,258,-184
x,x,,0,0,955,242,-283
x,x,,0,0,966,210,-275
x,x,,0,0,995,78,-182
x,x,,0,0,1044,-76,100
x,x,,0,0,1076,-2,422
x,x,,0,0,1009,191,548
x,x,,0,0,952,504,676
x,x,,0,0,956,802,631
x,x,,0,0,963,776,326
x,x,,0,0,1001,640,216
x,x,,0,0,1062,603,269
x,x,,0,0,1107,576,343
x,x,,0,0,1115,516,409
x,x,,0,0,1114,452,407
x,x,,0,0,1099,371,481
x,x,,0,0,1078,352,516
x,x,,0,0,1051,326,463
x,x,,0,0,1042,306,496
x,x,,0,0,1046,323,532
x,x,,0,0,1048,354,500
x,x,,0,0,1086,351,453
x,x,,0,0,1148,312,504
x,x,,0,0,1198,279,540
x,x,,0,0,1221,267,563
x,x,,0,0,1196,236,574
x,x,,0,0,1108,210,551
x,x,,0,0,953,168,489
x,x,,0,0,825,169,493
x,x,,0,0,750,177,463
x,x,,0,0,729,189,448
x,x,,0,0,753,130,442
x,x,,0,0,784,184,504
x,x,,0,0,832,288,584
x,x,,0,0,855,474,638
x,x,,0,0,818,351,693
x,x,,0,0,823,299,607
x,x,,0,0,780,391,607
x,x,,0,0,769,514,544
x,x,,0,0,782,353,278
x,x,,0,0,825,198,158
x,x,,0,0,879,256,197
x,x,,0,0,960,409,215
x,x,,0,0,1020,478,210
x,x,,0,0,1051,507,320
x,x,,0,0,1068,572,364
x,x,,0,0,1072,668,268
x,x,,0,0,1055,753,169
x,x,,0,0,1026,804,150
x,x,,0,0,994,816,109
x,x,,0,0,968,821,120
x,x,,0,0,950,819,146
x,x,,0,0,939,826,152
x,x,,0,0,941,837,133
x,x,,0,0,958,821,69
x,x,,0,0,972,790,32
x,x,,0,0,963,780,41
x,x,,0,0,944,772,52
x,x,,0,0,932,740,68
x,x,,0,0,920,712,65
x,x,,0,0,916,689,41
x,x,,0,0,931,647,25
x,x,,0,0,951,592,13
x,x,,0,0,963,528,18
x,x,,0,0,974,456,35
x,x,,0,0,981,396,31
x,x,,0,0,971,346,30
x,x,,0,0,960,310,61
x,x,,0,0,953,290,79
x,x,,0,0,934,303,96
x,x,,0,0,930,322,102
x,x,,0,0,936,326,132
x,x,,0,0,936,325,161
x,x,,0,0,936,349,134
x,x,,0,0,937,365,132
x,x,,0,0,948,355,151
x,x,,0,0,968,369,148
x,x,,0,0,969,378,166
x,x,,0,0,977,396,146
x,x,,0,0,987,435,101
x,x,,0,0,1015,463,151
x,x,,0,0,1008,456,136
x,x,,0,0,1008,456,129
x,x,,0,0,1016,456,159
x,x,,0,0,1008,456,97
x,x,,0,0,1000,433,96
x,x,,0,0,1000,440,96
x,x,,0,0,1000,440,66
x,x,,0,0,1000,433,49
x,x,,0,0,986,432,34
x,x,,0,0,970,432,53
x,x,,0,0,975,425,49
x,x,,0,0,976,437,41
x,x,,0,0,989,447,33
x,x,,0,0,986,454,45
x,x,,0,0,990,456,42
x,x,,0,0,1004,450,46
x,x,,0,0,1014,454,66
x,x,,0,0,1016,456,89
x,x,,0,0,999,456,85
x,x,,0,0,987,467,85
x,x,,0,0,968,488,77
x,x,,0,0,950,501,77
x,x,,0,0,934,494,80
x,x,,0,0,918,488,70
x,x,,0,0,931,493,59
x,x,,0,0,957,496,52
x,x,,0,0,977,483,44
x,x,,0,0,972,468,61
x,x,,0,0,956,456,60
x,x,,0,0,944,433,44
x,x,,0,0,932,423,26
x,x,,0,0,924,432,11
x,x,,0,0,917,432,24
x,x,,0,0,915,435,27
x,x,,0,0,926,452,47
x,x,,0,0,942,484,43
x,x,,0,0,955,493,6
x,x,,0,0,960,467,29
x,x,,0,0,965,454,22
x,x,,0,0,976,443,16
x,x,,0,0,974,434,18
x,x,,0,0,970,444,28
x,x,,0,0,978,458,40
x,x,,0,0,986,466,37
x,x,,0,0,993,479,20
x,x,,0,0,1000,503,-15
x,x,,0,0,1000,443,-102
x,x,,0,0,998,366,-178
x,x,,0,0,982,351,-140
x,x,,0,0,968,351,-165
x,x,,0,0,969,429,-57
x,x,,0,0,976,496,-74
x,x,,0,0,984,505,-98
x,x,,0,0,968,528,96
x,x,,0,0,968,480,64
x,x,,0,0,984,464,33
x,x,,0,0,984,479,47
x,x,,0,0,962,510,130
x,x,,0,0,960,512,121
x,x,,0,0,946,476,84
x,x,,0,0,930,493,136
x,x,,0,0,942,441,117
x,x,,0,0,964,459,119
x,x,,0,0,961,477,166
x,x,,0,0,960,518,252
x,x,,0,0,948,522,266
x,x,,0,0,926,466,252
x,x,,0,0,914,354,172
x,x,,0,0,923,228,1
x,x,,0,0,934,159,-173
x,x,,0,0,941,176,-246
x,x,,0,0,955,250,-209
x,x,,0,0,965,336,-102
x,x,,0,0,958,398,-31
x,x,,0,0,947,430,8
x,x,,0,0,939,445,10
x,x,,0,0,949,439,-9
x,x,,0,0,977,423,-42
x,x,,0,0,984,433,-31
x,x,,0,0,976,452,4
x,x,,0,0,991,460,12
x,x,,0,0,1001,475,27
x,x,,0,0,992,474,8
x,x,,0,0,989,439,-49
x,x,,0,0,981,403,-85
x,x,,0,0,973,381,-107
x,x,,0,0,968,385,-106
x,x,,0,0,968,397,-93
x,x,,0,0,968,392,-83
x,x,,0,0,968,392,-62
x,x,,0,0,968,392,-35
x,x,,0,0,962,392,-18
x,x,,0,0,946,392,-2
x,x,,0,0,954,390,-6
x,x,,0,0,962,386,-3
x,x,,0,0,968,393,-19
x,x,,0,0,968,399,-29
x,x,,0,0,968,393,-15
x,x,,0,0,968,400,-9
x,x,,0,0,968,400,-13
x,x,,0,0,969,401,9
x,x,,0,0,977,409,16
x,x,,0,0,984,416,15
x,x,,0,0,984,416,0
x,x,,0,0,984,416,-8
x,x,,0,0,1000,416,-16
x,x,,0,0,1000,400,23
x,x,,0,0,1008,408,9
x,x,,0,0,1001,401,-14
x,x,,0,0,993,407,-38
x,x,,0,0,992,394,-19
x,x,,0,0,985,406,-23
x,x,,0,0,1004,415,-58
x,x,,0,0,1021,416,-51
x,x,,0,0,1011,409,-48
x,x,,0,0,1002,414,-29
x,x,,0,0,1000,404,-30
x,x,,0,0,1000,400,-38
x,x,,0,0,1006,394,-46
x,x,,0,0,1002,381,-25
x,x,,0,0,1006,370,1
x,x,,0,0,1008,363,3
x,x,,0,0,1003,355,0
x,x,,0,0,995,352,15
x,x,,0,0,982,352,39
x,x,,0,0,976,352,53
x,x,,0,0,967,357,61
x,x,,0,0,960,364,64
x,x,,0,0,956,368,73
x,x,,0,0,948,368,80
x,x,,0,0,940,372,76
x,x,,0,0,917,384,72
x,x,,0,0,900,388,79
x,x,,0,0,908,380,70
x,x,,0,0,915,383,41
x,x,,0,0,920,392,29
x,x,,0,0,923,395,24
x,x,,0,0,934,406,15
x,x,,0,0,947,419,11
x,x,,0,0,955,429,37
x,x,,0,0,967,445,33
x,x,,0,0,984,458,9
x,x,,0,0,986,466,30
x,x,,0,0,994,478,24
x,x,,0,0,1004,498,17
x,x,,0,0,1018,501,-8
x,x,,0,0,1025,485,-4
x,x,,0,0,1032,471,13
x,x,,0,0,1030,463,-6
x,x,,0,0,1017,457,-41
x,x,,0,0,1023,462,-48
x,x,,0,0,1014,447,-49
x,x,,0,0,992,432,-58
x,x,,0,0,992,431,-90
x,x,,0,0,984,408,-121
x,x,,0,0,976,408,-144
x,x,,0,0,1000,392,-232
x,x,,0,0,1000,345,-271
x,x,,0,0,1000,283,-287
x,x,,0,0,1000,325,-176
x,x,,0,0,1007,350,-139
x,x,,0,0,994,402,-65
x,x,,0,0,992,450,-105
x,x,,0,0,985,436,-85
x,x,,0,0,977,439,-60
x,x,,0,0,963,414,-69
x,x,,0,0,960,402,-97
x,x,,0,0,948,381,-36
x,x,,0,0,932,370,-40
x,x,,0,0,922,368,11
x,x,,0,0,909,379,3
x,x,,0,0,910,362,-25
x,x,,0,0,912,357,17
x,x,,0,0,917,371,45
x,x,,0,0,925,376,33
x,x,,0,0,933,361,-30
x,x,,0,0,955,299,-112
x,x,,0,0,977,47,-246
x,x,,0,0,993,-295,-387
x,x,,0,0,1026,-336,-9
x,x,,0,0,1048,-44,846
x,x,,0,0,984,468,1296
x,x,,0,0,908,907,1208
x,x,,0,0,914,1128,883
x,x,,0,0,947,1229,620
x,x,,0,0,930,1250,698
x,x,,0,0,865,1335,813
x,x,,0,0,811,1358,985
x,x,,0,0,799,1295,1159
x,x,,0,0,876,1316,1158
x,x,,0,0,895,1291,1074
x,x,,0,0,753,967,569
x,x,,0,0,639,572,885
x,x,,0,0,544,316,605
x,x,,0,0,431,280,433
x,x,,0,0,336,215,304
x,x,,0,0,273,256,182
x,x,,0,0,251,321,132
x,x,,0,0,264,317,77
x,x,,0,0,270,257,59
x,x,,0,0,311,207,27
x,x,,0,0,371,141,-17
x,x,,0,0,473,112,-91
x,x,,0,0,577,114,-121
x,x,,0,0,701,140,-136
x,x,,0,0,812,218,-136
x,x,,0,0,929,281,-144
x,x,,0,0,1031,343,-144
x,x,,0,0,1110,383,-144
x,x,,0,0,1188,392,-174
x,x,,0,0,1229,399,-131
x,x,,0,0,1247,364,-143
x,x,,0,0,1255,339,-115
x,x,,0,0,1249,336,-105
x,x,,0,0,1234,336,-90
x,x,,0,0,1212,363,-101
x,x,,0,0,1188,401,-91
x,x,,0,0,1184,446,-107
x,x,,0,0,1172,512,-149
x,x,,0,0,1144,576,-166
x,x,,0,0,1112,598,-197
x,x,,0,0,1087,611,-179
x,x,,0,0,1069,616,-190
x,x,,0,0,1075,600,-195
x,x,,0,0,1080,581,-224
x,x,,0,0,1070,566,-240
x,x,,0,0,1049,545,-200
x,x,,0,0,1035,522,-171
x,x,,0,0,1055,521,-182
x,x,,0,0,1103,524,-188
x,x,,0,0,1115,537,-193
x,x,,0,0,1104,548,-179
x,x,,0,0,1112,532,-160
x,x,,0,0,1124,508,-145
x,x,,0,0,1132,485,-135
x,x,,0,0,1143,454,-144
x,x,,0,0,1159,422,-114
x,x,,0,0,1168,395,-53
x,x,,0,0,1177,361,-6
x,x,,0,0,1201,321,47
x,x,,0,0,1221,280,99
x,x,,0,0,1232,243,141
x,x,,0,0,1225,227,184
x,x,,0,0,1203,223,182
x,x,,0,0,1179,253,165
x,x,,0,0,1132,282,142
x,x,,0,0,1083,264,171
x,x,,0,0,1035,261,208
x,x,,0,0,1012,244,201
x,x,,0,0,983,220,176
x,x,,0,0,930,201,214
x,x,,0,0,893,209,198
x,x,,0,0,870,220,182
x,x,,0,0,857,259,168
x,x,,0,0,872,290,167
x,x,,0,0,873,321,160
x,x,,0,0,889,345,160
x,x,,0,0,928,376,152
x,x,,0,0,928,384,168
x,x,,0,0,920,384,152
x,x,,0,0,920,346,99
x,x,,0,0,957,374,103
x,x,,0,0,989,391,148
x,x,,0,0,1006,406,95
x,x,,0,0,1036,415,74
x,x,,0,0,1054,443,45
x,x,,0,0,1083,461,60
x,x,,0,0,1121,457,51
x,x,,0,0,1122,462,48
x,x,,0,0,1108,464,54
x,x,,0,0,1110,470,50
x,x,,0,0,1106,460,77
x,x,,0,0,1115,456,88
x,x,,0,0,1131,462,71
x,x,,0,0,1114,480,48
x,x,,0,0,1093,499,61
x,x,,0,0,1057,494,92
x,x,,0,0,1020,503,99
x,x,,0,0,979,507,82
x,x,,0,0,965,504,63
x,x,,0,0,959,508,56
x,x,,0,0,956,508,52
x,x,,0,0,972,504,48
x,x,,0,0,988,500,32
x,x,,0,0,996,488,24
x,x,,0,0,1007,480,21
x,x,,0,0,1020,473,-3
x,x,,0,0,1014,461,-40
x,x,,0,0,1003,456,-59
x,x,,0,0,1014,456,-46
x,x,,0,0,1027,456,-36
x,x,,0,0,1037,448,-25
x,x,,0,0,1064,424,-62
x,x,,0,0,1098,398,-38
x,x,,0,0,1106,369,-27
x,x,,0,0,1106,346,-18
x,x,,0,0,1080,330,-18
x,x,,0,0,1049,334,2
x,x,,0,0,1021,331,8
x,x,,0,0,1002,345,14
x,x,,0,0,972,353,39
x,x,,0,0,950,361,33
x,x,,0,0,936,369,40
x,x,,0,0,936,376,41
x,x,,0,0,935,375,46
x,x,,0,0,929,367,25
x,x,,0,0,936,353,38
x,x,,0,0,928,368,-8
x,x,,0,0,928,368,0
x,x,,0,0,944,376,24
x,x,,0,0,960,376,8
x,x,,0,0,975,376,-7
x,x,,0,0,983,383,-15
x,x,,0,0,999,384,-38
x,x,,0,0,1021,391,-54
x,x,,0,0,1031,392,-77
x,x,,0,0,1032,385,-87
x,x,,0,0,1032,377,-68
x,x,,0,0,1032,376,-51
x,x,,0,0,1013,363,-105
x,x,,0,0,1002,341,-114
x,x,,0,0,1000,312,-130
x,x,,0,0,988,286,-130
x,x,,0,0,973,274,-128
x,x,,0,0,968,266,-150
x,x,,0,0,979,269,-160
x,x,,0,0,979,277,-186
x,x,,0,0,981,244,-215
x,x,,0,0,994,219,-239
x,x,,0,0,1005,221,-238
x,x,,0,0,1008,238,-260
x,x,,0,0,1008,266,-320
x,x,,0,0,1012,297,-361
x,x,,0,0,1012,333,-368
x,x,,0,0,1020,372,-356
x,x,,0,0,1036,407,-344
x,x,,0,0,1014,439,-318
x,x,,0,0,952,474,-284
x,x,,0,0,892,516,-280
x,x,,0,0,841,567,-286
x,x,,0,0,784,618,-308
x,x,,0,0,727,660,-319
x,x,,0,0,680,685,-290
x,x,,0,0,632,699,-269
x,x,,0,0,590,714,-295
x,x,,0,0,563,745,-301
x,x,,0,0,548,779,-221
x,x,,0,0,534,824,-202
x,x,,0,0,526,877,-241
x,x,,0,0,528,889,-277
x,x,,0,0,556,863,-283
x,x,,0,0,533,856,-220
x,x,,0,0,520,854,-209
x,x,,0,0,522,840,-262
x,x,,0,0,540,838,-245
x,x,,0,0,577,825,-225
x,x,,0,0,594,836,-245
x,x,,0,0,617,782,-314
x,x,,0,0,632,744,-359
x,x,,0,0,640,736,-312
x,x,,0,0,656,728,-320
x,x,,0,0,664,720,-297
x,x,,0,0,679,674,-357
x,x,,0,0,702,679,-323
x,x,,0,0,733,658,-254
x,x,,0,0,750,620,-291
x,x,,0,0,766,595,-296
x,x,,0,0,754,606,-296
x,x,,0,0,745,595,-269
x,x,,0,0,737,592,-231
x,x,,0,0,768,586,-230
x,x,,0,0,813,590,-282
x,x,,0,0,830,550,-296
x,x,,0,0,832,477,-196
x,x,,0,0,872,485,-183
x,x,,0,0,916,518,-231
x,x,,0,0,928,506,-205
x,x,,0,0,949,496,-268
x,x,,0,0,985,476,-445
x,x,,0,0,1000,444,-406
x,x,,0,0,1005,446,-436
x,x,,0,0,1022,456,-536
x,x,,0,0,1036,367,-573
x,x,,0,0,1005,287,-545
x,x,,0,0,635,351,-1339
x,x,,0,0,400,400,-1208
x,x,,0,0,415,253,-443
x,x,,0,0,421,164,-617
x,x,,0,0,586,316,-621
x,x,,0,0,673,439,-495
x,x,,0,0,635,429,-368
x,x,,0,0,601,397,-488
x,x,,0,0,686,372,-624
x,x,,0,0,833,317,-412
x,x,,0,0,893,272,-380
x,x,,0,0,954,254,-335
x,x,,0,0,1005,55,-68
x,x,,0,0,870,-299,-430
x,x,,0,0,692,127,-850
x,x,,0,0,693,298,-807
x,x,,0,0,681,327,-582
x,x,,0,0,780,400,-354
x,x,,0,0,804,327,-331
x,x,,0,0,823,314,-362
x,x,,0,0,815,268,-474
x,x,,0,0,807,183,-548
x,x,,0,0,801,180,-580
x,x,,0,0,812,220,-541
x,x,,0,0,871,282,-492
x,x,,0,0,858,317,-407
x,x,,0,0,936,233,-360
x,x,,0,0,912,287,-352
x,x,,0,0,842,420,-453
x,x,,0,0,817,394,-395
x,x,,0,0,831,407,-355
x,x,,0,0,847,211,-571
x,x,,0,0,898,271,-528
x,x,,0,0,897,238,-534
x,x,,0,0,896,171,-652
x,x,,0,0,936,187,-439
x,x,,0,0,983,107,-314
x,x,,0,0,1030,171,-258
x,x,,0,0,1028,198,-186
x,x,,0,0,1000,230,-168
x,x,,0,0,998,322,-92
x,x,,0,0,989,404,-161
x,x,,0,0,956,452,-83
x,x,,0,0,928,480,-16
x,x,,0,0,920,499,45
x,x,,0,0,910,473,36
x,x,,0,0,869,441,-19
x,x,,0,0,819,456,-54
x,x,,0,0,781,481,-64
x,x,,0,0,764,519,-68
x,x,,0,0,769,570,-102
x,x,,0,0,784,625,-124
x,x,,0,0,812,684,-80
x,x,,0,0,847,743,-17
x,x,,0,0,905,783,-55
x,x,,0,0,977,799,-181
x,x,,0,0,1018,801,-255
x,x,,0,0,1042,766,-261
x,x,,0,0,1059,707,-253
x,x,,0,0,1070,646,-231
x,x,,0,0,1083,581,-214
x,x,,0,0,1096,523,-253
x,x,,0,0,1117,473,-285
x,x,,0,0,1126,447,-278
x,x,,0,0,1114,418,-207
x,x,,0,0,1092,392,-132
x,x,,0,0,1075,359,-127
x,x,,0,0,1053,325,-154
x,x,,0,0,1036,312,-153
x,x,,0,0,1015,315,-117
x,x,,0,0,1004,328,-105
x,x,,0,0,984,329,-114
x,x,,0,0,984,336,-128
x,x,,0,0,983,336,-124
x,x,,0,0,967,337,-78
x,x,,0,0,950,344,-55
x,x,,0,0,920,353,-41
x,x,,0,0,904,384,-88
x,x,,0,0,880,424,-112
x,x,,0,0,872,447,-104
x,x,,0,0,872,456,-150
x,x,,0,0,857,456,-159
x,x,,0,0,841,471,-189
x,x,,0,0,840,486,-206
x,x,,0,0,805,509,-173
x,x,,0,0,800,539,-182
x,x,,0,0,793,564,-211
x,x,,0,0,779,575,-223
x,x,,0,0,763,582,-224
x,x,,0,0,766,603,-236
x,x,,0,0,780,650,-270
x,x,,0,0,796,693,-292
x,x,,0,0,794,710,-296
x,x,,0,0,803,723,-296
x,x,,0,0,819,728,-269
x,x,,0,0,829,739,-230
x,x,,0,0,837,724,-241
x,x,,0,0,845,707,-236
x,x,,0,0,838,675,-210
x,x,,0,0,818,637,-191
x,x,,0,0,790,628,-193
x,x,,0,0,772,632,-174
x,x,,0,0,756,632,-164
x,x,,0,0,732,624,-156
x,x,,0,0,720,620,-128
x,x,,0,0,731,635,-120
x,x,,0,0,748,648,-120
x,x,,0,0,752,655,-157
x,x,,0,0,742,680,-176
x,x,,0,0,722,710,-113
x,x,,0,0,721,705,-76
x,x,,0,0,739,664,-53
x,x,,0,0,741,616,-53
x,x,,0,0,731,569,-64
x,x,,0,0,722,561,-103
x,x,,0,0,726,666,-192
x,x,,0,0,712,800,-172
x,x,,0,0,681,857,-164
x,x,,0,0,658,893,-99
x,x,,0,0,660,894,-108
x,x,,0,0,637,805,-100
x,x,,0,0,618,718,-182
x,x,,0,0,580,504,-316
x,x,,0,0,551,385,-341
x,x,,0,0,547,329,-315
x,x,,0,0,582,350,-348
x,x,,0,0,669,440,-399
x,x,,0,0,779,596,-378
x,x,,0,0,865,737,-448
x,x,,0,0,943,807,-472
x,x,,0,0,975,761,-441
x,x,,0,0,991,775,-341
x,x,,0,0,985,716,-53
x,x,,0,0,926,654,70
x,x,,0,0,891,662,237
x,x,,0,0,860,692,277
x,x,,0,0,856,716,328
x,x,,0,0,856,693,256
x,x,,0,0,876,701,201
x,x,,0,0,886,685,116
x,x,,0,0,907,655,65
x,x,,0,0,912,624,80
x,x,,0,0,912,616,164
x,x,,0,0,912,616,198
x,x,,0,0,906,705,217
x,x,,0,0,920,831,273
x,x,,0,0,933,861,285
x,x,,0,0,921,856,300
x,x,,0,0,902,881,356
x,x,,0,0,901,958,403
x,x,,0,0,909,1023,439
x,x,,0,0,908,1071,510
x,x,,0,0,900,1208,617
x,x,,0,0,896,1341,651
x,x,,0,0,896,1400,660
x,x,,0,0,877,1455,757
x,x,,0,0,841,1492,843
x,x,,0,0,796,1514,838
x,x,,0,0,733,1539,752
x,x,,0,0,664,1531,661
x,x,,0,0,601,1466,653
x,x,,0,0,547,1348,619
x,x,,0,0,458,1231,510
x,x,,0,0,358,1023,369
x,x,,0,0,255,611,243
x,x,,0,0,67,288,206
x,x,,0,0,-189,326,521
x,x,,0,0,-358,461,625
x,x,,0,0,-338,565,451
x,x,,0,0,-285,605,384
x,x,,0,0,-269,574,181
x,x,,0,0,-269,457,123
x,x,,0,0,-348,255,275
x,x,,0,0,-421,208,360
x,x,,0,0,-456,279,166
x,x,,0,0,-459,401,-52
x,x,,0,0,-493,419,-101
x,x,,0,0,-560,464,-175
x,x,,0,0,-553,456,-316
x,x,,0,0,-576,440,-184
x,x,,0,0,-592,440,-88
x,x,,0,0,-600,541,5
x,x,,0,0,-653,597,54
x,x,,0,0,-641,391,-331
x,x,,0,0,-647,303,-550
x,x,,0,0,-684,360,-275
x,x,,0,0,-751,298,-3
x,x,,0,0,-835,356,325
x,x,,0,0,-875,301,76
x,x,,0,0,-776,366,-186
x,x,,0,0,-733,384,-162
x,x,,0,0,-635,465,-150
x,x,,0,0,-529,458,-110
x,x,,0,0,-469,401,-149
x,x,,0,0,-399,281,-277
x,x,,0,0,-292,279,-275
x,x,,0,0,-213,318,-159
x,x,,0,0,-160,302,-138
x,x,,0,0,-103,334,-86
x,x,,0,0,-40,395,21
x,x,,0,0,27,488,59
x,x,,0,0,121,647,28
x,x,,0,0,217,786,-23
x,x,,0,0,291,836,-91
x,x,,0,0,395,894,-120
x,x,,0,0,560,1028,-76
x,x,,0,0,725,1173,-101
x,x,,0,0,852,1251,-220
x,x,,0,0,958,1282,-312
x,x,,0,0,1046,1355,-403
x,x,,0,0,1111,1427,-459
x,x,,0,0,1153,1475,-471
x,x,,0,0,1177,1541,-474
x,x,,0,0,1165,1514,-362
x,x,,0,0,1096,1462,-294
x,x,,0,0,1059,1408,-282
x,x,,0,0,1025,1284,-268
x,x,,0,0,949,1080,-220
x,x,,0,0,884,890,-256
x,x,,0,0,837,936,20
x,x,,0,0,788,985,37
x,x,,0,0,750,947,65
x,x,,0,0,788,869,92
x,x,,0,0,861,757,28
x,x,,0,0,944,655,18
x,x,,0,0,1001,726,97
x,x,,0,0,1008,907,164
x,x,,0,0,1008,843,111
x,x,,0,0,1008,660,-7
x,x,,0,0,1008,592,12
x,x,,0,0,992,592,143
x,x,,0,0,1000,608,25
x,x,,0,0,1031,585,-116
x,x,,0,0,1002,417,55
x,x,,0,0,948,348,-33
x,x,,0,0,944,322,33
x,x,,0,0,937,291,-3
x,x,,0,0,915,372,-1
x,x,,0,0,878,364,-27
x,x,,0,0,872,387,-59
x,x,,0,0,898,405,-129
x,x,,0,0,910,433,-195
x,x,,0,0,918,465,-189
x,x,,0,0,908,484,-214
x,x,,0,0,904,517,-77
x,x,,0,0,887,539,73
x,x,,0,0,886,511,73
x,x,,0,0,926,453,-9
x,x,,0,0,928,432,-14
x,x,,0,0,920,457,-66
x,x,,0,0,920,393,-188
x,x,,0,0,925,339,-154
x,x,,0,0,928,341,-36
x,x,,0,0,937,389,53
x,x,,0,0,948,471,92
x,x,,0,0,960,533,92
x,x,,0,0,980,560,88
x,x,,0,0,1004,556,100
x,x,,0,0,1016,533,105
x,x,,0,0,1016,488,71
x,x,,0,0,1019,411,10
x,x,,0,0,1021,366,-16
x,x,,0,0,1013,382,17
x,x,,0,0,1011,398,44
x,x,,0,0,1019,411,67
x,x,,0,0,1024,413,80
x,x,,0,0,1019,415,111
x,x,,0,0,1010,439,133
x,x,,0,0,1010,452,98
x,x,,0,0,992,438,82
x,x,,0,0,990,430,90
x,x,,0,0,987,426,93
x,x,,0,0,1000,429,80
x,x,,0,0,999,413,79
x,x,,0,0,988,402,73
x,x,,0,0,967,415,80
x,x,,0,0,958,411,80
x,x,,0,0,944,440,82
x,x,,0,0,943,439,102
x,x,,0,0,936,431,81
x,x,,0,0,927,408,102
x,x,,0,0,904,400,48
x,x,,0,0,912,392,24
x,x,,0,0,935,400,8
x,x,,0,0,921,408,16
x,x,,0,0,920,378,-66
x,x,,0,0,927,361,-36
x,x,,0,0,935,367,-39
x,x,,0,0,929,368,-61
x,x,,0,0,935,395,-78
x,x,,0,0,963,393,-53
x,x,,0,0,981,405,-61
x,x,,0,0,984,414,-51
x,x,,0,0,996,422,-54
x,x,,0,0,982,430,-56
x,x,,0,0,994,438,-50
x,x,,0,0,1000,446,-42
x,x,,0,0,1000,448,-40
x,x,,0,0,1000,459,-56
x,x,,0,0,1005,464,-90
x,x,,0,0,1008,469,-79
x,x,,0,0,993,477,-34
x,x,,0,0,989,475,-54
x,x,,0,0,997,477,-48
x,x,,0,0,996,471,-42
x,x,,0,0,988,460,-47
x,x,,0,0,976,456,-52
x,x,,0,0,968,452,-52
x,x,,0,0,964,448,-36
x,x,,0,0,971,441,-36
x,x,,0,0,977,432,-40
x,x,,0,0,965,432,-37
x,x,,0,0,963,432,-35
x,x,,0,0,968,435,-46
x,x,,0,0,968,434,-44
x,x,,0,0,968,421,-29
x,x,,0,0,965,416,-35
x,x,,0,0,962,416,-31
x,x,,0,0,968,411,-59
x,x,,0,0,970,400,-67
x,x,,0,0,978,402,-8
x,x,,0,0,984,410,-8
x,x,,0,0,984,413,-6
x,x,,0,0,984,400,-13
x,x,,0,0,984,400,-59
x,x,,0,0,982,400,6
x,x,,0,0,970,400,-8
x,x,,0,0,982,398,-8
x,x,,0,0,968,384,-7
x,x,,0,0,968,383,7
x,x,,0,0,968,368,0
x,x,,0,0,968,376,0
x,x,,0,0,968,376,-8
x,x,,0,0,968,368,-16
x,x,,0,0,960,376,0
x,x,,0,0,960,368,-8
x,x,,0,0,960,368,7
x,x,,0,0,960,390,1
x,x,,0,0,967,392,-14
x,x,,0,0,961,399,-2
x,x,,0,0,953,393,-7
x,x,,0,0,952,399,-1
x,x,,0,0,959,420,0
x,x,,0,0,966,418,-25
x,x,,0,0,956,422,-44
x,x,,0,0,964,424,-30
x,x,,0,0,974,418,-30
x,x,,0,0,953,422,-9
x,x,,0,0,966,424,-6
x,x,,0,0,981,424,-13
x,x,,0,0,984,424,10
x,x,,0,0,979,424,9
x,x,,0,0,976,424,-5
x,x,,0,0,981,429,-27
x,x,,0,0,970,427,-45
x,x,,0,0,964,420,-26
x,x,,0,0,972,425,-12
x,x,,0,0,976,428,-12
x,x,,0,0,976,424,-8
x,x,,0,0,968,424,0
x,x,,0,0,956,424,4
x,x,,0,0,948,424,7
x,x,,0,0,937,424,16
x,x,,0,0,925,424,10
x,x,,0,0,920,424,-3
x,x,,0,0,926,427,-14
x,x,,0,0,947,429,-16
x,x,,0,0,973,421,5
x,x,,0,0,984,416,18
x,x,,0,0,982,416,33
x,x,,0,0,976,418,54
x,x,,0,0,978,422,50
x,x,,0,0,984,416,58
x,x,,0,0,976,416,61
x,x,,0,0,944,419,52
x,x,,0,0,943,432,76
x,x,,0,0,934,432,89
x,x,,0,0,918,431,50
x,x,,0,0,905,425,62
x,x,,0,0,914,432,47
x,x,,0,0,938,433,32
x,x,,0,0,961,440,32
x,x,,0,0,984,440,31
x,x,,0,0,992,456,8
x,x,,0,0,1000,448,8
x,x,,0,0,1008,448,8
x,x,,0,0,1000,448,8
x,x,,0,0,1000,455,8
x,x,,0,0,1007,456,-21
x,x,,0,0,1001,456,-3
x,x,,0,0,1000,463,-35
x,x,,0,0,993,464,-6
x,x,,0,0,985,464,13
x,x,,0,0,984,457,3
x,x,,0,0,978,456,6
x,x,,0,0,976,444,-4
x,x,,0,0,970,458,-14
x,x,,0,0,968,464,-10
x,x,,0,0,974,453,-8
x,x,,0,0,970,448,3
x,x,,0,0,984,448,-3
x,x,,0,0,1018,443,-3
x,x,,0,0,1057,445,0
x,x,,0,0,1072,448,5
x,x,,0,0,1062,448,22
x,x,,0,0,1037,457,41
x,x,,0,0,1015,477,30
x,x,,0,0,1012,501,3
x,x,,0,0,1016,516,-8
x,x,,0,0,1012,520,-16
x,x,,0,0,996,512,-32
x,x,,0,0,969,497,-44
x,x,,0,0,941,477,-55
x,x,,0,0,938,457,-64
x,x,,0,0,962,438,-64
x,x,,0,0,985,412,-49
x,x,,0,0,1006,386,-41
x,x,,0,0,1021,368,-64
x,x,,0,0,1032,357,-45
x,x,,0,0,1032,363,-30
x,x,,0,0,1030,357,10
x,x,,0,0,1028,364,54
x,x,,0,0,1050,352,46
x,x,,0,0,1084,363,35
x,x,,0,0,1096,400,21
x,x,,0,0,1090,399,40
x,x,,0,0,1053,388,37
x,x,,0,0,991,363,23
x,x,,0,0,932,335,15
x,x,,0,0,903,326,6
x,x,,0,0,895,312,-7
x,x,,0,0,878,310,4
x,x,,0,0,855,281,-47
x,x,,0,0,831,304,-32
x,x,,0,0,808,304,-33
x,x,,0,0,760,312,-95
x,x,,0,0,768,312,-104
x,x,,0,0,760,342,-96
x,x,,0,0,767,366,-133
x,x,,0,0,753,383,-136
x,x,,0,0,759,413,-129
x,x,,0,0,774,437,-114
x,x,,0,0,796,460,-132
x,x,,0,0,840,497,-143
x,x,,0,0,881,537,-242
x,x,,0,0,907,563,-226
x,x,,0,0,931,568,-173
x,x,,0,0,954,592,-136
x,x,,0,0,989,624,-175
x,x,,0,0,1017,638,-181
x,x,,0,0,1030,629,-148
x,x,,0,0,1059,619,-131
x,x,,0,0,1098,616,-112
x,x,,0,0,1122,616,-68
x,x,,0,0,1118,601,-4
x,x,,0,0,1088,554,43
x,x,,0,0,1030,491,84
x,x,,0,0,982,442,135
x,x,,0,0,955,415,169
x,x,,0,0,948,408,176
x,x,,0,0,968,404,180
x,x,,0,0,1003,400,180
x,x,,0,0,1039,393,180
x,x,,0,0,1056,377,191
x,x,,0,0,1053,365,197
x,x,,0,0,1048,350,202
x,x,,0,0,1042,333,210
x,x,,0,0,1023,325,209
x,x,,0,0,1005,317,227
x,x,,0,0,992,315,219
x,x,,0,0,974,322,194
x,x,,0,0,966,328,195
x,x,,0,0,960,330,182
x,x,,0,0,960,338,182
x,x,,0,0,958,348,186
x,x,,0,0,957,358,143
x,x,,0,0,975,352,168
x,x,,0,0,969,352,171
x,x,,0,0,977,352,179
x,x,,0,0,984,353,153
x,x,,0,0,984,361,159
x,x,,0,0,983,368,154
x,x,,0,0,976,369,174
x,x,,0,0,975,376,144
x,x,,0,0,960,384,137
x,x,,0,0,960,392,160
x,x,,0,0,976,400,136
x,x,,0,0,992,392,152
x,x,,0,0,1007,415,175
x,x,,0,0,993,431,146
x,x,,0,0,992,454,173
x,x,,0,0,971,442,105
x,x,,0,0,968,440,103
x,x,,0,0,968,433,152
x,x,,0,0,981,452,113
x,x,,0,0,1004,443,91
x,x,,0,0,1002,434,107
x,x,,0,0,994,426,106
x,x,,0,0,1010,424,104
x,x,,0,0,1022,430,110
x,x,,0,0,1030,438,118
x,x,,0,0,1032,440,114
x,x,,0,0,1027,435,112
x,x,,0,0,1029,432,112
x,x,,0,0,1042,417,76
x,x,,0,0,1048,408,81
x,x,,0,0,1053,418,72
x,x,,0,0,1056,415,51
x,x,,0,0,1060,395,70
x,x,,0,0,1060,380,62
x,x,,0,0,1052,368,61
x,x,,0,0,1048,356,80
x,x,,0,0,1040,348,92
x,x,,0,0,1028,344,108
x,x,,0,0,1020,344,112
x,x,,0,0,1009,344,109
x,x,,0,0,1003,341,91
x,x,,0,0,1008,336,90
x,x,,0,0,1002,327,120
x,x,,0,0,978,312,117
x,x,,0,0,944,309,115
x,x,,0,0,923,309,122
x,x,,0,0,910,327,126
x,x,,0,0,900,346,109
x,x,,0,0,888,356,98
x,x,,0,0,890,366,145
x,x,,0,0,906,358,118
x,x,,0,0,948,352,113
x,x,,0,0,967,351,123
x,x,,0,0,958,345,140
x,x,,0,0,944,352,155
x,x,,0,0,943,354,117
x,x,,0,0,937,369,100
x,x,,0,0,947,386,145
x,x,,0,0,996,408,147
x,x,,0,0,1066,417,49
x,x,,0,0,1128,440,72
x,x,,0,0,1104,456,48
x,x,,0,0,1088,456,32
x,x,,0,0,1080,471,2
x,x,,0,0,1087,479,-7
x,x,,0,0,1081,502,-74
x,x,,0,0,1066,525,-137
x,x,,0,0,1036,528,-130
x,x,,0,0,998,494,-135
x,x,,0,0,959,461,-129
x,x,,0,0,939,436,-128
x,x,,0,0,930,426,-153
x,x,,0,0,922,443,-129
x,x,,0,0,896,478,-66
x,x,,0,0,894,512,-54
x,x,,0,0,913,549,-73
x,x,,0,0,931,554,-102
x,x,,0,0,947,552,-134
x,x,,0,0,941,531,-165
x,x,,0,0,951,505,-166
x,x,,0,0,955,481,-145
x,x,,0,0,942,482,-141
x,x,,0,0,922,469,-181
x,x,,0,0,916,456,-208
x,x,,0,0,924,447,-199
x,x,,0,0,936,432,-196
x,x,,0,0,948,424,-204
x,x,,0,0,948,420,-220
x,x,,0,0,955,416,-210
x,x,,0,0,972,402,-180
x,x,,0,0,979,381,-163
x,x,,0,0,994,370,-131
x,x,,0,0,1011,354,-103
x,x,,0,0,1007,347,-85
x,x,,0,0,987,347,-85
x,x,,0,0,968,336,-112
x,x,,0,0,952,334,-137
x,x,,0,0,947,330,-115
x,x,,0,0,936,334,-104
x,x,,0,0,936,326,-102
x,x,,0,0,936,318,-100
x,x,,0,0,938,312,-107
x,x,,0,0,943,313,-95
x,x,,0,0,936,321,-123
x,x,,0,0,937,328,-92
x,x,,0,0,946,330,-75
x,x,,0,0,959,345,-99
x,x,,0,0,952,353,-115
x,x,,0,0,952,361,-63
x,x,,0,0,951,369,-46
x,x,,0,0,936,384,-8
x,x,,0,0,936,400,8
x,x,,0,0,968,424,-16
x,x,,0,0,984,455,-47
x,x,,0,0,976,464,-86
x,x,,0,0,998,464,-6
x,x,,0,0,1022,471,-7
x,x,,0,0,1053,493,-1
x,x,,0,0,1035,503,35
x,x,,0,0,1039,497,40
x,x,,0,0,1053,503,73
x,x,,0,0,1076,497,80
x,x,,0,0,1080,490,99
x,x,,0,0,1061,488,110
x,x,,0,0,1038,482,124
x,x,,0,0,1008,462,128
x,x,,0,0,983,456,139
x,x,,0,0,965,456,150
x,x,,0,0,965,445,157
x,x,,0,0,979,429,176
x,x,,0,0,969,414,153
x,x,,0,0,970,403,126
x,x,,0,0,981,390,134
x,x,,0,0,984,379,163
x,x,,0,0,966,372,163
x,x,,0,0,961,377,126
x,x,,0,0,972,380,108
x,x,,0,0,972,376,108
x,x,,0,0,976,368,96
x,x,,0,0,984,367,92
x,x,,0,0,984,376,85
x,x,,0,0,987,376,62
x,x,,0,0,989,379,54
x,x,,0,0,993,387,55
x,x,,0,0,999,398,34
x,x,,0,0,984,408,27
x,x,,0,0,987,408,37
x,x,,0,0,994,403,33
x,x,,0,0,998,387,5
x,x,,0,0,996,372,20
x,x,,0,0,1008,362,28
x,x,,0,0,1008,375,11
x,x,,0,0,1010,397,-10
x,x,,0,0,1016,387,-9
x,x,,0,0,1021,404,23
x,x,,0,0,1049,428,17
x,x,,0,0,1053,450,24
x,x,,0,0,1032,466,25
x,x,,0,0,1033,481,39
x,x,,0,0,1041,495,116
x,x,,0,0,1048,477,178
x,x,,0,0,1040,424,204
x,x,,0,0,1024,432,79
x,x,,0,0,976,392,-23
x,x,,0,0,929,353,61
x,x,,0,0,913,322,49
x,x,,0,0,882,327,33
x,x,,0,0,873,364,98
x,x,,0,0,843,382,40
x,x,,0,0,819,440,123
x,x,,0,0,802,523,156
x,x,,0,0,793,589,167
x,x,,0,0,785,620,135
x,x,,0,0,797,668,160
x,x,,0,0,775,661,112
x,x,,0,0,768,644,102
x,x,,0,0,780,646,110
x,x,,0,0,795,671,146
x,x,,0,0,783,719,160
x,x,,0,0,787,796,155
x,x,,0,0,808,803,136
x,x,,0,0,821,772,133
x,x,,0,0,824,735,136
x,x,,0,0,862,691,88
x,x,,0,0,916,649,10
x,x,,0,0,967,601,-37
x,x,,0,0,1005,589,-26
x,x,,0,0,1037,575,-29
x,x,,0,0,1084,540,-60
x,x,,0,0,1116,513,39
x,x,,0,0,1124,437,97
x,x,,0,0,1117,372,-124
x,x,,0,0,1101,366,-268
x,x,,0,0,1054,371,-121
x,x,,0,0,974,354,-4
x,x,,0,0,959,286,-82
x,x,,0,0,976,280,-179
x,x,,0,0,957,248,-165
x,x,,0,0,952,241,-150
x,x,,0,0,952,240,-119
x,x,,0,0,954,295,-54
x,x,,0,0,958,352,80
x,x,,0,0,948,405,108
x,x,,0,0,934,421,19
x,x,,0,0,927,408,-64
x,x,,0,0,917,401,-65
x,x,,0,0,903,369,-74
x,x,,0,0,897,376,-83
x,x,,0,0,905,377,-43
x,x,,0,0,912,386,0
x,x,,0,0,912,409,-1
x,x,,0,0,912,424,-19
x,x,,0,0,920,416,-73
x,x,,0,0,928,408,-104
x,x,,0,0,936,400,-104
x,x,,0,0,936,408,-112
x,x,,0,0,982,438,-165
x,x,,0,0,977,433,-168
x,x,,0,0,969,432,-183
x,x,,0,0,954,446,-155
x,x,,0,0,945,469,-194
x,x,,0,0,944,486,-227
x,x,,0,0,951,501,-252
x,x,,0,0,952,511,-249
x,x,,0,0,952,512,-248
x,x,,0,0,952,506,-248
x,x,,0,0,958,504,-248
x,x,,0,0,954,504,-242
x,x,,0,0,958,504,-223
x,x,,0,0,954,504,-227
x,x,,0,0,957,504,-227
x,x,,0,0,965,504,-224
x,x,,0,0,973,494,-209
x,x,,0,0,976,488,-205
x,x,,0,0,971,483,-203
x,x,,0,0,968,475,-195
x,x,,0,0,968,463,-183
x,x,,0,0,968,443,-163
x,x,,0,0,968,428,-144
x,x,,0,0,972,416,-148
x,x,,0,0,976,408,-148
x,x,,0,0,983,401,-132
x,x,,0,0,981,399,-128
x,x,,0,0,961,401,-128
x,x,,0,0,949,392,-125
x,x,,0,0,950,398,-120
x,x,,0,0,960,396,-120
x,x,,0,0,955,373,-123
x,x,,0,0,944,371,-131
x,x,,0,0,942,376,-136
x,x,,0,0,934,376,-138
x,x,,0,0,926,376,-148
x,x,,0,0,924,376,-168
x,x,,0,0,931,374,-187
x,x,,0,0,912,368,-168
x,x,,0,0,909,369,-171
x,x,,0,0,892,375,-187
x,x,,0,0,873,367,-207
x,x,,0,0,881,359,-244
x,x,,0,0,890,352,-213
x,x,,0,0,906,355,-195
x,x,,0,0,929,387,-225
x,x,,0,0,944,434,-232
x,x,,0,0,944,464,-232
x,x,,0,0,928,456,-215
x,x,,0,0,904,480,-153
x,x,,0,0,896,480,-152
x,x,,0,0,881,495,-175
x,x,,0,0,880,503,-206
x,x,,0,0,865,482,-172
x,x,,0,0,864,444,-154
x,x,,0,0,878,405,-89
x,x,,0,0,907,380,-73
x,x,,0,0,932,383,-99
x,x,,0,0,929,404,-97
x,x,,0,0,928,414,-39
x,x,,0,0,934,397,-61
x,x,,0,0,942,392,-84
x,x,,0,0,944,386,-94
x,x,,0,0,944,378,-79
x,x,,0,0,955,359,-83
x,x,,0,0,976,325,-110
x,x,,0,0,989,301,-146
x,x,,0,0,977,271,-165
x,x,,0,0,978,266,-168
x,x,,0,0,984,301,-125
x,x,,0,0,1007,320,-87
x,x,,0,0,1033,329,-120
x,x,,0,0,1044,349,-161
x,x,,0,0,1060,356,-151
x,x,,0,0,1064,360,-148
x,x,,0,0,1041,349,-168
x,x,,0,0,1020,350,-143
x,x,,0,0,1016,390,-100
x,x,,0,0,1009,408,-99
x,x,,0,0,987,395,-104
x,x,,0,0,953,358,-113
x,x,,0,0,913,343,-111
x,x,,0,0,880,368,-72
x,x,,0,0,867,371,-38
x,x,,0,0,877,376,22
x,x,,0,0,895,390,49
x,x,,0,0,920,426,-10
x,x,,0,0,952,442,-26
x,x,,0,0,980,479,-51
x,x,,0,0,995,511,-29
x,x,,0,0,1011,535,5
x,x,,0,0,1023,523,95
x,x,,0,0,1012,496,93
x,x,,0,0,986,493,117
x,x,,0,0,939,470,94
x,x,,0,0,894,456,83
x,x,,0,0,872,459,114
x,x,,0,0,872,496,136
x,x,,0,0,872,504,128
x,x,,0,0,872,504,144
x,x,,0,0,880,520,136
x,x,,0,0,880,497,113
x,x,,0,0,903,481,104
x,x,,0,0,919,495,111
x,x,,0,0,949,511,112
x,x,,0,0,988,526,91
x,x,,0,0,1006,521,123
x,x,,0,0,1001,520,128
x,x,,0,0,1000,513,121
x,x,,0,0,1000,519,166
x,x,,0,0,1000,507,151
x,x,,0,0,1000,504,156
x,x,,0,0,1000,504,154
x,x,,0,0,1000,498,140
x,x,,0,0,994,479,130
x,x,,0,0,986,472,128
x,x,,0,0,984,467,123
x,x,,0,0,989,464,141
x,x,,0,0,992,459,137
x,x,,0,0,997,451,153
x,x,,0,0,1005,438,178
x,x,,0,0,999,427,175
x,x,,0,0,996,420,186
x,x,,0,0,1000,407,196
x,x,,0,0,1000,400,192
x,x,,0,0,992,396,172
x,x,,0,0,988,380,140
x,x,,0,0,992,361,169
x,x,,0,0,992,341,234
x,x,,0,0,989,328,246
x,x,,0,0,974,331,232
x,x,,0,0,954,342,217
x,x,,0,0,935,361,195
x,x,,0,0,923,384,195
x,x,,0,0,933,397,171
x,x,,0,0,959,390,129
x,x,,0,0,1006,384,89
x,x,,0,0,1040,388,55
x,x,,0,0,1028,396,0
x,x,,0,0,974,379,-29
x,x,,0,0,904,353,-56
x,x,,0,0,876,335,-98
x,x,,0,0,899,373,-157
x,x,,0,0,916,405,-224
x,x,,0,0,935,435,-224
x,x,,0,0,928,455,-229
x,x,,0,0,927,445,-269
x,x,,0,0,919,414,-239
x,x,,0,0,905,381,-222
x,x,,0,0,927,328,-177
x,x,,0,0,904,311,-216
x,x,,0,0,856,249,-184
x,x,,0,0,794,232,-200
x,x,,0,0,762,209,-147
x,x,,0,0,745,208,-174
x,x,,0,0,715,193,-125
x,x,,0,0,683,192,-127
x,x,,0,0,645,178,-100
x,x,,0,0,613,162,-116
x,x,,0,0,588,140,-107
x,x,,0,0,558,129,-91
x,x,,0,0,539,128,-56
x,x,,0,0,517,140,-54
x,x,,0,0,536,162,-122
x,x,,0,0,544,180,-144
x,x,,0,0,538,195,-98
x,x,,0,0,575,194,-80
x,x,,0,0,630,230,-112
x,x,,0,0,701,274,-149
x,x,,0,0,799,319,-160
x,x,,0,0,904,336,-140
x,x,,0,0,992,355,-152
x,x,,0,0,1075,373,-196
x,x,,0,0,1166,407,-171
x,x,,0,0,1234,432,-153
x,x,,0,0,1277,424,-139
x,x,,0,0,1304,424,-144
x,x,,0,0,1316,447,-184
x,x,,0,0,1316,479,-207
x,x,,0,0,1301,500,-259
x,x,,0,0,1278,504,-311
x,x,,0,0,1261,501,-304
x,x,,0,0,1238,499,-295
x,x,,0,0,1211,504,-335
x,x,,0,0,1232,509,-371
x,x,,0,0,1256,515,-397
x,x,,0,0,1255,506,-398
x,x,,0,0,1295,505,-340
x,x,,0,0,1304,484,-276
x,x,,0,0,1272,456,-356
x,x,,0,0,1239,390,-359
x,x,,0,0,1193,305,-333
x,x,,0,0,1127,212,-367
x,x,,0,0,1085,189,-417
x,x,,0,0,1066,167,-330
x,x,,0,0,1031,113,-244
x,x,,0,0,1026,122,-207
x,x,,0,0,1039,133,-120
x,x,,0,0,1030,103,-32
x,x,,0,0,1009,108,87
x,x,,0,0,1023,485,361
x,x,,0,0,992,376,-136
x,x,,0,0,976,312,-264
x,x,,0,0,960,506,-769
x,x,,0,0,930,527,-875
x,x,,0,0,913,498,-686
x,x,,0,0,934,744,-329
x,x,,0,0,979,754,-432
x,x,,0,0,984,522,-567
x,x,,0,0,936,536,-475
x,x,,0,0,908,537,-503
x,x,,0,0,911,471,-453
x,x,,0,0,899,443,-421
x,x,,0,0,884,452,-385
x,x,,0,0,862,444,-412
x,x,,0,0,874,428,-430
x,x,,0,0,880,430,-455
x,x,,0,0,863,432,-425
x,x,,0,0,861,427,-392
x,x,,0,0,859,403,-405
x,x,,0,0,851,402,-406
x,x,,0,0,848,398,-430
x,x,,0,0,848,387,-410
x,x,,0,0,848,403,-379
x,x,,0,0,844,416,-380
x,x,,0,0,844,429,-401
x,x,,0,0,856,436,-445
x,x,,0,0,872,416,-480
x,x,,0,0,880,388,-461
x,x,,0,0,869,380,-417
x,x,,0,0,849,388,-389
x,x,,0,0,833,405,-356
x,x,,0,0,824,434,-341
x,x,,0,0,827,457,-378
x,x,,0,0,829,469,-408
x,x,,0,0,829,464,-419
x,x,,0,0,845,459,-445
x,x,,0,0,858,441,-458
x,x,,0,0,862,422,-453
x,x,,0,0,858,416,-422
x,x,,0,0,862,418,-416
x,x,,0,0,856,424,-427
x,x,,0,0,856,424,-456
x,x,,0,0,855,423,-424
x,x,,0,0,849,419,-432
x,x,,0,0,860,428,-463
x,x,,0,0,878,409,-409
x,x,,0,0,862,418,-414
x,x,,0,0,848,431,-406
x,x,,0,0,847,424,-460
x,x,,0,0,832,424,-408
x,x,,0,0,840,424,-416
x,x,,0,0,848,432,-416
x,x,,0,0,856,424,-456
x,x,,0,0,856,416,-440
x,x,,0,0,856,408,-432
x,x,,0,0,863,415,-425
x,x,,0,0,849,423,-409
x,x,,0,0,855,417,-451
x,x,,0,0,842,409,-435
x,x,,0,0,840,422,-412
x,x,,0,0,853,404,-428
x,x,,0,0,869,387,-445
x,x,,0,0,859,403,-429
x,x,,0,0,856,414,-430
x,x,,0,0,850,416,-426
x,x,,0,0,848,410,-430
x,x,,0,0,854,414,-426
x,x,,0,0,839,422,-413
x,x,,0,0,859,413,-376
x,x,,0,0,872,408,-407
x,x,,0,0,867,408,-432
x,x,,0,0,859,398,-452
x,x,,0,0,846,411,-435
x,x,,0,0,826,424,-425
x,x,,0,0,825,424,-428
x,x,,0,0,841,415,-476
x,x,,0,0,840,412,-491
x,x,,0,0,832,404,-452
x,x,,0,0,840,400,-421
x,x,,0,0,855,412,-415
x,x,,0,0,868,412,-439
x,x,,0,0,875,418,-472
x,x,,0,0,867,442,-488
x,x,,0,0,851,447,-440
x,x,,0,0,862,429,-397
x,x,,0,0,867,419,-400
x,x,,0,0,851,408,-419
x,x,,0,0,842,413,-422
x,x,,0,0,853,413,-409
x,x,,0,0,870,386,-403
x,x,,0,0,884,394,-428
x,x,,0,0,872,402,-421
x,x,,0,0,875,408,-424
x,x,,0,0,888,409,-369
x,x,,0,0,883,415,-408
x,x,,0,0,860,406,-403
x,x,,0,0,879,394,-380
x,x,,0,0,871,411,-407
x,x,,0,0,864,432,-402
x,x,,0,0,864,430,-425
x,x,,0,0,865,409,-437
x,x,,0,0,880,424,-384
x,x,,0,0,872,408,-400
x,x,,0,0,864,416,-392
x,x,,0,0,856,416,-400
x,x,,0,0,864,401,-430
x,x,,0,0,857,415,-395
x,x,,0,0,863,416,-407
x,x,,0,0,878,402,-422
x,x,,0,0,873,407,-431
x,x,,0,0,865,415,-412
x,x,,0,0,864,396,-395
x,x,,0,0,871,405,-399
x,x,,0,0,872,402,-406
x,x,,0,0,860,412,-402
x,x,,0,0,862,416,-394
x,x,,0,0,858,416,-404
x,x,,0,0,862,416,-397
x,x,,0,0,858,422,-386
x,x,,0,0,861,419,-400
x,x,,0,0,864,411,-403
x,x,,0,0,859,408,-390
x,x,,0,0,866,413,-374
x,x,,0,0,867,411,-411
x,x,,0,0,864,413,-412
x,x,,0,0,864,416,-374
x,x,,0,0,864,420,-360
x,x,,0,0,868,420,-389
x,x,,0,0,868,420,-408
x,x,,0,0,864,424,-400
x,x,,0,0,864,420,-396
x,x,,0,0,864,416,-388
x,x,,0,0,864,413,-387
x,x,,0,0,864,408,-392
x,x,,0,0,864,411,-380
x,x,,0,0,864,416,-375
x,x,,0,0,864,416,-400
x,x,,0,0,864,419,-400
x,x,,0,0,864,424,-395
x,x,,0,0,864,422,-386
x,x,,0,0,864,414,-394
x,x,,0,0,864,412,-400
x,x,,0,0,864,422,-400
x,x,,0,0,866,414,-403
x,x,,0,0,872,408,-412
x,x,,0,0,871,409,-391
x,x,,0,0,864,415,-386
x,x,,0,0,865,409,-401
x,x,,0,0,872,417,-411
x,x,,0,0,871,426,-437
x,x,,0,0,856,447,-406
x,x,,0,0,856,439,-386
x,x,,0,0,864,416,-415
x,x,,0,0,872,416,-368
x,x,,0,0,872,424,-400
x,x,,0,0,864,416,-361
x,x,,0,0,856,416,-413
x,x,,0,0,863,416,-409
x,x,,0,0,864,416,-401
x,x,,0,0,857,409,-421
x,x,,0,0,863,401,-403
x,x,,0,0,857,407,-407
x,x,,0,0,869,415,-401
x,x,,0,0,872,409,-400
x,x,,0,0,866,389,-387
x,x,,0,0,864,396,-403
x,x,,0,0,858,406,-402
x,x,,0,0,862,408,-406
x,x,,0,0,847,414,-402
x,x,,0,0,846,405,-400
x,x,,0,0,864,411,-400
x,x,,0,0,877,411,-411
x,x,,0,0,875,408,-416
x,x,,0,0,877,408,-411
x,x,,0,0,875,408,-403
x,x,,0,0,872,408,-400
x,x,,0,0,868,408,-400
x,x,,0,0,860,408,-409
x,x,,0,0,860,412,-420
x,x,,0,0,864,420,-408
x,x,,0,0,864,420,-396
x,x,,0,0,864,420,-407
x,x,,0,0,864,420,-409
x,x,,0,0,864,409,-407
x,x,,0,0,858,403,-410
x,x,,0,0,851,411,-400
x,x,,0,0,859,410,-415
x,x,,0,0,869,403,-429
x,x,,0,0,875,411,-405
x,x,,0,0,864,416,-402
x,x,,0,0,864,416,-410
x,x,,0,0,866,412,-414
x,x,,0,0,870,402,-412
x,x,,0,0,864,406,-415
x,x,,0,0,864,402,-384
x,x,,0,0,868,409,-378
x,x,,0,0,885,415,-367
x,x,,0,0,872,408,-435
x,x,,0,0,869,408,-408
x,x,,0,0,849,409,-406
x,x,,0,0,856,416,-393
x,x,,0,0,856,417,-407
x,x,,0,0,857,424,-400
x,x,,0,0,872,416,-400
x,x,,0,0,864,408,-416
x,x,,0,0,864,400,-392
x,x,,0,0,864,400,-408
x,x,,0,0,864,400,-416
x,x,,0,0,864,415,-409
x,x,,0,0,871,409,-415
x,x,,0,0,865,408,-437
x,x,,0,0,857,429,-412
x,x,,0,0,856,432,-428
x,x,,0,0,849,412,-392
x,x,,0,0,861,401,-404
x,x,,0,0,864,400,-414
x,x,,0,0,864,400,-416
x,x,,0,0,858,400,-404
x,x,,0,0,850,406,-394
x,x,,0,0,882,408,-426
x,x,,0,0,885,402,-390
x,x,,0,0,875,400,-400
x,x,,0,0,872,411,-411
x,x,,0,0,857,396,-403
x,x,,0,0,833,394,-385
x,x,,0,0,848,400,-371
x,x,,0,0,864,400,-387
x,x,,0,0,864,404,-396
x,x,,0,0,864,404,-396
x,x,,0,0,864,408,-400
x,x,,0,0,864,416,-400
x,x,,0,0,864,416,-404
x,x,,0,0,868,412,-408
x,x,,0,0,868,408,-412
x,x,,0,0,864,408,-409
x,x,,0,0,864,408,-394
x,x,,0,0,867,408,-390
x,x,,0,0,866,408,-415
x,x,,0,0,859,411,-418
x,x,,0,0,864,413,-386
x,x,,0,0,864,410,-408
x,x,,0,0,862,418,-410
x,x,,0,0,856,424,-414
x,x,,0,0,858,420,-406
x,x,,0,0,868,401,-389
x,x,,0,0,878,381,-364
x,x,,0,0,875,400,-409
x,x,,0,0,885,403,-408
x,x,,0,0,874,414,-379
x,x,,0,0,884,401,-436
x,x,,0,0,857,406,-407
x,x,,0,0,864,393,-400
x,x,,0,0,863,401,-399
x,x,,0,0,856,409,-385
x,x,,0,0,856,432,-409
x,x,,0,0,872,424,-448
x,x,,0,0,856,416,-408
x,x,,0,0,864,416,-400
x,x,,0,0,849,408,-430
x,x,,0,0,855,408,-454
x,x,,0,0,856,408,-420
x,x,,0,0,856,401,-402
x,x,,0,0,856,414,-400
x,x,,0,0,856,416,-400
x,x,,0,0,863,409,-407
x,x,,0,0,877,395,-401
x,x,,0,0,874,405,-425
x,x,,0,0,860,427,-401
x,x,,0,0,856,426,-380
x,x,,0,0,868,424,-376
x,x,,0,0,849,418,-387
x,x,,0,0,846,427,-398
x,x,,0,0,848,443,-416
x,x,,0,0,864,432,-398
x,x,,0,0,867,414,-399
x,x,,0,0,869,408,-388
x,x,,0,0,862,408,-405
x,x,,0,0,861,408,-433
x,x,,0,0,864,399,-444
x,x,,0,0,873,375,-422
x,x,,0,0,876,364,-408
x,x,,0,0,876,376,-428
x,x,,0,0,888,384,-436
x,x,,0,0,918,399,-465
x,x,,0,0,976,430,-557
x,x,,0,0,1063,445,-678
x,x,,0,0,1176,437,-845
x,x,,0,0,1269,438,-1018
x,x,,0,0,1345,492,-1011
x,x,,0,0,1367,598,-926
x,x,,0,0,1249,661,-945
x,x,,0,0,1190,623,-818
x,x,,0,0,1179,435,-378
x,x,,0,0,1223,166,394
x,x,,0,0,1250,-64,694
x,x,,0,0,1212,-194,562
x,x,,0,0,1224,-407,228
x,x,,0,0,1227,-413,-56
x,x,,0,0,1228,-164,-153
x,x,,0,0,1170,-8,-136
x,x,,0,0,1186,102,-223
x,x,,0,0,1197,215,-146
x,x,,0,0,1177,338,-31
x,x,,0,0,1187,352,-12
x,x,,0,0,1226,234,48
x,x,,0,0,1264,110,56
x,x,,0,0,1280,56,64
x,x,,0,0,1288,-8,-32
x,x,,0,0,1327,-55,-71
x,x,,0,0,1381,-56,-125
x,x,,0,0,1369,-19,66
x,x,,0,0,1332,-1,197
x,x,,0,0,1321,71,301
x,x,,0,0,1264,164,277
x,x,,0,0,1208,231,306
x,x,,0,0,1147,293,305
x,x,,0,0,1090,350,245
x,x,,0,0,1042,379,175
x,x,,0,0,982,384,98
x,x,,0,0,926,378,86
x,x,,0,0,841,364,82
x,x,,0,0,759,337,69
x,x,,0,0,703,283,-14
x,x,,0,0,666,253,22
x,x,,0,0,630,269,77
x,x,,0,0,591,295,119
x,x,,0,0,566,339,106
x,x,,0,0,565,374,59
x,x,,0,0,582,384,8
x,x,,0,0,596,339,42
x,x,,0,0,591,300,97
x,x,,0,0,555,296,92
x,x,,0,0,496,268,16
x,x,,0,0,445,205,-40
x,x,,0,0,435,124,-6
x,x,,0,0,466,40,28
x,x,,0,0,495,-37,45
x,x,,0,0,517,-139,87
x,x,,0,0,560,-256,129
x,x,,0,0,620,-332,161
x,x,,0,0,689,-347,233
x,x,,0,0,786,-333,320
x,x,,0,0,885,-345,331
x,x,,0,0,979,-393,338
x,x,,0,0,1067,-422,378
x,x,,0,0,1120,-428,370
x,x,,0,0,1120,-390,396
x,x,,0,0,1128,-396,382
x,x,,0,0,1170,-441,386
x,x,,0,0,1219,-449,439
x,x,,0,0,1227,-455,468
x,x,,0,0,1200,-449,437
x,x,,0,0,1203,-452,363
x,x,,0,0,1223,-417,395
x,x,,0,0,1210,-425,420
x,x,,0,0,1236,-432,359
x,x,,0,0,1313,-440,334
x,x,,0,0,1360,-432,255
x,x,,0,0,1328,-432,145
x,x,,0,0,1227,-424,160
x,x,,0,0,1117,-454,190
x,x,,0,0,1030,-493,259
x,x,,0,0,995,-532,293
x,x,,0,0,956,-557,346
x,x,,0,0,938,-567,289
x,x,,0,0,963,-554,232
x,x,,0,0,995,-552,204
x,x,,0,0,1033,-545,220
x,x,,0,0,1091,-544,230
x,x,,0,0,1135,-575,207
x,x,,0,0,1132,-650,212
x,x,,0,0,1128,-743,245
x,x,,0,0,1122,-797,279
x,x,,0,0,1114,-786,299
x,x,,0,0,1117,-765,288
x,x,,0,0,1125,-760,248
x,x,,0,0,1128,-765,273
x,x,,0,0,1108,-763,291
x,x,,0,0,1101,-736,269
x,x,,0,0,1090,-688,237
x,x,,0,0,1076,-637,211
x,x,,0,0,1063,-594,170
x,x,,0,0,1044,-564,161
x,x,,0,0,1020,-536,188
x,x,,0,0,996,-508,188
x,x,,0,0,962,-478,154
x,x,,0,0,943,-438,149
x,x,,0,0,935,-403,163
x,x,,0,0,893,-358,134
x,x,,0,0,846,-308,111
x,x,,0,0,799,-279,87
x,x,,0,0,752,-248,56
x,x,,0,0,707,-203,40
x,x,,0,0,675,-164,57
x,x,,0,0,655,-129,24
x,x,,0,0,632,-104,18
x,x,,0,0,636,-70,-8
x,x,,0,0,646,-40,-18
x,x,,0,0,637,-38,19
x,x,,0,0,630,-26,-35
x,x,,0,0,663,3,-45
x,x,,0,0,709,23,-28
x,x,,0,0,795,70,-3
x,x,,0,0,877,117,33
x,x,,0,0,921,164,43
x,x,,0,0,938,212,74
x,x,,0,0,963,274,98
x,x,,0,0,1018,303,144
x,x,,0,0,1072,272,144
x,x,,0,0,1112,264,144
x,x,,0,0,1143,256,175
x,x,,0,0,1190,241,199
x,x,,0,0,1229,233,215
x,x,,0,0,1239,203,267
x,x,,0,0,1219,157,293
x,x,,0,0,1223,173,261
x,x,,0,0,1244,210,311
x,x,,0,0,1195,236,253
x,x,,0,0,1112,260,220
x,x,,0,0,1077,289,203
x,x,,0,0,1047,321,200
x,x,,0,0,1016,358,182
x,x,,0,0,990,362,176
x,x,,0,0,967,371,153
x,x,,0,0,954,376,127
x,x,,0,0,941,376,120
x,x,,0,0,915,376,104
x,x,,0,0,889,376,81
x,x,,0,0,860,376,62
x,x,,0,0,838,381,61
x,x,,0,0,818,393,41
x,x,,0,0,804,422,24
x,x,,0,0,809,470,20
x,x,,0,0,820,513,4
x,x,,0,0,824,536,0
x,x,,0,0,832,559,-4
x,x,,0,0,844,594,-23
x,x,,0,0,859,644,-39
x,x,,0,0,875,693,-55
x,x,,0,0,890,728,-70
x,x,,0,0,910,764,-83
x,x,,0,0,917,790,-91
x,x,,0,0,917,814,-121
x,x,,0,0,931,850,-181
x,x,,0,0,926,882,-223
x,x,,0,0,888,888,-279
x,x,,0,0,835,829,-336
x,x,,0,0,788,774,-344
x,x,,0,0,761,766,-350
x,x,,0,0,794,752,-296
x,x,,0,0,809,705,-329
x,x,,0,0,853,629,-331
x,x,,0,0,882,569,-297
x,x,,0,0,896,528,-255
x,x,,0,0,896,528,-253
x,x,,0,0,895,524,-299
x,x,,0,0,885,487,-326
x,x,,0,0,846,481,-304
x,x,,0,0,815,496,-311
x,x,,0,0,784,496,-288
x,x,,0,0,760,488,-328
x,x,,0,0,721,496,-390
x,x,,0,0,705,511,-384
x,x,,0,0,689,527,-436
x,x,,0,0,666,535,-506
x,x,,0,0,607,500,-541
x,x,,0,0,579,510,-565
x,x,,0,0,569,512,-561
x,x,,0,0,548,505,-580
x,x,,0,0,524,484,-571
x,x,,0,0,507,455,-568
x,x,,0,0,504,467,-587
x,x,,0,0,504,484,-568
x,x,,0,0,498,459,-554
x,x,,0,0,485,425,-506
x,x,,0,0,502,410,-533
x,x,,0,0,544,419,-568
x,x,,0,0,565,419,-518
x,x,,0,0,578,391,-524
x,x,,0,0,628,346,-549
x,x,,0,0,666,314,-519
x,x,,0,0,704,304,-496
x,x,,0,0,764,286,-456
x,x,,0,0,822,268,-415
x,x,,0,0,877,268,-250
x,x,,0,0,924,248,-324
x,x,,0,0,967,285,-529
x,x,,0,0,985,330,-479
x,x,,0,0,1004,315,-475
x,x,,0,0,1040,311,-533
x,x,,0,0,1017,298,-420
x,x,,0,0,1008,288,-383
x,x,,0,0,1033,268,-533
x,x,,0,0,997,290,-231
x,x,,0,0,994,233,-55
x,x,,0,0,1015,166,-209
x,x,,0,0,990,176,-442
x,x,,0,0,1043,277,-657
x,x,,0,0,1092,423,-712
x,x,,0,0,1062,313,-439
x,x,,0,0,995,231,-415
x,x,,0,0,970,310,-659
x,x,,0,0,941,252,-639
x,x,,0,0,933,187,-463
x,x,,0,0,959,179,-386
x,x,,0,0,952,301,-259
x,x,,0,0,952,208,-463
x,x,,0,0,949,211,-295
x,x,,0,0,906,255,-388
x,x,,0,0,936,240,-322
x,x,,0,0,944,240,-400
x,x,,0,0,960,280,-344
x,x,,0,0,960,303,-453
x,x,,0,0,945,281,-509
x,x,,0,0,937,250,-415
x,x,,0,0,936,270,-430
x,x,,0,0,915,272,-389
x,x,,0,0,919,244,-363
x,x,,0,0,927,247,-340
x,x,,0,0,921,268,-356
x,x,,0,0,933,265,-340
x,x,,0,0,936,264,-380
x,x,,0,0,917,264,-423
x,x,,0,0,918,288,-414
x,x,,0,0,920,290,-420
x,x,,0,0,926,282,-395
x,x,,0,0,917,274,-367
x,x,,0,0,934,256,-322
x,x,,0,0,939,264,-383
x,x,,0,0,946,282,-419
x,x,,0,0,962,293,-416
x,x,,0,0,978,239,-330
x,x,,0,0,965,242,-346
x,x,,0,0,948,348,-427
x,x,,0,0,1052,369,-461
x,x,,0,0,1069,315,-422
x,x,,0,0,1016,292,-308
x,x,,0,0,1009,334,-290
x,x,,0,0,988,399,-355
x,x,,0,0,1010,402,-396
x,x,,0,0,1015,317,-402
x,x,,0,0,976,298,-428
x,x,,0,0,949,350,-497
x,x,,0,0,912,154,-274
x,x,,0,0,790,78,43
x,x,,0,0,731,197,33
x,x,,0,0,940,38,-22
x,x,,0,0,1112,16,-7
x,x,,0,0,1158,-3,-49
x,x,,0,0,1186,87,-79
x,x,,0,0,1218,162,17
x,x,,0,0,1226,98,-62
x,x,,0,0,1225,139,22
x,x,,0,0,1176,159,-60
x,x,,0,0,1091,194,-75
x,x,,0,0,1058,209,-55
x,x,,0,0,1009,217,-106
x,x,,0,0,953,228,-116
x,x,,0,0,964,267,-81
x,x,,0,0,909,310,-88
x,x,,0,0,855,273,-96
x,x,,0,0,832,312,-80
x,x,,0,0,800,304,-48
x,x,,0,0,808,320,-95
x,x,,0,0,831,320,-88
x,x,,0,0,810,350,-133
x,x,,0,0,837,381,-92
x,x,,0,0,876,377,-131
x,x,,0,0,887,383,-45
x,x,,0,0,936,364,-87
x,x,,0,0,964,373,-143
x,x,,0,0,1001,369,-126
x,x,,0,0,1014,349,-95
x,x,,0,0,1066,350,-107
x,x,,0,0,1038,376,-130
x,x,,0,0,1036,372,-124
x,x,,0,0,1029,351,-68
x,x,,0,0,1024,350,-81
x,x,,0,0,1040,352,-123
x,x,,0,0,1043,326,-78
x,x,,0,0,1040,307,-12
x,x,,0,0,1045,304,-17
x,x,,0,0,1067,304,-51
x,x,,0,0,1071,281,-101
x,x,,0,0,1073,246,-52
x,x,,0,0,1080,241,25
x,x,,0,0,1088,256,44
x,x,,0,0,1088,256,72
x,x,,0,0,1065,244,104
x,x,,0,0,1055,222,83
x,x,,0,0,1060,207,66
x,x,,0,0,1053,209,78
x,x,,0,0,1038,206,70
x,x,,0,0,1027,222,89
x,x,,0,0,1029,226,92
x,x,,0,0,1024,219,86
x,x,,0,0,1021,224,107
x,x,,0,0,1014,219,86
x,x,,0,0,1017,206,62
x,x,,0,0,1046,202,71
x,x,,0,0,1093,224,120
x,x,,0,0,1193,279,139
x,x,,0,0,1226,291,118
x,x,,0,0,1229,227,108
x,x,,0,0,1211,156,76
x,x,,0,0,1180,95,10
x,x,,0,0,1149,89,-25
x,x,,0,0,1062,96,-21
x,x,,0,0,971,95,67
x,x,,0,0,918,81,21
x,x,,0,0,889,88,84
x,x,,0,0,903,96,8
x,x,,0,0,872,104,24
x,x,,0,0,912,88,24
x,x,,0,0,974,111,94
x,x,,0,0,1044,89,58
x,x,,0,0,1093,28,63
x,x,,0,0,1111,46,20
x,x,,0,0,1119,69,87
x,x,,0,0,1127,79,54
x,x,,0,0,1114,94,62
x,x,,0,0,1105,83,77
x,x,,0,0,1097,73,87
x,x,,0,0,1045,97,63
x,x,,0,0,1044,141,25
x,x,,0,0,1048,134,40
x,x,,0,0,1024,169,66
x,x,,0,0,999,201,49
x,x,,0,0,1009,169,23
x,x,,0,0,1005,157,59
x,x,,0,0,979,176,127
x,x,,0,0,968,230,106
x,x,,0,0,1003,221,26
x,x,,0,0,1019,243,35
x,x,,0,0,1016,295,73
x,x,,0,0,1007,325,44
x,x,,0,0,1009,332,-10
x,x,,0,0,1033,324,10
x,x,,0,0,1036,308,40
x,x,,0,0,1020,292,20
x,x,,0,0,1016,292,4
x,x,,0,0,1023,310,-124
x,x,,0,0,1035,318,-347
x,x,,0,0,1037,320,-421
x,x,,0,0,1032,310,-306
x,x,,0,0,1049,262,-119
x,x,,0,0,1075,250,-68
x,x,,0,0,1069,198,-102
x,x,,0,0,1073,169,-27
x,x,,0,0,1051,145,2
x,x,,0,0,1036,145,42
x,x,,0,0,1020,186,20
x,x,,0,0,1008,166,12
x,x,,0,0,1006,162,9
x,x,,0,0,1000,168,-57
x,x,,0,0,997,171,-95
x,x,,0,0,986,183,-88
x,x,,0,0,1001,176,-94
x,x,,0,0,1008,176,-136
x,x,,0,0,1009,177,-130
x,x,,0,0,1024,193,-72
x,x,,0,0,1025,208,-72
x,x,,0,0,1040,216,-71
x,x,,0,0,1024,208,-23
x,x,,0,0,1016,192,31
x,x,,0,0,1016,192,16
x,x,,0,0,993,207,31
x,x,,0,0,992,193,2
x,x,,0,0,1007,214,15
x,x,,0,0,1008,187,-13
x,x,,0,0,1008,205,-37
x,x,,0,0,1001,188,-13
x,x,,0,0,1007,171,-41
x,x,,0,0,1034,168,-28
x,x,,0,0,1027,162,-62
x,x,,0,0,1018,160,-60
x,x,,0,0,1022,172,-2
x,x,,0,0,1024,170,22
x,x,,0,0,1018,168,7
x,x,,0,0,1010,185,72
x,x,,0,0,1019,203,99
x,x,,0,0,1040,208,59
x,x,,0,0,1063,208,60
x,x,,0,0,1067,183,82
x,x,,0,0,1064,168,145
x,x,,0,0,1059,173,124
x,x,,0,0,1052,185,84
x,x,,0,0,1048,188,97
x,x,,0,0,1048,196,104
x,x,,0,0,1044,216,84
x,x,,0,0,1040,224,49
x,x,,0,0,1033,220,47
x,x,,0,0,1024,227,57
x,x,,0,0,1017,247,31
x,x,,0,0,1008,250,8
x,x,,0,0,999,231,42
x,x,,0,0,978,225,108
x,x,,0,0,963,248,128
x,x,,0,0,960,264,123
x,x,,0,0,981,271,114
x,x,,0,0,1003,293,136
x,x,,0,0,1032,302,151
x,x,,0,0,1042,284,96
x,x,,0,0,1074,248,162
x,x,,0,0,1083,248,216
x,x,,0,0,1095,254,184
x,x,,0,0,1085,287,187
x,x,,0,0,1071,321,201
x,x,,0,0,1063,326,210
x,x,,0,0,1056,310,226
x,x,,0,0,1055,295,235
x,x,,0,0,1046,289,182
x,x,,0,0,1024,304,153
x,x,,0,0,1024,311,176
x,x,,0,0,1016,288,168
x,x,,0,0,1016,288,208
x,x,,0,0,1000,296,231
x,x,,0,0,1008,304,209
x,x,,0,0,978,334,141
x,x,,0,0,991,329,78
x,x,,0,0,978,328,108
x,x,,0,0,983,342,161
x,x,,0,0,991,337,127
x,x,,0,0,985,343,100
x,x,,0,0,971,337,96
x,x,,0,0,981,330,83
x,x,,0,0,1003,347,55
x,x,,0,0,1020,328,36
x,x,,0,0,1030,296,56
x,x,,0,0,1032,265,47
x,x,,0,0,1032,250,46
x,x,,0,0,1043,259,59
x,x,,0,0,1037,248,64
x,x,,0,0,1017,230,49
x,x,,0,0,983,239,55
x,x,,0,0,982,238,78
x,x,,0,0,987,232,65
x,x,,0,0,984,236,17
x,x,,0,0,984,240,-4
x,x,,0,0,988,236,17
x,x,,0,0,1004,232,0
x,x,,0,0,1024,217,-67
x,x,,0,0,1032,204,-86
x,x,,0,0,1036,212,-39
x,x,,0,0,1047,213,-42
x,x,,0,0,1056,202,-88
x,x,,0,0,1059,189,-57
x,x,,0,0,1061,184,-49
x,x,,0,0,1053,189,-109
x,x,,0,0,1051,195,-93
x,x,,0,0,1054,186,-104
x,x,,0,0,1046,192,-88
x,x,,0,0,1036,194,-42
x,x,,0,0,1020,198,-30
x,x,,0,0,1006,192,-39
x,x,,0,0,1000,190,-3
x,x,,0,0,997,181,12
x,x,,0,0,984,169,-11
x,x,,0,0,983,176,-24
x,x,,0,0,977,176,-28
x,x,,0,0,986,176,-59
x,x,,0,0,1001,178,-83
x,x,,0,0,1009,201,-112
x,x,,0,0,1025,216,-109
x,x,,0,0,1041,208,-56
x,x,,0,0,1064,192,-48
x,x,,0,0,1088,176,-64
x,x,,0,0,1080,184,-25
x,x,,0,0,1080,169,-32
x,x,,0,0,1050,168,-10
x,x,,0,0,1033,168,-37
x,x,,0,0,1039,189,-19
x,x,,0,0,1019,206,5
x,x,,0,0,1023,194,56
x,x,,0,0,1004,179,17
x,x,,0,0,1007,183,-12
x,x,,0,0,1014,209,35
x,x,,0,0,1016,222,42
x,x,,0,0,1004,218,22
x,x,,0,0,1018,216,40
x,x,,0,0,1030,205,37
x,x,,0,0,1032,194,43
x,x,,0,0,1037,197,64
x,x,,0,0,1040,200,9
x,x,,0,0,1040,205,-4
x,x,,0,0,1025,203,28
x,x,,0,0,1016,195,21
x,x,,0,0,1025,187,36
x,x,,0,0,1032,193,52
x,x,,0,0,1028,183,39
x,x,,0,0,1028,176,24
x,x,,0,0,1028,184,24
x,x,,0,0,1016,196,36
x,x,,0,0,1012,204,47
x,x,,0,0,1012,207,38
x,x,,0,0,1008,216,16
x,x,,0,0,1024,203,61
x,x,,0,0,1030,184,131
x,x,,0,0,1006,187,104
x,x,,0,0,1011,181,45
x,x,,0,0,997,173,66
x,x,,0,0,985,202,108
x,x,,0,0,961,206,57
x,x,,0,0,936,200,15
x,x,,0,0,920,206,83
x,x,,0,0,942,222,141
x,x,,0,0,933,206,33
x,x,,0,0,921,167,13
x,x,,0,0,935,161,169
x,x,,0,0,966,168,107
x,x,,0,0,951,166,-61
x,x,,0,0,942,153,-26
x,x,,0,0,933,160,86
x,x,,0,0,983,161,60
x,x,,0,0,975,175,1
x,x,,0,0,953,161,27
x,x,,0,0,976,192,128
x,x,,0,0,1016,160,96
x,x,,0,0,993,137,-5
x,x,,0,0,1000,136,30
x,x,,0,0,978,181,32
x,x,,0,0,1012,162,68
x,x,,0,0,1016,146,-21
x,x,,0,0,988,151,-11
x,x,,0,0,977,152,19
x,x,,0,0,963,165,-76
x,x,,0,0,973,161,-44
x,x,,0,0,976,166,101
x,x,,0,0,988,193,74
x,x,,0,0,998,206,26
x,x,,0,0,994,202,-8
x,x,,0,0,998,211,-22
x,x,,0,0,989,199,-41
x,x,,0,0,979,208,-43
x,x,,0,0,987,237,-66
x,x,,0,0,967,263,-29
x,x,,0,0,962,282,-10
x,x,,0,0,958,264,8
x,x,,0,0,971,285,38
x,x,,0,0,1011,312,8
x,x,,0,0,1015,269,-11
x,x,,0,0,1012,249,8
x,x,,0,0,1020,268,-64
x,x,,0,0,1031,287,-86
x,x,,0,0,1044,297,-61
x,x,,0,0,1040,288,-93
x,x,,0,0,1040,295,-73
x,x,,0,0,1046,310,-64
x,x,,0,0,1050,332,-107
x,x,,0,0,1043,349,-164
x,x,,0,0,1053,352,-117
x,x,,0,0,1069,358,-59
x,x,,0,0,1082,334,-72
x,x,,0,0,1086,328,-112
x,x,,0,0,1082,334,-74
x,x,,0,0,1100,348,-90
x,x,,0,0,1154,341,-272
x,x,,0,0,1195,365,-668
x,x,,0,0,1121,377,-131
x,x,,0,0,1164,339,105
x,x,,0,0,1162,323,-52
x,x,,0,0,1040,386,-102
x,x,,0,0,1098,401,-301
x,x,,0,0,1111,407,-273
x,x,,0,0,1096,392,-283
x,x,,0,0,1094,391,-317
x,x,,0,0,1065,377,-261
x,x,,0,0,1096,400,-168
x,x,,0,0,1072,408,-192
x,x,,0,0,1025,361,-184
x,x,,0,0,1009,398,-192
x,x,,0,0,978,370,-244
x,x,,0,0,961,361,-226
x,x,,0,0,939,353,-210
x,x,,0,0,929,380,-152
x,x,,0,0,914,384,-192
x,x,,0,0,905,391,-267
x,x,,0,0,904,392,-326
x,x,,0,0,885,367,-209
x,x,,0,0,892,366,-188
x,x,,0,0,908,392,-240
x,x,,0,0,906,382,-280
x,x,,0,0,910,359,-277
x,x,,0,0,901,369,-272
x,x,,0,0,907,387,-202
x,x,,0,0,912,397,-231
x,x,,0,0,907,415,-239
x,x,,0,0,909,404,-254
x,x,,0,0,922,402,-272
x,x,,0,0,937,413,-300
x,x,,0,0,944,398,-289
x,x,,0,0,948,397,-268
x,x,,0,0,956,425,-280
x,x,,0,0,952,428,-292
x,x,,0,0,936,412,-296
x,x,,0,0,924,408,-278
x,x,,0,0,927,404,-270
x,x,,0,0,929,400,-295
x,x,,0,0,920,410,-288
x,x,,0,0,917,433,-276
x,x,,0,0,912,439,-308
x,x,,0,0,917,427,-309
x,x,,0,0,933,437,-259
x,x,,0,0,939,443,-234
x,x,,0,0,923,434,-247
x,x,,0,0,914,434,-268
x,x,,0,0,914,416,-274
x,x,,0,0,894,425,-258
x,x,,0,0,886,453,-262
x,x,,0,0,879,444,-255
x,x,,0,0,873,459,-249
x,x,,0,0,880,433,-263
x,x,,0,0,880,443,-306
x,x,,0,0,881,460,-314
x,x,,0,0,888,425,-268
x,x,,0,0,889,433,-313
x,x,,0,0,896,440,-326
x,x,,0,0,888,439,-297
x,x,,0,0,896,400,-320
x,x,,0,0,904,408,-280
x,x,,0,0,904,424,-288
x,x,,0,0,866,409,-258
x,x,,0,0,886,393,-286
x,x,,0,0,910,392,-266
x,x,,0,0,912,378,-314
x,x,,0,0,919,411,-285
x,x,,0,0,920,402,-294
x,x,,0,0,893,407,-303
x,x,,0,0,908,395,-297
x,x,,0,0,918,392,-258
x,x,,0,0,932,411,-267
x,x,,0,0,906,404,-308
x,x,,0,0,902,406,-296
x,x,,0,0,910,402,-288
x,x,,0,0,923,406,-310
x,x,,0,0,939,419,-288
x,x,,0,0,944,419,-251
x,x,,0,0,939,411,-240
x,x,,0,0,926,428,-265
x,x,,0,0,934,440,-313
x,x,,0,0,939,431,-299
x,x,,0,0,936,428,-276
x,x,,0,0,927,436,-276
x,x,,0,0,903,436,-276
x,x,,0,0,896,412,-264
x,x,,0,0,904,411,-244
x,x,,0,0,900,436,-247
x,x,,0,0,903,422,-277
x,x,,0,0,909,403,-264
x,x,,0,0,891,414,-237
x,x,,0,0,875,415,-283
x,x,,0,0,874,394,-268
x,x,,0,0,878,387,-232
x,x,,0,0,901,402,-250
x,x,,0,0,898,419,-283
x,x,,0,0,909,415,-267
x,x,,0,0,912,436,-264
x,x,,0,0,886,448,-286
x,x,,0,0,884,439,-276
x,x,,0,0,896,410,-249
x,x,,0,0,895,415,-205
x,x,,0,0,889,407,-260
x,x,,0,0,900,405,-233
x,x,,0,0,916,431,-198
x,x,,0,0,888,423,-251
x,x,,0,0,887,412,-339
x,x,,0,0,873,376,-287
x,x,,0,0,881,377,-276
x,x,,0,0,904,400,-193
x,x,,0,0,912,384,-225
x,x,,0,0,896,432,-287
x,x,,0,0,888,354,-272
x,x,,0,0,896,398,-249
x,x,,0,0,896,363,-337
x,x,,0,0,911,396,-256
x,x,,0,0,941,336,-169
x,x,,0,0,944,342,-132
x,x,,0,0,930,392,-224
x,x,,0,0,948,373,-227
x,x,,0,0,919,407,-198
x,x,,0,0,887,410,-249
x,x,,0,0,576,489,-295
x,x,,0,0,711,494,-14
x,x,,0,0,784,417,-73
x,x,,0,0,692,381,-288
x,x,,0,0,662,337,-252
x,x,,0,0,691,352,8
x,x,,0,0,678,405,-193
x,x,,0,0,664,332,-143
x,x,,0,0,713,324,-29
x,x,,0,0,777,385,97
x,x,,0,0,814,385,-57
x,x,,0,0,869,350,-214
x,x,,0,0,934,319,-127
x,x,,0,0,889,371,-76
x,x,,0,0,864,416,-112
x,x,,0,0,989,354,-51
x,x,,0,0,1121,345,18
x,x,,0,0,1172,392,24
x,x,,0,0,1176,341,10
x,x,,0,0,1182,288,-32
x,x,,0,0,1189,303,89
x,x,,0,0,1175,288,153
x,x,,0,0,1133,288,45
x,x,,0,0,1222,342,86
x,x,,0,0,1873,235,214
x,x,,0,0,2475,-308,119
x,x,,0,0,1611,-163,-233
x,x,,0,0,464,441,-443
x,x,,0,0,124,429,-110
x,x,,0,0,969,767,-424
x,x,,0,0,1431,107,44
x,x,,0,0,1072,513,44
x,x,,0,0,1321,79,-108
x,x,,0,0,925,319,-397
x,x,,0,0,1016,399,-294
x,x,,0,0,1017,201,-76
x,x,,0,0,1031,295,-35
x,x,,0,0,1016,288,-84
x,x,,0,0,1017,294,-168
x,x,,0,0,1064,224,-152
x,x,,0,0,1064,232,-168
x,x,,0,0,1033,209,-98
x,x,,0,0,1032,200,-50
x,x,,0,0,1002,170,-70
x,x,,0,0,1007,190,-174
x,x,,0,0,1001,235,-163
x,x,,0,0,1007,226,-104
x,x,,0,0,1015,210,-96
x,x,,0,0,1029,208,-96
x,x,,0,0,1025,182,-116
x,x,,0,0,1030,201,-101
x,x,,0,0,1063,214,-59
x,x,,0,0,1060,198,-133
x,x,,0,0,1050,192,-136
x,x,,0,0,1037,192,-88
x,x,,0,0,1043,181,-61
x,x,,0,0,1026,165,-99
x,x,,0,0,1042,165,-152
x,x,,0,0,1051,168,-143
x,x,,0,0,1033,163,-74
x,x,,0,0,1014,165,-64
x,x,,0,0,1008,196,-103
x,x,,0,0,1017,203,-129
x,x,,0,0,1015,179,-136
x,x,,0,0,996,189,-161
x,x,,0,0,996,204,-128
x,x,,0,0,1008,204,-103
x,x,,0,0,1008,204,-147
x,x,,0,0,1015,186,-125
x,x,,0,0,1024,168,-114
x,x,,0,0,1021,184,-160
x,x,,0,0,1016,202,-160
x,x,,0,0,1019,192,-143
x,x,,0,0,1024,187,-112
x,x,,0,0,1027,173,-117
x,x,,0,0,1034,168,-128
x,x,,0,0,1038,154,-101
x,x,,0,0,1028,135,-62
x,x,,0,0,1018,178,-148
x,x,,0,0,1026,179,-144
x,x,,0,0,1030,158,-86
x,x,,0,0,1023,152,-80
x,x,,0,0,1019,155,-88
x,x,,0,0,1033,164,-126
x,x,,0,0,1036,145,-116
x,x,,0,0,1010,155,-145
x,x,,0,0,1025,181,-146
x,x,,0,0,1031,151,-89
x,x,,0,0,1023,138,-96
x,x,,0,0,1000,184,-88
x,x,,0,0,1008,184,-81
x,x,,0,0,1016,168,-135
x,x,,0,0,1024,160,-152
x,x,,0,0,1016,160,-175
x,x,,0,0,1009,153,-101
x,x,,0,0,972,181,-198
x,x,,0,0,997,191,-172
x,x,,0,0,1007,171,-147
x,x,,0,0,1015,168,-124
x,x,,0,0,1023,161,-140
x,x,,0,0,1017,147,-105
x,x,,0,0,1016,163,-172
x,x,,0,0,1028,168,-161
x,x,,0,0,1032,156,-140
x,x,,0,0,1050,187,-124
x,x,,0,0,1033,217,-137
x,x,,0,0,1013,213,-144
x,x,,0,0,1019,181,-112
x,x,,0,0,1024,147,-91
x,x,,0,0,1019,151,-108
x,x,,0,0,1006,140,-169
x,x,,0,0,1005,133,-181
x,x,,0,0,1017,131,-149
x,x,,0,0,1028,124,-105
x,x,,0,0,1019,146,-123
x,x,,0,0,1008,172,-156
x,x,,0,0,1016,164,-140
x,x,,0,0,1024,148,-147
x,x,,0,0,1020,148,-157
x,x,,0,0,1012,163,-155
x,x,,0,0,1008,176,-155
x,x,,0,0,1008,173,-146
x,x,,0,0,1011,171,-151
x,x,,0,0,1019,170,-142
x,x,,0,0,1021,160,-147
x,x,,0,0,1016,163,-139
x,x,,0,0,1018,161,-127
x,x,,0,0,1024,142,-95
x,x,,0,0,1020,140,-120
x,x,,0,0,1010,156,-144
x,x,,0,0,1016,164,-137
x,x,,0,0,1019,154,-119
x,x,,0,0,1033,159,-135
x,x,,0,0,1039,149,-93
x,x,,0,0,1031,140,-91
x,x,,0,0,1024,160,-146
x,x,,0,0,1024,160,-106
x,x,,0,0,1024,161,-121
x,x,,0,0,1025,175,-130
x,x,,0,0,1032,158,-149
x,x,,0,0,1032,128,-87
x,x,,0,0,1040,128,-64
x,x,,0,0,1016,208,-168
x,x,,0,0,1024,185,-114
x,x,,0,0,1039,154,-150
x,x,,0,0,1033,189,-130
x,x,,0,0,1032,170,-99
x,x,,0,0,1011,154,-160
x,x,,0,0,1029,159,-154
x,x,,0,0,1025,140,-145
x,x,,0,0,1024,143,-151
x,x,,0,0,1024,157,-152
x,x,,0,0,1043,141,-133
x,x,,0,0,1036,124,-147
x,x,,0,0,1032,120,-140
x,x,,0,0,1032,126,-136
x,x,,0,0,1015,122,-119
x,x,,0,0,1002,131,-151
x,x,,0,0,1005,163,-146
x,x,,0,0,1003,165,-152
x,x,,0,0,1010,155,-129
x,x,,0,0,1016,152,-112
x,x,,0,0,1011,147,-122
x,x,,0,0,1013,130,-123
x,x,,0,0,1007,116,-129
x,x,,0,0,1009,121,-149
x,x,,0,0,1020,128,-143
x,x,,0,0,1024,132,-144
x,x,,0,0,1024,140,-160
x,x,,0,0,1031,133,-138
x,x,,0,0,1036,113,-105
x,x,,0,0,1029,121,-116
x,x,,0,0,1027,147,-134
x,x,,0,0,1032,146,-117
x,x,,0,0,1029,139,-115
x,x,,0,0,1032,141,-123
x,x,,0,0,1048,133,-110
x,x,,0,0,1046,128,-89
x,x,,0,0,1038,133,-135
x,x,,0,0,1030,144,-156
x,x,,0,0,1024,146,-166
x,x,,0,0,1026,152,-156
x,x,,0,0,1030,155,-147
x,x,,0,0,1024,167,-164
x,x,,0,0,1021,157,-180
x,x,,0,0,1007,142,-158
x,x,,0,0,1002,129,-144
x,x,,0,0,1015,135,-141
x,x,,0,0,1009,129,-124
x,x,,0,0,1016,145,-161
x,x,,0,0,1016,152,-168
x,x,,0,0,1024,144,-176
x,x,,0,0,1032,136,-160
x,x,,0,0,1024,136,-128
x,x,,0,0,1032,152,-136
x,x,,0,0,1032,144,-151
x,x,,0,0,1032,144,-115
x,x,,0,0,1025,151,-119
x,x,,0,0,1031,145,-127
x,x,,0,0,1025,137,-114
x,x,,0,0,1031,136,-126
x,x,,0,0,1032,136,-108
x,x,,0,0,1032,143,-143
x,x,,0,0,1032,144,-139
x,x,,0,0,1044,144,-142
x,x,,0,0,1030,156,-150
x,x,,0,0,1018,154,-128
x,x,,0,0,1033,141,-137
x,x,,0,0,1046,136,-161
x,x,,0,0,1037,141,-179
x,x,,0,0,1016,144,-173
x,x,,0,0,1013,139,-137
x,x,,0,0,1011,146,-135
x,x,,0,0,1008,162,-163
x,x,,0,0,1017,168,-134
x,x,,0,0,1024,159,-126
x,x,,0,0,1020,156,-140
x,x,,0,0,1024,156,-157
x,x,,0,0,1032,144,-160
x,x,,0,0,1028,144,-152
x,x,,0,0,1028,152,-149
x,x,,0,0,1036,145,-132
x,x,,0,0,1033,139,-141
x,x,,0,0,1024,144,-154
x,x,,0,0,1027,147,-144
x,x,,0,0,1035,155,-150
x,x,,0,0,1032,163,-152
x,x,,0,0,1019,163,-139
x,x,,0,0,1014,162,-161
x,x,,0,0,997,179,-184
x,x,,0,0,1008,160,-138
x,x,,0,0,1012,136,-126
x,x,,0,0,1024,138,-144
x,x,,0,0,1024,144,-142
x,x,,0,0,1024,145,-139
x,x,,0,0,1024,152,-151
x,x,,0,0,1024,151,-142
x,x,,0,0,1025,143,-129
x,x,,0,0,1032,136,-139
x,x,,0,0,1031,135,-158
x,x,,0,0,1017,121,-135
x,x,,0,0,1024,136,-120
x,x,,0,0,1032,136,-120
x,x,,0,0,1024,136,-112
