x,x,,0,0,-40,952,96
x,x,,0,0,-36,959,204
x,x,,0,0,-38,965,343
x,x,,0,0,-92,935,333
x,x,,0,0,-115,955,456
x,x,,0,0,-105,1025,710
x,x,,0,0,-86,987,282
x,x,,0,0,-54,967,-22
x,x,,0,0,6,1017,142
x,x,,0,0,-14,1008,252
x,x,,0,0,-66,976,331
x,x,,0,0,-92,982,361
x,x,,0,0,-112,974,278
x,x,,0,0,-126,954,84
x,x,,0,0,-101,974,78
x,x,,0,0,-82,998,110
x,x,,0,0,-86,1018,186
x,x,,0,0,-84,1066,187
x,x,,0,0,-78,1114,146
x,x,,0,0,-64,1048,0
x,x,,0,0,-88,998,-17
x,x,,0,0,-154,964,93
x,x,,0,0,-218,942,203
x,x,,0,0,-249,952,224
x,x,,0,0,-199,1032,40
x,x,,0,0,-142,1049,-23
x,x,,0,0,-90,1038,-22
x,x,,0,0,-110,1012,72
x,x,,0,0,-135,980,110
x,x,,0,0,-165,940,90
x,x,,0,0,-172,918,-52
x,x,,0,0,-182,910,-176
x,x,,0,0,-202,930,-232
x,x,,0,0,-232,946,-188
x,x,,0,0,-263,959,-98
x,x,,0,0,-253,949,42
x,x,,0,0,-243,936,97
x,x,,0,0,-233,922,67
x,x,,0,0,-218,916,127
x,x,,0,0,-202,928,178
x,x,,0,0,-182,984,182
x,x,,0,0,-144,986,96
x,x,,0,0,-99,981,-24
x,x,,0,0,-49,1111,-110
x,x,,0,0,-24,1236,-102
x,x,,0,0,-24,1356,-2
x,x,,0,0,-82,1264,228
x,x,,0,0,-138,1169,370
x,x,,0,0,-174,1119,270
x,x,,0,0,-230,1058,54
x,x,,0,0,-284,988,-166
x,x,,0,0,-238,874,8
x,x,,0,0,-156,864,198
x,x,,0,0,-36,958,404
x,x,,0,0,-20,1031,158
x,x,,0,0,-22,1052,-34
x,x,,0,0,-42,956,10
x,x,,0,0,-86,946,94
x,x,,0,0,-138,972,190
x,x,,0,0,-158,1012,244
x,x,,0,0,-150,1014,177
x,x,,0,0,-116,980,-13
x,x,,0,0,-98,994,44
x,x,,0,0,-85,1018,119
x,x,,0,0,-75,1054,169
x,x,,0,0,-82,1060,138
x,x,,0,0,-98,1054,84
x,x,,0,0,-112,1040,124
x,x,,0,0,-115,1024,142
x,x,,0,0,-105,1010,136
x,x,,0,0,-113,1008,163
x,x,,0,0,-122,1006,184
x,x,,0,0,-126,1002,184
x,x,,0,0,-132,1007,146
x,x,,0,0,-134,1016,90
x,x,,0,0,-120,1010,30
x,x,,0,0,-107,1010,38
x,x,,0,0,-97,1016,112
x,x,,0,0,-114,1012,84
x,x,,0,0,-125,1011,78
x,x,,0,0,-115,1021,154
x,x,,0,0,-116,1020,141
x,x,,0,0,-120,1014,92
x,x,,0,0,-120,1000,46
x,x,,0,0,-110,1017,-16
x,x,,0,0,-90,1067,-96
x,x,,0,0,-79,1032,-14
x,x,,0,0,-76,1000,65
x,x,,0,0,-92,1000,95
x,x,,0,0,-100,1000,24
x,x,,0,0,-102,1002,-76
x,x,,0,0,-82,1028,-42
x,x,,0,0,-67,1038,-19
x,x,,0,0,-57,1032,-9
x,x,,0,0,-60,1036,46
x,x,,0,0,-61,1050,73
x,x,,0,0,-51,1086,23
x,x,,0,0,-38,1089,26
x,x,,0,0,-26,1074,49
x,x,,0,0,-46,1020,59
x,x,,0,0,-61,997,64
x,x,,0,0,-71,1007,64
x,x,,0,0,-54,1022,68
x,x,,0,0,-36,1018,52
x,x,,0,0,-20,974,-12
x,x,,0,0,-12,967,28
x,x,,0,0,-8,976,104
x,x,,0,0,-14,982,98
x,x,,0,0,-26,984,66
x,x,,0,0,-46,984,6
x,x,,0,0,-34,993,58
x,x,,0,0,-24,1000,104
x,x,,0,0,-984,-288,-1064
x,x,,0,0,-1040,-348,-721
x,x,,0,0,-1108,-415,-260
x,x,,0,0,-1074,-325,-60
x,x,,0,0,-1038,-352,70
x,x,,0,0,-1004,-498,130
x,x,,0,0,-946,-422,-12
x,x,,0,0,-898,-394,-112
x,x,,0,0,-878,-534,-56
x,x,,0,0,-988,-454,-89
x,x,,0,0,-1127,-304,-170
x,x,,0,0,-1037,-378,-344
x,x,,0,0,-930,-448,-260
x,x,,0,0,-804,-514,86
x,x,,0,0,-873,-426,93
x,x,,0,0,-930,-343,26
x,x,,0,0,-910,-313,-130
x,x,,0,0,-918,-286,-158
x,x,,0,0,-936,-266,-128
x,x,,0,0,-936,-292,-54
x,x,,0,0,-936,-316,-54
x,x,,0,0,-936,-342,-128
x,x,,0,0,-972,-317,-91
x,x,,0,0,-980,-304,-168
x,x,,0,0,-916,-328,-544
x,x,,0,0,-952,-340,-320
x,x,,0,0,-1018,-348,105
x,x,,0,0,-964,-382,35
x,x,,0,0,-948,-405,-40
x,x,,0,0,-974,-415,-120
x,x,,0,0,-976,-384,-132
x,x,,0,0,-970,-351,-148
x,x,,0,0,-950,-321,-188
x,x,,0,0,-888,-326,-242
x,x,,0,0,-824,-338,-276
x,x,,0,0,-898,-272,-82
x,x,,0,0,-928,-255,-19
x,x,,0,0,-914,-285,-89
x,x,,0,0,-903,-315,-182
x,x,,0,0,-886,-351,-212
x,x,,0,0,-850,-401,-92
x,x,,0,0,-903,-350,-172
x,x,,0,0,-984,-271,-312
x,x,,0,0,-978,-341,-226
x,x,,0,0,-978,-366,-136
x,x,,0,0,-984,-346,-42
x,x,,0,0,-988,-326,-104
x,x,,0,0,-992,-314,-157
x,x,,0,0,-992,-318,-147
x,x,,0,0,-988,-338,-144
x,x,,0,0,-983,-360,-146
x,x,,0,0,-973,-360,-166
x,x,,0,0,-966,-348,-174
x,x,,0,0,-960,-322,-168
x,x,,0,0,-946,-360,-262
x,x,,0,0,-950,-400,-320
x,x,,0,0,-994,-424,-264
x,x,,0,0,-1004,-397,-171
x,x,,0,0,-1000,-352,-78
x,x,,0,0,-994,-346,-132
x,x,,0,0,-994,-346,-158
x,x,,0,0,-1000,-352,-152
x,x,,0,0,-996,-352,-179
x,x,,0,0,-984,-355,-198
x,x,,0,0,-960,-365,-194
x,x,,0,0,-956,-364,-188
x,x,,0,0,-956,-362,-186
x,x,,0,0,-922,-382,-206
x,x,,0,0,-896,-377,-236
x,x,,0,0,-882,-347,-276
x,x,,0,0,-862,-317,-222
x,x,,0,0,-844,-300,-190
x,x,,0,0,-828,-316,-234
x,x,,0,0,-803,-334,-248
x,x,,0,0,-777,-348,-244
x,x,,0,0,-787,-308,-210
x,x,,0,0,-792,-313,-187
x,x,,0,0,-792,-363,-177
x,x,,0,0,-796,-368,-194
x,x,,0,0,-806,-362,-223
x,x,,0,0,-826,-342,-273
x,x,,0,0,-839,-368,-264
x,x,,0,0,-851,-406,-228
x,x,,0,0,-881,-392,-182
x,x,,0,0,-906,-382,-190
x,x,,0,0,-926,-376,-250
x,x,,0,0,-942,-385,-270
x,x,,0,0,-952,-384,-253
x,x,,0,0,-952,-360,-163
x,x,,0,0,-945,-356,-164
x,x,,0,0,-936,-358,-193
x,x,,0,0,-936,-344,-123
x,x,,0,0,-931,-341,-108
x,x,,0,0,-921,-351,-148
x,x,,0,0,-916,-348,-156
x,x,,0,0,-908,-341,-166
x,x,,0,0,-892,-331,-186
x,x,,0,0,-881,-332,-122
x,x,,0,0,-872,-336,-34
x,x,,0,0,-866,-342,-60
x,x,,0,0,-862,-356,-87
x,x,,0,0,-856,-382,-117
x,x,,0,0,-856,-366,-134
x,x,,0,0,-862,-348,-122
x,x,,0,0,-882,-332,-46
x,x,,0,0,-870,-346,-52
x,x,,0,0,-850,-367,-85
x,x,,0,0,-870,-357,-55
x,x,,0,0,-880,-350,-8
x,x,,0,0,-880,-344,58
x,x,,0,0,-898,-353,14
x,x,,0,0,-912,-360,-24
x,x,,0,0,-920,-328,96
x,x,,0,0,-920,-332,100
x,x,,0,0,-920,-336,103
x,x,,0,0,-920,-342,93
x,x,,0,0,-928,-339,86
x,x,,0,0,-942,-329,80
x,x,,0,0,-922,-346,35
x,x,,0,0,-916,-360,-32
x,x,,0,0,-956,-360,-136
x,x,,0,0,-961,-381,-105
x,x,,0,0,-950,-409,-16
x,x,,0,0,-930,-419,58
x,x,,0,0,-912,-416,86
x,x,,0,0,-898,-402,66
x,x,,0,0,-910,-404,-94
x,x,,0,0,-920,-414,-188
x,x,,0,0,-920,-434,-92
x,x,,0,0,-896,-426,-57
x,x,,0,0,-864,-409,-52
x,x,,0,0,-870,-419,-86
x,x,,0,0,-877,-426,-119
x,x,,0,0,-887,-432,-149
x,x,,0,0,-879,-432,-130
x,x,,0,0,-866,-430,-128
x,x,,0,0,-846,-426,-184
x,x,,0,0,-826,-428,-120
x,x,,0,0,-808,-426,-18
x,x,,0,0,-808,-372,-44
x,x,,0,0,-816,-364,-96
x,x,,0,0,-830,-404,-176
x,x,,0,0,-854,-394,-238
x,x,,0,0,-874,-381,-264
x,x,,0,0,-878,-371,-208
x,x,,0,0,-880,-368,-164
x,x,,0,0,-880,-370,-129
x,x,,0,0,-874,-396,-139
x,x,,0,0,-880,-398,-126
x,x,,0,0,-894,-378,-92
x,x,,0,0,-892,-376,-124
x,x,,0,0,-898,-373,-188
x,x,,0,0,-934,-363,-308
x,x,,0,0,-965,-353,-320
x,x,,0,0,-990,-342,-276
x,x,,0,0,-976,-322,-150
x,x,,0,0,-970,-307,-133
x,x,,0,0,-976,-297,-223
x,x,,0,0,-958,-287,-164
x,x,,0,0,-948,-284,-168
x,x,,0,0,-964,-300,-352
x,x,,0,0,-961,-304,-317
x,x,,0,0,-951,-302,-200
x,x,,0,0,-941,-282,-206
x,x,,0,0,-931,-270,-216
x,x,,0,0,-921,-264,-230
x,x,,0,0,-916,-228,-178
x,x,,0,0,-914,-198,-154
x,x,,0,0,-918,-194,-214
x,x,,0,0,-934,-220,-267
x,x,,0,0,-950,-252,-304
x,x,,0,0,-930,-218,-218
x,x,,0,0,-922,-192,-176
x,x,,0,0,-928,-178,-176
x,x,,0,0,-932,-198,-198
x,x,,0,0,-940,-218,-212
x,x,,0,0,-956,-222,-196
x,x,,0,0,-964,-238,-230
x,x,,0,0,-967,-255,-272
x,x,,0,0,-957,-245,-192
x,x,,0,0,-960,-245,-147
x,x,,0,0,-974,-255,-137
x,x,,0,0,-972,-260,-172
x,x,,0,0,-966,-264,-208
x,x,,0,0,-962,-264,-232
x,x,,0,0,-960,-257,-216
x,x,,0,0,-957,-252,-186
x,x,,0,0,-927,-286,-200
x,x,,0,0,-927,-299,-220
x,x,,0,0,-957,-289,-246
x,x,,0,0,-946,-292,-266
x,x,,0,0,-933,-302,-266
x,x,,0,0,-923,-322,-222
x,x,,0,0,-930,-328,-176
x,x,,0,0,-942,-332,-141
x,x,,0,0,-916,-366,-191
x,x,,0,0,-912,-379,-226
x,x,,0,0,-926,-369,-246
x,x,,0,0,-924,-390,-280
x,x,,0,0,-920,-399,-278
x,x,,0,0,-920,-369,-194
x,x,,0,0,-920,-360,-220
x,x,,0,0,-920,-362,-287
x,x,,0,0,-914,-388,-277
x,x,,0,0,-904,-390,-267
x,x,,0,0,-890,-370,-257
x,x,,0,0,-892,-372,-260
x,x,,0,0,-892,-379,-252
x,x,,0,0,-876,-389,-212
x,x,,0,0,-868,-382,-207
x,x,,0,0,-862,-368,-218
x,x,,0,0,-842,-362,-244
x,x,,0,0,-840,-342,-258
x,x,,0,0,-854,-308,-264
x,x,,0,0,-856,-322,-268
x,x,,0,0,-859,-339,-278
x,x,,0,0,-869,-349,-298
x,x,,0,0,-872,-345,-272
x,x,,0,0,-872,-336,-230
x,x,,0,0,-878,-330,-210
x,x,,0,0,-885,-333,-235
x,x,,0,0,-895,-343,-305
x,x,,0,0,-918,-322,-285
x,x,,0,0,-936,-304,-264
x,x,,0,0,-960,-72,320
x,x,,0,0,-978,-65,310
x,x,,0,0,-1000,-60,300
x,x,,0,0,-994,-106,334
x,x,,0,0,-994,-123,272
x,x,,0,0,-1000,-113,112
x,x,,0,0,-991,-121,150
x,x,,0,0,-980,-130,202
x,x,,0,0,-964,-134,238
x,x,,0,0,-970,-115,318
x,x,,0,0,-982,-90,394
x,x,,0,0,-962,-104,260
x,x,,0,0,-947,-132,157
x,x,,0,0,-937,-172,87
x,x,,0,0,-945,-154,210
x,x,,0,0,-944,-128,300
x,x,,0,0,-920,-104,260
x,x,,0,0,-916,-120,206
x,x,,0,0,-920,-152,156
x,x,,0,0,-926,-152,190
x,x,,0,0,-926,-150,183
x,x,,0,0,-920,-144,133
x,x,,0,0,-929,-144,137
x,x,,0,0,-939,-144,146
x,x,,0,0,-949,-144,150
x,x,,0,0,-959,-144,134
x,x,,0,0,-969,-144,114
x,x,,0,0,-979,-138,140
x,x,,0,0,-986,-151,90
x,x,,0,0,-992,-181,-36
x,x,,0,0,-983,-193,15
x,x,,0,0,-973,-206,79
x,x,,0,0,-963,-226,129
x,x,,0,0,-950,-218,151
x,x,,0,0,-938,-200,152
x,x,,0,0,-952,-194,66
x,x,,0,0,-965,-207,-26
x,x,,0,0,-975,-237,-126
x,x,,0,0,-976,-236,35
x,x,,0,0,-976,-235,144
x,x,,0,0,-976,-245,64
x,x,,0,0,-983,-258,-26
x,x,,0,0,-992,-272,-102
x,x,,0,0,-992,-266,-8
x,x,,0,0,-977,-276,18
x,x,,0,0,-947,-302,-28
x,x,,0,0,-958,-290,-68
x,x,,0,0,-968,-271,-87
x,x,,0,0,-968,-241,-57
x,x,,0,0,-944,-256,-16
x,x,,0,0,-910,-288,24
x,x,,0,0,-890,-282,18
x,x,,0,0,-888,-278,-56
x,x,,0,0,-902,-272,-202
x,x,,0,0,-895,-276,-184
x,x,,0,0,-885,-283,-132
x,x,,0,0,-875,-293,-36
x,x,,0,0,-858,-300,-78
x,x,,0,0,-842,-306,-169
x,x,,0,0,-868,-320,-179
x,x,,0,0,-880,-318,-184
x,x,,0,0,-880,-298,-184
x,x,,0,0,-884,-300,-198
x,x,,0,0,-886,-306,-202
x,x,,0,0,-882,-310,-182
x,x,,0,0,-887,-312,-166
x,x,,0,0,-898,-314,-154
x,x,,0,0,-912,-328,-180
x,x,,0,0,-925,-344,-220
x,x,,0,0,-935,-358,-274
x,x,,0,0,-932,-378,-316
x,x,,0,0,-932,-374,-324
x,x,,0,0,-948,-314,-260
x,x,,0,0,-956,-303,-216
x,x,,0,0,-958,-316,-194
x,x,,0,0,-938,-356,-288
x,x,,0,0,-926,-358,-311
x,x,,0,0,-920,-324,-261
x,x,,0,0,-924,-298,-265
x,x,,0,0,-922,-288,-287
x,x,,0,0,-902,-312,-337
x,x,,0,0,-886,-313,-264
x,x,,0,0,-872,-299,-158
x,x,,0,0,-872,-249,-224
x,x,,0,0,-872,-219,-271
x,x,,0,0,-872,-209,-301
x,x,,0,0,-868,-212,-272
x,x,,0,0,-870,-218,-266
x,x,,0,0,-890,-222,-326
x,x,,0,0,-900,-210,-337
x,x,,0,0,-905,-188,-324
x,x,,0,0,-915,-154,-278
x,x,,0,0,-918,-151,-286
x,x,,0,0,-912,-181,-346
x,x,,0,0,-921,-170,-284
x,x,,0,0,-934,-158,-247
x,x,,0,0,-954,-154,-297
x,x,,0,0,-956,-170,-302
x,x,,0,0,-953,-192,-290
x,x,,0,0,-963,-198,-304
x,x,,0,0,-840,-228,-537
x,x,,0,0,-586,-282,-987
x,x,,0,0,-902,-117,-717
x,x,,0,0,-1136,7,-458
x,x,,0,0,-1032,-23,-414
x,x,,0,0,-1004,-81,-354
x,x,,0,0,-1008,-145,-290
x,x,,0,0,-1014,-155,-224
x,x,,0,0,-1006,-185,-214
x,x,,0,0,-986,-235,-260
x,x,,0,0,-988,-182,-178
x,x,,0,0,-992,-136,-112
x,x,,0,0,-848,64,640
x,x,,0,0,-830,78,619
x,x,,0,0,-810,98,590
x,x,,0,0,-830,118,564
x,x,,0,0,-848,93,567
x,x,,0,0,-862,23,597
x,x,,0,0,-868,38,555
x,x,,0,0,-864,70,517
x,x,,0,0,-840,114,507
x,x,,0,0,-850,118,455
x,x,,0,0,-874,103,401
x,x,,0,0,-888,93,491
x,x,,0,0,-884,80,544
x,x,,0,0,-858,66,558
x,x,,0,0,-860,42,466
x,x,,0,0,-870,27,398
x,x,,0,0,-890,37,418
x,x,,0,0,-900,61,456
x,x,,0,0,-904,84,491
x,x,,0,0,-910,50,441
x,x,,0,0,-912,34,428
x,x,,0,0,-912,40,454
x,x,,0,0,-916,40,456
x,x,,0,0,-911,36,465
x,x,,0,0,-881,20,495
x,x,,0,0,-900,-8,364
x,x,,0,0,-936,-40,194
x,x,,0,0,-936,-46,300
x,x,,0,0,-928,-38,402
x,x,,0,0,-914,-18,502
x,x,,0,0,-926,-25,440
x,x,,0,0,-942,-38,366
x,x,,0,0,-962,-58,306
x,x,,0,0,-947,-54,316
x,x,,0,0,-919,-42,350
x,x,,0,0,-909,-68,336
x,x,,0,0,-919,-112,330
x,x,,0,0,-949,-178,336
x,x,,0,0,-961,-139,300
x,x,,0,0,-958,-104,287
x,x,,0,0,-922,-104,337
x,x,,0,0,-936,-136,348
x,x,,0,0,-968,-174,345
x,x,,0,0,-974,-160,355
x,x,,0,0,-981,-144,315
x,x,,0,0,-991,-130,225
x,x,,0,0,-978,-160,230
x,x,,0,0,-965,-186,274
x,x,,0,0,-955,-190,390
x,x,,0,0,-959,-196,372
x,x,,0,0,-970,-195,292
x,x,,0,0,-984,-145,178
x,x,,0,0,-982,-132,92
x,x,,0,0,-962,-158,38
x,x,,0,0,-938,-174,172
x,x,,0,0,-922,-181,260
x,x,,0,0,-926,-171,196
x,x,,0,0,-932,-172,116
x,x,,0,0,-934,-176,44
x,x,,0,0,-914,-176,84
x,x,,0,0,-902,-171,92
x,x,,0,0,-896,-161,66
x,x,,0,0,-892,-196,55
x,x,,0,0,-896,-224,58
x,x,,0,0,-920,-224,94
x,x,,0,0,-921,-200,86
x,x,,0,0,-912,-170,50
x,x,,0,0,-906,-196,-90
x,x,,0,0,-916,-208,-110
x,x,,0,0,-942,-208,-10
x,x,,0,0,-944,-226,4
x,x,,0,0,-947,-237,-2
x,x,,0,0,-957,-227,-38
x,x,,0,0,-942,-228,-83
x,x,,0,0,-920,-230,-124
x,x,,0,0,-926,-210,-78
x,x,,0,0,-916,-208,-51
x,x,,0,0,-890,-222,-41
x,x,,0,0,-892,-256,-76
x,x,,0,0,-898,-266,-107
x,x,,0,0,-902,-222,-117
x,x,,0,0,-900,-204,-124
x,x,,0,0,-897,-205,-131
x,x,,0,0,-907,-255,-161
x,x,,0,0,-904,-272,-174
x,x,,0,0,-890,-258,-168
x,x,,0,0,-892,-247,-177
x,x,,0,0,-896,-234,-186
x,x,,0,0,-896,-214,-190
x,x,,0,0,-896,-198,-164
x,x,,0,0,-896,-190,-135
x,x,,0,0,-890,-244,-205
x,x,,0,0,-893,-267,-235
x,x,,0,0,-903,-257,-225
x,x,,0,0,-922,-238,-192
x,x,,0,0,-938,-232,-210
x,x,,0,0,-942,-256,-350
x,x,,0,0,-944,-260,-315
x,x,,0,0,-944,-255,-214
x,x,,0,0,-944,-245,-200
x,x,,0,0,-939,-248,-220
x,x,,0,0,-929,-262,-274
x,x,,0,0,-937,-242,-240
x,x,,0,0,-942,-227,-232
x,x,,0,0,-938,-237,-312
x,x,,0,0,-946,-247,-301
x,x,,0,0,-959,-254,-253
x,x,,0,0,-949,-240,-223
x,x,,0,0,-942,-222,-223
x,x,,0,0,-936,-202,-253
x,x,,0,0,-945,-227,-278
x,x,,0,0,-952,-248,-296
x,x,,0,0,-832,216,672
x,x,,0,0,-839,223,700
x,x,,0,0,-847,230,738
x,x,,0,0,-837,204,758
x,x,,0,0,-842,207,730
x,x,,0,0,-862,237,656
x,x,,0,0,-846,204,549
x,x,,0,0,-836,173,480
x,x,,0,0,-852,163,504
x,x,,0,0,-852,150,596
x,x,,0,0,-848,139,704
x,x,,0,0,-854,169,704
x,x,,0,0,-848,162,682
x,x,,0,0,-834,116,636
x,x,,0,0,-841,144,551
x,x,,0,0,-848,166,509
x,x,,0,0,-848,162,579
x,x,,0,0,-855,136,526
x,x,,0,0,-864,103,432
x,x,,0,0,-870,93,438
x,x,,0,0,-862,90,498
x,x,,0,0,-842,96,612
x,x,,0,0,-849,105,561
x,x,,0,0,-858,104,494
x,x,,0,0,-862,80,434
x,x,,0,0,-871,72,402
x,x,,0,0,-878,74,392
x,x,,0,0,-858,94,478
x,x,,0,0,-868,82,500
x,x,,0,0,-908,36,460
x,x,,0,0,-916,23,420
x,x,,0,0,-920,20,404
x,x,,0,0,-920,36,444
x,x,,0,0,-916,36,421
x,x,,0,0,-914,31,380
x,x,,0,0,-940,21,426
x,x,,0,0,-944,14,433
x,x,,0,0,-930,8,403
x,x,,0,0,-928,12,409
x,x,,0,0,-932,13,394
x,x,,0,0,-948,3,318
x,x,,0,0,-945,10,356
x,x,,0,0,-936,23,428
x,x,,0,0,-942,13,394
x,x,,0,0,-942,6,334
x,x,,0,0,-936,0,248
x,x,,0,0,-954,14,280
x,x,,0,0,-970,18,320
x,x,,0,0,-974,-2,344
x,x,,0,0,-958,-12,338
x,x,,0,0,-938,-16,310
x,x,,0,0,-958,-16,216
x,x,,0,0,-970,-8,208
x,x,,0,0,-976,6,288
x,x,,0,0,-967,4,314
x,x,,0,0,-960,-9,336
x,x,,0,0,-960,-39,360
x,x,,0,0,-970,-55,256
x,x,,0,0,-984,-60,126
x,x,,0,0,-978,-14,272
x,x,,0,0,-974,-32,349
x,x,,0,0,-968,-112,359
x,x,,0,0,-964,-88,306
x,x,,0,0,-963,-60,244
x,x,,0,0,-973,-44,180
x,x,,0,0,-976,-33,234
x,x,,0,0,-977,-27,328
x,x,,0,0,-987,-57,334
x,x,,0,0,-987,-72,318
x,x,,0,0,-977,-72,284
x,x,,0,0,-962,-68,244
x,x,,0,0,-954,-64,234
x,x,,0,0,-958,-64,294
x,x,,0,0,-970,-74,263
x,x,,0,0,-984,-86,205
x,x,,0,0,-978,-72,255
x,x,,0,0,-978,-56,250
x,x,,0,0,-984,-42,190
x,x,,0,0,-993,-58,265
x,x,,0,0,-1002,-75,326
x,x,,0,0,-1006,-85,322
x,x,,0,0,-1018,-92,215
x,x,,0,0,-1033,-95,80
x,x,,0,0,-1043,-85,80
x,x,,0,0,-1046,-92,135
x,x,,0,0,-1040,-118,245
x,x,,0,0,-1036,-98,314
x,x,,0,0,-1030,-80,321
x,x,,0,0,-1026,-80,191
x,x,,0,0,-1014,-80,100
x,x,,0,0,-999,-82,40
x,x,,0,0,-989,-96,114
x,x,,0,0,-979,-102,160
x,x,,0,0,-969,-96,174
x,x,,0,0,-968,-64,118
x,x,,0,0,-962,-50,60
x,x,,0,0,-942,-86,20
x,x,,0,0,-943,-114,40
x,x,,0,0,-950,-134,96
x,x,,0,0,-936,-114,250
x,x,,0,0,-943,-106,223
x,x,,0,0,-973,-112,13
x,x,,0,0,-972,-148,-98
x,x,,0,0,-968,-164,-94
x,x,,0,0,-968,-124,150
x,x,,0,0,-958,-126,164
x,x,,0,0,-946,-140,78
x,x,,0,0,-966,-106,-28
x,x,,0,0,-968,-113,-72
x,x,,0,0,-954,-163,-58
x,x,,0,0,-952,-190,-2
x,x,,0,0,-952,-208,40
x,x,,0,0,-840,56,568
x,x,,0,0,-836,52,617
x,x,,0,0,-832,52,686
x,x,,0,0,-832,86,752
x,x,,0,0,-840,112,689
x,x,,0,0,-854,126,499
x,x,,0,0,-820,101,646
x,x,,0,0,-789,86,794
x,x,,0,0,-779,106,854
x,x,,0,0,-790,144,834
x,x,,0,0,-807,180,771
x,x,,0,0,-797,140,641
x,x,,0,0,-787,132,624
x,x,,0,0,-777,158,718
x,x,,0,0,-808,210,670
x,x,,0,0,-828,245,633
x,x,,0,0,-812,235,663
x,x,,0,0,-798,197,690
x,x,,0,0,-784,154,718
x,x,,0,0,-778,168,784
x,x,,0,0,-766,198,816
x,x,,0,0,-746,244,816
x,x,,0,0,-708,239,794
x,x,,0,0,-684,235,762
x,x,,0,0,-700,245,718
x,x,,0,0,-722,266,708
x,x,,0,0,-740,285,720
x,x,,0,0,-700,255,800
x,x,,0,0,-675,250,850
x,x,,0,0,-665,270,870
x,x,,0,0,-668,299,886
x,x,,0,0,-670,317,870
x,x,,0,0,-666,307,786
x,x,,0,0,-674,311,795
x,x,,0,0,-688,322,841
x,x,,0,0,-688,336,851
x,x,,0,0,-700,359,866
x,x,,0,0,-726,389,886
x,x,,0,0,-724,342,906
x,x,,0,0,-723,306,911
x,x,,0,0,-733,310,881
x,x,,0,0,-746,347,837
x,x,,0,0,-760,390,797
x,x,,0,0,-760,370,847
x,x,,0,0,-762,345,910
x,x,,0,0,-768,315,984
x,x,,0,0,-759,326,834
x,x,,0,0,-760,336,718
x,x,,0,0,-784,336,738
x,x,,0,0,-785,322,821
x,x,,0,0,-775,306,917
x,x,,0,0,-765,332,887
x,x,,0,0,-742,334,887
x,x,,0,0,-708,314,917
x,x,,0,0,-726,298,916
x,x,,0,0,-753,285,920
x,x,,0,0,-783,275,944
x,x,,0,0,-778,296,868
x,x,,0,0,-758,328,762
x,x,,0,0,-738,322,776
x,x,,0,0,-726,310,796
x,x,,0,0,-720,290,822
x,x,,0,0,-742,284,797
x,x,,0,0,-760,289,770
x,x,,0,0,-760,319,750
x,x,,0,0,-739,307,796
x,x,,0,0,-714,276,866
x,x,,0,0,-728,236,880
x,x,,0,0,-741,221,873
x,x,,0,0,-751,231,843
x,x,,0,0,-738,250,777
x,x,,0,0,-730,262,719
x,x,,0,0,-734,258,689
x,x,,0,0,-743,238,712
x,x,,0,0,-752,218,750
x,x,,0,0,-758,238,724
x,x,,0,0,-750,250,642
x,x,,0,0,-730,256,502
x,x,,0,0,-746,238,592
x,x,,0,0,-758,222,702
x,x,,0,0,-754,218,802
x,x,,0,0,-738,209,780
x,x,,0,0,-722,200,704
x,x,,0,0,-742,200,624
x,x,,0,0,-754,190,652
x,x,,0,0,-760,170,786
x,x,,0,0,-764,164,688
x,x,,0,0,-770,172,550
x,x,,0,0,-774,212,386
x,x,,0,0,-794,206,343
x,x,,0,0,-817,183,382
x,x,,0,0,-827,173,688
x,x,,0,0,-832,166,785
x,x,,0,0,-832,160,675
x,x,,0,0,-859,182,552
x,x,,0,0,-877,197,467
x,x,,0,0,-867,187,477
x,x,,0,0,-882,205,498
x,x,,0,0,-902,233,528
x,x,,0,0,-882,243,614
x,x,,0,0,-862,238,624
x,x,,0,0,-842,218,558
x,x,,0,0,-844,184,610
x,x,,0,0,-844,163,642
x,x,,0,0,-828,173,598
x,x,,0,0,-828,197,563
x,x,,0,0,-832,221,535
x,x,,0,0,-826,191,525
x,x,,0,0,-824,164,502
x,x,,0,0,-824,138,468
x,x,,0,0,-820,158,518
x,x,,0,0,-816,176,560
x,x,,0,0,-880,-280,208
x,x,,0,0,-873,-332,180
x,x,,0,0,-864,-397,142
x,x,,0,0,-864,-367,116
x,x,,0,0,-869,-342,166
x,x,,0,0,-879,-322,292
x,x,,0,0,-884,-338,241
x,x,,0,0,-897,-349,168
x,x,,0,0,-927,-339,88
x,x,,0,0,-936,-329,124
x,x,,0,0,-935,-316,204
x,x,,0,0,-925,-282,250
x,x,,0,0,-930,-276,292
x,x,,0,0,-950,-302,332
x,x,,0,0,-930,-290,278
x,x,,0,0,-922,-289,222
x,x,,0,0,-958,-319,186
x,x,,0,0,-954,-268,295
x,x,,0,0,-935,-196,450
x,x,,0,0,-925,-236,476
x,x,,0,0,-920,-238,398
x,x,,0,0,-920,-204,218
x,x,,0,0,-947,-214,214
x,x,,0,0,-968,-220,254
x,x,,0,0,-968,-204,354
x,x,,0,0,-958,-179,370
x,x,,0,0,-945,-152,345
x,x,,0,0,-955,-146,275
x,x,,0,0,-965,-144,268
x,x,,0,0,-975,-144,322
x,x,,0,0,-962,-130,324
x,x,,0,0,-955,-124,334
x,x,,0,0,-965,-140,378
x,x,,0,0,-975,-109,315
x,x,,0,0,-984,-62,220
x,x,,0,0,-978,-36,266
x,x,,0,0,-974,-26,296
x,x,,0,0,-968,-32,310
x,x,,0,0,-959,-23,267
x,x,,0,0,-956,-8,256
x,x,,0,0,-972,16,336
x,x,,0,0,-966,10,318
x,x,,0,0,-951,-6,265
x,x,,0,0,-941,14,275
x,x,,0,0,-936,36,265
x,x,,0,0,-936,62,235
x,x,,0,0,-940,82,277
x,x,,0,0,-941,92,322
x,x,,0,0,-931,76,358
x,x,,0,0,-935,54,368
x,x,,0,0,-942,35,366
x,x,,0,0,-928,65,352
x,x,,0,0,-940,100,302
x,x,,0,0,-980,140,216
x,x,,0,0,-970,117,253
x,x,,0,0,-966,84,310
x,x,,0,0,-986,44,386
x,x,,0,0,-985,67,408
x,x,,0,0,-976,110,399
x,x,,0,0,-976,96,309
x,x,,0,0,-974,83,296
x,x,,0,0,-968,73,362
x,x,,0,0,-950,76,454
x,x,,0,0,-933,88,493
x,x,,0,0,-923,112,403
x,x,,0,0,-916,127,352
x,x,,0,0,-910,134,327
x,x,,0,0,-890,108,397
x,x,,0,0,-870,101,460
x,x,,0,0,-850,111,514
x,x,,0,0,-880,126,480
x,x,,0,0,-894,133,460
x,x,,0,0,-858,123,500
x,x,,0,0,-869,106,536
x,x,,0,0,-897,92,559
x,x,,0,0,-907,132,469
x,x,,0,0,-904,144,442
x,x,,0,0,-890,130,476
x,x,,0,0,-884,132,561
x,x,,0,0,-883,139,638
x,x,,0,0,-893,149,682
x,x,,0,0,-878,145,630
x,x,,0,0,-858,137,542
x,x,,0,0,-872,147,522
x,x,,0,0,-880,162,592
x,x,,0,0,-880,182,752
x,x,,0,0,-871,175,692
x,x,,0,0,-860,164,629
x,x,,0,0,-844,148,619
x,x,,0,0,-826,154,672
x,x,,0,0,-808,170,748
x,x,,0,0,-802,196,782
x,x,,0,0,-795,208,785
x,x,,0,0,-785,208,755
x,x,,0,0,-770,217,712
x,x,,0,0,-762,227,682
x,x,,0,0,-766,237,686
x,x,,0,0,-761,222,762
x,x,,0,0,-751,198,851
x,x,,0,0,-741,184,801
x,x,,0,0,-738,204,751
x,x,,0,0,-744,258,701
x,x,,0,0,-766,250,732
x,x,,0,0,-784,232,766
x,x,,0,0,-784,208,786
x,x,,0,0,-777,207,799
x,x,,0,0,-769,218,807
x,x,,0,0,-779,232,797
x,x,,0,0,-792,230,807
x,x,,0,0,-806,210,837
x,x,,0,0,-790,204,826
x,x,,0,0,-776,200,816
x,x,,0,0,-544,776,-296
x,x,,0,0,-530,766,-264
x,x,,0,0,-510,755,-220
x,x,,0,0,-484,785,-174
x,x,,0,0,-460,828,-160
x,x,,0,0,-434,882,-174
x,x,,0,0,-428,861,-221
x,x,,0,0,-433,825,-256
x,x,,0,0,-463,775,-256
x,x,,0,0,-434,774,-232
x,x,,0,0,-383,794,-200
x,x,,0,0,-373,808,-206
x,x,,0,0,-348,828,-166
x,x,,0,0,-308,854,-80
x,x,,0,0,-304,847,-112
x,x,,0,0,-290,848,-142
x,x,,0,0,-246,872,-138
x,x,,0,0,-211,887,-171
x,x,,0,0,-182,900,-214
x,x,,0,0,-162,934,-200
x,x,,0,0,-160,947,-162
x,x,,0,0,-174,937,-102
x,x,,0,0,-149,976,-110
x,x,,0,0,-128,1008,-128
x,x,,0,0,-128,1008,-152
x,x,,0,0,-138,1004,-100
x,x,,0,0,-152,1001,-23
x,x,,0,0,-152,1011,-13
x,x,,0,0,-140,1021,-20
x,x,,0,0,-114,1031,-46
x,x,,0,0,-112,1010,-39
x,x,,0,0,-110,986,-10
x,x,,0,0,-106,966,66
x,x,,0,0,-90,960,84
x,x,,0,0,-71,960,78
x,x,,0,0,-61,960,58
x,x,,0,0,-48,952,70
x,x,,0,0,-34,938,116
x,x,,0,0,-28,909,206
x,x,,0,0,-16,902,228
x,x,,0,0,8,946,84
x,x,,0,0,51,956,86
x,x,,0,0,94,951,153
x,x,,0,0,74,941,243
x,x,,0,0,82,948,263
x,x,,0,0,116,974,213
x,x,,0,0,152,990,217
x,x,,0,0,182,997,266
x,x,,0,0,202,987,406
x,x,,0,0,236,1002,402
x,x,,0,0,276,1024,344
x,x,,0,0,310,1024,350
x,x,,0,0,348,1022,392
x,x,,0,0,388,1016,472
x,x,,0,0,414,998,448
x,x,,0,0,442,986,432
x,x,,0,0,478,990,456
x,x,,0,0,484,982,468
x,x,,0,0,482,963,470
x,x,,0,0,496,913,456
x,x,,0,0,514,873,450
x,x,,0,0,534,843,456
x,x,,0,0,536,800,550
x,x,,0,0,540,762,592
x,x,,0,0,556,742,488
x,x,,0,0,564,722,480
x,x,,0,0,568,704,516
x,x,,0,0,574,704,556
x,x,,0,0,576,689,528
x,x,,0,0,576,659,434
x,x,,0,0,603,642,446
x,x,,0,0,630,636,466
x,x,,0,0,650,652,470
x,x,,0,0,652,646,507
x,x,,0,0,648,629,551
x,x,,0,0,648,599,541
x,x,,0,0,660,599,494
x,x,,0,0,686,629,408
x,x,,0,0,702,618,342
x,x,,0,0,718,606,332
x,x,,0,0,738,602,452
x,x,,0,0,762,596,456
x,x,,0,0,785,588,418
x,x,,0,0,795,548,438
x,x,,0,0,812,538,440
x,x,,0,0,838,558,426
x,x,,0,0,854,524,428
x,x,,0,0,866,490,441
x,x,,0,0,870,470,471
x,x,,0,0,882,468,392
x,x,,0,0,896,469,296
x,x,,0,0,902,439,456
x,x,,0,0,909,412,521
x,x,,0,0,919,386,491
x,x,,0,0,924,384,416
x,x,,0,0,931,378,380
x,x,,0,0,941,358,444
x,x,,0,0,940,348,468
x,x,,0,0,939,346,466
x,x,,0,0,969,360,412
x,x,,0,0,982,363,424
x,x,,0,0,976,353,504
x,x,,0,0,976,330,462
x,x,,0,0,982,316,418
x,x,,0,0,1002,332,398
x,x,,0,0,990,315,402
x,x,,0,0,967,289,420
x,x,,0,0,957,299,454
x,x,,0,0,967,302,492
x,x,,0,0,997,296,532
x,x,,0,0,982,274,514
x,x,,0,0,968,256,496
