360,968,-440,biceps-curl,,,
484,820,-401,biceps-curl,,,
442,846,-408,biceps-curl,,,
462,1019,-572,biceps-curl,,,
435,988,-599,biceps-curl,,,
375,1020,-493,biceps-curl,,,
354,1010,-389,biceps-curl,,,
277,1035,-199,biceps-curl,,,
171,1020,-175,biceps-curl,,,
74,1075,-104,biceps-curl,,,
31,948,-50,biceps-curl,,,
5,813,-15,biceps-curl,,,
-54,760,83,biceps-curl,,,
-119,723,218,biceps-curl,,,
-165,701,273,biceps-curl,,,
-182,640,269,biceps-curl,,,
-173,708,394,biceps-curl,,,
-136,705,414,biceps-curl,,,
-79,655,428,biceps-curl,,,
-31,684,621,biceps-curl,,,
13,707,666,biceps-curl,,,
51,699,522,biceps-curl,,,
77,692,587,biceps-curl,,,
105,714,748,biceps-curl,,,
157,753,730,biceps-curl,,,
212,728,620,biceps-curl,,,
255,707,606,biceps-curl,,,
332,713,637,biceps-curl,,,
420,707,652,biceps-curl,,,
483,717,681,biceps-curl,,,
536,702,646,biceps-curl,,,
591,679,675,biceps-curl,,,
657,673,819,biceps-curl,,,
688,691,836,biceps-curl,,,
696,691,747,biceps-curl,,,
705,690,751,biceps-curl,,,
677,717,777,biceps-curl,,,
652,717,735,biceps-curl,,,
664,690,652,biceps-curl,,,
662,701,645,biceps-curl,,,
653,727,734,biceps-curl,,,
643,755,681,biceps-curl,,,
656,772,621,biceps-curl,,,
655,793,654,biceps-curl,,,
647,800,679,biceps-curl,,,
639,797,618,biceps-curl,,,
631,775,647,biceps-curl,,,
617,760,801,biceps-curl,,,
624,759,811,biceps-curl,,,
632,736,711,biceps-curl,,,
640,728,681,biceps-curl,,,
656,776,767,biceps-curl,,,
672,776,853,biceps-curl,,,
725,761,826,biceps-curl,,,
788,738,660,biceps-curl,,,
785,780,692,biceps-curl,,,
763,784,889,biceps-curl,,,
732,791,898,biceps-curl,,,
667,778,882,biceps-curl,,,
576,729,960,biceps-curl,,,
501,727,865,biceps-curl,,,
399,684,732,biceps-curl,,,
295,703,871,biceps-curl,,,
242,682,950,biceps-curl,,,
156,672,878,biceps-curl,,,
82,661,877,biceps-curl,,,
36,645,799,biceps-curl,,,
-8,651,755,biceps-curl,,,
-50,667,773,biceps-curl,,,
-95,647,779,biceps-curl,,,
-161,607,722,biceps-curl,,,
-225,587,669,biceps-curl,,,
-271,565,665,biceps-curl,,,
-315,525,645,biceps-curl,,,
-362,469,559,biceps-curl,,,
-396,440,674,biceps-curl,,,
-408,420,704,biceps-curl,,,
-443,377,480,biceps-curl,,,
-502,356,361,biceps-curl,,,
-546,364,397,biceps-curl,,,
-571,378,434,biceps-curl,,,
-576,405,479,biceps-curl,,,
-591,430,489,biceps-curl,,,
-642,434,299,biceps-curl,,,
-702,427,293,biceps-curl,,,
-746,424,249,biceps-curl,,,
-786,396,207,biceps-curl,,,
-783,350,172,biceps-curl,,,
-760,291,44,biceps-curl,,,
-766,256,109,biceps-curl,,,
-789,245,234,biceps-curl,,,
-808,208,94,biceps-curl,,,
-802,207,65,biceps-curl,,,
-777,201,104,biceps-curl,,,
-789,213,129,biceps-curl,,,
-816,244,256,biceps-curl,,,
-816,272,135,biceps-curl,,,
-812,271,54,biceps-curl,,,
-769,266,58,biceps-curl,,,
-781,292,403,biceps-curl,,,
-719,360,307,biceps-curl,,,
-680,376,128,biceps-curl,,,
-592,432,296,biceps-curl,,,
-592,432,296,biceps-curl,,,
-646,409,746,biceps-curl,,,
-587,461,532,biceps-curl,,,
-591,412,222,biceps-curl,,,
-585,372,266,biceps-curl,,,
-563,461,743,biceps-curl,,,
-511,542,723,biceps-curl,,,
-504,491,507,biceps-curl,,,
-471,460,332,biceps-curl,,,
-471,515,799,biceps-curl,,,
-377,617,893,biceps-curl,,,
-352,590,516,biceps-curl,,,
-322,540,426,biceps-curl,,,
-324,563,756,biceps-curl,,,
-231,639,780,biceps-curl,,,
-192,614,610,biceps-curl,,,
-165,565,731,biceps-curl,,,
-99,573,895,biceps-curl,,,
-26,584,763,biceps-curl,,,
30,559,773,biceps-curl,,,
115,606,897,biceps-curl,,,
202,685,825,biceps-curl,,,
272,708,717,biceps-curl,,,
330,730,795,biceps-curl,,,
360,769,872,biceps-curl,,,
376,788,900,biceps-curl,,,
403,750,836,biceps-curl,,,
420,704,776,biceps-curl,,,
434,725,797,biceps-curl,,,
449,745,752,biceps-curl,,,
437,717,713,biceps-curl,,,
423,679,616,biceps-curl,,,
402,644,677,biceps-curl,,,
403,622,844,biceps-curl,,,
421,645,700,biceps-curl,,,
423,638,652,biceps-curl,,,
449,632,741,biceps-curl,,,
470,628,704,biceps-curl,,,
472,608,676,biceps-curl,,,
501,586,691,biceps-curl,,,
527,597,782,biceps-curl,,,
556,613,763,biceps-curl,,,
579,603,693,biceps-curl,,,
597,615,649,biceps-curl,,,
630,605,704,biceps-curl,,,
677,581,687,biceps-curl,,,
723,548,557,biceps-curl,,,
756,512,692,biceps-curl,,,
810,514,752,biceps-curl,,,
850,561,757,biceps-curl,,,
904,592,665,biceps-curl,,,
944,624,743,biceps-curl,,,
975,686,853,biceps-curl,,,
984,665,886,biceps-curl,,,
962,642,806,biceps-curl,,,
945,618,800,biceps-curl,,,
908,602,829,biceps-curl,,,
869,607,909,biceps-curl,,,
878,622,756,biceps-curl,,,
873,657,808,biceps-curl,,,
839,690,922,biceps-curl,,,
775,696,868,biceps-curl,,,
735,677,798,biceps-curl,,,
734,678,796,biceps-curl,,,
742,698,841,biceps-curl,,,
738,721,850,biceps-curl,,,
736,722,865,biceps-curl,,,
731,731,894,biceps-curl,,,
733,747,878,biceps-curl,,,
716,742,895,biceps-curl,,,
669,746,882,biceps-curl,,,
595,776,888,biceps-curl,,,
528,764,858,biceps-curl,,,
441,731,815,biceps-curl,,,
345,716,799,biceps-curl,,,
262,712,775,biceps-curl,,,
208,688,744,biceps-curl,,,
157,660,701,biceps-curl,,,
94,641,679,biceps-curl,,,
50,610,709,biceps-curl,,,
8,585,729,biceps-curl,,,
-37,579,630,biceps-curl,,,
-84,584,527,biceps-curl,,,
-137,593,640,biceps-curl,,,
-160,586,689,biceps-curl,,,
-199,552,581,biceps-curl,,,
-255,549,615,biceps-curl,,,
-281,493,584,biceps-curl,,,
-325,460,462,biceps-curl,,,
-400,438,460,biceps-curl,,,
-453,410,479,biceps-curl,,,
-474,409,461,biceps-curl,,,
-486,383,289,biceps-curl,,,
-519,385,288,biceps-curl,,,
-554,438,441,biceps-curl,,,
-574,473,386,biceps-curl,,,
-617,484,266,biceps-curl,,,
-632,522,92,biceps-curl,,,
-715,543,142,biceps-curl,,,
-760,526,212,biceps-curl,,,
-769,496,-16,biceps-curl,,,
-792,496,0,biceps-curl,,,
-816,448,80,biceps-curl,,,
-816,394,-36,biceps-curl,,,
-831,339,-32,biceps-curl,,,
-802,284,-174,biceps-curl,,,
-807,251,-31,biceps-curl,,,
-794,219,91,biceps-curl,,,
-771,209,-22,biceps-curl,,,
-768,201,-136,biceps-curl,,,
-775,193,-19,biceps-curl,,,
-776,218,138,biceps-curl,,,
-763,230,47,biceps-curl,,,
-766,238,-102,biceps-curl,,,
-768,264,75,biceps-curl,,,
-733,325,203,biceps-curl,,,
-709,344,161,biceps-curl,,,
-671,333,19,biceps-curl,,,
-672,339,401,biceps-curl,,,
-638,418,655,biceps-curl,,,
-585,461,542,biceps-curl,,,
-543,454,415,biceps-curl,,,
-504,510,260,biceps-curl,,,
-474,561,273,biceps-curl,,,
-442,581,500,biceps-curl,,,
-377,601,667,biceps-curl,,,
-324,612,700,biceps-curl,,,
-292,644,664,biceps-curl,,,
-249,684,720,biceps-curl,,,
-213,681,787,biceps-curl,,,
-186,657,685,biceps-curl,,,
-131,675,769,biceps-curl,,,
-51,715,974,biceps-curl,,,
23,720,814,biceps-curl,,,
75,732,645,biceps-curl,,,
99,766,765,biceps-curl,,,
146,789,891,biceps-curl,,,
173,772,812,biceps-curl,,,
193,758,717,biceps-curl,,,
231,805,866,biceps-curl,,,
282,840,805,biceps-curl,,,
317,831,683,biceps-curl,,,
343,800,771,biceps-curl,,,
375,797,934,biceps-curl,,,
416,777,756,biceps-curl,,,
467,738,598,biceps-curl,,,
536,706,508,biceps-curl,,,
598,721,603,biceps-curl,,,
653,726,685,biceps-curl,,,
705,702,564,biceps-curl,,,
712,673,504,biceps-curl,,,
712,696,513,biceps-curl,,,
720,704,561,biceps-curl,,,
696,688,671,biceps-curl,,,
680,665,556,biceps-curl,,,
695,634,400,biceps-curl,,,
718,654,437,biceps-curl,,,
713,729,542,biceps-curl,,,
676,765,531,biceps-curl,,,
686,775,528,biceps-curl,,,
681,769,542,biceps-curl,,,
673,768,584,biceps-curl,,,
646,794,644,biceps-curl,,,
646,806,612,biceps-curl,,,
667,808,619,biceps-curl,,,
672,820,654,biceps-curl,,,
672,842,717,biceps-curl,,,
683,842,702,biceps-curl,,,
688,846,716,biceps-curl,,,
699,853,652,biceps-curl,,,
704,830,674,biceps-curl,,,
709,796,704,biceps-curl,,,
697,784,739,biceps-curl,,,
659,779,827,biceps-curl,,,
617,757,872,biceps-curl,,,
564,740,832,biceps-curl,,,
489,736,796,biceps-curl,,,
411,736,804,biceps-curl,,,
336,740,852,biceps-curl,,,
273,725,884,biceps-curl,,,
222,708,847,biceps-curl,,,
160,716,804,biceps-curl,,,
96,707,824,biceps-curl,,,
48,682,846,biceps-curl,,,
6,663,820,biceps-curl,,,
-41,633,756,biceps-curl,,,
-91,611,702,biceps-curl,,,
-138,616,734,biceps-curl,,,
-179,616,751,biceps-curl,,,
-231,602,765,biceps-curl,,,
-263,555,540,biceps-curl,,,
-320,520,493,biceps-curl,,,
-368,522,638,biceps-curl,,,
-380,521,550,biceps-curl,,,
-428,492,444,biceps-curl,,,
-452,468,443,biceps-curl,,,
-477,454,538,biceps-curl,,,
-509,488,539,biceps-curl,,,
-548,488,452,biceps-curl,,,
-585,486,475,biceps-curl,,,
-594,461,323,biceps-curl,,,
-626,417,157,biceps-curl,,,
-673,433,267,biceps-curl,,,
-720,472,368,biceps-curl,,,
-736,440,168,biceps-curl,,,
-736,440,168,biceps-curl,,,
-775,401,13,biceps-curl,,,
-776,392,-45,biceps-curl,,,
-798,399,27,biceps-curl,,,
-815,407,120,biceps-curl,,,
-780,394,-43,biceps-curl,,,
-762,364,-71,biceps-curl,,,
-767,353,99,biceps-curl,,,
-755,359,88,biceps-curl,,,
-739,347,41,biceps-curl,,,
-723,325,19,biceps-curl,,,
-720,339,140,biceps-curl,,,
-720,338,248,biceps-curl,,,
-714,342,225,biceps-curl,,,
-683,355,42,biceps-curl,,,
-639,427,48,biceps-curl,,,
-635,467,486,biceps-curl,,,
-624,477,533,biceps-curl,,,
-585,485,181,biceps-curl,,,
-543,488,-65,biceps-curl,,,
-499,498,368,biceps-curl,,,
-494,504,960,biceps-curl,,,
-392,580,870,biceps-curl,,,
-269,580,562,biceps-curl,,,
-240,503,642,biceps-curl,,,
-268,544,812,biceps-curl,,,
-273,650,882,biceps-curl,,,
-222,689,854,biceps-curl,,,
-181,662,697,biceps-curl,,,
-188,650,793,biceps-curl,,,
-171,709,1058,biceps-curl,,,
-86,758,968,biceps-curl,,,
-41,722,658,biceps-curl,,,
-32,717,636,biceps-curl,,,
-23,756,1082,biceps-curl,,,
86,816,961,biceps-curl,,,
138,823,639,biceps-curl,,,
165,829,792,biceps-curl,,,
253,792,1092,biceps-curl,,,
357,761,824,biceps-curl,,,
398,749,677,biceps-curl,,,
380,785,608,biceps-curl,,,
337,728,851,biceps-curl,,,
390,760,645,biceps-curl,,,
428,706,565,biceps-curl,,,
459,664,778,biceps-curl,,,
492,660,905,biceps-curl,,,
533,622,654,biceps-curl,,,
602,602,412,biceps-curl,,,
633,642,503,biceps-curl,,,
664,712,719,biceps-curl,,,
672,752,609,biceps-curl,,,
680,791,546,biceps-curl,,,
695,838,407,biceps-curl,,,
718,773,378,biceps-curl,,,
742,717,471,biceps-curl,,,
773,691,466,biceps-curl,,,
741,674,408,biceps-curl,,,
716,631,441,biceps-curl,,,
699,624,521,biceps-curl,,,
689,624,536,biceps-curl,,,
669,643,523,biceps-curl,,,
645,679,501,biceps-curl,,,
640,712,484,biceps-curl,,,
640,749,574,biceps-curl,,,
651,754,597,biceps-curl,,,
656,746,575,biceps-curl,,,
651,749,600,biceps-curl,,,
648,773,658,biceps-curl,,,
653,789,690,biceps-curl,,,
656,782,587,biceps-curl,,,
632,786,577,biceps-curl,,,
597,834,759,biceps-curl,,,
588,873,770,biceps-curl,,,
562,863,735,biceps-curl,,,
519,844,743,biceps-curl,,,
484,804,752,biceps-curl,,,
449,768,784,biceps-curl,,,
417,768,806,biceps-curl,,,
393,754,797,biceps-curl,,,
364,736,769,biceps-curl,,,
310,742,792,biceps-curl,,,
257,746,771,biceps-curl,,,
206,742,762,biceps-curl,,,
141,752,811,biceps-curl,,,
99,736,793,biceps-curl,,,
69,697,742,biceps-curl,,,
4,673,750,biceps-curl,,,
-54,645,780,biceps-curl,,,
-82,610,778,biceps-curl,,,
-116,587,772,biceps-curl,,,
-140,568,646,biceps-curl,,,
-199,574,682,biceps-curl,,,
-267,609,829,biceps-curl,,,
-287,651,632,biceps-curl,,,
-335,623,483,biceps-curl,,,
-387,613,395,biceps-curl,,,
-418,590,446,biceps-curl,,,
-439,566,667,biceps-curl,,,
-434,542,591,biceps-curl,,,
-465,513,423,biceps-curl,,,
-504,536,376,biceps-curl,,,
-568,536,592,biceps-curl,,,
-615,598,608,biceps-curl,,,
-624,592,380,biceps-curl,,,
-654,659,264,biceps-curl,,,
-714,671,511,biceps-curl,,,
-706,715,486,biceps-curl,,,
-718,629,354,biceps-curl,,,
-727,582,234,biceps-curl,,,
-748,549,296,biceps-curl,,,
-752,505,319,biceps-curl,,,
-752,477,263,biceps-curl,,,
-752,441,118,biceps-curl,,,
-770,438,225,biceps-curl,,,
-764,481,196,biceps-curl,,,
-794,496,162,biceps-curl,,,
-808,507,138,biceps-curl,,,
-813,507,112,biceps-curl,,,
-827,478,125,biceps-curl,,,
-847,454,136,biceps-curl,,,
-866,423,37,biceps-curl,,,
-858,403,-81,biceps-curl,,,
-853,372,-64,biceps-curl,,,
-834,343,-33,biceps-curl,,,
-803,310,-79,biceps-curl,,,
-784,284,-133,biceps-curl,,,
-788,276,-100,biceps-curl,,,
-792,284,-10,biceps-curl,,,
-780,292,-20,biceps-curl,,,
-787,288,-48,biceps-curl,,,
-810,305,36,biceps-curl,,,
-821,334,115,biceps-curl,,,
-810,344,74,biceps-curl,,,
-806,356,4,biceps-curl,,,
-811,406,121,biceps-curl,,,
-790,459,179,biceps-curl,,,
-758,433,107,biceps-curl,,,
-736,395,106,biceps-curl,,,
-728,407,323,biceps-curl,,,
-690,454,440,biceps-curl,,,
-641,387,278,biceps-curl,,,
-621,351,73,biceps-curl,,,
-630,403,523,biceps-curl,,,
-575,520,701,biceps-curl,,,
-524,521,597,biceps-curl,,,
-509,536,334,biceps-curl,,,
-533,605,545,biceps-curl,,,
-432,708,616,biceps-curl,,,
-349,668,523,biceps-curl,,,
-316,619,390,biceps-curl,,,
-396,674,1124,biceps-curl,,,
-263,728,1004,biceps-curl,,,
-209,680,596,biceps-curl,,,
-216,664,483,biceps-curl,,,
-239,732,1020,biceps-curl,,,
-84,766,959,biceps-curl,,,
-14,739,740,biceps-curl,,,
-15,800,720,biceps-curl,,,
-23,836,1104,biceps-curl,,,
78,806,928,biceps-curl,,,
116,767,748,biceps-curl,,,
100,753,694,biceps-curl,,,
115,765,942,biceps-curl,,,
201,731,853,biceps-curl,,,
248,714,621,biceps-curl,,,
262,712,660,biceps-curl,,,
293,729,851,biceps-curl,,,
354,725,767,biceps-curl,,,
408,693,585,biceps-curl,,,
450,706,654,biceps-curl,,,
495,740,781,biceps-curl,,,
532,727,732,biceps-curl,,,
544,702,603,biceps-curl,,,
549,687,552,biceps-curl,,,
574,689,583,biceps-curl,,,
627,687,586,biceps-curl,,,
668,676,589,biceps-curl,,,
692,672,564,biceps-curl,,,
712,645,466,biceps-curl,,,
720,620,437,biceps-curl,,,
713,631,507,biceps-curl,,,
697,640,505,biceps-curl,,,
694,637,421,biceps-curl,,,
713,632,401,biceps-curl,,,
734,635,416,biceps-curl,,,
741,656,430,biceps-curl,,,
731,701,451,biceps-curl,,,
715,730,438,biceps-curl,,,
706,743,439,biceps-curl,,,
710,760,458,biceps-curl,,,
702,758,468,biceps-curl,,,
691,743,500,biceps-curl,,,
677,704,560,biceps-curl,,,
697,668,525,biceps-curl,,,
703,645,501,biceps-curl,,,
695,633,464,biceps-curl,,,
690,644,571,biceps-curl,,,
705,670,634,biceps-curl,,,
711,657,524,biceps-curl,,,
703,667,573,biceps-curl,,,
695,704,644,biceps-curl,,,
672,696,711,biceps-curl,,,
688,704,664,biceps-curl,,,
672,720,696,biceps-curl,,,
672,728,758,biceps-curl,,,
657,720,760,biceps-curl,,,
596,735,753,biceps-curl,,,
563,751,767,biceps-curl,,,
524,759,789,biceps-curl,,,
471,760,799,biceps-curl,,,
437,760,855,biceps-curl,,,
385,733,817,biceps-curl,,,
350,721,834,biceps-curl,,,
319,701,891,biceps-curl,,,
269,690,960,biceps-curl,,,
208,664,891,biceps-curl,,,
151,668,840,biceps-curl,,,
96,666,861,biceps-curl,,,
41,647,855,biceps-curl,,,
-19,624,832,biceps-curl,,,
-72,632,913,biceps-curl,,,
-73,625,812,biceps-curl,,,
-113,596,629,biceps-curl,,,
-182,570,544,biceps-curl,,,
-227,565,644,biceps-curl,,,
-253,532,643,biceps-curl,,,
-290,504,520,biceps-curl,,,
-362,516,584,biceps-curl,,,
-408,532,692,biceps-curl,,,
-431,524,608,biceps-curl,,,
-482,523,523,biceps-curl,,,
-533,529,589,biceps-curl,,,
-570,517,643,biceps-curl,,,
-597,506,560,biceps-curl,,,
-631,490,403,biceps-curl,,,
-671,486,371,biceps-curl,,,
-691,504,510,biceps-curl,,,
-680,507,508,biceps-curl,,,
-687,475,358,biceps-curl,,,
-711,464,240,biceps-curl,,,
-728,464,329,biceps-curl,,,
-728,468,444,biceps-curl,,,
-732,478,323,biceps-curl,,,
-747,470,105,biceps-curl,,,
-766,460,147,biceps-curl,,,
-791,443,415,biceps-curl,,,
-789,451,277,biceps-curl,,,
-814,422,207,biceps-curl,,,
-805,405,169,biceps-curl,,,
-848,388,372,biceps-curl,,,
-849,433,318,biceps-curl,,,
-866,449,73,biceps-curl,,,
-904,464,86,biceps-curl,,,
-912,479,32,biceps-curl,,,
-904,409,8,biceps-curl,,,
-873,361,-93,biceps-curl,,,
-864,307,-35,biceps-curl,,,
-842,244,28,biceps-curl,,,
-811,225,-4,biceps-curl,,,
-801,217,-37,biceps-curl,,,
-793,202,44,biceps-curl,,,
-785,220,70,biceps-curl,,,
-777,237,-21,biceps-curl,,,
-815,286,71,biceps-curl,,,
-824,321,83,biceps-curl,,,
-830,359,61,biceps-curl,,,
-832,386,2,biceps-curl,,,
-856,410,137,biceps-curl,,,
-864,450,244,biceps-curl,,,
-842,442,158,biceps-curl,,,
-832,421,74,biceps-curl,,,
-832,405,172,biceps-curl,,,
-817,425,334,biceps-curl,,,
-788,440,338,biceps-curl,,,
-757,430,141,biceps-curl,,,
-763,405,370,biceps-curl,,,
-749,414,616,biceps-curl,,,
-706,402,564,biceps-curl,,,
-676,393,437,biceps-curl,,,
-676,428,380,biceps-curl,,,
-684,475,473,biceps-curl,,,
-651,508,552,biceps-curl,,,
-605,526,506,biceps-curl,,,
-589,547,509,biceps-curl,,,
-568,568,660,biceps-curl,,,
-516,586,702,biceps-curl,,,
-463,585,544,biceps-curl,,,
-462,595,663,biceps-curl,,,
-434,607,1091,biceps-curl,,,
-310,639,952,biceps-curl,,,
-304,607,662,biceps-curl,,,
-355,630,644,biceps-curl,,,
-368,648,834,biceps-curl,,,
-307,650,815,biceps-curl,,,
-266,661,728,biceps-curl,,,
-266,674,755,biceps-curl,,,
-229,647,857,biceps-curl,,,
-172,641,771,biceps-curl,,,
-148,650,709,biceps-curl,,,
-113,663,800,biceps-curl,,,
-52,659,787,biceps-curl,,,
-9,686,657,biceps-curl,,,
-13,664,791,biceps-curl,,,
50,656,914,biceps-curl,,,
120,664,712,biceps-curl,,,
152,664,704,biceps-curl,,,
152,664,704,biceps-curl,,,
152,672,976,biceps-curl,,,
220,680,885,biceps-curl,,,
254,695,724,biceps-curl,,,
241,681,975,biceps-curl,,,
311,680,893,biceps-curl,,,
334,673,712,biceps-curl,,,
336,692,702,biceps-curl,,,
343,683,811,biceps-curl,,,
357,680,682,biceps-curl,,,
411,712,438,biceps-curl,,,
455,732,527,biceps-curl,,,
524,742,640,biceps-curl,,,
585,709,599,biceps-curl,,,
663,673,507,biceps-curl,,,
699,653,603,biceps-curl,,,
720,653,661,biceps-curl,,,
712,630,585,biceps-curl,,,
689,601,569,biceps-curl,,,
680,607,579,biceps-curl,,,
675,616,528,biceps-curl,,,
677,635,491,biceps-curl,,,
671,661,524,biceps-curl,,,
668,681,543,biceps-curl,,,
676,700,519,biceps-curl,,,
684,724,452,biceps-curl,,,
692,728,438,biceps-curl,,,
703,709,484,biceps-curl,,,
716,678,481,biceps-curl,,,
717,639,445,biceps-curl,,,
712,600,427,biceps-curl,,,
712,579,474,biceps-curl,,,
718,584,492,biceps-curl,,,
723,587,486,biceps-curl,,,
709,600,512,biceps-curl,,,
706,616,517,biceps-curl,,,
712,611,530,biceps-curl,,,
710,600,523,biceps-curl,,,
702,610,506,biceps-curl,,,
692,644,576,biceps-curl,,,
680,656,630,biceps-curl,,,
680,653,615,biceps-curl,,,
676,644,585,biceps-curl,,,
654,670,643,biceps-curl,,,
641,706,708,biceps-curl,,,
646,723,727,biceps-curl,,,
631,756,655,biceps-curl,,,
622,791,652,biceps-curl,,,
598,776,709,biceps-curl,,,
551,783,817,biceps-curl,,,
528,752,856,biceps-curl,,,
496,704,808,biceps-curl,,,
473,657,808,biceps-curl,,,
442,664,876,biceps-curl,,,
433,686,902,biceps-curl,,,
403,703,889,biceps-curl,,,
314,718,917,biceps-curl,,,
262,734,927,biceps-curl,,,
222,736,908,biceps-curl,,,
156,723,824,biceps-curl,,,
85,720,873,biceps-curl,,,
34,695,831,biceps-curl,,,
-7,676,785,biceps-curl,,,
-52,642,764,biceps-curl,,,
-105,597,742,biceps-curl,,,
-154,584,799,biceps-curl,,,
-190,567,863,biceps-curl,,,
-238,522,799,biceps-curl,,,
-293,499,734,biceps-curl,,,
-337,501,638,biceps-curl,,,
-382,514,622,biceps-curl,,,
-405,525,597,biceps-curl,,,
-422,509,536,biceps-curl,,,
-450,496,494,biceps-curl,,,
-486,492,484,biceps-curl,,,
-521,480,513,biceps-curl,,,
-552,460,512,biceps-curl,,,
-580,440,473,biceps-curl,,,
-607,428,460,biceps-curl,,,
-642,420,429,biceps-curl,,,
-688,413,394,biceps-curl,,,
-730,414,385,biceps-curl,,,
-753,427,340,biceps-curl,,,
-780,438,326,biceps-curl,,,
-803,451,333,biceps-curl,,,
-808,456,307,biceps-curl,,,
-808,449,264,biceps-curl,,,
-808,432,269,biceps-curl,,,
-804,426,274,biceps-curl,,,
-794,404,244,biceps-curl,,,
-802,394,219,biceps-curl,,,
-806,398,246,biceps-curl,,,
-803,391,209,biceps-curl,,,
-821,383,215,biceps-curl,,,
-853,376,229,biceps-curl,,,
-882,379,331,biceps-curl,,,
-892,393,162,biceps-curl,,,
-860,338,-8,biceps-curl,,,
-897,363,76,biceps-curl,,,
-911,399,129,biceps-curl,,,
-896,383,-1,biceps-curl,,,
-880,344,-24,biceps-curl,,,
-888,312,120,biceps-curl,,,
-865,281,112,biceps-curl,,,
-834,250,28,biceps-curl,,,
-847,255,31,biceps-curl,,,
-848,249,185,biceps-curl,,,
-827,291,93,biceps-curl,,,
-831,310,59,biceps-curl,,,
-846,312,76,biceps-curl,,,
-868,312,213,biceps-curl,,,
-872,364,188,biceps-curl,,,
-872,344,100,biceps-curl,,,
-860,317,24,biceps-curl,,,
-856,348,153,biceps-curl,,,
-844,384,306,biceps-curl,,,
-817,369,333,biceps-curl,,,
-791,360,256,biceps-curl,,,
-773,376,246,biceps-curl,,,
-752,395,303,biceps-curl,,,
-713,395,267,biceps-curl,,,
-681,402,346,biceps-curl,,,
-653,470,641,biceps-curl,,,
-598,531,736,biceps-curl,,,
-568,513,499,biceps-curl,,,
-568,523,189,biceps-curl,,,
-597,527,397,biceps-curl,,,
-592,544,916,biceps-curl,,,
-506,526,878,biceps-curl,,,
-448,468,432,biceps-curl,,,
-473,486,445,biceps-curl,,,
-453,538,834,biceps-curl,,,
-333,558,827,biceps-curl,,,
-241,548,491,biceps-curl,,,
-242,589,578,biceps-curl,,,
-239,595,1137,biceps-curl,,,
-105,580,1072,biceps-curl,,,
-26,543,648,biceps-curl,,,
-52,655,616,biceps-curl,,,
-72,704,1023,biceps-curl,,,
38,662,915,biceps-curl,,,
109,624,719,biceps-curl,,,
135,675,784,biceps-curl,,,
184,646,1112,biceps-curl,,,
300,601,899,biceps-curl,,,
364,624,732,biceps-curl,,,
387,727,877,biceps-curl,,,
412,776,1051,biceps-curl,,,
449,775,864,biceps-curl,,,
457,763,699,biceps-curl,,,
472,801,637,biceps-curl,,,
480,822,736,biceps-curl,,,
496,743,735,biceps-curl,,,
536,673,673,biceps-curl,,,
552,664,618,biceps-curl,,,
598,618,471,biceps-curl,,,
637,609,524,biceps-curl,,,
691,623,594,biceps-curl,,,
710,638,607,biceps-curl,,,
740,654,545,biceps-curl,,,
751,663,481,biceps-curl,,,
745,677,485,biceps-curl,,,
757,667,514,biceps-curl,,,
766,639,539,biceps-curl,,,
768,601,550,biceps-curl,,,
756,598,558,biceps-curl,,,
746,618,536,biceps-curl,,,
738,613,517,biceps-curl,,,
719,608,557,biceps-curl,,,
701,603,608,biceps-curl,,,
691,605,577,biceps-curl,,,
678,603,567,biceps-curl,,,
672,605,591,biceps-curl,,,
672,613,586,biceps-curl,,,
677,611,581,biceps-curl,,,
676,612,597,biceps-curl,,,
672,616,586,biceps-curl,,,
680,612,564,biceps-curl,,,
688,612,604,biceps-curl,,,
696,620,656,biceps-curl,,,
711,631,653,biceps-curl,,,
724,654,651,biceps-curl,,,
725,682,681,biceps-curl,,,
714,696,720,biceps-curl,,,
704,696,753,biceps-curl,,,
698,696,756,biceps-curl,,,
674,699,755,biceps-curl,,,
632,709,800,biceps-curl,,,
588,727,838,biceps-curl,,,
553,742,874,biceps-curl,,,
525,728,857,biceps-curl,,,
492,706,902,biceps-curl,,,
476,714,907,biceps-curl,,,
451,720,946,biceps-curl,,,
391,721,943,biceps-curl,,,
341,721,896,biceps-curl,,,
279,688,860,biceps-curl,,,
216,683,877,biceps-curl,,,
153,646,850,biceps-curl,,,
91,632,797,biceps-curl,,,
36,628,770,biceps-curl,,,
-19,566,789,biceps-curl,,,
-73,535,736,biceps-curl,,,
-120,512,744,biceps-curl,,,
-168,504,832,biceps-curl,,,
-168,504,832,biceps-curl,,,
-184,457,793,biceps-curl,,,
-237,456,685,biceps-curl,,,
-307,486,680,biceps-curl,,,
-363,517,629,biceps-curl,,,
-411,534,595,biceps-curl,,,
-479,522,571,biceps-curl,,,
-495,493,548,biceps-curl,,,
-536,461,504,biceps-curl,,,
-577,430,516,biceps-curl,,,
-609,418,545,biceps-curl,,,
-628,410,546,biceps-curl,,,
-644,390,411,biceps-curl,,,
-666,384,362,biceps-curl,,,
-706,378,371,biceps-curl,,,
-731,398,387,biceps-curl,,,
-747,408,322,biceps-curl,,,
-763,413,256,biceps-curl,,,
-783,406,281,biceps-curl,,,
-802,410,304,biceps-curl,,,
-808,406,275,biceps-curl,,,
-817,377,228,biceps-curl,,,
-828,356,154,biceps-curl,,,
-832,361,125,biceps-curl,,,
-832,364,140,biceps-curl,,,
-828,344,152,biceps-curl,,,
-832,324,129,biceps-curl,,,
-836,324,92,biceps-curl,,,
-832,303,88,biceps-curl,,,
-829,269,54,biceps-curl,,,
-827,267,27,biceps-curl,,,
-835,272,62,biceps-curl,,,
-843,266,66,biceps-curl,,,
-845,251,40,biceps-curl,,,
-845,245,31,biceps-curl,,,
-849,263,99,biceps-curl,,,
-825,280,133,biceps-curl,,,
-802,278,102,biceps-curl,,,
-774,272,108,biceps-curl,,,
-737,285,196,biceps-curl,,,
-702,335,356,biceps-curl,,,
-655,361,276,biceps-curl,,,
-609,364,253,biceps-curl,,,
-574,348,268,biceps-curl,,,
-559,381,431,biceps-curl,,,
-550,476,432,biceps-curl,,,
-536,511,521,biceps-curl,,,
-531,506,781,biceps-curl,,,
-462,537,739,biceps-curl,,,
-432,560,644,biceps-curl,,,
-416,560,778,biceps-curl,,,
-384,560,990,biceps-curl,,,
-291,591,844,biceps-curl,,,
-258,577,612,biceps-curl,,,
-256,583,898,biceps-curl,,,
-161,620,978,biceps-curl,,,
-66,638,863,biceps-curl,,,
-28,633,764,biceps-curl,,,
-17,598,895,biceps-curl,,,
31,639,1000,biceps-curl,,,
92,661,866,biceps-curl,,,
129,651,749,biceps-curl,,,
167,667,852,biceps-curl,,,
230,708,888,biceps-curl,,,
283,732,800,biceps-curl,,,
285,690,883,biceps-curl,,,
319,700,917,biceps-curl,,,
352,707,885,biceps-curl,,,
392,688,730,biceps-curl,,,
418,655,717,biceps-curl,,,
459,660,742,biceps-curl,,,
504,682,712,biceps-curl,,,
539,688,659,biceps-curl,,,
574,701,601,biceps-curl,,,
609,725,598,biceps-curl,,,
661,703,574,biceps-curl,,,
720,656,544,biceps-curl,,,
748,663,564,biceps-curl,,,
759,688,532,biceps-curl,,,
779,653,462,biceps-curl,,,
792,611,440,biceps-curl,,,
798,616,437,biceps-curl,,,
808,604,417,biceps-curl,,,
805,596,398,biceps-curl,,,
795,621,419,biceps-curl,,,
784,650,443,biceps-curl,,,
779,686,453,biceps-curl,,,
766,675,462,biceps-curl,,,
758,660,454,biceps-curl,,,
750,646,456,biceps-curl,,,
739,638,482,biceps-curl,,,
720,625,490,biceps-curl,,,
724,596,509,biceps-curl,,,
747,573,563,biceps-curl,,,
760,560,536,biceps-curl,,,
757,563,537,biceps-curl,,,
733,587,547,biceps-curl,,,
702,612,580,biceps-curl,,,
679,658,627,biceps-curl,,,
672,681,663,biceps-curl,,,
681,696,648,biceps-curl,,,
704,712,664,biceps-curl,,,
728,744,736,biceps-curl,,,
744,736,837,biceps-curl,,,
736,721,810,biceps-curl,,,
721,720,875,biceps-curl,,,
713,735,836,biceps-curl,,,
683,743,768,biceps-curl,,,
624,765,816,biceps-curl,,,
561,795,865,biceps-curl,,,
519,833,925,biceps-curl,,,
473,840,903,biceps-curl,,,
413,827,890,biceps-curl,,,
357,824,969,biceps-curl,,,
320,806,877,biceps-curl,,,
259,765,793,biceps-curl,,,
188,706,776,biceps-curl,,,
123,671,793,biceps-curl,,,
72,648,789,biceps-curl,,,
9,635,710,biceps-curl,,,
-62,601,703,biceps-curl,,,
-118,574,715,biceps-curl,,,
-160,568,616,biceps-curl,,,
-236,549,594,biceps-curl,,,
-298,536,620,biceps-curl,,,
-338,519,517,biceps-curl,,,
-389,508,407,biceps-curl,,,
-432,508,404,biceps-curl,,,
-460,492,416,biceps-curl,,,
-501,465,360,biceps-curl,,,
-554,444,269,biceps-curl,,,
-596,440,315,biceps-curl,,,
-634,434,427,biceps-curl,,,
-657,421,338,biceps-curl,,,
-687,416,268,biceps-curl,,,
-717,430,336,biceps-curl,,,
-744,456,289,biceps-curl,,,
-783,458,231,biceps-curl,,,
-805,478,271,biceps-curl,,,
-818,520,334,biceps-curl,,,
-830,540,334,biceps-curl,,,
-861,526,285,biceps-curl,,,
-911,504,279,biceps-curl,,,
-939,427,174,biceps-curl,,,
-948,364,95,biceps-curl,,,
-920,332,-88,biceps-curl,,,
-869,262,-174,biceps-curl,,,
-844,255,-101,biceps-curl,,,
-809,312,-71,biceps-curl,,,
-822,308,-61,biceps-curl,,,
-801,255,-16,biceps-curl,,,
-816,241,-16,biceps-curl,,,
-832,264,0,biceps-curl,,,
-856,296,-32,biceps-curl,,,
-872,312,-9,biceps-curl,,,
-880,342,7,biceps-curl,,,
-902,344,15,biceps-curl,,,
-897,351,-50,biceps-curl,,,
-889,331,-85,biceps-curl,,,
-839,349,-95,biceps-curl,,,
-805,372,-76,biceps-curl,,,
-787,396,-45,biceps-curl,,,
-758,387,-60,biceps-curl,,,
-727,371,-39,biceps-curl,,,
-720,362,141,biceps-curl,,,
-720,324,283,biceps-curl,,,
-708,312,277,biceps-curl,,,
-687,323,212,biceps-curl,,,
-680,328,253,biceps-curl,,,
-691,366,459,biceps-curl,,,
-654,458,481,biceps-curl,,,
-617,521,300,biceps-curl,,,
-623,521,344,biceps-curl,,,
-627,555,544,biceps-curl,,,
-592,621,559,biceps-curl,,,
-550,644,414,biceps-curl,,,
-545,627,625,biceps-curl,,,
-477,633,880,biceps-curl,,,
-360,636,724,biceps-curl,,,
-300,636,525,biceps-curl,,,
-284,652,735,biceps-curl,,,
-238,670,1049,biceps-curl,,,
-140,678,959,biceps-curl,,,
-86,641,708,biceps-curl,,,
-111,645,694,biceps-curl,,,
-119,716,852,biceps-curl,,,
-80,747,819,biceps-curl,,,
-54,758,868,biceps-curl,,,
-8,731,926,biceps-curl,,,
57,711,818,biceps-curl,,,
82,692,746,biceps-curl,,,
98,710,809,biceps-curl,,,
157,730,928,biceps-curl,,,
259,733,718,biceps-curl,,,
269,721,712,biceps-curl,,,
268,735,977,biceps-curl,,,
337,764,891,biceps-curl,,,
397,737,798,biceps-curl,,,
436,691,680,biceps-curl,,,
474,713,740,biceps-curl,,,
498,729,690,biceps-curl,,,
521,734,610,biceps-curl,,,
545,696,643,biceps-curl,,,
568,680,744,biceps-curl,,,
584,664,712,biceps-curl,,,
584,664,712,biceps-curl,,,
638,656,588,biceps-curl,,,
678,603,607,biceps-curl,,,
687,555,764,biceps-curl,,,
710,574,572,biceps-curl,,,
683,590,502,biceps-curl,,,
659,613,447,biceps-curl,,,
663,623,365,biceps-curl,,,
684,631,339,biceps-curl,,,
721,639,460,biceps-curl,,,
766,646,488,biceps-curl,,,
764,617,488,biceps-curl,,,
754,572,458,biceps-curl,,,
758,536,472,biceps-curl,,,
749,534,491,biceps-curl,,,
733,553,513,biceps-curl,,,
712,582,542,biceps-curl,,,
704,603,552,biceps-curl,,,
709,598,547,biceps-curl,,,
707,602,539,biceps-curl,,,
709,613,517,biceps-curl,,,
717,630,527,biceps-curl,,,
716,627,598,biceps-curl,,,
708,607,623,biceps-curl,,,
712,592,629,biceps-curl,,,
712,584,644,biceps-curl,,,
673,642,659,biceps-curl,,,
636,726,746,biceps-curl,,,
667,745,792,biceps-curl,,,
715,739,769,biceps-curl,,,
707,757,853,biceps-curl,,,
682,782,953,biceps-curl,,,
666,783,936,biceps-curl,,,
642,763,899,biceps-curl,,,
598,768,949,biceps-curl,,,
543,815,981,biceps-curl,,,
493,832,978,biceps-curl,,,
443,790,933,biceps-curl,,,
362,782,886,biceps-curl,,,
276,767,843,biceps-curl,,,
201,724,859,biceps-curl,,,
166,673,766,biceps-curl,,,
107,635,720,biceps-curl,,,
31,607,716,biceps-curl,,,
-29,600,691,biceps-curl,,,
-68,598,662,biceps-curl,,,
-106,586,696,biceps-curl,,,
-133,607,529,biceps-curl,,,
-204,592,542,biceps-curl,,,
-281,583,652,biceps-curl,,,
-321,552,504,biceps-curl,,,
-399,544,512,biceps-curl,,,
-447,552,551,biceps-curl,,,
-486,529,514,biceps-curl,,,
-533,476,512,biceps-curl,,,
-565,450,439,biceps-curl,,,
-597,441,418,biceps-curl,,,
-635,461,416,biceps-curl,,,
-660,450,327,biceps-curl,,,
-684,435,325,biceps-curl,,,
-681,452,302,biceps-curl,,,
-693,488,226,biceps-curl,,,
-715,496,264,biceps-curl,,,
-720,454,220,biceps-curl,,,
-732,446,141,biceps-curl,,,
-759,437,189,biceps-curl,,,
-751,410,249,biceps-curl,,,
-749,405,210,biceps-curl,,,
-810,445,152,biceps-curl,,,
-850,459,141,biceps-curl,,,
-866,446,45,biceps-curl,,,
-886,435,37,biceps-curl,,,
-905,386,21,biceps-curl,,,
-921,321,-34,biceps-curl,,,
-919,283,-44,biceps-curl,,,
-908,260,-3,biceps-curl,,,
-892,252,-12,biceps-curl,,,
-876,268,-18,biceps-curl,,,
-868,287,35,biceps-curl,,,
-868,282,34,biceps-curl,,,
-889,257,33,biceps-curl,,,
-931,258,75,biceps-curl,,,
-972,278,107,biceps-curl,,,
-1001,285,109,biceps-curl,,,
-1019,272,77,biceps-curl,,,
-1024,264,55,biceps-curl,,,
-1022,278,122,biceps-curl,,,
-1016,277,126,biceps-curl,,,
-1016,284,120,biceps-curl,,,
-1012,270,132,biceps-curl,,,
-993,268,163,biceps-curl,,,
-968,287,136,biceps-curl,,,
-967,313,108,biceps-curl,,,
-961,320,137,biceps-curl,,,
-970,332,192,biceps-curl,,,
-981,407,236,biceps-curl,,,
-957,456,194,biceps-curl,,,
-936,451,75,biceps-curl,,,
-937,404,38,biceps-curl,,,
-942,468,227,biceps-curl,,,
-895,544,275,biceps-curl,,,
-848,560,104,biceps-curl,,,
-776,528,-16,biceps-curl,,,
-784,443,-8,biceps-curl,,,
-761,410,53,biceps-curl,,,
-685,497,-26,biceps-curl,,,
-636,533,4,biceps-curl,,,
-568,529,-85,biceps-curl,,,
-504,591,-173,biceps-curl,,,
-448,573,-211,biceps-curl,,,
-427,581,-83,biceps-curl,,,
-333,747,-36,biceps-curl,,,
-248,854,-102,biceps-curl,,,
-263,804,-139,biceps-curl,,,
-302,760,-241,biceps-curl,,,
-224,864,-272,biceps-curl,,,
-198,921,-243,biceps-curl,,,
-211,961,-204,biceps-curl,,,
-189,1014,-252,biceps-curl,,,
-144,1032,-317,biceps-curl,,,
-118,1098,-209,biceps-curl,,,
-97,1136,-126,biceps-curl,,,
-74,1117,-220,biceps-curl,,,
-59,1058,-307,biceps-curl,,,
-52,1046,-244,biceps-curl,,,
-22,1073,-149,biceps-curl,,,
8,1068,-187,biceps-curl,,,
0,1044,-268,biceps-curl,,,
-24,1017,-242,biceps-curl,,,
-28,1011,-163,biceps-curl,,,
-10,1020,-156,biceps-curl,,,
15,999,-209,biceps-curl,,,
24,982,-213,biceps-curl,,,
33,998,-190,biceps-curl,,,
51,1011,-203,biceps-curl,,,
53,1008,-211,biceps-curl,,,
43,997,-219,biceps-curl,,,
37,1013,-231,biceps-curl,,,
46,1024,-241,biceps-curl,,,
44,1024,-220,biceps-curl,,,
60,1024,-208,biceps-curl,,,
76,1024,-206,biceps-curl,,,
88,1024,-203,biceps-curl,,,
87,1024,-212,biceps-curl,,,
77,1023,-201,biceps-curl,,,
64,1017,-247,biceps-curl,,,
63,1020,-250,biceps-curl,,,
54,989,-311,biceps-curl,,,
39,968,-240,biceps-curl,,,
32,967,-239,biceps-curl,,,
32,952,-225,biceps-curl,,,
40,959,-248,biceps-curl,,,
56,930,-256,biceps-curl,,,
24,1102,-296,biceps-curl,,,
24,1088,-257,biceps-curl,,,
39,981,-180,biceps-curl,,,
62,969,-176,biceps-curl,,,
79,975,-183,biceps-curl,,,
87,983,-170,biceps-curl,,,
81,970,-210,biceps-curl,,,
73,975,-271,biceps-curl,,,
59,996,-307,biceps-curl,,,
43,961,-305,biceps-curl,,,
65,958,-209,biceps-curl,,,
84,923,-265,biceps-curl,,,
94,900,-294,biceps-curl,,,
102,931,-308,biceps-curl,,,
110,915,-318,biceps-curl,,,
129,893,-326,biceps-curl,,,
174,888,-382,biceps-curl,,,
224,877,-455,biceps-curl,,,
291,852,-470,biceps-curl,,,
335,860,-479,biceps-curl,,,
358,800,-416,biceps-curl,,,
396,766,-410,biceps-curl,,,
420,807,-422,biceps-curl,,,
424,836,-430,biceps-curl,,,
412,869,-523,biceps-curl,,,
376,976,-612,biceps-curl,,,
344,1102,-686,biceps-curl,,,
325,1126,-678,biceps-curl,,,
305,1036,-568,biceps-curl,,,
279,950,-565,biceps-curl,,,
237,859,-677,biceps-curl,,,
236,634,-744,biceps-curl,,,
283,378,-698,biceps-curl,,,
277,202,-704,biceps-curl,,,
269,53,-777,biceps-curl,,,
308,-140,-849,biceps-curl,,,
338,-238,-814,biceps-curl,,,
329,-280,-825,biceps-curl,,,
270,-320,-868,biceps-curl,,,
218,-377,-856,biceps-curl,,,
242,-406,-840,biceps-curl,,,
316,-401,-757,biceps-curl,,,
339,-409,-676,biceps-curl,,,
347,-410,-697,biceps-curl,,,
336,-384,-716,biceps-curl,,,
435,-438,-809,biceps-curl,,,
332,-427,-869,biceps-curl,,,
373,-457,-745,biceps-curl,,,
439,-466,-648,biceps-curl,,,
415,-344,-652,biceps-curl,,,
392,-328,-784,biceps-curl,,,
