arms,biceps-curl,360,968,-440
arms,biceps-curl,484,820,-401
arms,biceps-curl,442,846,-408
arms,biceps-curl,462,1019,-572
arms,biceps-curl,435,988,-599
arms,biceps-curl,375,1020,-493
arms,biceps-curl,354,1010,-389
arms,biceps-curl,277,1035,-199
arms,biceps-curl,171,1020,-175
arms,biceps-curl,74,1075,-104
arms,biceps-curl,31,948,-50
arms,biceps-curl,5,813,-15
arms,biceps-curl,-54,760,83
arms,biceps-curl,-119,723,218
arms,biceps-curl,-165,701,273
arms,biceps-curl,-182,640,269
arms,biceps-curl,-173,708,394
arms,biceps-curl,-136,705,414
arms,biceps-curl,-79,655,428
arms,biceps-curl,-31,684,621
arms,biceps-curl,13,707,666
arms,biceps-curl,51,699,522
arms,biceps-curl,77,692,587
arms,biceps-curl,105,714,748
arms,biceps-curl,157,753,730
arms,biceps-curl,212,728,620
arms,biceps-curl,255,707,606
arms,biceps-curl,332,713,637
arms,biceps-curl,420,707,652
arms,biceps-curl,483,717,681
arms,biceps-curl,536,702,646
arms,biceps-curl,591,679,675
arms,biceps-curl,657,673,819
arms,biceps-curl,688,691,836
arms,biceps-curl,696,691,747
arms,biceps-curl,705,690,751
arms,biceps-curl,677,717,777
arms,biceps-curl,652,717,735
arms,biceps-curl,664,690,652
arms,biceps-curl,662,701,645
arms,biceps-curl,653,727,734
arms,biceps-curl,643,755,681
arms,biceps-curl,656,772,621
arms,biceps-curl,655,793,654
arms,biceps-curl,647,800,679
arms,biceps-curl,639,797,618
arms,biceps-curl,631,775,647
arms,biceps-curl,617,760,801
arms,biceps-curl,624,759,811
arms,biceps-curl,632,736,711
arms,biceps-curl,640,728,681
arms,biceps-curl,656,776,767
arms,biceps-curl,672,776,853
arms,biceps-curl,725,761,826
arms,biceps-curl,788,738,660
arms,biceps-curl,785,780,692
arms,biceps-curl,763,784,889
arms,biceps-curl,732,791,898
arms,biceps-curl,667,778,882
arms,biceps-curl,576,729,960
arms,biceps-curl,501,727,865
arms,biceps-curl,399,684,732
arms,biceps-curl,295,703,871
arms,biceps-curl,242,682,950
arms,biceps-curl,156,672,878
arms,biceps-curl,82,661,877
arms,biceps-curl,36,645,799
arms,biceps-curl,-8,651,755
arms,biceps-curl,-50,667,773
arms,biceps-curl,-95,647,779
arms,biceps-curl,-161,607,722
arms,biceps-curl,-225,587,669
arms,biceps-curl,-271,565,665
arms,biceps-curl,-315,525,645
arms,biceps-curl,-362,469,559
arms,biceps-curl,-396,440,674
arms,biceps-curl,-408,420,704
arms,biceps-curl,-443,377,480
arms,biceps-curl,-502,356,361
arms,biceps-curl,-546,364,397
arms,biceps-curl,-571,378,434
arms,biceps-curl,-576,405,479
arms,biceps-curl,-591,430,489
arms,biceps-curl,-642,434,299
arms,biceps-curl,-702,427,293
arms,biceps-curl,-746,424,249
arms,biceps-curl,-786,396,207
arms,biceps-curl,-783,350,172
arms,biceps-curl,-760,291,44
arms,biceps-curl,-766,256,109
arms,biceps-curl,-789,245,234
arms,biceps-curl,-808,208,94
arms,biceps-curl,-802,207,65
arms,biceps-curl,-777,201,104
arms,biceps-curl,-789,213,129
arms,biceps-curl,-816,244,256
arms,biceps-curl,-816,272,135
arms,biceps-curl,-812,271,54
arms,biceps-curl,-769,266,58
arms,biceps-curl,-781,292,403
arms,biceps-curl,-719,360,307
arms,biceps-curl,-680,376,128
arms,biceps-curl,-592,432,296
arms,biceps-curl,-592,432,296
arms,biceps-curl,-646,409,746
arms,biceps-curl,-587,461,532
arms,biceps-curl,-591,412,222
arms,biceps-curl,-585,372,266
arms,biceps-curl,-563,461,743
arms,biceps-curl,-511,542,723
arms,biceps-curl,-504,491,507
arms,biceps-curl,-471,460,332
arms,biceps-curl,-471,515,799
arms,biceps-curl,-377,617,893
arms,biceps-curl,-352,590,516
arms,biceps-curl,-322,540,426
arms,biceps-curl,-324,563,756
arms,biceps-curl,-231,639,780
arms,biceps-curl,-192,614,610
arms,biceps-curl,-165,565,731
arms,biceps-curl,-99,573,895
arms,biceps-curl,-26,584,763
arms,biceps-curl,30,559,773
arms,biceps-curl,115,606,897
arms,biceps-curl,202,685,825
arms,biceps-curl,272,708,717
arms,biceps-curl,330,730,795
arms,biceps-curl,360,769,872
arms,biceps-curl,376,788,900
arms,biceps-curl,403,750,836
arms,biceps-curl,420,704,776
arms,biceps-curl,434,725,797
arms,biceps-curl,449,745,752
arms,biceps-curl,437,717,713
arms,biceps-curl,423,679,616
arms,biceps-curl,402,644,677
arms,biceps-curl,403,622,844
arms,biceps-curl,421,645,700
arms,biceps-curl,423,638,652
arms,biceps-curl,449,632,741
arms,biceps-curl,470,628,704
arms,biceps-curl,472,608,676
arms,biceps-curl,501,586,691
arms,biceps-curl,527,597,782
arms,biceps-curl,556,613,763
arms,biceps-curl,579,603,693
arms,biceps-curl,597,615,649
arms,biceps-curl,630,605,704
arms,biceps-curl,677,581,687
arms,biceps-curl,723,548,557
arms,biceps-curl,756,512,692
arms,biceps-curl,810,514,752
arms,biceps-curl,850,561,757
arms,biceps-curl,904,592,665
arms,biceps-curl,944,624,743
arms,biceps-curl,975,686,853
arms,biceps-curl,984,665,886
arms,biceps-curl,962,642,806
arms,biceps-curl,945,618,800
arms,biceps-curl,908,602,829
arms,biceps-curl,869,607,909
arms,biceps-curl,878,622,756
arms,biceps-curl,873,657,808
arms,biceps-curl,839,690,922
arms,biceps-curl,775,696,868
arms,biceps-curl,735,677,798
arms,biceps-curl,734,678,796
arms,biceps-curl,742,698,841
arms,biceps-curl,738,721,850
arms,biceps-curl,736,722,865
arms,biceps-curl,731,731,894
arms,biceps-curl,733,747,878
arms,biceps-curl,716,742,895
arms,biceps-curl,669,746,882
arms,biceps-curl,595,776,888
arms,biceps-curl,528,764,858
arms,biceps-curl,441,731,815
arms,biceps-curl,345,716,799
arms,biceps-curl,262,712,775
arms,biceps-curl,208,688,744
arms,biceps-curl,157,660,701
arms,biceps-curl,94,641,679
arms,biceps-curl,50,610,709
arms,biceps-curl,8,585,729
arms,biceps-curl,-37,579,630
arms,biceps-curl,-84,584,527
arms,biceps-curl,-137,593,640
arms,biceps-curl,-160,586,689
arms,biceps-curl,-199,552,581
arms,biceps-curl,-255,549,615
arms,biceps-curl,-281,493,584
arms,biceps-curl,-325,460,462
arms,biceps-curl,-400,438,460
arms,biceps-curl,-453,410,479
arms,biceps-curl,-474,409,461
arms,biceps-curl,-486,383,289
arms,biceps-curl,-519,385,288
arms,biceps-curl,-554,438,441
arms,biceps-curl,-574,473,386
arms,biceps-curl,-617,484,266
arms,biceps-curl,-632,522,92
arms,biceps-curl,-715,543,142
arms,biceps-curl,-760,526,212
arms,biceps-curl,-769,496,-16
arms,biceps-curl,-792,496,0
arms,biceps-curl,-816,448,80
arms,biceps-curl,-816,394,-36
arms,biceps-curl,-831,339,-32
arms,biceps-curl,-802,284,-174
arms,biceps-curl,-807,251,-31
arms,biceps-curl,-794,219,91
arms,biceps-curl,-771,209,-22
arms,biceps-curl,-768,201,-136
arms,biceps-curl,-775,193,-19
arms,biceps-curl,-776,218,138
arms,biceps-curl,-763,230,47
arms,biceps-curl,-766,238,-102
arms,biceps-curl,-768,264,75
arms,biceps-curl,-733,325,203
arms,biceps-curl,-709,344,161
arms,biceps-curl,-671,333,19
arms,biceps-curl,-672,339,401
arms,biceps-curl,-638,418,655
arms,biceps-curl,-585,461,542
arms,biceps-curl,-543,454,415
arms,biceps-curl,-504,510,260
arms,biceps-curl,-474,561,273
arms,biceps-curl,-442,581,500
arms,biceps-curl,-377,601,667
arms,biceps-curl,-324,612,700
arms,biceps-curl,-292,644,664
arms,biceps-curl,-249,684,720
arms,biceps-curl,-213,681,787
arms,biceps-curl,-186,657,685
arms,biceps-curl,-131,675,769
arms,biceps-curl,-51,715,974
arms,biceps-curl,23,720,814
arms,biceps-curl,75,732,645
arms,biceps-curl,99,766,765
arms,biceps-curl,146,789,891
arms,biceps-curl,173,772,812
arms,biceps-curl,193,758,717
arms,biceps-curl,231,805,866
arms,biceps-curl,282,840,805
arms,biceps-curl,317,831,683
arms,biceps-curl,343,800,771
arms,biceps-curl,375,797,934
arms,biceps-curl,416,777,756
arms,biceps-curl,467,738,598
arms,biceps-curl,536,706,508
arms,biceps-curl,598,721,603
arms,biceps-curl,653,726,685
arms,biceps-curl,705,702,564
arms,biceps-curl,712,673,504
arms,biceps-curl,712,696,513
arms,biceps-curl,720,704,561
arms,biceps-curl,696,688,671
arms,biceps-curl,680,665,556
arms,biceps-curl,695,634,400
arms,biceps-curl,718,654,437
arms,biceps-curl,713,729,542
arms,biceps-curl,676,765,531
arms,biceps-curl,686,775,528
arms,biceps-curl,681,769,542
arms,biceps-curl,673,768,584
arms,biceps-curl,646,794,644
arms,biceps-curl,646,806,612
arms,biceps-curl,667,808,619
arms,biceps-curl,672,820,654
arms,biceps-curl,672,842,717
arms,biceps-curl,683,842,702
arms,biceps-curl,688,846,716
arms,biceps-curl,699,853,652
arms,biceps-curl,704,830,674
arms,biceps-curl,709,796,704
arms,biceps-curl,697,784,739
arms,biceps-curl,659,779,827
arms,biceps-curl,617,757,872
arms,biceps-curl,564,740,832
arms,biceps-curl,489,736,796
arms,biceps-curl,411,736,804
arms,biceps-curl,336,740,852
arms,biceps-curl,273,725,884
arms,biceps-curl,222,708,847
arms,biceps-curl,160,716,804
arms,biceps-curl,96,707,824
arms,biceps-curl,48,682,846
arms,biceps-curl,6,663,820
arms,biceps-curl,-41,633,756
arms,biceps-curl,-91,611,702
arms,biceps-curl,-138,616,734
arms,biceps-curl,-179,616,751
arms,biceps-curl,-231,602,765
arms,biceps-curl,-263,555,540
arms,biceps-curl,-320,520,493
arms,biceps-curl,-368,522,638
arms,biceps-curl,-380,521,550
arms,biceps-curl,-428,492,444
arms,biceps-curl,-452,468,443
arms,biceps-curl,-477,454,538
arms,biceps-curl,-509,488,539
arms,biceps-curl,-548,488,452
arms,biceps-curl,-585,486,475
arms,biceps-curl,-594,461,323
arms,biceps-curl,-626,417,157
arms,biceps-curl,-673,433,267
arms,biceps-curl,-720,472,368
arms,biceps-curl,-736,440,168
arms,biceps-curl,-736,440,168
arms,biceps-curl,-775,401,13
arms,biceps-curl,-776,392,-45
arms,biceps-curl,-798,399,27
arms,biceps-curl,-815,407,120
arms,biceps-curl,-780,394,-43
arms,biceps-curl,-762,364,-71
arms,biceps-curl,-767,353,99
arms,biceps-curl,-755,359,88
arms,biceps-curl,-739,347,41
arms,biceps-curl,-723,325,19
arms,biceps-curl,-720,339,140
arms,biceps-curl,-720,338,248
arms,biceps-curl,-714,342,225
arms,biceps-curl,-683,355,42
arms,biceps-curl,-639,427,48
arms,biceps-curl,-635,467,486
arms,biceps-curl,-624,477,533
arms,biceps-curl,-585,485,181
arms,biceps-curl,-543,488,-65
arms,biceps-curl,-499,498,368
arms,biceps-curl,-494,504,960
arms,biceps-curl,-392,580,870
arms,biceps-curl,-269,580,562
arms,biceps-curl,-240,503,642
arms,biceps-curl,-268,544,812
arms,biceps-curl,-273,650,882
arms,biceps-curl,-222,689,854
arms,biceps-curl,-181,662,697
arms,biceps-curl,-188,650,793
arms,biceps-curl,-171,709,1058
arms,biceps-curl,-86,758,968
arms,biceps-curl,-41,722,658
arms,biceps-curl,-32,717,636
arms,biceps-curl,-23,756,1082
arms,biceps-curl,86,816,961
arms,biceps-curl,138,823,639
arms,biceps-curl,165,829,792
arms,biceps-curl,253,792,1092
arms,biceps-curl,357,761,824
arms,biceps-curl,398,749,677
arms,biceps-curl,380,785,608
arms,biceps-curl,337,728,851
arms,biceps-curl,390,760,645
arms,biceps-curl,428,706,565
arms,biceps-curl,459,664,778
arms,biceps-curl,492,660,905
arms,biceps-curl,533,622,654
arms,biceps-curl,602,602,412
arms,biceps-curl,633,642,503
arms,biceps-curl,664,712,719
arms,biceps-curl,672,752,609
arms,biceps-curl,680,791,546
arms,biceps-curl,695,838,407
arms,biceps-curl,718,773,378
arms,biceps-curl,742,717,471
arms,biceps-curl,773,691,466
arms,biceps-curl,741,674,408
arms,biceps-curl,716,631,441
arms,biceps-curl,699,624,521
arms,biceps-curl,689,624,536
arms,biceps-curl,669,643,523
arms,biceps-curl,645,679,501
arms,biceps-curl,640,712,484
arms,biceps-curl,640,749,574
arms,biceps-curl,651,754,597
arms,biceps-curl,656,746,575
arms,biceps-curl,651,749,600
arms,biceps-curl,648,773,658
arms,biceps-curl,653,789,690
arms,biceps-curl,656,782,587
arms,biceps-curl,632,786,577
arms,biceps-curl,597,834,759
arms,biceps-curl,588,873,770
arms,biceps-curl,562,863,735
arms,biceps-curl,519,844,743
arms,biceps-curl,484,804,752
arms,biceps-curl,449,768,784
arms,biceps-curl,417,768,806
arms,biceps-curl,393,754,797
arms,biceps-curl,364,736,769
arms,biceps-curl,310,742,792
arms,biceps-curl,257,746,771
arms,biceps-curl,206,742,762
arms,biceps-curl,141,752,811
arms,biceps-curl,99,736,793
arms,biceps-curl,69,697,742
arms,biceps-curl,4,673,750
arms,biceps-curl,-54,645,780
arms,biceps-curl,-82,610,778
arms,biceps-curl,-116,587,772
arms,biceps-curl,-140,568,646
arms,biceps-curl,-199,574,682
arms,biceps-curl,-267,609,829
arms,biceps-curl,-287,651,632
arms,biceps-curl,-335,623,483
arms,biceps-curl,-387,613,395
arms,biceps-curl,-418,590,446
arms,biceps-curl,-439,566,667
arms,biceps-curl,-434,542,591
arms,biceps-curl,-465,513,423
arms,biceps-curl,-504,536,376
arms,biceps-curl,-568,536,592
arms,biceps-curl,-615,598,608
arms,biceps-curl,-624,592,380
arms,biceps-curl,-654,659,264
arms,biceps-curl,-714,671,511
arms,biceps-curl,-706,715,486
arms,biceps-curl,-718,629,354
arms,biceps-curl,-727,582,234
arms,biceps-curl,-748,549,296
arms,biceps-curl,-752,505,319
arms,biceps-curl,-752,477,263
arms,biceps-curl,-752,441,118
arms,biceps-curl,-770,438,225
arms,biceps-curl,-764,481,196
arms,biceps-curl,-794,496,162
arms,biceps-curl,-808,507,138
arms,biceps-curl,-813,507,112
arms,biceps-curl,-827,478,125
arms,biceps-curl,-847,454,136
arms,biceps-curl,-866,423,37
arms,biceps-curl,-858,403,-81
arms,biceps-curl,-853,372,-64
arms,biceps-curl,-834,343,-33
arms,biceps-curl,-803,310,-79
arms,biceps-curl,-784,284,-133
arms,biceps-curl,-788,276,-100
arms,biceps-curl,-792,284,-10
arms,biceps-curl,-780,292,-20
arms,biceps-curl,-787,288,-48
arms,biceps-curl,-810,305,36
arms,biceps-curl,-821,334,115
arms,biceps-curl,-810,344,74
arms,biceps-curl,-806,356,4
arms,biceps-curl,-811,406,121
arms,biceps-curl,-790,459,179
arms,biceps-curl,-758,433,107
arms,biceps-curl,-736,395,106
arms,biceps-curl,-728,407,323
arms,biceps-curl,-690,454,440
arms,biceps-curl,-641,387,278
arms,biceps-curl,-621,351,73
arms,biceps-curl,-630,403,523
arms,biceps-curl,-575,520,701
arms,biceps-curl,-524,521,597
arms,biceps-curl,-509,536,334
arms,biceps-curl,-533,605,545
arms,biceps-curl,-432,708,616
arms,biceps-curl,-349,668,523
arms,biceps-curl,-316,619,390
arms,biceps-curl,-396,674,1124
arms,biceps-curl,-263,728,1004
arms,biceps-curl,-209,680,596
arms,biceps-curl,-216,664,483
arms,biceps-curl,-239,732,1020
arms,biceps-curl,-84,766,959
arms,biceps-curl,-14,739,740
arms,biceps-curl,-15,800,720
arms,biceps-curl,-23,836,1104
arms,biceps-curl,78,806,928
arms,biceps-curl,116,767,748
arms,biceps-curl,100,753,694
arms,biceps-curl,115,765,942
arms,biceps-curl,201,731,853
arms,biceps-curl,248,714,621
arms,biceps-curl,262,712,660
arms,biceps-curl,293,729,851
arms,biceps-curl,354,725,767
arms,biceps-curl,408,693,585
arms,biceps-curl,450,706,654
arms,biceps-curl,495,740,781
arms,biceps-curl,532,727,732
arms,biceps-curl,544,702,603
arms,biceps-curl,549,687,552
arms,biceps-curl,574,689,583
arms,biceps-curl,627,687,586
arms,biceps-curl,668,676,589
arms,biceps-curl,692,672,564
arms,biceps-curl,712,645,466
arms,biceps-curl,720,620,437
arms,biceps-curl,713,631,507
arms,biceps-curl,697,640,505
arms,biceps-curl,694,637,421
arms,biceps-curl,713,632,401
arms,biceps-curl,734,635,416
arms,biceps-curl,741,656,430
arms,biceps-curl,731,701,451
arms,biceps-curl,715,730,438
arms,biceps-curl,706,743,439
arms,biceps-curl,710,760,458
arms,biceps-curl,702,758,468
arms,biceps-curl,691,743,500
arms,biceps-curl,677,704,560
arms,biceps-curl,697,668,525
arms,biceps-curl,703,645,501
arms,biceps-curl,695,633,464
arms,biceps-curl,690,644,571
arms,biceps-curl,705,670,634
arms,biceps-curl,711,657,524
arms,biceps-curl,703,667,573
arms,biceps-curl,695,704,644
arms,biceps-curl,672,696,711
arms,biceps-curl,688,704,664
arms,biceps-curl,672,720,696
arms,biceps-curl,672,728,758
arms,biceps-curl,657,720,760
arms,biceps-curl,596,735,753
arms,biceps-curl,563,751,767
arms,biceps-curl,524,759,789
arms,biceps-curl,471,760,799
arms,biceps-curl,437,760,855
arms,biceps-curl,385,733,817
arms,biceps-curl,350,721,834
arms,biceps-curl,319,701,891
arms,biceps-curl,269,690,960
arms,biceps-curl,208,664,891
arms,biceps-curl,151,668,840
arms,biceps-curl,96,666,861
arms,biceps-curl,41,647,855
arms,biceps-curl,-19,624,832
arms,biceps-curl,-72,632,913
arms,biceps-curl,-73,625,812
arms,biceps-curl,-113,596,629
arms,biceps-curl,-182,570,544
arms,biceps-curl,-227,565,644
arms,biceps-curl,-253,532,643
arms,biceps-curl,-290,504,520
arms,biceps-curl,-362,516,584
arms,biceps-curl,-408,532,692
arms,biceps-curl,-431,524,608
arms,biceps-curl,-482,523,523
arms,biceps-curl,-533,529,589
arms,biceps-curl,-570,517,643
arms,biceps-curl,-597,506,560
arms,biceps-curl,-631,490,403
arms,biceps-curl,-671,486,371
arms,biceps-curl,-691,504,510
arms,biceps-curl,-680,507,508
arms,biceps-curl,-687,475,358
arms,biceps-curl,-711,464,240
arms,biceps-curl,-728,464,329
arms,biceps-curl,-728,468,444
arms,biceps-curl,-732,478,323
arms,biceps-curl,-747,470,105
arms,biceps-curl,-766,460,147
arms,biceps-curl,-791,443,415
arms,biceps-curl,-789,451,277
arms,biceps-curl,-814,422,207
arms,biceps-curl,-805,405,169
arms,biceps-curl,-848,388,372
arms,biceps-curl,-849,433,318
arms,biceps-curl,-866,449,73
arms,biceps-curl,-904,464,86
arms,biceps-curl,-912,479,32
arms,biceps-curl,-904,409,8
arms,biceps-curl,-873,361,-93
arms,biceps-curl,-864,307,-35
arms,biceps-curl,-842,244,28
arms,biceps-curl,-811,225,-4
arms,biceps-curl,-801,217,-37
arms,biceps-curl,-793,202,44
arms,biceps-curl,-785,220,70
arms,biceps-curl,-777,237,-21
arms,biceps-curl,-815,286,71
arms,biceps-curl,-824,321,83
arms,biceps-curl,-830,359,61
arms,biceps-curl,-832,386,2
arms,biceps-curl,-856,410,137
arms,biceps-curl,-864,450,244
arms,biceps-curl,-842,442,158
arms,biceps-curl,-832,421,74
arms,biceps-curl,-832,405,172
arms,biceps-curl,-817,425,334
arms,biceps-curl,-788,440,338
arms,biceps-curl,-757,430,141
arms,biceps-curl,-763,405,370
arms,biceps-curl,-749,414,616
arms,biceps-curl,-706,402,564
arms,biceps-curl,-676,393,437
arms,biceps-curl,-676,428,380
arms,biceps-curl,-684,475,473
arms,biceps-curl,-651,508,552
arms,biceps-curl,-605,526,506
arms,biceps-curl,-589,547,509
arms,biceps-curl,-568,568,660
arms,biceps-curl,-516,586,702
arms,biceps-curl,-463,585,544
arms,biceps-curl,-462,595,663
arms,biceps-curl,-434,607,1091
arms,biceps-curl,-310,639,952
arms,biceps-curl,-304,607,662
arms,biceps-curl,-355,630,644
arms,biceps-curl,-368,648,834
arms,biceps-curl,-307,650,815
arms,biceps-curl,-266,661,728
arms,biceps-curl,-266,674,755
arms,biceps-curl,-229,647,857
arms,biceps-curl,-172,641,771
arms,biceps-curl,-148,650,709
arms,biceps-curl,-113,663,800
arms,biceps-curl,-52,659,787
arms,biceps-curl,-9,686,657
arms,biceps-curl,-13,664,791
arms,biceps-curl,50,656,914
arms,biceps-curl,120,664,712
arms,biceps-curl,152,664,704
arms,biceps-curl,152,664,704
arms,biceps-curl,152,672,976
arms,biceps-curl,220,680,885
arms,biceps-curl,254,695,724
arms,biceps-curl,241,681,975
arms,biceps-curl,311,680,893
arms,biceps-curl,334,673,712
arms,biceps-curl,336,692,702
arms,biceps-curl,343,683,811
arms,biceps-curl,357,680,682
arms,biceps-curl,411,712,438
arms,biceps-curl,455,732,527
arms,biceps-curl,524,742,640
arms,biceps-curl,585,709,599
arms,biceps-curl,663,673,507
arms,biceps-curl,699,653,603
arms,biceps-curl,720,653,661
arms,biceps-curl,712,630,585
arms,biceps-curl,689,601,569
arms,biceps-curl,680,607,579
arms,biceps-curl,675,616,528
arms,biceps-curl,677,635,491
arms,biceps-curl,671,661,524
arms,biceps-curl,668,681,543
arms,biceps-curl,676,700,519
arms,biceps-curl,684,724,452
arms,biceps-curl,692,728,438
arms,biceps-curl,703,709,484
arms,biceps-curl,716,678,481
arms,biceps-curl,717,639,445
arms,biceps-curl,712,600,427
arms,biceps-curl,712,579,474
arms,biceps-curl,718,584,492
arms,biceps-curl,723,587,486
arms,biceps-curl,709,600,512
arms,biceps-curl,706,616,517
arms,biceps-curl,712,611,530
arms,biceps-curl,710,600,523
arms,biceps-curl,702,610,506
arms,biceps-curl,692,644,576
arms,biceps-curl,680,656,630
arms,biceps-curl,680,653,615
arms,biceps-curl,676,644,585
arms,biceps-curl,654,670,643
arms,biceps-curl,641,706,708
arms,biceps-curl,646,723,727
arms,biceps-curl,631,756,655
arms,biceps-curl,622,791,652
arms,biceps-curl,598,776,709
arms,biceps-curl,551,783,817
arms,biceps-curl,528,752,856
arms,biceps-curl,496,704,808
arms,biceps-curl,473,657,808
arms,biceps-curl,442,664,876
arms,biceps-curl,433,686,902
arms,biceps-curl,403,703,889
arms,biceps-curl,314,718,917
arms,biceps-curl,262,734,927
arms,biceps-curl,222,736,908
arms,biceps-curl,156,723,824
arms,biceps-curl,85,720,873
arms,biceps-curl,34,695,831
arms,biceps-curl,-7,676,785
arms,biceps-curl,-52,642,764
arms,biceps-curl,-105,597,742
arms,biceps-curl,-154,584,799
arms,biceps-curl,-190,567,863
arms,biceps-curl,-238,522,799
arms,biceps-curl,-293,499,734
arms,biceps-curl,-337,501,638
arms,biceps-curl,-382,514,622
arms,biceps-curl,-405,525,597
arms,biceps-curl,-422,509,536
arms,biceps-curl,-450,496,494
arms,biceps-curl,-486,492,484
arms,biceps-curl,-521,480,513
arms,biceps-curl,-552,460,512
arms,biceps-curl,-580,440,473
arms,biceps-curl,-607,428,460
arms,biceps-curl,-642,420,429
arms,biceps-curl,-688,413,394
arms,biceps-curl,-730,414,385
arms,biceps-curl,-753,427,340
arms,biceps-curl,-780,438,326
arms,biceps-curl,-803,451,333
arms,biceps-curl,-808,456,307
arms,biceps-curl,-808,449,264
arms,biceps-curl,-808,432,269
arms,biceps-curl,-804,426,274
arms,biceps-curl,-794,404,244
arms,biceps-curl,-802,394,219
arms,biceps-curl,-806,398,246
arms,biceps-curl,-803,391,209
arms,biceps-curl,-821,383,215
arms,biceps-curl,-853,376,229
arms,biceps-curl,-882,379,331
arms,biceps-curl,-892,393,162
arms,biceps-curl,-860,338,-8
arms,biceps-curl,-897,363,76
arms,biceps-curl,-911,399,129
arms,biceps-curl,-896,383,-1
arms,biceps-curl,-880,344,-24
arms,biceps-curl,-888,312,120
arms,biceps-curl,-865,281,112
arms,biceps-curl,-834,250,28
arms,biceps-curl,-847,255,31
arms,biceps-curl,-848,249,185
arms,biceps-curl,-827,291,93
arms,biceps-curl,-831,310,59
arms,biceps-curl,-846,312,76
arms,biceps-curl,-868,312,213
arms,biceps-curl,-872,364,188
arms,biceps-curl,-872,344,100
arms,biceps-curl,-860,317,24
arms,biceps-curl,-856,348,153
arms,biceps-curl,-844,384,306
arms,biceps-curl,-817,369,333
arms,biceps-curl,-791,360,256
arms,biceps-curl,-773,376,246
arms,biceps-curl,-752,395,303
arms,biceps-curl,-713,395,267
arms,biceps-curl,-681,402,346
arms,biceps-curl,-653,470,641
arms,biceps-curl,-598,531,736
arms,biceps-curl,-568,513,499
arms,biceps-curl,-568,523,189
arms,biceps-curl,-597,527,397
arms,biceps-curl,-592,544,916
arms,biceps-curl,-506,526,878
arms,biceps-curl,-448,468,432
arms,biceps-curl,-473,486,445
arms,biceps-curl,-453,538,834
arms,biceps-curl,-333,558,827
arms,biceps-curl,-241,548,491
arms,biceps-curl,-242,589,578
arms,biceps-curl,-239,595,1137
arms,biceps-curl,-105,580,1072
arms,biceps-curl,-26,543,648
arms,biceps-curl,-52,655,616
arms,biceps-curl,-72,704,1023
arms,biceps-curl,38,662,915
arms,biceps-curl,109,624,719
arms,biceps-curl,135,675,784
arms,biceps-curl,184,646,1112
arms,biceps-curl,300,601,899
arms,biceps-curl,364,624,732
arms,biceps-curl,387,727,877
arms,biceps-curl,412,776,1051
arms,biceps-curl,449,775,864
arms,biceps-curl,457,763,699
arms,biceps-curl,472,801,637
arms,biceps-curl,480,822,736
arms,biceps-curl,496,743,735
arms,biceps-curl,536,673,673
arms,biceps-curl,552,664,618
arms,biceps-curl,598,618,471
arms,biceps-curl,637,609,524
arms,biceps-curl,691,623,594
arms,biceps-curl,710,638,607
arms,biceps-curl,740,654,545
arms,biceps-curl,751,663,481
arms,biceps-curl,745,677,485
arms,biceps-curl,757,667,514
arms,biceps-curl,766,639,539
arms,biceps-curl,768,601,550
arms,biceps-curl,756,598,558
arms,biceps-curl,746,618,536
arms,biceps-curl,738,613,517
arms,biceps-curl,719,608,557
arms,biceps-curl,701,603,608
arms,biceps-curl,691,605,577
arms,biceps-curl,678,603,567
arms,biceps-curl,672,605,591
arms,biceps-curl,672,613,586
arms,biceps-curl,677,611,581
arms,biceps-curl,676,612,597
arms,biceps-curl,672,616,586
arms,biceps-curl,680,612,564
arms,biceps-curl,688,612,604
arms,biceps-curl,696,620,656
arms,biceps-curl,711,631,653
arms,biceps-curl,724,654,651
arms,biceps-curl,725,682,681
arms,biceps-curl,714,696,720
arms,biceps-curl,704,696,753
arms,biceps-curl,698,696,756
arms,biceps-curl,674,699,755
arms,biceps-curl,632,709,800
arms,biceps-curl,588,727,838
arms,biceps-curl,553,742,874
arms,biceps-curl,525,728,857
arms,biceps-curl,492,706,902
arms,biceps-curl,476,714,907
arms,biceps-curl,451,720,946
arms,biceps-curl,391,721,943
arms,biceps-curl,341,721,896
arms,biceps-curl,279,688,860
arms,biceps-curl,216,683,877
arms,biceps-curl,153,646,850
arms,biceps-curl,91,632,797
arms,biceps-curl,36,628,770
arms,biceps-curl,-19,566,789
arms,biceps-curl,-73,535,736
arms,biceps-curl,-120,512,744
arms,biceps-curl,-168,504,832
arms,biceps-curl,-168,504,832
arms,biceps-curl,-184,457,793
arms,biceps-curl,-237,456,685
arms,biceps-curl,-307,486,680
arms,biceps-curl,-363,517,629
arms,biceps-curl,-411,534,595
arms,biceps-curl,-479,522,571
arms,biceps-curl,-495,493,548
arms,biceps-curl,-536,461,504
arms,biceps-curl,-577,430,516
arms,biceps-curl,-609,418,545
arms,biceps-curl,-628,410,546
arms,biceps-curl,-644,390,411
arms,biceps-curl,-666,384,362
arms,biceps-curl,-706,378,371
arms,biceps-curl,-731,398,387
arms,biceps-curl,-747,408,322
arms,biceps-curl,-763,413,256
arms,biceps-curl,-783,406,281
arms,biceps-curl,-802,410,304
arms,biceps-curl,-808,406,275
arms,biceps-curl,-817,377,228
arms,biceps-curl,-828,356,154
arms,biceps-curl,-832,361,125
arms,biceps-curl,-832,364,140
arms,biceps-curl,-828,344,152
arms,biceps-curl,-832,324,129
arms,biceps-curl,-836,324,92
arms,biceps-curl,-832,303,88
arms,biceps-curl,-829,269,54
arms,biceps-curl,-827,267,27
arms,biceps-curl,-835,272,62
arms,biceps-curl,-843,266,66
arms,biceps-curl,-845,251,40
arms,biceps-curl,-845,245,31
arms,biceps-curl,-849,263,99
arms,biceps-curl,-825,280,133
arms,biceps-curl,-802,278,102
arms,biceps-curl,-774,272,108
arms,biceps-curl,-737,285,196
arms,biceps-curl,-702,335,356
arms,biceps-curl,-655,361,276
arms,biceps-curl,-609,364,253
arms,biceps-curl,-574,348,268
arms,biceps-curl,-559,381,431
arms,biceps-curl,-550,476,432
arms,biceps-curl,-536,511,521
arms,biceps-curl,-531,506,781
arms,biceps-curl,-462,537,739
arms,biceps-curl,-432,560,644
arms,biceps-curl,-416,560,778
arms,biceps-curl,-384,560,990
arms,biceps-curl,-291,591,844
arms,biceps-curl,-258,577,612
arms,biceps-curl,-256,583,898
arms,biceps-curl,-161,620,978
arms,biceps-curl,-66,638,863
arms,biceps-curl,-28,633,764
arms,biceps-curl,-17,598,895
arms,biceps-curl,31,639,1000
arms,biceps-curl,92,661,866
arms,biceps-curl,129,651,749
arms,biceps-curl,167,667,852
arms,biceps-curl,230,708,888
arms,biceps-curl,283,732,800
arms,biceps-curl,285,690,883
arms,biceps-curl,319,700,917
arms,biceps-curl,352,707,885
arms,biceps-curl,392,688,730
arms,biceps-curl,418,655,717
arms,biceps-curl,459,660,742
arms,biceps-curl,504,682,712
arms,biceps-curl,539,688,659
arms,biceps-curl,574,701,601
arms,biceps-curl,609,725,598
arms,biceps-curl,661,703,574
arms,biceps-curl,720,656,544
arms,biceps-curl,748,663,564
arms,biceps-curl,759,688,532
arms,biceps-curl,779,653,462
arms,biceps-curl,792,611,440
arms,biceps-curl,798,616,437
arms,biceps-curl,808,604,417
arms,biceps-curl,805,596,398
arms,biceps-curl,795,621,419
arms,biceps-curl,784,650,443
arms,biceps-curl,779,686,453
arms,biceps-curl,766,675,462
arms,biceps-curl,758,660,454
arms,biceps-curl,750,646,456
arms,biceps-curl,739,638,482
arms,biceps-curl,720,625,490
arms,biceps-curl,724,596,509
arms,biceps-curl,747,573,563
arms,biceps-curl,760,560,536
arms,biceps-curl,757,563,537
arms,biceps-curl,733,587,547
arms,biceps-curl,702,612,580
arms,biceps-curl,679,658,627
arms,biceps-curl,672,681,663
arms,biceps-curl,681,696,648
arms,biceps-curl,704,712,664
arms,biceps-curl,728,744,736
arms,biceps-curl,744,736,837
arms,biceps-curl,736,721,810
arms,biceps-curl,721,720,875
arms,biceps-curl,713,735,836
arms,biceps-curl,683,743,768
arms,biceps-curl,624,765,816
arms,biceps-curl,561,795,865
arms,biceps-curl,519,833,925
arms,biceps-curl,473,840,903
arms,biceps-curl,413,827,890
arms,biceps-curl,357,824,969
arms,biceps-curl,320,806,877
arms,biceps-curl,259,765,793
arms,biceps-curl,188,706,776
arms,biceps-curl,123,671,793
arms,biceps-curl,72,648,789
arms,biceps-curl,9,635,710
arms,biceps-curl,-62,601,703
arms,biceps-curl,-118,574,715
arms,biceps-curl,-160,568,616
arms,biceps-curl,-236,549,594
arms,biceps-curl,-298,536,620
arms,biceps-curl,-338,519,517
arms,biceps-curl,-389,508,407
arms,biceps-curl,-432,508,404
arms,biceps-curl,-460,492,416
arms,biceps-curl,-501,465,360
arms,biceps-curl,-554,444,269
arms,biceps-curl,-596,440,315
arms,biceps-curl,-634,434,427
arms,biceps-curl,-657,421,338
arms,biceps-curl,-687,416,268
arms,biceps-curl,-717,430,336
arms,biceps-curl,-744,456,289
arms,biceps-curl,-783,458,231
arms,biceps-curl,-805,478,271
arms,biceps-curl,-818,520,334
arms,biceps-curl,-830,540,334
arms,biceps-curl,-861,526,285
arms,biceps-curl,-911,504,279
arms,biceps-curl,-939,427,174
arms,biceps-curl,-948,364,95
arms,biceps-curl,-920,332,-88
arms,biceps-curl,-869,262,-174
arms,biceps-curl,-844,255,-101
arms,biceps-curl,-809,312,-71
arms,biceps-curl,-822,308,-61
arms,biceps-curl,-801,255,-16
arms,biceps-curl,-816,241,-16
arms,biceps-curl,-832,264,0
arms,biceps-curl,-856,296,-32
arms,biceps-curl,-872,312,-9
arms,biceps-curl,-880,342,7
arms,biceps-curl,-902,344,15
arms,biceps-curl,-897,351,-50
arms,biceps-curl,-889,331,-85
arms,biceps-curl,-839,349,-95
arms,biceps-curl,-805,372,-76
arms,biceps-curl,-787,396,-45
arms,biceps-curl,-758,387,-60
arms,biceps-curl,-727,371,-39
arms,biceps-curl,-720,362,141
arms,biceps-curl,-720,324,283
arms,biceps-curl,-708,312,277
arms,biceps-curl,-687,323,212
arms,biceps-curl,-680,328,253
arms,biceps-curl,-691,366,459
arms,biceps-curl,-654,458,481
arms,biceps-curl,-617,521,300
arms,biceps-curl,-623,521,344
arms,biceps-curl,-627,555,544
arms,biceps-curl,-592,621,559
arms,biceps-curl,-550,644,414
arms,biceps-curl,-545,627,625
arms,biceps-curl,-477,633,880
arms,biceps-curl,-360,636,724
arms,biceps-curl,-300,636,525
arms,biceps-curl,-284,652,735
arms,biceps-curl,-238,670,1049
arms,biceps-curl,-140,678,959
arms,biceps-curl,-86,641,708
arms,biceps-curl,-111,645,694
arms,biceps-curl,-119,716,852
arms,biceps-curl,-80,747,819
arms,biceps-curl,-54,758,868
arms,biceps-curl,-8,731,926
arms,biceps-curl,57,711,818
arms,biceps-curl,82,692,746
arms,biceps-curl,98,710,809
arms,biceps-curl,157,730,928
arms,biceps-curl,259,733,718
arms,biceps-curl,269,721,712
arms,biceps-curl,268,735,977
arms,biceps-curl,337,764,891
arms,biceps-curl,397,737,798
arms,biceps-curl,436,691,680
arms,biceps-curl,474,713,740
arms,biceps-curl,498,729,690
arms,biceps-curl,521,734,610
arms,biceps-curl,545,696,643
arms,biceps-curl,568,680,744
arms,biceps-curl,584,664,712
arms,biceps-curl,584,664,712
arms,biceps-curl,638,656,588
arms,biceps-curl,678,603,607
arms,biceps-curl,687,555,764
arms,biceps-curl,710,574,572
arms,biceps-curl,683,590,502
arms,biceps-curl,659,613,447
arms,biceps-curl,663,623,365
arms,biceps-curl,684,631,339
arms,biceps-curl,721,639,460
arms,biceps-curl,766,646,488
arms,biceps-curl,764,617,488
arms,biceps-curl,754,572,458
arms,biceps-curl,758,536,472
arms,biceps-curl,749,534,491
arms,biceps-curl,733,553,513
arms,biceps-curl,712,582,542
arms,biceps-curl,704,603,552
arms,biceps-curl,709,598,547
arms,biceps-curl,707,602,539
arms,biceps-curl,709,613,517
arms,biceps-curl,717,630,527
arms,biceps-curl,716,627,598
arms,biceps-curl,708,607,623
arms,biceps-curl,712,592,629
arms,biceps-curl,712,584,644
arms,biceps-curl,673,642,659
arms,biceps-curl,636,726,746
arms,biceps-curl,667,745,792
arms,biceps-curl,715,739,769
arms,biceps-curl,707,757,853
arms,biceps-curl,682,782,953
arms,biceps-curl,666,783,936
arms,biceps-curl,642,763,899
arms,biceps-curl,598,768,949
arms,biceps-curl,543,815,981
arms,biceps-curl,493,832,978
arms,biceps-curl,443,790,933
arms,biceps-curl,362,782,886
arms,biceps-curl,276,767,843
arms,biceps-curl,201,724,859
arms,biceps-curl,166,673,766
arms,biceps-curl,107,635,720
arms,biceps-curl,31,607,716
arms,biceps-curl,-29,600,691
arms,biceps-curl,-68,598,662
arms,biceps-curl,-106,586,696
arms,biceps-curl,-133,607,529
arms,biceps-curl,-204,592,542
arms,biceps-curl,-281,583,652
arms,biceps-curl,-321,552,504
arms,biceps-curl,-399,544,512
arms,biceps-curl,-447,552,551
arms,biceps-curl,-486,529,514
arms,biceps-curl,-533,476,512
arms,biceps-curl,-565,450,439
arms,biceps-curl,-597,441,418
arms,biceps-curl,-635,461,416
arms,biceps-curl,-660,450,327
arms,biceps-curl,-684,435,325
arms,biceps-curl,-681,452,302
arms,biceps-curl,-693,488,226
arms,biceps-curl,-715,496,264
arms,biceps-curl,-720,454,220
arms,biceps-curl,-732,446,141
arms,biceps-curl,-759,437,189
arms,biceps-curl,-751,410,249
arms,biceps-curl,-749,405,210
arms,biceps-curl,-810,445,152
arms,biceps-curl,-850,459,141
arms,biceps-curl,-866,446,45
arms,biceps-curl,-886,435,37
arms,biceps-curl,-905,386,21
arms,biceps-curl,-921,321,-34
arms,biceps-curl,-919,283,-44
arms,biceps-curl,-908,260,-3
arms,biceps-curl,-892,252,-12
arms,biceps-curl,-876,268,-18
arms,biceps-curl,-868,287,35
arms,biceps-curl,-868,282,34
arms,biceps-curl,-889,257,33
arms,biceps-curl,-931,258,75
arms,biceps-curl,-972,278,107
arms,biceps-curl,-1001,285,109
arms,biceps-curl,-1019,272,77
arms,biceps-curl,-1024,264,55
arms,biceps-curl,-1022,278,122
arms,biceps-curl,-1016,277,126
arms,biceps-curl,-1016,284,120
arms,biceps-curl,-1012,270,132
arms,biceps-curl,-993,268,163
arms,biceps-curl,-968,287,136
arms,biceps-curl,-967,313,108
arms,biceps-curl,-961,320,137
arms,biceps-curl,-970,332,192
arms,biceps-curl,-981,407,236
arms,biceps-curl,-957,456,194
arms,biceps-curl,-936,451,75
arms,biceps-curl,-937,404,38
arms,biceps-curl,-942,468,227
arms,biceps-curl,-895,544,275
arms,biceps-curl,-848,560,104
arms,biceps-curl,-776,528,-16
arms,biceps-curl,-784,443,-8
arms,biceps-curl,-761,410,53
arms,biceps-curl,-685,497,-26
arms,biceps-curl,-636,533,4
arms,biceps-curl,-568,529,-85
arms,biceps-curl,-504,591,-173
arms,biceps-curl,-448,573,-211
arms,biceps-curl,-427,581,-83
arms,biceps-curl,-333,747,-36
arms,biceps-curl,-248,854,-102
arms,biceps-curl,-263,804,-139
arms,biceps-curl,-302,760,-241
arms,biceps-curl,-224,864,-272
arms,biceps-curl,-198,921,-243
arms,biceps-curl,-211,961,-204
arms,biceps-curl,-189,1014,-252
arms,biceps-curl,-144,1032,-317
arms,biceps-curl,-118,1098,-209
arms,biceps-curl,-97,1136,-126
arms,biceps-curl,-74,1117,-220
arms,biceps-curl,-59,1058,-307
arms,biceps-curl,-52,1046,-244
arms,biceps-curl,-22,1073,-149
arms,biceps-curl,8,1068,-187
arms,biceps-curl,0,1044,-268
arms,biceps-curl,-24,1017,-242
arms,biceps-curl,-28,1011,-163
arms,biceps-curl,-10,1020,-156
arms,biceps-curl,15,999,-209
arms,biceps-curl,24,982,-213
arms,biceps-curl,33,998,-190
arms,biceps-curl,51,1011,-203
arms,biceps-curl,53,1008,-211
arms,biceps-curl,43,997,-219
arms,biceps-curl,37,1013,-231
arms,biceps-curl,46,1024,-241
arms,biceps-curl,44,1024,-220
arms,biceps-curl,60,1024,-208
arms,biceps-curl,76,1024,-206
arms,biceps-curl,88,1024,-203
arms,biceps-curl,87,1024,-212
arms,biceps-curl,77,1023,-201
arms,biceps-curl,64,1017,-247
arms,biceps-curl,63,1020,-250
arms,biceps-curl,54,989,-311
arms,biceps-curl,39,968,-240
arms,biceps-curl,32,967,-239
arms,biceps-curl,32,952,-225
arms,biceps-curl,40,959,-248
arms,biceps-curl,56,930,-256
arms,biceps-curl,24,1102,-296
arms,biceps-curl,24,1088,-257
arms,biceps-curl,39,981,-180
arms,biceps-curl,62,969,-176
arms,biceps-curl,79,975,-183
arms,biceps-curl,87,983,-170
arms,biceps-curl,81,970,-210
arms,biceps-curl,73,975,-271
arms,biceps-curl,59,996,-307
arms,biceps-curl,43,961,-305
arms,biceps-curl,65,958,-209
arms,biceps-curl,84,923,-265
arms,biceps-curl,94,900,-294
arms,biceps-curl,102,931,-308
arms,biceps-curl,110,915,-318
arms,biceps-curl,129,893,-326
arms,biceps-curl,174,888,-382
arms,biceps-curl,224,877,-455
arms,biceps-curl,291,852,-470
arms,biceps-curl,335,860,-479
arms,biceps-curl,358,800,-416
arms,biceps-curl,396,766,-410
arms,biceps-curl,420,807,-422
arms,biceps-curl,424,836,-430
arms,biceps-curl,412,869,-523
arms,biceps-curl,376,976,-612
arms,biceps-curl,344,1102,-686
arms,biceps-curl,325,1126,-678
arms,biceps-curl,305,1036,-568
arms,biceps-curl,279,950,-565
arms,biceps-curl,237,859,-677
arms,biceps-curl,236,634,-744
arms,biceps-curl,283,378,-698
arms,biceps-curl,277,202,-704
arms,biceps-curl,269,53,-777
arms,biceps-curl,308,-140,-849
arms,biceps-curl,338,-238,-814
arms,biceps-curl,329,-280,-825
arms,biceps-curl,270,-320,-868
arms,biceps-curl,218,-377,-856
arms,biceps-curl,242,-406,-840
arms,biceps-curl,316,-401,-757
arms,biceps-curl,339,-409,-676
arms,biceps-curl,347,-410,-697
arms,biceps-curl,336,-384,-716
arms,biceps-curl,435,-438,-809
arms,biceps-curl,332,-427,-869
arms,biceps-curl,373,-457,-745
arms,biceps-curl,439,-466,-648
arms,biceps-curl,415,-344,-652
arms,biceps-curl,392,-328,-784
