arms,triceps-extension,839,290,334
arms,triceps-extension,-270,-921,-468
arms,triceps-extension,488,153,-615
arms,triceps-extension,400,834,-795
arms,triceps-extension,231,647,-590
arms,triceps-extension,-4,710,-629
arms,triceps-extension,-80,499,-529
arms,triceps-extension,-215,803,-702
arms,triceps-extension,-981,522,-893
arms,triceps-extension,-368,1373,-1108
arms,triceps-extension,-1236,1992,-1573
arms,triceps-extension,12,2324,-1201
arms,triceps-extension,599,1485,-558
arms,triceps-extension,-309,100,-501
arms,triceps-extension,-457,-70,-578
arms,triceps-extension,-780,328,-804
arms,triceps-extension,-620,230,-572
arms,triceps-extension,-531,130,-589
arms,triceps-extension,-517,188,-586
arms,triceps-extension,-460,245,-509
arms,triceps-extension,-441,314,-520
arms,triceps-extension,-482,401,-535
arms,triceps-extension,-501,412,-557
arms,triceps-extension,-533,429,-464
arms,triceps-extension,-570,464,-437
arms,triceps-extension,-601,475,-316
arms,triceps-extension,-646,431,-270
arms,triceps-extension,-699,399,-340
arms,triceps-extension,-771,405,-347
arms,triceps-extension,-806,393,-271
arms,triceps-extension,-841,376,-151
arms,triceps-extension,-904,344,-130
arms,triceps-extension,-985,268,-203
arms,triceps-extension,-1063,219,-156
arms,triceps-extension,-1112,224,-89
arms,triceps-extension,-1169,244,-158
arms,triceps-extension,-1234,177,-247
arms,triceps-extension,-1273,68,-126
arms,triceps-extension,-1306,182,-130
arms,triceps-extension,-1290,368,-180
arms,triceps-extension,-1208,320,7
arms,triceps-extension,-1173,243,-168
arms,triceps-extension,-1223,179,-111
arms,triceps-extension,-1267,21,-16
arms,triceps-extension,-1283,-81,-434
arms,triceps-extension,-1192,220,-508
arms,triceps-extension,-1158,373,-438
arms,triceps-extension,-1140,344,-336
arms,triceps-extension,-1185,299,-159
arms,triceps-extension,-1358,181,-228
arms,triceps-extension,-1471,168,-89
arms,triceps-extension,-1616,252,-127
arms,triceps-extension,-1618,293,-117
arms,triceps-extension,-1619,333,-150
arms,triceps-extension,-1589,406,-178
arms,triceps-extension,-1556,460,-101
arms,triceps-extension,-1533,546,67
arms,triceps-extension,-1498,630,92
arms,triceps-extension,-1444,711,15
arms,triceps-extension,-1375,785,-14
arms,triceps-extension,-1344,831,-40
arms,triceps-extension,-1281,819,-64
arms,triceps-extension,-1188,847,20
arms,triceps-extension,-1118,838,-34
arms,triceps-extension,-1048,835,-96
arms,triceps-extension,-962,840,-48
arms,triceps-extension,-852,808,-105
arms,triceps-extension,-694,768,-168
arms,triceps-extension,-553,772,29
arms,triceps-extension,-423,622,-129
arms,triceps-extension,-299,514,-183
arms,triceps-extension,-143,407,-23
arms,triceps-extension,-6,284,-232
arms,triceps-extension,152,281,-261
arms,triceps-extension,284,287,-261
arms,triceps-extension,431,194,-372
arms,triceps-extension,562,254,-490
arms,triceps-extension,659,299,-618
arms,triceps-extension,737,276,-633
arms,triceps-extension,745,307,-617
arms,triceps-extension,813,320,-301
arms,triceps-extension,819,268,-501
arms,triceps-extension,866,189,-411
arms,triceps-extension,857,140,-168
arms,triceps-extension,934,182,-173
arms,triceps-extension,948,156,-220
arms,triceps-extension,956,85,-127
arms,triceps-extension,923,54,-35
arms,triceps-extension,886,6,-42
arms,triceps-extension,873,-22,27
arms,triceps-extension,834,-47,-28
arms,triceps-extension,840,-112,-96
arms,triceps-extension,840,-112,-96
arms,triceps-extension,817,-135,-88
arms,triceps-extension,862,-136,-80
arms,triceps-extension,857,-173,-50
arms,triceps-extension,761,-183,-216
arms,triceps-extension,709,-141,-104
arms,triceps-extension,739,-115,100
arms,triceps-extension,717,-85,-70
arms,triceps-extension,692,-47,9
arms,triceps-extension,681,-60,-46
arms,triceps-extension,680,-64,133
arms,triceps-extension,692,-107,91
arms,triceps-extension,690,-150,52
arms,triceps-extension,635,-184,13
arms,triceps-extension,616,-209,63
arms,triceps-extension,627,-233,127
arms,triceps-extension,654,-240,95
arms,triceps-extension,696,-245,61
arms,triceps-extension,737,-238,102
arms,triceps-extension,752,-252,74
arms,triceps-extension,795,-221,93
arms,triceps-extension,852,-201,109
arms,triceps-extension,930,-230,123
arms,triceps-extension,976,-244,118
arms,triceps-extension,984,-252,96
arms,triceps-extension,1004,-252,108
arms,triceps-extension,985,-248,116
arms,triceps-extension,926,-285,145
arms,triceps-extension,885,-320,202
arms,triceps-extension,862,-310,227
arms,triceps-extension,835,-315,232
arms,triceps-extension,810,-353,253
arms,triceps-extension,783,-385,256
arms,triceps-extension,747,-427,184
arms,triceps-extension,723,-469,157
arms,triceps-extension,694,-527,170
arms,triceps-extension,674,-578,165
arms,triceps-extension,638,-626,123
arms,triceps-extension,634,-648,100
arms,triceps-extension,633,-700,122
arms,triceps-extension,600,-722,67
arms,triceps-extension,562,-764,55
arms,triceps-extension,529,-784,97
arms,triceps-extension,485,-789,129
arms,triceps-extension,421,-818,44
arms,triceps-extension,398,-835,72
arms,triceps-extension,380,-866,72
arms,triceps-extension,343,-888,73
arms,triceps-extension,337,-890,83
arms,triceps-extension,359,-929,134
arms,triceps-extension,320,-976,81
arms,triceps-extension,336,-960,143
arms,triceps-extension,336,-968,82
arms,triceps-extension,321,-960,171
arms,triceps-extension,305,-967,198
arms,triceps-extension,275,-953,171
arms,triceps-extension,236,-959,175
arms,triceps-extension,218,-960,183
arms,triceps-extension,202,-960,211
arms,triceps-extension,187,-953,203
arms,triceps-extension,197,-939,220
arms,triceps-extension,200,-942,243
arms,triceps-extension,188,-963,267
arms,triceps-extension,154,-980,206
arms,triceps-extension,126,-1013,160
arms,triceps-extension,109,-1024,163
arms,triceps-extension,76,-1035,201
arms,triceps-extension,64,-1067,227
arms,triceps-extension,75,-1059,285
arms,triceps-extension,70,-1063,287
arms,triceps-extension,54,-1087,277
arms,triceps-extension,53,-1096,261
arms,triceps-extension,47,-1082,267
arms,triceps-extension,40,-1076,258
arms,triceps-extension,44,-1063,270
arms,triceps-extension,36,-1052,292
arms,triceps-extension,32,-1052,312
arms,triceps-extension,52,-1056,305
arms,triceps-extension,60,-1057,250
arms,triceps-extension,60,-1048,238
arms,triceps-extension,61,-1038,273
arms,triceps-extension,53,-1021,277
arms,triceps-extension,57,-1010,276
arms,triceps-extension,75,-991,326
arms,triceps-extension,77,-979,325
arms,triceps-extension,80,-984,320
arms,triceps-extension,101,-982,347
arms,triceps-extension,119,-965,345
arms,triceps-extension,136,-934,345
arms,triceps-extension,136,-936,264
arms,triceps-extension,136,-956,230
arms,triceps-extension,144,-939,280
arms,triceps-extension,176,-919,271
arms,triceps-extension,175,-915,221
arms,triceps-extension,176,-924,180
arms,triceps-extension,225,-902,247
arms,triceps-extension,233,-889,240
arms,triceps-extension,239,-898,236
arms,triceps-extension,234,-919,194
arms,triceps-extension,265,-904,215
arms,triceps-extension,289,-904,200
arms,triceps-extension,328,-896,208
arms,triceps-extension,344,-896,136
arms,triceps-extension,352,-873,167
arms,triceps-extension,360,-864,168
arms,triceps-extension,367,-901,101
arms,triceps-extension,397,-911,132
arms,triceps-extension,400,-926,129
arms,triceps-extension,393,-928,142
arms,triceps-extension,453,-935,253
arms,triceps-extension,437,-943,185
arms,triceps-extension,386,-944,64
arms,triceps-extension,382,-950,72
arms,triceps-extension,390,-1020,204
arms,triceps-extension,392,-1004,137
arms,triceps-extension,398,-963,139
arms,triceps-extension,389,-900,118
arms,triceps-extension,395,-869,115
arms,triceps-extension,330,-1048,158
arms,triceps-extension,475,-1062,449
arms,triceps-extension,410,-1126,103
arms,triceps-extension,305,-1174,-112
arms,triceps-extension,315,-1154,9
arms,triceps-extension,360,-1098,87
arms,triceps-extension,393,-1046,77
arms,triceps-extension,396,-1041,21
arms,triceps-extension,404,-1036,4
arms,triceps-extension,428,-1000,16
arms,triceps-extension,444,-976,8
arms,triceps-extension,459,-969,11
arms,triceps-extension,486,-949,28
arms,triceps-extension,521,-923,19
arms,triceps-extension,547,-901,6
arms,triceps-extension,558,-887,22
arms,triceps-extension,574,-849,23
arms,triceps-extension,579,-803,-3
arms,triceps-extension,571,-779,-11
arms,triceps-extension,581,-740,18
arms,triceps-extension,597,-696,15
arms,triceps-extension,610,-645,3
arms,triceps-extension,620,-614,26
arms,triceps-extension,643,-597,6
arms,triceps-extension,683,-555,-3
arms,triceps-extension,700,-523,-13
arms,triceps-extension,719,-461,-11
arms,triceps-extension,703,-447,-72
arms,triceps-extension,650,-431,-110
arms,triceps-extension,667,-367,-44
arms,triceps-extension,700,-359,-81
arms,triceps-extension,738,-353,-88
arms,triceps-extension,772,-363,-85
arms,triceps-extension,841,-414,-33
arms,triceps-extension,872,-352,-57
arms,triceps-extension,872,-352,-159
arms,triceps-extension,872,-383,-137
arms,triceps-extension,857,-384,-136
arms,triceps-extension,834,-332,-76
arms,triceps-extension,832,-335,-72
arms,triceps-extension,825,-357,-58
arms,triceps-extension,838,-332,-56
arms,triceps-extension,833,-335,-36
arms,triceps-extension,812,-376,-92
arms,triceps-extension,821,-351,-45
arms,triceps-extension,843,-344,-13
arms,triceps-extension,817,-375,-70
arms,triceps-extension,784,-378,-52
arms,triceps-extension,782,-382,1
arms,triceps-extension,801,-384,45
arms,triceps-extension,786,-412,6
arms,triceps-extension,765,-473,6
arms,triceps-extension,765,-491,37
arms,triceps-extension,788,-483,58
arms,triceps-extension,795,-534,89
arms,triceps-extension,773,-611,51
arms,triceps-extension,732,-672,72
arms,triceps-extension,703,-696,125
arms,triceps-extension,696,-709,153
arms,triceps-extension,679,-745,197
arms,triceps-extension,636,-780,208
arms,triceps-extension,612,-804,207
arms,triceps-extension,598,-842,224
arms,triceps-extension,569,-879,217
arms,triceps-extension,547,-888,215
arms,triceps-extension,512,-891,234
arms,triceps-extension,482,-893,251
arms,triceps-extension,472,-891,259
arms,triceps-extension,467,-899,280
arms,triceps-extension,440,-901,304
arms,triceps-extension,413,-896,281
arms,triceps-extension,419,-901,273
arms,triceps-extension,393,-910,292
arms,triceps-extension,350,-902,282
arms,triceps-extension,346,-900,288
arms,triceps-extension,347,-905,285
arms,triceps-extension,328,-883,271
arms,triceps-extension,323,-897,264
arms,triceps-extension,294,-902,264
arms,triceps-extension,280,-889,264
arms,triceps-extension,279,-897,264
arms,triceps-extension,273,-903,265
arms,triceps-extension,281,-889,278
arms,triceps-extension,290,-906,256
arms,triceps-extension,320,-944,250
arms,triceps-extension,304,-944,304
arms,triceps-extension,280,-936,280
arms,triceps-extension,280,-936,280
arms,triceps-extension,233,-959,280
arms,triceps-extension,232,-960,288
arms,triceps-extension,195,-960,355
arms,triceps-extension,177,-960,272
arms,triceps-extension,155,-946,271
arms,triceps-extension,138,-937,293
arms,triceps-extension,116,-916,276
arms,triceps-extension,119,-919,279
arms,triceps-extension,113,-946,300
arms,triceps-extension,87,-946,298
arms,triceps-extension,86,-950,271
arms,triceps-extension,94,-952,294
arms,triceps-extension,78,-940,292
arms,triceps-extension,66,-959,282
arms,triceps-extension,64,-985,291
arms,triceps-extension,64,-1008,285
arms,triceps-extension,59,-1042,322
arms,triceps-extension,56,-1076,364
arms,triceps-extension,51,-1113,381
arms,triceps-extension,43,-1147,384
arms,triceps-extension,54,-1183,370
arms,triceps-extension,51,-1191,387
arms,triceps-extension,27,-1188,408
arms,triceps-extension,12,-1175,416
arms,triceps-extension,8,-1152,412
arms,triceps-extension,16,-1136,419
arms,triceps-extension,39,-1106,458
arms,triceps-extension,60,-1066,438
arms,triceps-extension,74,-1041,394
arms,triceps-extension,91,-1016,411
arms,triceps-extension,99,-989,404
arms,triceps-extension,119,-975,393
arms,triceps-extension,155,-965,383
arms,triceps-extension,184,-973,352
arms,triceps-extension,205,-956,369
arms,triceps-extension,225,-928,320
arms,triceps-extension,256,-926,274
arms,triceps-extension,290,-912,264
arms,triceps-extension,329,-888,270
arms,triceps-extension,367,-890,215
arms,triceps-extension,399,-893,237
arms,triceps-extension,437,-880,228
arms,triceps-extension,470,-872,241
arms,triceps-extension,509,-824,202
arms,triceps-extension,549,-821,213
arms,triceps-extension,593,-786,188
arms,triceps-extension,600,-723,144
arms,triceps-extension,599,-646,145
arms,triceps-extension,583,-598,158
arms,triceps-extension,560,-536,96
arms,triceps-extension,568,-496,88
arms,triceps-extension,622,-449,65
arms,triceps-extension,677,-402,72
arms,triceps-extension,725,-415,65
arms,triceps-extension,808,-416,28
arms,triceps-extension,816,-423,-83
arms,triceps-extension,788,-403,16
arms,triceps-extension,743,-373,5
arms,triceps-extension,696,-368,-27
arms,triceps-extension,681,-316,-6
arms,triceps-extension,731,-298,38
arms,triceps-extension,750,-290,-8
arms,triceps-extension,843,-276,18
arms,triceps-extension,884,-307,44
arms,triceps-extension,917,-314,59
arms,triceps-extension,939,-340,42
arms,triceps-extension,928,-363,-6
arms,triceps-extension,883,-373,2
arms,triceps-extension,859,-386,31
arms,triceps-extension,836,-343,65
arms,triceps-extension,824,-326,70
arms,triceps-extension,819,-368,64
arms,triceps-extension,789,-388,33
arms,triceps-extension,781,-401,77
arms,triceps-extension,775,-412,128
arms,triceps-extension,768,-400,128
arms,triceps-extension,784,-407,121
arms,triceps-extension,785,-453,108
arms,triceps-extension,776,-492,130
arms,triceps-extension,776,-499,152
arms,triceps-extension,782,-543,149
arms,triceps-extension,801,-628,144
arms,triceps-extension,810,-684,132
arms,triceps-extension,795,-709,137
arms,triceps-extension,766,-725,187
arms,triceps-extension,730,-731,194
arms,triceps-extension,713,-725,198
arms,triceps-extension,643,-734,192
arms,triceps-extension,604,-724,190
arms,triceps-extension,587,-723,193
arms,triceps-extension,568,-758,214
arms,triceps-extension,562,-753,176
arms,triceps-extension,537,-763,179
arms,triceps-extension,545,-782,192
arms,triceps-extension,549,-818,190
arms,triceps-extension,526,-830,173
arms,triceps-extension,513,-820,143
arms,triceps-extension,517,-859,130
arms,triceps-extension,477,-895,153
arms,triceps-extension,424,-871,176
arms,triceps-extension,424,-848,184
arms,triceps-extension,416,-896,200
arms,triceps-extension,393,-919,254
arms,triceps-extension,362,-890,271
arms,triceps-extension,338,-948,235
arms,triceps-extension,321,-967,268
arms,triceps-extension,284,-947,272
arms,triceps-extension,266,-951,258
arms,triceps-extension,244,-979,270
arms,triceps-extension,200,-991,272
arms,triceps-extension,179,-1012,246
arms,triceps-extension,157,-1022,240
arms,triceps-extension,171,-981,308
arms,triceps-extension,140,-980,274
arms,triceps-extension,122,-1002,274
arms,triceps-extension,91,-985,251
arms,triceps-extension,80,-982,240
arms,triceps-extension,64,-984,235
arms,triceps-extension,40,-958,237
arms,triceps-extension,27,-959,220
arms,triceps-extension,19,-973,223
arms,triceps-extension,2,-986,237
arms,triceps-extension,-8,-997,235
arms,triceps-extension,-12,-1000,245
arms,triceps-extension,-20,-1013,256
arms,triceps-extension,-28,-1028,252
arms,triceps-extension,-40,-1052,244
arms,triceps-extension,-56,-1076,232
arms,triceps-extension,-75,-1080,242
arms,triceps-extension,-95,-1091,260
arms,triceps-extension,-111,-1128,293
arms,triceps-extension,-123,-1170,347
arms,triceps-extension,-137,-1202,349
arms,triceps-extension,-146,-1229,335
arms,triceps-extension,-136,-1213,317
arms,triceps-extension,-139,-1184,320
arms,triceps-extension,-127,-1153,341
arms,triceps-extension,-93,-1122,332
arms,triceps-extension,-93,-1122,288
arms,triceps-extension,-58,-1100,308
arms,triceps-extension,-35,-1083,298
arms,triceps-extension,-4,-1059,309
arms,triceps-extension,50,-1030,337
arms,triceps-extension,101,-987,363
arms,triceps-extension,135,-995,304
arms,triceps-extension,179,-965,346
arms,triceps-extension,205,-941,307
arms,triceps-extension,251,-920,331
arms,triceps-extension,283,-917,282
arms,triceps-extension,328,-880,302
arms,triceps-extension,337,-879,256
arms,triceps-extension,376,-856,248
arms,triceps-extension,392,-840,224
arms,triceps-extension,446,-824,201
arms,triceps-extension,471,-801,261
arms,triceps-extension,494,-785,197
arms,triceps-extension,547,-769,214
arms,triceps-extension,581,-761,187
arms,triceps-extension,619,-697,212
arms,triceps-extension,651,-647,202
arms,triceps-extension,669,-627,200
arms,triceps-extension,685,-578,193
arms,triceps-extension,720,-574,192
arms,triceps-extension,740,-533,192
arms,triceps-extension,738,-490,138
arms,triceps-extension,724,-456,85
arms,triceps-extension,668,-459,83
arms,triceps-extension,637,-425,127
arms,triceps-extension,648,-408,106
arms,triceps-extension,703,-408,104
arms,triceps-extension,743,-403,66
arms,triceps-extension,757,-390,60
arms,triceps-extension,789,-355,77
arms,triceps-extension,822,-364,71
arms,triceps-extension,823,-384,55
arms,triceps-extension,842,-384,61
arms,triceps-extension,860,-396,43
arms,triceps-extension,860,-404,24
arms,triceps-extension,852,-396,40
arms,triceps-extension,833,-396,63
arms,triceps-extension,810,-382,66
arms,triceps-extension,785,-367,41
arms,triceps-extension,766,-376,55
arms,triceps-extension,761,-382,94
arms,triceps-extension,773,-398,84
arms,triceps-extension,776,-422,73
arms,triceps-extension,779,-458,107
arms,triceps-extension,750,-475,82
arms,triceps-extension,755,-473,90
arms,triceps-extension,790,-509,98
arms,triceps-extension,777,-558,86
arms,triceps-extension,691,-591,52
arms,triceps-extension,730,-570,117
arms,triceps-extension,735,-624,114
arms,triceps-extension,723,-695,157
arms,triceps-extension,691,-690,143
arms,triceps-extension,665,-707,140
arms,triceps-extension,665,-732,173
arms,triceps-extension,601,-765,214
arms,triceps-extension,528,-738,193
arms,triceps-extension,527,-770,209
arms,triceps-extension,502,-808,232
arms,triceps-extension,440,-816,224
arms,triceps-extension,432,-832,280
arms,triceps-extension,432,-832,280
arms,triceps-extension,432,-879,233
arms,triceps-extension,356,-880,255
arms,triceps-extension,367,-932,204
arms,triceps-extension,339,-980,251
arms,triceps-extension,329,-977,220
arms,triceps-extension,293,-983,216
arms,triceps-extension,281,-1004,189
arms,triceps-extension,240,-995,197
arms,triceps-extension,180,-985,180
arms,triceps-extension,181,-1003,220
arms,triceps-extension,153,-1027,207
arms,triceps-extension,132,-1020,218
arms,triceps-extension,122,-1028,183
arms,triceps-extension,114,-1043,231
arms,triceps-extension,84,-1020,245
arms,triceps-extension,56,-1024,208
arms,triceps-extension,48,-1027,229
arms,triceps-extension,38,-983,258
arms,triceps-extension,32,-970,210
arms,triceps-extension,37,-976,224
arms,triceps-extension,40,-976,251
arms,triceps-extension,44,-980,248
arms,triceps-extension,48,-1010,248
arms,triceps-extension,40,-1040,260
arms,triceps-extension,32,-1060,256
arms,triceps-extension,32,-1087,259
arms,triceps-extension,25,-1126,273
arms,triceps-extension,9,-1173,260
arms,triceps-extension,-10,-1213,243
arms,triceps-extension,-30,-1235,243
arms,triceps-extension,-43,-1246,238
arms,triceps-extension,-36,-1241,225
arms,triceps-extension,-21,-1211,274
arms,triceps-extension,-29,-1195,242
arms,triceps-extension,-22,-1165,279
arms,triceps-extension,-5,-1109,303
arms,triceps-extension,35,-1074,286
arms,triceps-extension,70,-1052,302
arms,triceps-extension,99,-1035,292
arms,triceps-extension,143,-1013,287
arms,triceps-extension,175,-994,308
arms,triceps-extension,213,-965,280
arms,triceps-extension,244,-946,244
arms,triceps-extension,266,-913,258
arms,triceps-extension,288,-919,219
arms,triceps-extension,350,-912,235
arms,triceps-extension,330,-914,183
arms,triceps-extension,362,-943,171
arms,triceps-extension,408,-920,231
arms,triceps-extension,408,-912,184
arms,triceps-extension,448,-864,208
arms,triceps-extension,440,-864,161
arms,triceps-extension,478,-826,160
arms,triceps-extension,487,-809,153
arms,triceps-extension,510,-779,152
arms,triceps-extension,526,-755,145
arms,triceps-extension,563,-724,116
arms,triceps-extension,609,-720,92
arms,triceps-extension,636,-680,121
arms,triceps-extension,647,-665,82
arms,triceps-extension,699,-645,91
arms,triceps-extension,743,-628,102
arms,triceps-extension,770,-600,98
arms,triceps-extension,776,-580,61
arms,triceps-extension,770,-542,59
arms,triceps-extension,735,-506,19
arms,triceps-extension,693,-464,5
arms,triceps-extension,664,-406,13
arms,triceps-extension,661,-369,6
arms,triceps-extension,659,-350,-25
arms,triceps-extension,675,-334,-21
arms,triceps-extension,707,-347,24
arms,triceps-extension,756,-347,48
arms,triceps-extension,806,-366,13
arms,triceps-extension,841,-384,-16
arms,triceps-extension,860,-388,-8
arms,triceps-extension,864,-404,12
arms,triceps-extension,868,-390,39
arms,triceps-extension,886,-379,52
arms,triceps-extension,894,-399,21
arms,triceps-extension,874,-405,7
arms,triceps-extension,852,-403,43
arms,triceps-extension,815,-402,54
arms,triceps-extension,770,-389,59
arms,triceps-extension,744,-400,61
arms,triceps-extension,734,-437,78
arms,triceps-extension,723,-446,65
arms,triceps-extension,769,-451,80
arms,triceps-extension,814,-496,64
arms,triceps-extension,794,-553,93
arms,triceps-extension,737,-581,96
arms,triceps-extension,718,-569,39
arms,triceps-extension,743,-587,76
arms,triceps-extension,729,-641,96
arms,triceps-extension,687,-646,98
arms,triceps-extension,683,-631,118
arms,triceps-extension,710,-631,167
arms,triceps-extension,684,-707,161
arms,triceps-extension,621,-743,168
arms,triceps-extension,560,-721,176
arms,triceps-extension,560,-760,184
arms,triceps-extension,520,-816,248
arms,triceps-extension,504,-816,225
arms,triceps-extension,481,-884,209
arms,triceps-extension,420,-866,230
arms,triceps-extension,401,-857,239
arms,triceps-extension,386,-885,247
arms,triceps-extension,335,-916,241
arms,triceps-extension,308,-927,206
arms,triceps-extension,331,-928,287
arms,triceps-extension,290,-954,252
arms,triceps-extension,280,-960,240
arms,triceps-extension,261,-991,228
arms,triceps-extension,244,-1000,236
arms,triceps-extension,211,-976,222
arms,triceps-extension,183,-997,205
arms,triceps-extension,143,-1002,200
arms,triceps-extension,112,-989,211
arms,triceps-extension,99,-1005,242
arms,triceps-extension,86,-1001,261
arms,triceps-extension,65,-997,284
arms,triceps-extension,51,-1010,296
arms,triceps-extension,34,-1007,315
arms,triceps-extension,15,-996,301
arms,triceps-extension,-5,-992,267
arms,triceps-extension,-16,-984,264
arms,triceps-extension,-28,-976,260
arms,triceps-extension,-36,-980,260
arms,triceps-extension,-54,-988,276
arms,triceps-extension,-84,-999,291
arms,triceps-extension,-95,-1011,307
arms,triceps-extension,-117,-1013,296
arms,triceps-extension,-139,-1011,281
arms,triceps-extension,-159,-1016,305
arms,triceps-extension,-192,-1019,323
arms,triceps-extension,-211,-1029,312
arms,triceps-extension,-226,-1040,287
arms,triceps-extension,-253,-1049,293
arms,triceps-extension,-256,-1078,277
arms,triceps-extension,-232,-1100,300
arms,triceps-extension,-230,-1116,259
arms,triceps-extension,-226,-1133,232
arms,triceps-extension,-229,-1151,215
arms,triceps-extension,-213,-1144,268
arms,triceps-extension,-198,-1139,215
arms,triceps-extension,-181,-1108,261
arms,triceps-extension,-159,-1078,292
arms,triceps-extension,-151,-1063,257
arms,triceps-extension,-133,-1055,271
arms,triceps-extension,-86,-1047,257
arms,triceps-extension,-55,-1024,272
arms,triceps-extension,-16,-1024,272
arms,triceps-extension,-16,-1024,280
arms,triceps-extension,46,-1008,264
arms,triceps-extension,78,-1000,256
arms,triceps-extension,117,-1000,249
arms,triceps-extension,156,-985,328
arms,triceps-extension,196,-963,293
arms,triceps-extension,249,-939,323
arms,triceps-extension,263,-929,308
arms,triceps-extension,304,-921,311
arms,triceps-extension,319,-913,286
arms,triceps-extension,320,-918,280
arms,triceps-extension,351,-895,268
arms,triceps-extension,384,-894,252
arms,triceps-extension,398,-890,248
arms,triceps-extension,429,-882,219
arms,triceps-extension,462,-830,258
arms,triceps-extension,499,-803,291
arms,triceps-extension,528,-784,243
arms,triceps-extension,551,-776,175
arms,triceps-extension,575,-771,147
arms,triceps-extension,603,-754,130
arms,triceps-extension,635,-721,120
arms,triceps-extension,648,-682,124
arms,triceps-extension,648,-642,128
arms,triceps-extension,656,-607,120
arms,triceps-extension,676,-576,112
arms,triceps-extension,680,-545,104
arms,triceps-extension,665,-521,85
arms,triceps-extension,670,-487,68
arms,triceps-extension,681,-446,77
arms,triceps-extension,678,-422,99
arms,triceps-extension,694,-402,80
arms,triceps-extension,719,-392,40
arms,triceps-extension,747,-392,37
arms,triceps-extension,747,-400,24
arms,triceps-extension,743,-401,32
arms,triceps-extension,771,-366,93
arms,triceps-extension,815,-377,85
arms,triceps-extension,860,-428,40
arms,triceps-extension,874,-438,59
arms,triceps-extension,882,-434,43
arms,triceps-extension,887,-437,53
arms,triceps-extension,873,-425,40
arms,triceps-extension,838,-427,47
arms,triceps-extension,814,-401,86
arms,triceps-extension,745,-408,75
arms,triceps-extension,751,-411,103
arms,triceps-extension,743,-441,90
arms,triceps-extension,729,-456,113
arms,triceps-extension,744,-459,127
arms,triceps-extension,752,-544,96
arms,triceps-extension,728,-536,136
arms,triceps-extension,720,-552,113
arms,triceps-extension,758,-567,135
arms,triceps-extension,723,-628,151
arms,triceps-extension,720,-596,137
arms,triceps-extension,706,-642,122
arms,triceps-extension,690,-697,106
arms,triceps-extension,668,-704,118
arms,triceps-extension,637,-711,160
arms,triceps-extension,625,-725,194
arms,triceps-extension,592,-779,168
arms,triceps-extension,547,-773,228
arms,triceps-extension,524,-768,266
arms,triceps-extension,520,-803,248
arms,triceps-extension,486,-862,269
arms,triceps-extension,439,-847,291
arms,triceps-extension,419,-870,274
arms,triceps-extension,421,-909,301
arms,triceps-extension,378,-910,279
arms,triceps-extension,362,-919,271
arms,triceps-extension,363,-938,290
arms,triceps-extension,346,-935,291
arms,triceps-extension,314,-941,243
arms,triceps-extension,274,-974,217
arms,triceps-extension,231,-980,228
arms,triceps-extension,204,-960,232
arms,triceps-extension,192,-971,205
arms,triceps-extension,173,-996,176
arms,triceps-extension,160,-993,190
arms,triceps-extension,150,-997,198
arms,triceps-extension,126,-1006,190
arms,triceps-extension,118,-980,212
arms,triceps-extension,116,-975,215
arms,triceps-extension,88,-997,192
arms,triceps-extension,75,-997,205
arms,triceps-extension,78,-1010,202
arms,triceps-extension,65,-1009,199
arms,triceps-extension,46,-994,184
arms,triceps-extension,38,-998,204
arms,triceps-extension,27,-988,192
arms,triceps-extension,5,-978,195
arms,triceps-extension,-7,-985,208
arms,triceps-extension,-4,-989,209
arms,triceps-extension,-26,-977,220
arms,triceps-extension,-39,-984,237
arms,triceps-extension,-33,-985,221
arms,triceps-extension,-41,-993,268
arms,triceps-extension,-58,-1001,308
arms,triceps-extension,-81,-1010,251
arms,triceps-extension,-96,-1049,311
arms,triceps-extension,-96,-1088,288
arms,triceps-extension,-88,-1080,240
arms,triceps-extension,-104,-1072,209
arms,triceps-extension,-127,-1118,246
arms,triceps-extension,-106,-1135,196
arms,triceps-extension,-119,-1143,228
arms,triceps-extension,-99,-1123,218
arms,triceps-extension,-124,-1099,181
arms,triceps-extension,-135,-1055,224
arms,triceps-extension,-109,-1001,272
arms,triceps-extension,-71,-992,234
arms,triceps-extension,-64,-979,211
arms,triceps-extension,-45,-957,245
arms,triceps-extension,-28,-970,286
arms,triceps-extension,-24,-988,214
arms,triceps-extension,-18,-998,121
arms,triceps-extension,1,-1011,129
arms,triceps-extension,24,-1016,133
arms,triceps-extension,58,-1016,70
arms,triceps-extension,62,-1036,50
arms,triceps-extension,71,-1048,56
arms,triceps-extension,99,-1034,118
arms,triceps-extension,121,-1024,146
arms,triceps-extension,159,-1024,154
arms,triceps-extension,180,-998,198
arms,triceps-extension,168,-980,203
arms,triceps-extension,172,-984,180
arms,triceps-extension,192,-972,191
arms,triceps-extension,215,-949,212
arms,triceps-extension,243,-943,198
arms,triceps-extension,266,-955,176
arms,triceps-extension,293,-960,192
arms,triceps-extension,315,-957,216
arms,triceps-extension,329,-955,193
arms,triceps-extension,360,-952,168
arms,triceps-extension,405,-928,190
arms,triceps-extension,434,-917,139
arms,triceps-extension,442,-921,72
arms,triceps-extension,456,-898,70
arms,triceps-extension,482,-870,60
arms,triceps-extension,488,-844,35
arms,triceps-extension,504,-853,15
arms,triceps-extension,565,-839,92
arms,triceps-extension,556,-827,53
arms,triceps-extension,581,-799,122
arms,triceps-extension,614,-788,136
arms,triceps-extension,659,-760,135
arms,triceps-extension,682,-759,129
arms,triceps-extension,705,-743,144
arms,triceps-extension,720,-727,140
arms,triceps-extension,720,-703,65
arms,triceps-extension,728,-680,88
arms,triceps-extension,728,-648,48
arms,triceps-extension,728,-648,48
arms,triceps-extension,728,-586,1
arms,triceps-extension,728,-569,-15
arms,triceps-extension,721,-553,-68
arms,triceps-extension,698,-508,-43
arms,triceps-extension,675,-468,-26
arms,triceps-extension,658,-443,-10
arms,triceps-extension,683,-413,12
arms,triceps-extension,708,-401,-51
arms,triceps-extension,745,-393,-31
arms,triceps-extension,771,-392,8
arms,triceps-extension,795,-380,16
arms,triceps-extension,824,-376,-32
arms,triceps-extension,850,-376,-36
arms,triceps-extension,856,-387,-26
arms,triceps-extension,839,-386,-30
arms,triceps-extension,821,-395,-32
arms,triceps-extension,832,-389,-37
arms,triceps-extension,815,-389,-15
arms,triceps-extension,810,-382,25
arms,triceps-extension,811,-390,26
arms,triceps-extension,799,-414,30
arms,triceps-extension,796,-420,36
arms,triceps-extension,826,-429,49
arms,triceps-extension,831,-461,39
arms,triceps-extension,800,-476,40
arms,triceps-extension,784,-472,72
arms,triceps-extension,799,-479,91
arms,triceps-extension,798,-509,100
arms,triceps-extension,766,-526,96
arms,triceps-extension,746,-525,96
arms,triceps-extension,736,-550,102
arms,triceps-extension,713,-569,92
arms,triceps-extension,669,-576,75
arms,triceps-extension,669,-570,99
arms,triceps-extension,687,-594,84
arms,triceps-extension,693,-611,96
arms,triceps-extension,670,-661,52
arms,triceps-extension,674,-718,40
arms,triceps-extension,630,-712,49
arms,triceps-extension,622,-732,70
arms,triceps-extension,607,-808,42
arms,triceps-extension,565,-815,80
arms,triceps-extension,553,-859,44
arms,triceps-extension,559,-924,72
arms,triceps-extension,549,-953,128
arms,triceps-extension,516,-962,127
arms,triceps-extension,469,-985,111
arms,triceps-extension,421,-1000,97
arms,triceps-extension,368,-999,119
arms,triceps-extension,352,-968,96
arms,triceps-extension,328,-976,88
arms,triceps-extension,297,-984,111
arms,triceps-extension,258,-946,74
arms,triceps-extension,263,-959,139
arms,triceps-extension,264,-945,144
arms,triceps-extension,235,-958,123
arms,triceps-extension,225,-967,162
arms,triceps-extension,210,-975,148
arms,triceps-extension,195,-969,117
arms,triceps-extension,205,-968,190
arms,triceps-extension,157,-962,170
arms,triceps-extension,156,-979,210
arms,triceps-extension,142,-990,200
arms,triceps-extension,136,-992,233
arms,triceps-extension,113,-998,191
arms,triceps-extension,98,-1011,190
arms,triceps-extension,74,-1011,195
arms,triceps-extension,53,-992,181
arms,triceps-extension,48,-994,156
arms,triceps-extension,43,-985,154
arms,triceps-extension,26,-990,160
arms,triceps-extension,7,-995,179
arms,triceps-extension,-13,-1005,183
arms,triceps-extension,-20,-1025,180
arms,triceps-extension,-33,-1053,172
arms,triceps-extension,-40,-1084,172
arms,triceps-extension,-24,-1108,203
arms,triceps-extension,-31,-1138,206
arms,triceps-extension,-52,-1178,191
arms,triceps-extension,-56,-1197,207
arms,triceps-extension,-59,-1189,222
arms,triceps-extension,-61,-1181,214
arms,triceps-extension,-44,-1164,201
arms,triceps-extension,-16,-1130,246
arms,triceps-extension,5,-1096,275
arms,triceps-extension,23,-1073,285
arms,triceps-extension,51,-1054,276
arms,triceps-extension,86,-1042,245
arms,triceps-extension,114,-1020,300
arms,triceps-extension,153,-1008,281
arms,triceps-extension,189,-1005,261
arms,triceps-extension,211,-992,279
arms,triceps-extension,229,-991,269
arms,triceps-extension,260,-980,255
arms,triceps-extension,283,-959,248
arms,triceps-extension,308,-950,245
arms,triceps-extension,345,-935,217
arms,triceps-extension,360,-921,227
arms,triceps-extension,361,-927,156
arms,triceps-extension,385,-903,232
arms,triceps-extension,408,-856,240
arms,triceps-extension,472,-824,256
arms,triceps-extension,495,-808,194
arms,triceps-extension,488,-861,139
arms,triceps-extension,488,-842,129
arms,triceps-extension,517,-833,77
arms,triceps-extension,527,-818,65
arms,triceps-extension,570,-739,92
arms,triceps-extension,631,-687,110
arms,triceps-extension,687,-653,85
arms,triceps-extension,722,-655,60
arms,triceps-extension,760,-656,31
arms,triceps-extension,799,-606,61
arms,triceps-extension,826,-556,60
arms,triceps-extension,814,-526,32
arms,triceps-extension,785,-509,-16
arms,triceps-extension,759,-476,-38
arms,triceps-extension,730,-426,-45
arms,triceps-extension,683,-387,-85
arms,triceps-extension,674,-351,-119
arms,triceps-extension,680,-321,-103
arms,triceps-extension,694,-307,-102
arms,triceps-extension,727,-299,-66
arms,triceps-extension,748,-309,-72
arms,triceps-extension,799,-316,-69
arms,triceps-extension,852,-324,-28
arms,triceps-extension,868,-352,-40
arms,triceps-extension,887,-360,-64
arms,triceps-extension,882,-356,-90
arms,triceps-extension,852,-339,-88
arms,triceps-extension,851,-319,-48
arms,triceps-extension,850,-322,-58
arms,triceps-extension,837,-312,-51
arms,triceps-extension,826,-315,-16
arms,triceps-extension,794,-315,-19
arms,triceps-extension,762,-299,-8
arms,triceps-extension,774,-307,19
arms,triceps-extension,757,-352,10
arms,triceps-extension,774,-363,20
arms,triceps-extension,792,-404,28
arms,triceps-extension,790,-445,16
arms,triceps-extension,792,-472,14
arms,triceps-extension,818,-514,7
arms,triceps-extension,788,-559,3
arms,triceps-extension,767,-564,18
arms,triceps-extension,754,-633,27
arms,triceps-extension,709,-638,-4
arms,triceps-extension,680,-630,32
arms,triceps-extension,678,-698,33
arms,triceps-extension,654,-722,49
arms,triceps-extension,616,-753,71
arms,triceps-extension,608,-792,48
arms,triceps-extension,568,-808,88
arms,triceps-extension,545,-824,65
arms,triceps-extension,552,-892,49
arms,triceps-extension,530,-911,33
arms,triceps-extension,506,-905,83
arms,triceps-extension,475,-961,45
arms,triceps-extension,416,-968,40
arms,triceps-extension,394,-968,101
arms,triceps-extension,365,-995,92
arms,triceps-extension,327,-1000,62
arms,triceps-extension,295,-1000,62
arms,triceps-extension,263,-1019,83
arms,triceps-extension,244,-1018,88
arms,triceps-extension,205,-1010,94
arms,triceps-extension,181,-1019,113
arms,triceps-extension,165,-1007,159
arms,triceps-extension,155,-1000,133
arms,triceps-extension,136,-1005,123
arms,triceps-extension,113,-993,143
arms,triceps-extension,114,-994,137
arms,triceps-extension,110,-995,152
arms,triceps-extension,85,-992,131
arms,triceps-extension,72,-996,122
arms,triceps-extension,63,-1004,132
arms,triceps-extension,52,-996,128
arms,triceps-extension,48,-988,152
arms,triceps-extension,36,-1007,141
arms,triceps-extension,13,-1035,130
arms,triceps-extension,0,-1048,153
arms,triceps-extension,-7,-1058,144
arms,triceps-extension,-29,-1091,144
arms,triceps-extension,-48,-1129,138
arms,triceps-extension,-42,-1153,163
arms,triceps-extension,-37,-1165,210
arms,triceps-extension,-38,-1163,174
arms,triceps-extension,-23,-1175,152
arms,triceps-extension,-42,-1181,161
arms,triceps-extension,-37,-1139,180
arms,triceps-extension,-4,-1106,162
arms,triceps-extension,13,-1105,164
arms,triceps-extension,44,-1078,230
arms,triceps-extension,84,-1065,228
arms,triceps-extension,65,-1033,236
arms,triceps-extension,84,-1038,188
arms,triceps-extension,157,-1024,251
arms,triceps-extension,192,-1025,211
arms,triceps-extension,193,-1031,167
arms,triceps-extension,213,-1017,157
arms,triceps-extension,280,-1031,230
arms,triceps-extension,280,-1017,199
arms,triceps-extension,280,-1040,160
arms,triceps-extension,320,-1008,160
arms,triceps-extension,320,-1008,160
arms,triceps-extension,336,-1008,199
arms,triceps-extension,359,-947,215
arms,triceps-extension,390,-914,194
arms,triceps-extension,377,-861,126
arms,triceps-extension,405,-813,163
arms,triceps-extension,464,-794,161
arms,triceps-extension,472,-812,146
arms,triceps-extension,485,-816,104
arms,triceps-extension,501,-823,83
arms,triceps-extension,568,-760,213
arms,triceps-extension,603,-769,161
arms,triceps-extension,626,-770,112
arms,triceps-extension,667,-727,116
arms,triceps-extension,663,-712,109
arms,triceps-extension,667,-673,126
arms,triceps-extension,667,-613,131
arms,triceps-extension,706,-592,128
arms,triceps-extension,733,-572,97
arms,triceps-extension,741,-555,65
arms,triceps-extension,758,-519,66
arms,triceps-extension,749,-482,44
arms,triceps-extension,718,-441,-3
arms,triceps-extension,700,-399,6
arms,triceps-extension,684,-347,20
arms,triceps-extension,680,-288,32
arms,triceps-extension,700,-272,25
arms,triceps-extension,727,-276,3
arms,triceps-extension,765,-276,12
arms,triceps-extension,809,-283,8
arms,triceps-extension,842,-294,-5
arms,triceps-extension,865,-313,-21
arms,triceps-extension,880,-328,-13
arms,triceps-extension,877,-323,-24
arms,triceps-extension,882,-312,-35
arms,triceps-extension,902,-314,3
arms,triceps-extension,887,-313,-24
arms,triceps-extension,858,-296,-58
arms,triceps-extension,826,-300,-34
arms,triceps-extension,782,-307,-3
arms,triceps-extension,766,-293,35
arms,triceps-extension,734,-313,23
arms,triceps-extension,768,-327,65
arms,triceps-extension,806,-373,107
arms,triceps-extension,792,-453,76
arms,triceps-extension,797,-497,55
arms,triceps-extension,837,-572,108
arms,triceps-extension,807,-609,63
arms,triceps-extension,790,-626,54
arms,triceps-extension,760,-674,23
arms,triceps-extension,760,-752,-16
arms,triceps-extension,720,-792,16
arms,triceps-extension,697,-776,16
arms,triceps-extension,704,-837,46
arms,triceps-extension,637,-825,41
arms,triceps-extension,588,-802,25
arms,triceps-extension,570,-821,45
arms,triceps-extension,533,-845,69
arms,triceps-extension,501,-834,86
arms,triceps-extension,509,-859,75
arms,triceps-extension,479,-890,98
arms,triceps-extension,453,-877,79
arms,triceps-extension,436,-884,84
arms,triceps-extension,408,-900,94
arms,triceps-extension,371,-904,90
arms,triceps-extension,366,-915,77
arms,triceps-extension,329,-920,72
arms,triceps-extension,290,-904,56
arms,triceps-extension,291,-922,80
arms,triceps-extension,296,-900,152
arms,triceps-extension,296,-905,154
arms,triceps-extension,291,-906,169
arms,triceps-extension,265,-910,173
arms,triceps-extension,235,-933,156
arms,triceps-extension,220,-944,178
arms,triceps-extension,212,-956,188
arms,triceps-extension,196,-984,160
arms,triceps-extension,180,-996,152
arms,triceps-extension,165,-1003,149
arms,triceps-extension,138,-1027,125
arms,triceps-extension,120,-1030,115
arms,triceps-extension,126,-1029,146
arms,triceps-extension,127,-1045,181
arms,triceps-extension,97,-1034,173
arms,triceps-extension,75,-1027,179
arms,triceps-extension,72,-1029,200
arms,triceps-extension,51,-1026,198
arms,triceps-extension,35,-1043,187
arms,triceps-extension,18,-1076,178
arms,triceps-extension,-6,-1102,170
arms,triceps-extension,-20,-1148,132
arms,triceps-extension,-13,-1167,149
arms,triceps-extension,-31,-1198,155
arms,triceps-extension,-24,-1223,109
arms,triceps-extension,-22,-1215,175
arms,triceps-extension,-7,-1206,167
arms,triceps-extension,3,-1190,155
arms,triceps-extension,33,-1172,108
arms,triceps-extension,42,-1134,77
arms,triceps-extension,64,-1103,144
arms,triceps-extension,73,-1079,137
arms,triceps-extension,112,-1056,176
arms,triceps-extension,144,-1008,104
arms,triceps-extension,160,-1016,220
arms,triceps-extension,213,-1001,194
arms,triceps-extension,261,-1015,222
arms,triceps-extension,271,-1001,231
arms,triceps-extension,308,-986,125
arms,triceps-extension,326,-963,182
arms,triceps-extension,335,-940,158
arms,triceps-extension,376,-936,145
arms,triceps-extension,384,-923,118
arms,triceps-extension,390,-920,74
arms,triceps-extension,411,-908,114
arms,triceps-extension,428,-862,128
arms,triceps-extension,467,-860,99
arms,triceps-extension,486,-807,145
arms,triceps-extension,505,-773,151
arms,triceps-extension,539,-752,112
arms,triceps-extension,563,-728,33
arms,triceps-extension,558,-710,20
arms,triceps-extension,582,-704,62
arms,triceps-extension,629,-694,85
arms,triceps-extension,648,-651,93
arms,triceps-extension,644,-642,56
arms,triceps-extension,683,-656,37
arms,triceps-extension,732,-639,69
arms,triceps-extension,748,-624,76
arms,triceps-extension,775,-624,49
arms,triceps-extension,815,-613,21
arms,triceps-extension,843,-589,4
arms,triceps-extension,849,-566,-17
arms,triceps-extension,821,-542,-56
arms,triceps-extension,771,-497,-86
arms,triceps-extension,719,-436,-99
arms,triceps-extension,691,-386,-74
arms,triceps-extension,693,-318,-24
arms,triceps-extension,688,-296,-57
arms,triceps-extension,699,-296,-82
arms,triceps-extension,743,-302,-37
arms,triceps-extension,796,-318,-6
arms,triceps-extension,832,-321,-16
arms,triceps-extension,842,-354,-59
arms,triceps-extension,879,-366,-15
arms,triceps-extension,869,-389,-61
arms,triceps-extension,855,-376,-123
arms,triceps-extension,847,-377,-88
arms,triceps-extension,838,-382,-38
arms,triceps-extension,819,-369,-89
arms,triceps-extension,769,-373,-91
arms,triceps-extension,783,-337,-25
arms,triceps-extension,768,-352,-38
arms,triceps-extension,784,-345,16
arms,triceps-extension,792,-399,8
arms,triceps-extension,769,-454,16
arms,triceps-extension,745,-479,-14
arms,triceps-extension,766,-525,-9
arms,triceps-extension,746,-586,-1
arms,triceps-extension,751,-599,7
arms,triceps-extension,745,-656,-20
arms,triceps-extension,683,-671,-44
arms,triceps-extension,652,-692,-41
arms,triceps-extension,641,-729,-20
arms,triceps-extension,621,-730,-22
arms,triceps-extension,573,-753,-43
arms,triceps-extension,560,-790,-24
arms,triceps-extension,542,-806,-69
arms,triceps-extension,542,-819,-36
arms,triceps-extension,527,-846,17
arms,triceps-extension,515,-861,32
arms,triceps-extension,501,-885,32
arms,triceps-extension,481,-911,32
arms,triceps-extension,452,-920,62
arms,triceps-extension,435,-934,70
arms,triceps-extension,418,-963,69
arms,triceps-extension,390,-985,85
arms,triceps-extension,376,-983,131
arms,triceps-extension,368,-976,156
arms,triceps-extension,336,-984,160
arms,triceps-extension,297,-977,168
arms,triceps-extension,269,-967,175
arms,triceps-extension,245,-976,170
arms,triceps-extension,219,-969,159
arms,triceps-extension,190,-963,174
arms,triceps-extension,176,-965,187
arms,triceps-extension,164,-960,169
arms,triceps-extension,139,-963,136
arms,triceps-extension,123,-973,144
arms,triceps-extension,107,-986,128
arms,triceps-extension,85,-990,117
arms,triceps-extension,56,-988,96
arms,triceps-extension,52,-996,122
arms,triceps-extension,35,-984,130
arms,triceps-extension,11,-986,136
arms,triceps-extension,-8,-993,130
arms,triceps-extension,-13,-1005,104
arms,triceps-extension,-41,-1033,111
arms,triceps-extension,-48,-1042,146
arms,triceps-extension,-49,-1062,107
arms,triceps-extension,-57,-1113,138
arms,triceps-extension,-64,-1122,162
arms,triceps-extension,-65,-1154,192
arms,triceps-extension,-81,-1185,200
arms,triceps-extension,-104,-1232,184
arms,triceps-extension,-104,-1208,168
arms,triceps-extension,-104,-1208,168
arms,triceps-extension,-127,-1224,222
arms,triceps-extension,-75,-1178,300
arms,triceps-extension,-35,-1169,274
arms,triceps-extension,-32,-1110,243
arms,triceps-extension,-32,-1083,219
arms,triceps-extension,-25,-1024,223
arms,triceps-extension,-4,-1002,251
arms,triceps-extension,20,-1000,209
arms,triceps-extension,44,-980,226
arms,triceps-extension,61,-982,200
arms,triceps-extension,95,-972,211
arms,triceps-extension,122,-986,228
arms,triceps-extension,157,-980,244
arms,triceps-extension,191,-970,259
arms,triceps-extension,233,-968,253
arms,triceps-extension,243,-968,232
arms,triceps-extension,266,-968,182
arms,triceps-extension,290,-968,145
arms,triceps-extension,336,-958,180
arms,triceps-extension,360,-947,198
arms,triceps-extension,365,-939,164
arms,triceps-extension,390,-923,166
arms,triceps-extension,417,-899,158
arms,triceps-extension,428,-880,148
arms,triceps-extension,448,-848,160
arms,triceps-extension,468,-816,145
arms,triceps-extension,479,-797,128
arms,triceps-extension,520,-780,167
arms,triceps-extension,573,-769,182
arms,triceps-extension,611,-750,159
arms,triceps-extension,652,-739,171
arms,triceps-extension,692,-744,153
arms,triceps-extension,739,-728,179
arms,triceps-extension,768,-693,142
arms,triceps-extension,782,-671,95
arms,triceps-extension,765,-621,110
arms,triceps-extension,734,-577,96
arms,triceps-extension,716,-524,66
arms,triceps-extension,671,-479,43
arms,triceps-extension,633,-435,24
arms,triceps-extension,607,-369,27
arms,triceps-extension,600,-299,37
arms,triceps-extension,598,-271,17
arms,triceps-extension,589,-264,-23
arms,triceps-extension,632,-265,-13
arms,triceps-extension,706,-271,17
arms,triceps-extension,807,-266,20
arms,triceps-extension,802,-296,-40
arms,triceps-extension,848,-298,-32
arms,triceps-extension,864,-352,-17
arms,triceps-extension,888,-336,-95
arms,triceps-extension,896,-320,-80
arms,triceps-extension,850,-282,-80
arms,triceps-extension,863,-280,-65
arms,triceps-extension,769,-287,-93
arms,triceps-extension,781,-231,-60
arms,triceps-extension,749,-224,-63
arms,triceps-extension,717,-231,-98
arms,triceps-extension,712,-199,-64
arms,triceps-extension,705,-238,-82
arms,triceps-extension,691,-223,-126
arms,triceps-extension,676,-204,-74
arms,triceps-extension,630,-218,-74
arms,triceps-extension,663,-195,-98
arms,triceps-extension,697,-178,-81
arms,triceps-extension,721,-187,34
arms,triceps-extension,733,-181,-34
arms,triceps-extension,768,-165,-67
arms,triceps-extension,753,-201,-153
arms,triceps-extension,736,-189,-213
arms,triceps-extension,741,-154,-249
arms,triceps-extension,749,-163,-226
arms,triceps-extension,774,-163,-232
arms,triceps-extension,792,-143,-251
arms,triceps-extension,796,-153,-257
arms,triceps-extension,808,-160,-244
arms,triceps-extension,858,-140,-204
arms,triceps-extension,886,-124,-196
arms,triceps-extension,885,-116,-218
arms,triceps-extension,936,-119,-247
arms,triceps-extension,974,-125,-307
arms,triceps-extension,1008,-141,-442
arms,triceps-extension,1068,-179,-501
arms,triceps-extension,1131,-198,-462
arms,triceps-extension,1220,-232,-535
arms,triceps-extension,1311,-246,-615
arms,triceps-extension,1374,-235,-705
arms,triceps-extension,1429,-201,-825
arms,triceps-extension,1364,-124,-701
arms,triceps-extension,1317,-63,-515
arms,triceps-extension,1259,34,-504
arms,triceps-extension,1160,93,-520
arms,triceps-extension,1068,185,-419
arms,triceps-extension,955,197,-252
arms,triceps-extension,868,233,-128
arms,triceps-extension,775,304,-50
arms,triceps-extension,690,370,132
arms,triceps-extension,629,399,87
arms,triceps-extension,583,491,73
arms,triceps-extension,559,545,87
arms,triceps-extension,520,568,64
arms,triceps-extension,512,616,-32
arms,triceps-extension,481,686,-102
arms,triceps-extension,419,673,25
arms,triceps-extension,431,724,-13
arms,triceps-extension,388,852,-89
arms,triceps-extension,334,785,18
arms,triceps-extension,300,825,25
arms,triceps-extension,241,900,85
arms,triceps-extension,165,945,83
arms,triceps-extension,80,991,132
arms,triceps-extension,13,962,182
arms,triceps-extension,-112,1026,62
arms,triceps-extension,-162,976,90
arms,triceps-extension,-192,940,218
arms,triceps-extension,-240,965,130
arms,triceps-extension,-312,948,130
arms,triceps-extension,-352,893,293
arms,triceps-extension,-392,914,271
arms,triceps-extension,-454,885,331
arms,triceps-extension,-480,812,313
arms,triceps-extension,-513,832,321
arms,triceps-extension,-545,845,341
arms,triceps-extension,-601,810,337
arms,triceps-extension,-666,783,301
arms,triceps-extension,-692,797,385
arms,triceps-extension,-740,764,412
arms,triceps-extension,-792,758,320
arms,triceps-extension,-841,764,360
arms,triceps-extension,-906,716,377
arms,triceps-extension,-931,713,345
arms,triceps-extension,-949,704,391
arms,triceps-extension,-968,707,375
arms,triceps-extension,-962,686,279
arms,triceps-extension,-955,593,223
arms,triceps-extension,-950,543,236
arms,triceps-extension,-952,624,326
arms,triceps-extension,-1013,601,250
arms,triceps-extension,-1003,536,300
arms,triceps-extension,-952,492,381
arms,triceps-extension,-990,432,266
arms,triceps-extension,-1027,424,325
arms,triceps-extension,-979,393,324
arms,triceps-extension,-993,403,364
arms,triceps-extension,-1007,415,288
arms,triceps-extension,-1043,408,211
arms,triceps-extension,-1001,406,342
arms,triceps-extension,-948,392,320
arms,triceps-extension,-987,389,239
arms,triceps-extension,-1024,350,240
arms,triceps-extension,-1026,318,400
arms,triceps-extension,-1104,264,399
arms,triceps-extension,-1120,232,257
arms,triceps-extension,-1089,302,240
arms,triceps-extension,-943,304,347
arms,triceps-extension,-929,386,389
arms,triceps-extension,-892,283,472
arms,triceps-extension,-945,358,523
arms,triceps-extension,-987,270,144
arms,triceps-extension,-842,386,231
arms,triceps-extension,-863,375,356
arms,triceps-extension,-963,264,389
arms,triceps-extension,-971,240,487
arms,triceps-extension,-937,271,419
arms,triceps-extension,-898,359,350
arms,triceps-extension,-882,443,171
arms,triceps-extension,-886,453,198
arms,triceps-extension,-916,437,243
arms,triceps-extension,-939,356,400
arms,triceps-extension,-955,304,446
arms,triceps-extension,-940,271,442
arms,triceps-extension,-893,300,492
arms,triceps-extension,-853,357,501
arms,triceps-extension,-835,348,423
arms,triceps-extension,-796,319,345
arms,triceps-extension,-755,351,359
arms,triceps-extension,-790,388,417
arms,triceps-extension,-872,340,404
arms,triceps-extension,-939,280,264
arms,triceps-extension,-986,246,115
arms,triceps-extension,-1001,234,93
arms,triceps-extension,-995,266,140
arms,triceps-extension,-990,274,158
arms,triceps-extension,-964,288,172
arms,triceps-extension,-935,337,239
arms,triceps-extension,-915,360,291
arms,triceps-extension,-899,381,351
arms,triceps-extension,-890,392,427
arms,triceps-extension,-898,399,416
arms,triceps-extension,-906,416,412
arms,triceps-extension,-914,418,388
arms,triceps-extension,-920,426,352
arms,triceps-extension,-925,435,359
arms,triceps-extension,-951,464,421
arms,triceps-extension,-1007,552,621
arms,triceps-extension,-1136,616,762
arms,triceps-extension,-1237,513,499
arms,triceps-extension,-1281,468,517
arms,triceps-extension,-1357,502,470
arms,triceps-extension,-1405,479,286
arms,triceps-extension,-1365,474,254
arms,triceps-extension,-1311,530,213
arms,triceps-extension,-1288,856,112
