shoulders,lateral-raise,613,254,-653
shoulders,lateral-raise,1030,-870,-499
shoulders,lateral-raise,1661,205,-901
shoulders,lateral-raise,1026,964,-961
shoulders,lateral-raise,1031,853,-784
shoulders,lateral-raise,712,837,-812
shoulders,lateral-raise,753,661,-783
shoulders,lateral-raise,354,713,-905
shoulders,lateral-raise,-50,58,-688
shoulders,lateral-raise,-367,980,-1031
shoulders,lateral-raise,-1593,1322,-1115
shoulders,lateral-raise,-197,2103,-1114
shoulders,lateral-raise,928,1350,-652
shoulders,lateral-raise,320,28,-669
shoulders,lateral-raise,251,-175,-551
shoulders,lateral-raise,35,199,-588
shoulders,lateral-raise,51,195,-528
shoulders,lateral-raise,148,247,-496
shoulders,lateral-raise,289,334,-509
shoulders,lateral-raise,364,389,-467
shoulders,lateral-raise,378,384,-455
shoulders,lateral-raise,444,404,-401
shoulders,lateral-raise,479,443,-345
shoulders,lateral-raise,525,501,-320
shoulders,lateral-raise,582,558,-290
shoulders,lateral-raise,617,589,-206
shoulders,lateral-raise,652,615,-173
shoulders,lateral-raise,710,653,-159
shoulders,lateral-raise,774,677,-139
shoulders,lateral-raise,835,695,-85
shoulders,lateral-raise,913,704,-64
shoulders,lateral-raise,982,688,-78
shoulders,lateral-raise,1034,619,-54
shoulders,lateral-raise,1087,603,4
shoulders,lateral-raise,1133,598,41
shoulders,lateral-raise,1144,572,28
shoulders,lateral-raise,1151,545,44
shoulders,lateral-raise,1160,502,79
shoulders,lateral-raise,1173,462,101
shoulders,lateral-raise,1227,478,31
shoulders,lateral-raise,1232,416,-95
shoulders,lateral-raise,1163,417,170
shoulders,lateral-raise,1205,571,117
shoulders,lateral-raise,1263,527,189
shoulders,lateral-raise,1280,342,349
shoulders,lateral-raise,1236,328,52
shoulders,lateral-raise,1135,376,-297
shoulders,lateral-raise,1169,440,-161
shoulders,lateral-raise,1283,383,55
shoulders,lateral-raise,1376,339,9
shoulders,lateral-raise,1384,272,-111
shoulders,lateral-raise,1313,255,-241
shoulders,lateral-raise,1240,251,-120
shoulders,lateral-raise,1196,289,94
shoulders,lateral-raise,1137,281,128
shoulders,lateral-raise,1068,312,97
shoulders,lateral-raise,1015,295,3
shoulders,lateral-raise,970,223,-7
shoulders,lateral-raise,947,206,39
shoulders,lateral-raise,909,194,62
shoulders,lateral-raise,857,184,48
shoulders,lateral-raise,838,191,-18
shoulders,lateral-raise,813,178,-47
shoulders,lateral-raise,798,161,-55
shoulders,lateral-raise,789,175,-1
shoulders,lateral-raise,784,160,-54
shoulders,lateral-raise,793,215,-110
shoulders,lateral-raise,795,299,-147
shoulders,lateral-raise,761,177,-346
shoulders,lateral-raise,808,129,-358
shoulders,lateral-raise,808,151,-235
shoulders,lateral-raise,805,297,-162
shoulders,lateral-raise,877,315,-416
shoulders,lateral-raise,910,392,-571
shoulders,lateral-raise,943,453,-829
shoulders,lateral-raise,994,388,-965
shoulders,lateral-raise,1051,347,-953
shoulders,lateral-raise,1104,341,-872
shoulders,lateral-raise,1151,328,-893
shoulders,lateral-raise,1229,349,-1008
shoulders,lateral-raise,1286,344,-839
shoulders,lateral-raise,1306,385,-910
shoulders,lateral-raise,1328,404,-987
shoulders,lateral-raise,1296,410,-937
shoulders,lateral-raise,1311,377,-953
shoulders,lateral-raise,1285,396,-903
shoulders,lateral-raise,1263,418,-965
shoulders,lateral-raise,1214,437,-914
shoulders,lateral-raise,1132,434,-870
shoulders,lateral-raise,1017,439,-749
shoulders,lateral-raise,916,394,-766
shoulders,lateral-raise,840,352,-728
shoulders,lateral-raise,747,368,-705
shoulders,lateral-raise,637,292,-605
shoulders,lateral-raise,587,281,-593
shoulders,lateral-raise,533,258,-526
shoulders,lateral-raise,471,177,-520
shoulders,lateral-raise,352,203,-366
shoulders,lateral-raise,309,133,-440
shoulders,lateral-raise,224,133,-429
shoulders,lateral-raise,117,129,-463
shoulders,lateral-raise,7,103,-377
shoulders,lateral-raise,-66,77,-420
shoulders,lateral-raise,-122,30,-386
shoulders,lateral-raise,-177,10,-350
shoulders,lateral-raise,-209,-3,-344
shoulders,lateral-raise,-277,-19,-322
shoulders,lateral-raise,-309,-78,-344
shoulders,lateral-raise,-338,-88,-397
shoulders,lateral-raise,-388,-80,-391
shoulders,lateral-raise,-433,-85,-401
shoulders,lateral-raise,-453,-98,-387
shoulders,lateral-raise,-442,-104,-354
shoulders,lateral-raise,-454,-68,-389
shoulders,lateral-raise,-476,-87,-489
shoulders,lateral-raise,-488,-136,-507
shoulders,lateral-raise,-492,-116,-512
shoulders,lateral-raise,-473,-107,-502
shoulders,lateral-raise,-463,-124,-444
shoulders,lateral-raise,-447,-116,-486
shoulders,lateral-raise,-419,-109,-584
shoulders,lateral-raise,-421,-110,-637
shoulders,lateral-raise,-398,-126,-675
shoulders,lateral-raise,-383,-130,-671
shoulders,lateral-raise,-386,-112,-558
shoulders,lateral-raise,-328,-88,-589
shoulders,lateral-raise,-279,-60,-641
shoulders,lateral-raise,-245,-50,-729
shoulders,lateral-raise,-260,-88,-718
shoulders,lateral-raise,-254,-60,-756
shoulders,lateral-raise,-200,-55,-814
shoulders,lateral-raise,-195,-68,-820
shoulders,lateral-raise,-166,-25,-854
shoulders,lateral-raise,-112,-33,-813
shoulders,lateral-raise,-60,-39,-845
shoulders,lateral-raise,11,-31,-864
shoulders,lateral-raise,39,-20,-821
shoulders,lateral-raise,100,14,-927
shoulders,lateral-raise,136,-8,-924
shoulders,lateral-raise,136,-9,-981
shoulders,lateral-raise,145,-22,-1068
shoulders,lateral-raise,193,40,-937
shoulders,lateral-raise,255,16,-1055
shoulders,lateral-raise,279,24,-1009
shoulders,lateral-raise,326,39,-978
shoulders,lateral-raise,410,33,-1073
shoulders,lateral-raise,423,32,-992
shoulders,lateral-raise,460,89,-1048
shoulders,lateral-raise,499,68,-1007
shoulders,lateral-raise,538,119,-945
shoulders,lateral-raise,584,81,-1016
shoulders,lateral-raise,592,118,-947
shoulders,lateral-raise,598,96,-947
shoulders,lateral-raise,656,119,-847
shoulders,lateral-raise,660,104,-961
shoulders,lateral-raise,697,137,-926
shoulders,lateral-raise,718,106,-844
shoulders,lateral-raise,692,133,-757
shoulders,lateral-raise,718,157,-863
shoulders,lateral-raise,747,128,-865
shoulders,lateral-raise,747,137,-776
shoulders,lateral-raise,779,152,-784
shoulders,lateral-raise,800,142,-851
shoulders,lateral-raise,777,150,-801
shoulders,lateral-raise,769,142,-771
shoulders,lateral-raise,793,98,-805
shoulders,lateral-raise,812,122,-666
shoulders,lateral-raise,824,148,-540
shoulders,lateral-raise,844,136,-594
shoulders,lateral-raise,860,151,-684
shoulders,lateral-raise,868,156,-718
shoulders,lateral-raise,862,152,-652
shoulders,lateral-raise,848,152,-547
shoulders,lateral-raise,842,146,-501
shoulders,lateral-raise,844,145,-536
shoulders,lateral-raise,859,157,-541
shoulders,lateral-raise,851,155,-539
shoulders,lateral-raise,861,170,-519
shoulders,lateral-raise,865,183,-522
shoulders,lateral-raise,852,164,-482
shoulders,lateral-raise,868,182,-468
shoulders,lateral-raise,882,198,-485
shoulders,lateral-raise,886,182,-501
shoulders,lateral-raise,879,154,-461
shoulders,lateral-raise,877,201,-348
shoulders,lateral-raise,906,207,-382
shoulders,lateral-raise,916,194,-465
shoulders,lateral-raise,890,156,-462
shoulders,lateral-raise,903,195,-375
shoulders,lateral-raise,895,222,-375
shoulders,lateral-raise,888,192,-465
shoulders,lateral-raise,880,192,-478
shoulders,lateral-raise,864,184,-416
shoulders,lateral-raise,840,176,-464
shoulders,lateral-raise,840,176,-464
shoulders,lateral-raise,863,168,-542
shoulders,lateral-raise,864,168,-498
shoulders,lateral-raise,916,190,-593
shoulders,lateral-raise,942,214,-731
shoulders,lateral-raise,973,237,-872
shoulders,lateral-raise,969,254,-979
shoulders,lateral-raise,988,242,-985
shoulders,lateral-raise,1012,260,-964
shoulders,lateral-raise,1042,238,-888
shoulders,lateral-raise,1048,276,-929
shoulders,lateral-raise,1054,282,-956
shoulders,lateral-raise,1044,316,-978
shoulders,lateral-raise,1064,293,-955
shoulders,lateral-raise,1083,303,-927
shoulders,lateral-raise,1071,312,-931
shoulders,lateral-raise,1042,307,-871
shoulders,lateral-raise,1011,299,-835
shoulders,lateral-raise,995,286,-822
shoulders,lateral-raise,967,280,-831
shoulders,lateral-raise,933,270,-850
shoulders,lateral-raise,901,269,-828
shoulders,lateral-raise,857,259,-786
shoulders,lateral-raise,806,270,-746
shoulders,lateral-raise,763,284,-790
shoulders,lateral-raise,736,260,-848
shoulders,lateral-raise,678,263,-829
shoulders,lateral-raise,606,255,-837
shoulders,lateral-raise,556,227,-812
shoulders,lateral-raise,496,227,-739
shoulders,lateral-raise,441,205,-770
shoulders,lateral-raise,380,185,-820
shoulders,lateral-raise,304,151,-802
shoulders,lateral-raise,223,120,-736
shoulders,lateral-raise,166,96,-736
shoulders,lateral-raise,137,93,-736
shoulders,lateral-raise,97,43,-663
shoulders,lateral-raise,27,51,-516
shoulders,lateral-raise,-10,90,-614
shoulders,lateral-raise,-48,44,-613
shoulders,lateral-raise,-167,35,-619
shoulders,lateral-raise,-198,48,-569
shoulders,lateral-raise,-235,36,-584
shoulders,lateral-raise,-286,-28,-599
shoulders,lateral-raise,-271,-40,-444
shoulders,lateral-raise,-267,13,-367
shoulders,lateral-raise,-287,-15,-437
shoulders,lateral-raise,-282,-86,-556
shoulders,lateral-raise,-315,-56,-404
shoulders,lateral-raise,-368,-50,-490
shoulders,lateral-raise,-360,-104,-543
shoulders,lateral-raise,-408,-88,-401
shoulders,lateral-raise,-385,-111,-524
shoulders,lateral-raise,-354,-74,-520
shoulders,lateral-raise,-374,-124,-490
shoulders,lateral-raise,-376,-113,-546
shoulders,lateral-raise,-412,-76,-516
shoulders,lateral-raise,-423,-65,-561
shoulders,lateral-raise,-363,-84,-575
shoulders,lateral-raise,-325,-75,-616
shoulders,lateral-raise,-313,-59,-631
shoulders,lateral-raise,-312,-75,-676
shoulders,lateral-raise,-287,-55,-707
shoulders,lateral-raise,-250,-42,-706
shoulders,lateral-raise,-205,-52,-692
shoulders,lateral-raise,-192,-56,-728
shoulders,lateral-raise,-159,-39,-777
shoulders,lateral-raise,-106,-10,-803
shoulders,lateral-raise,-77,-5,-813
shoulders,lateral-raise,-36,-18,-847
shoulders,lateral-raise,-1,-4,-820
shoulders,lateral-raise,51,37,-854
shoulders,lateral-raise,99,51,-896
shoulders,lateral-raise,139,26,-914
shoulders,lateral-raise,186,51,-889
shoulders,lateral-raise,237,76,-893
shoulders,lateral-raise,268,96,-952
shoulders,lateral-raise,318,140,-1014
shoulders,lateral-raise,372,170,-1004
shoulders,lateral-raise,415,164,-972
shoulders,lateral-raise,481,128,-971
shoulders,lateral-raise,536,144,-943
shoulders,lateral-raise,618,134,-915
shoulders,lateral-raise,649,124,-912
shoulders,lateral-raise,613,162,-1011
shoulders,lateral-raise,627,111,-888
shoulders,lateral-raise,644,162,-904
shoulders,lateral-raise,690,157,-902
shoulders,lateral-raise,723,139,-858
shoulders,lateral-raise,704,176,-815
shoulders,lateral-raise,752,196,-974
shoulders,lateral-raise,754,181,-831
shoulders,lateral-raise,763,169,-746
shoulders,lateral-raise,777,173,-783
shoulders,lateral-raise,782,171,-737
shoulders,lateral-raise,771,227,-740
shoulders,lateral-raise,797,192,-711
shoulders,lateral-raise,836,192,-700
shoulders,lateral-raise,802,191,-663
shoulders,lateral-raise,833,186,-745
shoulders,lateral-raise,848,216,-614
shoulders,lateral-raise,832,200,-560
shoulders,lateral-raise,840,216,-632
shoulders,lateral-raise,824,177,-624
shoulders,lateral-raise,832,168,-571
shoulders,lateral-raise,832,198,-583
shoulders,lateral-raise,854,229,-635
shoulders,lateral-raise,856,232,-540
shoulders,lateral-raise,891,239,-430
shoulders,lateral-raise,903,220,-450
shoulders,lateral-raise,917,236,-503
shoulders,lateral-raise,920,194,-473
shoulders,lateral-raise,933,222,-407
shoulders,lateral-raise,930,244,-460
shoulders,lateral-raise,916,236,-516
shoulders,lateral-raise,894,208,-457
shoulders,lateral-raise,888,246,-375
shoulders,lateral-raise,899,242,-402
shoulders,lateral-raise,909,221,-446
shoulders,lateral-raise,901,232,-451
shoulders,lateral-raise,896,255,-392
shoulders,lateral-raise,916,210,-429
shoulders,lateral-raise,923,176,-410
shoulders,lateral-raise,920,204,-317
shoulders,lateral-raise,924,206,-356
shoulders,lateral-raise,932,205,-386
shoulders,lateral-raise,932,204,-377
shoulders,lateral-raise,932,196,-392
shoulders,lateral-raise,940,192,-450
shoulders,lateral-raise,933,147,-589
shoulders,lateral-raise,948,97,-606
shoulders,lateral-raise,1008,149,-502
shoulders,lateral-raise,1050,267,-668
shoulders,lateral-raise,1036,320,-991
shoulders,lateral-raise,975,332,-1074
shoulders,lateral-raise,971,311,-1004
shoulders,lateral-raise,1032,245,-849
shoulders,lateral-raise,1053,267,-804
shoulders,lateral-raise,1094,256,-913
shoulders,lateral-raise,1162,284,-974
shoulders,lateral-raise,1150,344,-956
shoulders,lateral-raise,1157,309,-911
shoulders,lateral-raise,1122,340,-873
shoulders,lateral-raise,1124,299,-839
shoulders,lateral-raise,1096,315,-807
shoulders,lateral-raise,1057,330,-854
shoulders,lateral-raise,1051,337,-906
shoulders,lateral-raise,953,291,-716
shoulders,lateral-raise,895,306,-822
shoulders,lateral-raise,885,245,-878
shoulders,lateral-raise,843,312,-746
shoulders,lateral-raise,751,304,-776
shoulders,lateral-raise,719,319,-784
shoulders,lateral-raise,665,193,-824
shoulders,lateral-raise,563,192,-661
shoulders,lateral-raise,476,238,-740
shoulders,lateral-raise,420,225,-729
shoulders,lateral-raise,321,275,-706
shoulders,lateral-raise,269,187,-711
shoulders,lateral-raise,243,218,-684
shoulders,lateral-raise,179,204,-816
shoulders,lateral-raise,128,113,-707
shoulders,lateral-raise,107,89,-563
shoulders,lateral-raise,85,113,-504
shoulders,lateral-raise,37,132,-595
shoulders,lateral-raise,12,39,-654
shoulders,lateral-raise,-45,37,-564
shoulders,lateral-raise,-127,42,-574
shoulders,lateral-raise,-191,85,-536
shoulders,lateral-raise,-235,61,-599
shoulders,lateral-raise,-264,-39,-551
shoulders,lateral-raise,-277,17,-412
shoulders,lateral-raise,-320,32,-498
shoulders,lateral-raise,-373,-45,-613
shoulders,lateral-raise,-387,-61,-567
shoulders,lateral-raise,-393,-44,-493
shoulders,lateral-raise,-409,-18,-481
shoulders,lateral-raise,-404,-12,-567
shoulders,lateral-raise,-388,-48,-652
shoulders,lateral-raise,-407,-49,-614
shoulders,lateral-raise,-410,-39,-567
shoulders,lateral-raise,-388,-52,-555
shoulders,lateral-raise,-382,-48,-585
shoulders,lateral-raise,-355,-48,-609
shoulders,lateral-raise,-336,-57,-531
shoulders,lateral-raise,-321,-66,-562
shoulders,lateral-raise,-274,-48,-603
shoulders,lateral-raise,-224,-27,-579
shoulders,lateral-raise,-206,-35,-567
shoulders,lateral-raise,-193,-60,-639
shoulders,lateral-raise,-170,-8,-734
shoulders,lateral-raise,-138,-2,-710
shoulders,lateral-raise,-96,3,-665
shoulders,lateral-raise,-83,-37,-724
shoulders,lateral-raise,-29,-15,-838
shoulders,lateral-raise,-8,27,-883
shoulders,lateral-raise,38,34,-967
shoulders,lateral-raise,77,11,-917
shoulders,lateral-raise,113,84,-958
shoulders,lateral-raise,128,56,-997
shoulders,lateral-raise,219,132,-903
shoulders,lateral-raise,266,77,-1106
shoulders,lateral-raise,315,166,-991
shoulders,lateral-raise,424,104,-952
shoulders,lateral-raise,384,104,-848
shoulders,lateral-raise,384,104,-848
shoulders,lateral-raise,477,182,-1151
shoulders,lateral-raise,503,85,-909
shoulders,lateral-raise,534,162,-903
shoulders,lateral-raise,558,153,-933
shoulders,lateral-raise,589,202,-1036
shoulders,lateral-raise,634,180,-880
shoulders,lateral-raise,626,162,-836
shoulders,lateral-raise,664,253,-805
shoulders,lateral-raise,659,181,-859
shoulders,lateral-raise,643,217,-834
shoulders,lateral-raise,652,232,-855
shoulders,lateral-raise,692,226,-773
shoulders,lateral-raise,704,230,-697
shoulders,lateral-raise,727,295,-812
shoulders,lateral-raise,775,225,-797
shoulders,lateral-raise,787,211,-698
shoulders,lateral-raise,810,261,-685
shoulders,lateral-raise,834,265,-732
shoulders,lateral-raise,845,246,-757
shoulders,lateral-raise,848,259,-674
shoulders,lateral-raise,853,244,-621
shoulders,lateral-raise,869,215,-620
shoulders,lateral-raise,863,255,-646
shoulders,lateral-raise,860,263,-664
shoulders,lateral-raise,892,204,-620
shoulders,lateral-raise,893,214,-534
shoulders,lateral-raise,876,271,-543
shoulders,lateral-raise,891,267,-605
shoulders,lateral-raise,901,213,-579
shoulders,lateral-raise,893,199,-489
shoulders,lateral-raise,900,244,-430
shoulders,lateral-raise,923,247,-524
shoulders,lateral-raise,925,197,-563
shoulders,lateral-raise,915,183,-540
shoulders,lateral-raise,902,237,-480
shoulders,lateral-raise,898,228,-453
shoulders,lateral-raise,908,191,-380
shoulders,lateral-raise,922,232,-370
shoulders,lateral-raise,928,228,-399
shoulders,lateral-raise,925,224,-467
shoulders,lateral-raise,911,255,-404
shoulders,lateral-raise,899,247,-341
shoulders,lateral-raise,874,236,-290
shoulders,lateral-raise,889,216,-304
shoulders,lateral-raise,895,214,-304
shoulders,lateral-raise,888,199,-311
shoulders,lateral-raise,890,180,-387
shoulders,lateral-raise,912,129,-418
shoulders,lateral-raise,912,144,-308
shoulders,lateral-raise,896,136,-441
shoulders,lateral-raise,928,104,-551
shoulders,lateral-raise,975,158,-614
shoulders,lateral-raise,991,221,-738
shoulders,lateral-raise,1029,246,-945
shoulders,lateral-raise,1054,248,-989
shoulders,lateral-raise,1077,205,-906
shoulders,lateral-raise,1122,179,-847
shoulders,lateral-raise,1108,237,-929
shoulders,lateral-raise,1157,195,-971
shoulders,lateral-raise,1161,197,-878
shoulders,lateral-raise,1173,244,-831
shoulders,lateral-raise,1188,225,-867
shoulders,lateral-raise,1150,234,-874
shoulders,lateral-raise,1142,181,-843
shoulders,lateral-raise,1127,217,-838
shoulders,lateral-raise,1092,223,-846
shoulders,lateral-raise,1080,184,-843
shoulders,lateral-raise,1054,215,-819
shoulders,lateral-raise,1030,194,-854
shoulders,lateral-raise,980,188,-826
shoulders,lateral-raise,909,195,-715
shoulders,lateral-raise,829,169,-724
shoulders,lateral-raise,765,148,-822
shoulders,lateral-raise,692,140,-829
shoulders,lateral-raise,611,148,-746
shoulders,lateral-raise,536,144,-716
shoulders,lateral-raise,465,113,-698
shoulders,lateral-raise,399,111,-663
shoulders,lateral-raise,349,103,-690
shoulders,lateral-raise,319,89,-709
shoulders,lateral-raise,261,83,-678
shoulders,lateral-raise,174,46,-600
shoulders,lateral-raise,103,50,-568
shoulders,lateral-raise,56,18,-597
shoulders,lateral-raise,8,-21,-490
shoulders,lateral-raise,-31,-14,-447
shoulders,lateral-raise,-62,-31,-572
shoulders,lateral-raise,-119,-58,-448
shoulders,lateral-raise,-178,4,-389
shoulders,lateral-raise,-173,-54,-458
shoulders,lateral-raise,-218,-45,-409
shoulders,lateral-raise,-227,-42,-488
shoulders,lateral-raise,-248,-87,-407
shoulders,lateral-raise,-290,-81,-384
shoulders,lateral-raise,-301,-93,-517
shoulders,lateral-raise,-282,-120,-487
shoulders,lateral-raise,-297,-60,-423
shoulders,lateral-raise,-312,-105,-497
shoulders,lateral-raise,-310,-111,-516
shoulders,lateral-raise,-272,-96,-594
shoulders,lateral-raise,-272,-88,-664
shoulders,lateral-raise,-296,-104,-552
shoulders,lateral-raise,-218,-120,-591
shoulders,lateral-raise,-216,-97,-645
shoulders,lateral-raise,-164,-81,-708
shoulders,lateral-raise,-160,-95,-748
shoulders,lateral-raise,-131,-32,-759
shoulders,lateral-raise,-86,-38,-788
shoulders,lateral-raise,-53,-13,-806
shoulders,lateral-raise,-21,-8,-881
shoulders,lateral-raise,17,-21,-844
shoulders,lateral-raise,49,20,-794
shoulders,lateral-raise,118,-5,-865
shoulders,lateral-raise,148,44,-967
shoulders,lateral-raise,217,52,-910
shoulders,lateral-raise,274,37,-828
shoulders,lateral-raise,310,110,-836
shoulders,lateral-raise,380,101,-913
shoulders,lateral-raise,403,80,-981
shoulders,lateral-raise,395,131,-944
shoulders,lateral-raise,432,116,-877
shoulders,lateral-raise,475,141,-842
shoulders,lateral-raise,511,167,-952
shoulders,lateral-raise,537,182,-973
shoulders,lateral-raise,579,191,-894
shoulders,lateral-raise,612,167,-797
shoulders,lateral-raise,640,184,-840
shoulders,lateral-raise,676,193,-929
shoulders,lateral-raise,710,127,-922
shoulders,lateral-raise,704,144,-849
shoulders,lateral-raise,718,234,-806
shoulders,lateral-raise,792,209,-861
shoulders,lateral-raise,786,173,-805
shoulders,lateral-raise,791,205,-794
shoulders,lateral-raise,821,200,-753
shoulders,lateral-raise,835,179,-793
shoulders,lateral-raise,845,175,-700
shoulders,lateral-raise,863,246,-699
shoulders,lateral-raise,872,200,-732
shoulders,lateral-raise,860,206,-630
shoulders,lateral-raise,901,215,-615
shoulders,lateral-raise,910,189,-592
shoulders,lateral-raise,878,214,-624
shoulders,lateral-raise,904,229,-617
shoulders,lateral-raise,905,172,-576
shoulders,lateral-raise,912,166,-529
shoulders,lateral-raise,913,261,-535
shoulders,lateral-raise,920,234,-539
shoulders,lateral-raise,919,168,-644
shoulders,lateral-raise,913,170,-476
shoulders,lateral-raise,928,207,-403
shoulders,lateral-raise,928,168,-496
shoulders,lateral-raise,912,216,-488
shoulders,lateral-raise,928,200,-465
shoulders,lateral-raise,920,185,-365
shoulders,lateral-raise,942,214,-338
shoulders,lateral-raise,937,238,-416
shoulders,lateral-raise,915,233,-381
shoulders,lateral-raise,926,246,-376
shoulders,lateral-raise,914,187,-342
shoulders,lateral-raise,912,203,-269
shoulders,lateral-raise,912,273,-276
shoulders,lateral-raise,906,269,-350
shoulders,lateral-raise,923,233,-362
shoulders,lateral-raise,928,194,-300
shoulders,lateral-raise,934,219,-186
shoulders,lateral-raise,942,255,-221
shoulders,lateral-raise,938,236,-332
shoulders,lateral-raise,963,229,-357
shoulders,lateral-raise,960,258,-299
shoulders,lateral-raise,937,257,-313
shoulders,lateral-raise,928,204,-336
shoulders,lateral-raise,923,162,-317
shoulders,lateral-raise,888,166,-350
shoulders,lateral-raise,886,158,-456
shoulders,lateral-raise,951,200,-508
shoulders,lateral-raise,1013,256,-666
shoulders,lateral-raise,1040,280,-864
shoulders,lateral-raise,1083,265,-931
shoulders,lateral-raise,1124,236,-926
shoulders,lateral-raise,1139,226,-889
shoulders,lateral-raise,1135,215,-904
shoulders,lateral-raise,1128,240,-949
shoulders,lateral-raise,1161,252,-931
shoulders,lateral-raise,1170,244,-866
shoulders,lateral-raise,1163,267,-837
shoulders,lateral-raise,1171,282,-813
shoulders,lateral-raise,1174,289,-852
shoulders,lateral-raise,1170,256,-835
shoulders,lateral-raise,1170,267,-728
shoulders,lateral-raise,1140,282,-776
shoulders,lateral-raise,1097,242,-861
shoulders,lateral-raise,1064,248,-883
shoulders,lateral-raise,1016,244,-779
shoulders,lateral-raise,931,227,-697
shoulders,lateral-raise,853,233,-743
shoulders,lateral-raise,785,191,-734
shoulders,lateral-raise,728,180,-717
shoulders,lateral-raise,662,147,-689
shoulders,lateral-raise,635,172,-702
shoulders,lateral-raise,566,122,-682
shoulders,lateral-raise,526,166,-728
shoulders,lateral-raise,448,112,-744
shoulders,lateral-raise,384,96,-616
shoulders,lateral-raise,314,73,-492
shoulders,lateral-raise,304,87,-579
shoulders,lateral-raise,267,6,-651
shoulders,lateral-raise,155,22,-481
shoulders,lateral-raise,94,117,-635
shoulders,lateral-raise,46,-12,-607
shoulders,lateral-raise,-1,-73,-518
shoulders,lateral-raise,-128,47,-537
shoulders,lateral-raise,-106,39,-570
shoulders,lateral-raise,-96,-57,-493
shoulders,lateral-raise,-183,44,-509
shoulders,lateral-raise,-202,-65,-562
shoulders,lateral-raise,-241,-65,-423
shoulders,lateral-raise,-233,-8,-540
shoulders,lateral-raise,-246,-92,-558
shoulders,lateral-raise,-321,-93,-520
shoulders,lateral-raise,-299,-72,-586
shoulders,lateral-raise,-272,-118,-573
shoulders,lateral-raise,-312,-95,-579
shoulders,lateral-raise,-312,-112,-638
shoulders,lateral-raise,-287,-116,-595
shoulders,lateral-raise,-289,-74,-642
shoulders,lateral-raise,-270,-78,-612
shoulders,lateral-raise,-252,-92,-532
shoulders,lateral-raise,-216,-56,-632
shoulders,lateral-raise,-168,-74,-720
shoulders,lateral-raise,-153,-99,-679
shoulders,lateral-raise,-137,-53,-660
shoulders,lateral-raise,-104,-57,-699
shoulders,lateral-raise,-62,-61,-730
shoulders,lateral-raise,-39,-32,-792
shoulders,lateral-raise,2,-17,-817
shoulders,lateral-raise,48,8,-811
shoulders,lateral-raise,48,26,-856
shoulders,lateral-raise,82,54,-872
shoulders,lateral-raise,167,32,-858
shoulders,lateral-raise,186,45,-866
shoulders,lateral-raise,202,66,-972
shoulders,lateral-raise,250,56,-920
shoulders,lateral-raise,320,156,-866
shoulders,lateral-raise,348,118,-884
shoulders,lateral-raise,343,136,-935
shoulders,lateral-raise,420,100,-906
shoulders,lateral-raise,443,132,-795
shoulders,lateral-raise,472,205,-912
shoulders,lateral-raise,532,127,-800
shoulders,lateral-raise,498,276,-1036
shoulders,lateral-raise,632,213,-875
shoulders,lateral-raise,641,164,-785
shoulders,lateral-raise,688,295,-809
shoulders,lateral-raise,704,161,-903
shoulders,lateral-raise,735,191,-826
shoulders,lateral-raise,751,329,-839
shoulders,lateral-raise,774,247,-840
shoulders,lateral-raise,783,204,-745
shoulders,lateral-raise,777,286,-779
shoulders,lateral-raise,825,247,-735
shoulders,lateral-raise,859,192,-673
shoulders,lateral-raise,831,271,-731
shoulders,lateral-raise,850,236,-731
shoulders,lateral-raise,869,218,-696
shoulders,lateral-raise,866,247,-607
shoulders,lateral-raise,888,250,-608
shoulders,lateral-raise,890,213,-651
shoulders,lateral-raise,899,211,-521
shoulders,lateral-raise,893,227,-470
shoulders,lateral-raise,899,237,-569
shoulders,lateral-raise,909,219,-627
shoulders,lateral-raise,912,223,-545
shoulders,lateral-raise,907,222,-452
shoulders,lateral-raise,909,202,-405
shoulders,lateral-raise,917,220,-438
shoulders,lateral-raise,929,262,-526
shoulders,lateral-raise,949,237,-512
shoulders,lateral-raise,960,212,-377
shoulders,lateral-raise,964,224,-324
shoulders,lateral-raise,976,216,-402
shoulders,lateral-raise,991,197,-441
shoulders,lateral-raise,996,202,-382
shoulders,lateral-raise,979,231,-311
shoulders,lateral-raise,957,240,-333
shoulders,lateral-raise,955,228,-388
shoulders,lateral-raise,963,199,-324
shoulders,lateral-raise,963,200,-243
shoulders,lateral-raise,944,235,-276
shoulders,lateral-raise,938,228,-370
shoulders,lateral-raise,955,209,-353
shoulders,lateral-raise,940,230,-290
shoulders,lateral-raise,930,218,-296
shoulders,lateral-raise,938,196,-359
shoulders,lateral-raise,949,186,-366
shoulders,lateral-raise,967,180,-530
shoulders,lateral-raise,951,127,-568
shoulders,lateral-raise,923,144,-375
shoulders,lateral-raise,1037,278,-455
shoulders,lateral-raise,1073,261,-748
shoulders,lateral-raise,1078,231,-971
shoulders,lateral-raise,1058,222,-912
shoulders,lateral-raise,1087,203,-813
shoulders,lateral-raise,1067,254,-922
shoulders,lateral-raise,1160,184,-992
shoulders,lateral-raise,1160,280,-976
shoulders,lateral-raise,1160,280,-976
shoulders,lateral-raise,1214,218,-968
shoulders,lateral-raise,1254,201,-747
shoulders,lateral-raise,1211,289,-781
shoulders,lateral-raise,1230,252,-791
shoulders,lateral-raise,1189,255,-806
shoulders,lateral-raise,1142,305,-885
shoulders,lateral-raise,1136,230,-828
shoulders,lateral-raise,1096,249,-723
shoulders,lateral-raise,1062,236,-789
shoulders,lateral-raise,1012,194,-738
shoulders,lateral-raise,957,215,-714
shoulders,lateral-raise,878,206,-803
shoulders,lateral-raise,815,182,-732
shoulders,lateral-raise,760,170,-707
shoulders,lateral-raise,677,151,-734
shoulders,lateral-raise,616,133,-717
shoulders,lateral-raise,563,117,-746
shoulders,lateral-raise,493,107,-686
shoulders,lateral-raise,444,79,-615
shoulders,lateral-raise,389,83,-662
shoulders,lateral-raise,323,50,-630
shoulders,lateral-raise,238,38,-603
shoulders,lateral-raise,205,26,-671
shoulders,lateral-raise,158,29,-604
shoulders,lateral-raise,92,16,-552
shoulders,lateral-raise,53,-24,-504
shoulders,lateral-raise,13,20,-496
shoulders,lateral-raise,-28,12,-573
shoulders,lateral-raise,-104,-64,-491
shoulders,lateral-raise,-141,-61,-466
shoulders,lateral-raise,-136,-65,-519
shoulders,lateral-raise,-199,-57,-538
shoulders,lateral-raise,-243,-32,-533
shoulders,lateral-raise,-238,-100,-557
shoulders,lateral-raise,-245,-115,-531
shoulders,lateral-raise,-298,-17,-479
shoulders,lateral-raise,-268,-116,-639
shoulders,lateral-raise,-274,-92,-614
shoulders,lateral-raise,-261,-76,-658
shoulders,lateral-raise,-283,-119,-584
shoulders,lateral-raise,-280,-31,-597
shoulders,lateral-raise,-212,-68,-641
shoulders,lateral-raise,-236,-83,-568
shoulders,lateral-raise,-249,-58,-586
shoulders,lateral-raise,-201,-69,-702
shoulders,lateral-raise,-207,-39,-623
shoulders,lateral-raise,-196,-33,-695
shoulders,lateral-raise,-136,-38,-675
shoulders,lateral-raise,-126,-8,-584
shoulders,lateral-raise,-64,8,-831
shoulders,lateral-raise,-56,-24,-737
shoulders,lateral-raise,-17,-8,-720
shoulders,lateral-raise,52,53,-857
shoulders,lateral-raise,49,-11,-797
shoulders,lateral-raise,84,86,-843
shoulders,lateral-raise,145,46,-798
shoulders,lateral-raise,138,124,-939
shoulders,lateral-raise,232,47,-905
shoulders,lateral-raise,241,65,-843
shoulders,lateral-raise,292,85,-969
shoulders,lateral-raise,317,88,-924
shoulders,lateral-raise,357,119,-904
shoulders,lateral-raise,416,110,-868
shoulders,lateral-raise,461,98,-838
shoulders,lateral-raise,472,188,-975
shoulders,lateral-raise,533,140,-965
shoulders,lateral-raise,598,126,-898
shoulders,lateral-raise,611,173,-827
shoulders,lateral-raise,633,167,-912
shoulders,lateral-raise,663,192,-897
shoulders,lateral-raise,696,183,-843
shoulders,lateral-raise,749,179,-710
shoulders,lateral-raise,780,205,-696
shoulders,lateral-raise,797,238,-864
shoulders,lateral-raise,808,231,-881
shoulders,lateral-raise,816,180,-752
shoulders,lateral-raise,820,194,-657
shoulders,lateral-raise,827,244,-694
shoulders,lateral-raise,844,237,-727
shoulders,lateral-raise,865,217,-667
shoulders,lateral-raise,894,202,-666
shoulders,lateral-raise,907,186,-644
shoulders,lateral-raise,918,199,-624
shoulders,lateral-raise,933,226,-632
shoulders,lateral-raise,939,210,-643
shoulders,lateral-raise,928,234,-630
shoulders,lateral-raise,930,224,-610
shoulders,lateral-raise,932,195,-557
shoulders,lateral-raise,922,232,-522
shoulders,lateral-raise,935,234,-551
shoulders,lateral-raise,958,158,-439
shoulders,lateral-raise,949,162,-348
shoulders,lateral-raise,940,212,-396
shoulders,lateral-raise,962,224,-525
shoulders,lateral-raise,978,179,-445
shoulders,lateral-raise,989,203,-303
shoulders,lateral-raise,968,223,-233
shoulders,lateral-raise,967,215,-336
shoulders,lateral-raise,951,201,-433
shoulders,lateral-raise,935,216,-301
shoulders,lateral-raise,912,200,-216
shoulders,lateral-raise,928,232,-160
shoulders,lateral-raise,897,216,-261
shoulders,lateral-raise,911,208,-340
shoulders,lateral-raise,942,208,-269
shoulders,lateral-raise,944,193,-228
shoulders,lateral-raise,958,163,-253
shoulders,lateral-raise,974,167,-277
shoulders,lateral-raise,956,161,-307
shoulders,lateral-raise,959,140,-365
shoulders,lateral-raise,986,116,-539
shoulders,lateral-raise,992,169,-608
shoulders,lateral-raise,998,221,-728
shoulders,lateral-raise,1018,226,-820
shoulders,lateral-raise,1036,218,-816
shoulders,lateral-raise,1074,210,-842
shoulders,lateral-raise,1099,180,-862
shoulders,lateral-raise,1142,195,-859
shoulders,lateral-raise,1160,197,-872
shoulders,lateral-raise,1165,238,-849
shoulders,lateral-raise,1163,259,-847
shoulders,lateral-raise,1184,189,-789
shoulders,lateral-raise,1209,181,-744
shoulders,lateral-raise,1207,226,-851
shoulders,lateral-raise,1217,231,-858
shoulders,lateral-raise,1211,266,-709
shoulders,lateral-raise,1200,292,-708
shoulders,lateral-raise,1189,268,-796
shoulders,lateral-raise,1153,245,-749
shoulders,lateral-raise,1090,236,-698
shoulders,lateral-raise,1029,243,-730
shoulders,lateral-raise,995,248,-757
shoulders,lateral-raise,921,220,-764
shoulders,lateral-raise,834,182,-718
shoulders,lateral-raise,735,195,-686
shoulders,lateral-raise,656,200,-709
shoulders,lateral-raise,607,183,-687
shoulders,lateral-raise,541,142,-637
shoulders,lateral-raise,461,125,-638
shoulders,lateral-raise,420,108,-704
shoulders,lateral-raise,353,128,-631
shoulders,lateral-raise,253,65,-546
shoulders,lateral-raise,256,46,-546
shoulders,lateral-raise,175,81,-521
shoulders,lateral-raise,127,110,-520
shoulders,lateral-raise,105,17,-464
shoulders,lateral-raise,4,77,-435
shoulders,lateral-raise,36,37,-651
shoulders,lateral-raise,-12,-64,-587
shoulders,lateral-raise,-174,49,-412
shoulders,lateral-raise,-145,70,-497
shoulders,lateral-raise,-184,8,-544
shoulders,lateral-raise,-224,-16,-576
shoulders,lateral-raise,-193,-24,-638
shoulders,lateral-raise,-238,-16,-473
shoulders,lateral-raise,-255,29,-546
shoulders,lateral-raise,-227,-85,-596
shoulders,lateral-raise,-267,4,-486
shoulders,lateral-raise,-216,-33,-660
shoulders,lateral-raise,-222,-40,-640
shoulders,lateral-raise,-217,-7,-579
shoulders,lateral-raise,-229,-39,-672
shoulders,lateral-raise,-200,-48,-658
shoulders,lateral-raise,-186,-23,-598
shoulders,lateral-raise,-178,-4,-632
shoulders,lateral-raise,-135,-29,-683
shoulders,lateral-raise,-120,12,-656
shoulders,lateral-raise,-103,-18,-746
shoulders,lateral-raise,-36,-13,-797
shoulders,lateral-raise,3,47,-800
shoulders,lateral-raise,33,47,-744
shoulders,lateral-raise,63,47,-727
shoulders,lateral-raise,101,75,-803
shoulders,lateral-raise,148,51,-913
shoulders,lateral-raise,168,55,-902
shoulders,lateral-raise,215,93,-796
shoulders,lateral-raise,298,96,-806
shoulders,lateral-raise,328,104,-868
shoulders,lateral-raise,358,112,-868
shoulders,lateral-raise,393,130,-882
shoulders,lateral-raise,405,160,-929
shoulders,lateral-raise,459,163,-899
shoulders,lateral-raise,496,194,-839
shoulders,lateral-raise,527,226,-860
shoulders,lateral-raise,576,222,-849
shoulders,lateral-raise,595,257,-867
shoulders,lateral-raise,653,278,-877
shoulders,lateral-raise,686,241,-876
shoulders,lateral-raise,689,289,-825
shoulders,lateral-raise,767,280,-766
shoulders,lateral-raise,804,227,-782
shoulders,lateral-raise,799,309,-816
shoulders,lateral-raise,832,216,-692
shoulders,lateral-raise,861,231,-675
shoulders,lateral-raise,853,283,-776
shoulders,lateral-raise,879,221,-697
shoulders,lateral-raise,874,252,-706
shoulders,lateral-raise,890,272,-711
shoulders,lateral-raise,904,209,-630
shoulders,lateral-raise,903,228,-609
shoulders,lateral-raise,890,276,-622
shoulders,lateral-raise,929,193,-574
shoulders,lateral-raise,952,216,-496
shoulders,lateral-raise,968,240,-528
shoulders,lateral-raise,968,240,-528
shoulders,lateral-raise,1015,224,-427
shoulders,lateral-raise,978,186,-553
shoulders,lateral-raise,961,206,-433
shoulders,lateral-raise,953,223,-417
shoulders,lateral-raise,952,195,-473
shoulders,lateral-raise,952,192,-431
shoulders,lateral-raise,932,212,-465
shoulders,lateral-raise,935,209,-452
shoulders,lateral-raise,936,221,-363
shoulders,lateral-raise,942,230,-325
shoulders,lateral-raise,975,263,-339
shoulders,lateral-raise,996,272,-392
shoulders,lateral-raise,988,290,-349
shoulders,lateral-raise,990,273,-259
shoulders,lateral-raise,998,197,-277
shoulders,lateral-raise,989,141,-253
shoulders,lateral-raise,947,244,-232
shoulders,lateral-raise,918,279,-263
shoulders,lateral-raise,907,274,-275
shoulders,lateral-raise,933,227,-310
shoulders,lateral-raise,943,178,-285
shoulders,lateral-raise,932,222,-199
shoulders,lateral-raise,945,225,-207
shoulders,lateral-raise,972,188,-290
shoulders,lateral-raise,976,192,-332
shoulders,lateral-raise,964,173,-321
shoulders,lateral-raise,949,144,-370
shoulders,lateral-raise,925,250,-519
shoulders,lateral-raise,942,364,-689
shoulders,lateral-raise,1010,326,-790
shoulders,lateral-raise,1054,312,-752
shoulders,lateral-raise,1087,303,-758
shoulders,lateral-raise,1144,274,-840
shoulders,lateral-raise,1192,253,-840
shoulders,lateral-raise,1231,271,-862
shoulders,lateral-raise,1243,293,-878
shoulders,lateral-raise,1232,306,-792
shoulders,lateral-raise,1234,314,-804
shoulders,lateral-raise,1249,327,-817
shoulders,lateral-raise,1273,350,-739
shoulders,lateral-raise,1251,350,-761
shoulders,lateral-raise,1259,373,-788
shoulders,lateral-raise,1234,351,-733
shoulders,lateral-raise,1242,297,-748
shoulders,lateral-raise,1192,303,-665
shoulders,lateral-raise,1122,298,-677
shoulders,lateral-raise,1061,318,-732
shoulders,lateral-raise,1017,294,-783
shoulders,lateral-raise,879,257,-756
shoulders,lateral-raise,831,303,-625
shoulders,lateral-raise,777,233,-679
shoulders,lateral-raise,698,232,-657
shoulders,lateral-raise,635,247,-702
shoulders,lateral-raise,550,188,-689
shoulders,lateral-raise,464,126,-630
shoulders,lateral-raise,435,199,-574
shoulders,lateral-raise,369,96,-575
shoulders,lateral-raise,299,32,-487
shoulders,lateral-raise,228,204,-532
shoulders,lateral-raise,183,103,-603
shoulders,lateral-raise,112,97,-502
shoulders,lateral-raise,40,98,-540
shoulders,lateral-raise,-18,17,-572
shoulders,lateral-raise,-50,10,-417
shoulders,lateral-raise,-73,79,-463
shoulders,lateral-raise,-108,4,-537
shoulders,lateral-raise,-190,-51,-417
shoulders,lateral-raise,-235,-14,-478
shoulders,lateral-raise,-240,-43,-554
shoulders,lateral-raise,-260,-62,-486
shoulders,lateral-raise,-315,-18,-478
shoulders,lateral-raise,-312,-52,-504
shoulders,lateral-raise,-310,-65,-477
shoulders,lateral-raise,-324,-27,-529
shoulders,lateral-raise,-312,-70,-634
shoulders,lateral-raise,-340,-92,-572
shoulders,lateral-raise,-345,-52,-537
shoulders,lateral-raise,-312,-58,-597
shoulders,lateral-raise,-305,-62,-609
shoulders,lateral-raise,-289,-27,-647
shoulders,lateral-raise,-264,-34,-633
shoulders,lateral-raise,-231,-57,-594
shoulders,lateral-raise,-196,-35,-622
shoulders,lateral-raise,-160,-24,-699
shoulders,lateral-raise,-139,-5,-728
shoulders,lateral-raise,-84,-25,-717
shoulders,lateral-raise,-42,6,-686
shoulders,lateral-raise,-4,38,-754
shoulders,lateral-raise,12,36,-736
shoulders,lateral-raise,44,50,-745
shoulders,lateral-raise,115,58,-769
shoulders,lateral-raise,134,76,-778
shoulders,lateral-raise,176,116,-936
shoulders,lateral-raise,257,69,-950
shoulders,lateral-raise,271,144,-816
shoulders,lateral-raise,323,149,-938
shoulders,lateral-raise,350,184,-1017
shoulders,lateral-raise,417,100,-935
shoulders,lateral-raise,434,158,-806
shoulders,lateral-raise,466,276,-776
shoulders,lateral-raise,520,152,-784
shoulders,lateral-raise,536,304,-920
shoulders,lateral-raise,614,211,-974
shoulders,lateral-raise,646,170,-786
shoulders,lateral-raise,708,332,-791
shoulders,lateral-raise,712,205,-880
shoulders,lateral-raise,712,249,-845
shoulders,lateral-raise,789,298,-861
shoulders,lateral-raise,807,256,-693
shoulders,lateral-raise,801,261,-724
shoulders,lateral-raise,839,277,-814
shoulders,lateral-raise,873,274,-718
shoulders,lateral-raise,911,297,-676
shoulders,lateral-raise,926,298,-738
shoulders,lateral-raise,934,255,-719
shoulders,lateral-raise,930,234,-630
shoulders,lateral-raise,934,282,-567
shoulders,lateral-raise,952,250,-639
shoulders,lateral-raise,949,219,-627
shoulders,lateral-raise,949,231,-549
shoulders,lateral-raise,962,235,-480
shoulders,lateral-raise,973,242,-528
shoulders,lateral-raise,971,234,-544
shoulders,lateral-raise,972,233,-520
shoulders,lateral-raise,985,210,-451
shoulders,lateral-raise,988,201,-375
shoulders,lateral-raise,976,224,-436
shoulders,lateral-raise,964,224,-462
shoulders,lateral-raise,964,216,-382
shoulders,lateral-raise,968,209,-327
shoulders,lateral-raise,961,210,-323
shoulders,lateral-raise,955,227,-347
shoulders,lateral-raise,960,232,-319
shoulders,lateral-raise,951,226,-330
shoulders,lateral-raise,939,224,-351
shoulders,lateral-raise,944,232,-281
shoulders,lateral-raise,949,218,-234
shoulders,lateral-raise,960,231,-251
shoulders,lateral-raise,964,242,-280
shoulders,lateral-raise,978,224,-266
shoulders,lateral-raise,979,224,-229
shoulders,lateral-raise,960,224,-253
shoulders,lateral-raise,960,218,-265
shoulders,lateral-raise,959,196,-225
shoulders,lateral-raise,952,218,-204
shoulders,lateral-raise,953,221,-274
shoulders,lateral-raise,957,140,-274
shoulders,lateral-raise,935,112,-160
shoulders,lateral-raise,922,190,-174
shoulders,lateral-raise,955,164,-377
shoulders,lateral-raise,1016,101,-714
shoulders,lateral-raise,1024,263,-784
shoulders,lateral-raise,1064,201,-776
shoulders,lateral-raise,1087,262,-792
shoulders,lateral-raise,1088,234,-792
shoulders,lateral-raise,1148,150,-792
shoulders,lateral-raise,1203,224,-850
shoulders,lateral-raise,1215,282,-799
shoulders,lateral-raise,1209,267,-792
shoulders,lateral-raise,1249,271,-792
shoulders,lateral-raise,1269,265,-792
shoulders,lateral-raise,1265,284,-753
shoulders,lateral-raise,1270,269,-744
shoulders,lateral-raise,1272,289,-750
shoulders,lateral-raise,1242,308,-800
shoulders,lateral-raise,1214,277,-804
shoulders,lateral-raise,1191,281,-708
shoulders,lateral-raise,1128,271,-639
shoulders,lateral-raise,1066,264,-716
shoulders,lateral-raise,1027,259,-728
shoulders,lateral-raise,950,241,-646
shoulders,lateral-raise,877,217,-648
shoulders,lateral-raise,813,241,-677
shoulders,lateral-raise,747,204,-661
shoulders,lateral-raise,657,205,-648
shoulders,lateral-raise,552,214,-657
shoulders,lateral-raise,492,192,-652
shoulders,lateral-raise,432,160,-600
shoulders,lateral-raise,365,143,-529
shoulders,lateral-raise,333,116,-551
shoulders,lateral-raise,288,68,-602
shoulders,lateral-raise,197,96,-587
shoulders,lateral-raise,122,96,-573
shoulders,lateral-raise,109,33,-486
shoulders,lateral-raise,66,52,-476
shoulders,lateral-raise,-8,70,-597
shoulders,lateral-raise,-55,-14,-503
shoulders,lateral-raise,-118,45,-462
shoulders,lateral-raise,-126,17,-568
shoulders,lateral-raise,-168,-59,-538
shoulders,lateral-raise,-198,2,-476
shoulders,lateral-raise,-211,-12,-552
shoulders,lateral-raise,-217,-57,-624
shoulders,lateral-raise,-308,10,-691
shoulders,lateral-raise,-285,-85,-680
shoulders,lateral-raise,-279,-61,-555
shoulders,lateral-raise,-308,-4,-549
shoulders,lateral-raise,-223,-39,-680
shoulders,lateral-raise,-215,-91,-563
shoulders,lateral-raise,-200,-43,-674
shoulders,lateral-raise,-200,-86,-704
shoulders,lateral-raise,-207,-48,-703
shoulders,lateral-raise,-176,-40,-656
shoulders,lateral-raise,-152,-48,-592
shoulders,lateral-raise,-152,-48,-592
shoulders,lateral-raise,-144,-1,-646
shoulders,lateral-raise,-106,-8,-678
shoulders,lateral-raise,-59,-23,-658
shoulders,lateral-raise,-78,5,-736
shoulders,lateral-raise,-1,-13,-751
shoulders,lateral-raise,29,33,-703
shoulders,lateral-raise,59,20,-778
shoulders,lateral-raise,71,43,-832
shoulders,lateral-raise,137,61,-781
shoulders,lateral-raise,158,51,-711
shoulders,lateral-raise,179,110,-845
shoulders,lateral-raise,250,68,-967
shoulders,lateral-raise,278,113,-910
shoulders,lateral-raise,332,159,-891
shoulders,lateral-raise,358,107,-929
shoulders,lateral-raise,376,145,-874
shoulders,lateral-raise,410,155,-903
shoulders,lateral-raise,475,113,-936
shoulders,lateral-raise,544,121,-901
shoulders,lateral-raise,544,203,-976
shoulders,lateral-raise,584,192,-1003
shoulders,lateral-raise,628,192,-954
shoulders,lateral-raise,654,259,-953
shoulders,lateral-raise,689,201,-914
shoulders,lateral-raise,712,156,-832
shoulders,lateral-raise,720,215,-838
shoulders,lateral-raise,738,222,-843
shoulders,lateral-raise,774,172,-789
shoulders,lateral-raise,799,163,-786
shoulders,lateral-raise,798,206,-784
shoulders,lateral-raise,796,204,-696
shoulders,lateral-raise,825,178,-615
shoulders,lateral-raise,845,195,-675
shoulders,lateral-raise,851,232,-699
shoulders,lateral-raise,845,202,-645
shoulders,lateral-raise,854,213,-579
shoulders,lateral-raise,856,224,-553
shoulders,lateral-raise,884,220,-526
shoulders,lateral-raise,898,213,-573
shoulders,lateral-raise,907,229,-579
shoulders,lateral-raise,926,216,-525
shoulders,lateral-raise,955,216,-513
shoulders,lateral-raise,968,215,-519
shoulders,lateral-raise,968,211,-513
shoulders,lateral-raise,969,228,-516
shoulders,lateral-raise,977,192,-473
shoulders,lateral-raise,990,193,-402
shoulders,lateral-raise,968,208,-430
shoulders,lateral-raise,968,216,-390
shoulders,lateral-raise,960,223,-329
shoulders,lateral-raise,944,169,-479
shoulders,lateral-raise,952,207,-348
shoulders,lateral-raise,929,261,-352
shoulders,lateral-raise,943,227,-374
shoulders,lateral-raise,922,188,-405
shoulders,lateral-raise,934,234,-322
shoulders,lateral-raise,943,233,-270
shoulders,lateral-raise,951,225,-257
shoulders,lateral-raise,965,231,-256
shoulders,lateral-raise,961,252,-295
shoulders,lateral-raise,966,256,-253
shoulders,lateral-raise,968,237,-159
shoulders,lateral-raise,962,244,-178
shoulders,lateral-raise,966,189,-286
shoulders,lateral-raise,968,162,-309
shoulders,lateral-raise,957,199,-298
shoulders,lateral-raise,947,178,-410
shoulders,lateral-raise,949,186,-522
shoulders,lateral-raise,977,292,-705
shoulders,lateral-raise,1032,290,-772
shoulders,lateral-raise,1099,232,-712
shoulders,lateral-raise,1128,221,-689
shoulders,lateral-raise,1137,228,-844
shoulders,lateral-raise,1127,245,-930
shoulders,lateral-raise,1145,277,-875
shoulders,lateral-raise,1192,256,-812
shoulders,lateral-raise,1196,239,-780
shoulders,lateral-raise,1221,260,-817
shoulders,lateral-raise,1285,217,-800
shoulders,lateral-raise,1312,178,-691
shoulders,lateral-raise,1293,198,-717
shoulders,lateral-raise,1252,223,-814
shoulders,lateral-raise,1215,242,-735
shoulders,lateral-raise,1168,224,-675
shoulders,lateral-raise,1126,200,-728
shoulders,lateral-raise,1085,186,-677
shoulders,lateral-raise,1020,192,-599
shoulders,lateral-raise,957,186,-715
shoulders,lateral-raise,906,164,-746
shoulders,lateral-raise,826,157,-660
shoulders,lateral-raise,760,178,-599
shoulders,lateral-raise,684,172,-620
shoulders,lateral-raise,616,121,-599
shoulders,lateral-raise,527,120,-599
shoulders,lateral-raise,459,74,-635
shoulders,lateral-raise,364,82,-613
shoulders,lateral-raise,327,33,-719
shoulders,lateral-raise,307,39,-711
shoulders,lateral-raise,237,32,-794
shoulders,lateral-raise,174,30,-668
shoulders,lateral-raise,104,-24,-520
shoulders,lateral-raise,40,48,-496
shoulders,lateral-raise,63,-37,-574
shoulders,lateral-raise,-4,-10,-584
shoulders,lateral-raise,-8,-45,-495
shoulders,lateral-raise,-66,-55,-400
shoulders,lateral-raise,-72,-27,-663
shoulders,lateral-raise,-114,-108,-654
shoulders,lateral-raise,-140,-72,-525
shoulders,lateral-raise,-217,-17,-517
shoulders,lateral-raise,-193,-112,-553
shoulders,lateral-raise,-273,-79,-471
shoulders,lateral-raise,-253,-52,-597
shoulders,lateral-raise,-234,-127,-598
shoulders,lateral-raise,-297,-76,-543
shoulders,lateral-raise,-257,-100,-614
shoulders,lateral-raise,-238,-103,-581
shoulders,lateral-raise,-278,-69,-579
shoulders,lateral-raise,-259,-109,-634
shoulders,lateral-raise,-235,-121,-569
shoulders,lateral-raise,-232,-82,-619
shoulders,lateral-raise,-213,-74,-694
shoulders,lateral-raise,-177,-89,-685
shoulders,lateral-raise,-151,-42,-699
shoulders,lateral-raise,-114,-35,-716
shoulders,lateral-raise,-80,-35,-683
shoulders,lateral-raise,-40,-16,-708
shoulders,lateral-raise,15,-36,-775
shoulders,lateral-raise,51,-26,-796
shoulders,lateral-raise,82,-14,-811
shoulders,lateral-raise,124,5,-807
shoulders,lateral-raise,162,46,-906
shoulders,lateral-raise,191,23,-1005
shoulders,lateral-raise,228,40,-857
shoulders,lateral-raise,259,91,-816
shoulders,lateral-raise,293,93,-810
shoulders,lateral-raise,344,122,-876
shoulders,lateral-raise,420,121,-899
shoulders,lateral-raise,466,127,-875
shoulders,lateral-raise,470,180,-856
shoulders,lateral-raise,550,153,-900
shoulders,lateral-raise,593,202,-890
shoulders,lateral-raise,590,254,-874
shoulders,lateral-raise,688,180,-768
shoulders,lateral-raise,690,207,-746
shoulders,lateral-raise,713,242,-856
shoulders,lateral-raise,777,198,-895
shoulders,lateral-raise,784,204,-748
shoulders,lateral-raise,787,401,-714
shoulders,lateral-raise,824,204,-743
shoulders,lateral-raise,816,281,-722
shoulders,lateral-raise,832,303,-775
shoulders,lateral-raise,872,209,-673
shoulders,lateral-raise,864,332,-602
shoulders,lateral-raise,902,336,-745
shoulders,lateral-raise,934,209,-677
shoulders,lateral-raise,943,280,-504
shoulders,lateral-raise,937,295,-545
shoulders,lateral-raise,971,198,-587
shoulders,lateral-raise,996,198,-592
shoulders,lateral-raise,987,233,-585
shoulders,lateral-raise,997,247,-571
shoulders,lateral-raise,1006,229,-498
shoulders,lateral-raise,996,236,-474
shoulders,lateral-raise,986,258,-448
shoulders,lateral-raise,966,240,-434
shoulders,lateral-raise,971,186,-461
shoulders,lateral-raise,976,213,-372
shoulders,lateral-raise,965,254,-296
shoulders,lateral-raise,971,248,-343
shoulders,lateral-raise,971,204,-407
shoulders,lateral-raise,968,214,-375
shoulders,lateral-raise,973,261,-287
shoulders,lateral-raise,981,266,-243
shoulders,lateral-raise,984,202,-280
shoulders,lateral-raise,988,182,-303
shoulders,lateral-raise,980,233,-279
shoulders,lateral-raise,972,248,-252
shoulders,lateral-raise,976,228,-244
shoulders,lateral-raise,980,209,-248
shoulders,lateral-raise,966,210,-227
shoulders,lateral-raise,944,245,-197
shoulders,lateral-raise,944,258,-192
shoulders,lateral-raise,950,242,-201
shoulders,lateral-raise,954,232,-199
shoulders,lateral-raise,939,232,-163
shoulders,lateral-raise,928,229,-157
shoulders,lateral-raise,928,226,-173
shoulders,lateral-raise,935,234,-189
shoulders,lateral-raise,950,255,-187
shoulders,lateral-raise,948,292,-152
shoulders,lateral-raise,978,258,-168
shoulders,lateral-raise,1035,161,-219
shoulders,lateral-raise,1010,99,-242
shoulders,lateral-raise,983,233,-452
shoulders,lateral-raise,982,327,-614
shoulders,lateral-raise,1029,363,-750
shoulders,lateral-raise,1117,325,-784
shoulders,lateral-raise,1102,295,-728
shoulders,lateral-raise,1161,286,-817
shoulders,lateral-raise,1171,267,-826
shoulders,lateral-raise,1225,320,-856
shoulders,lateral-raise,1248,336,-864
shoulders,lateral-raise,1280,288,-920
shoulders,lateral-raise,1280,288,-920
shoulders,lateral-raise,1327,342,-749
shoulders,lateral-raise,1313,336,-721
shoulders,lateral-raise,1342,373,-809
shoulders,lateral-raise,1322,354,-787
shoulders,lateral-raise,1263,402,-770
shoulders,lateral-raise,1221,352,-663
shoulders,lateral-raise,1202,364,-682
shoulders,lateral-raise,1140,348,-675
shoulders,lateral-raise,1082,344,-652
shoulders,lateral-raise,1002,325,-584
shoulders,lateral-raise,934,345,-630
shoulders,lateral-raise,854,310,-648
shoulders,lateral-raise,773,284,-613
shoulders,lateral-raise,700,297,-617
shoulders,lateral-raise,624,265,-607
shoulders,lateral-raise,557,237,-638
shoulders,lateral-raise,473,221,-593
shoulders,lateral-raise,415,175,-565
shoulders,lateral-raise,341,142,-538
shoulders,lateral-raise,285,165,-544
shoulders,lateral-raise,240,101,-528
shoulders,lateral-raise,180,13,-482
shoulders,lateral-raise,74,104,-559
shoulders,lateral-raise,16,71,-644
shoulders,lateral-raise,8,-8,-532
shoulders,lateral-raise,-35,101,-474
shoulders,lateral-raise,-71,80,-573
shoulders,lateral-raise,-98,-11,-552
shoulders,lateral-raise,-140,16,-512
shoulders,lateral-raise,-158,-39,-568
shoulders,lateral-raise,-172,-96,-556
shoulders,lateral-raise,-207,-24,-591
shoulders,lateral-raise,-217,-12,-669
shoulders,lateral-raise,-264,-83,-596
shoulders,lateral-raise,-262,-29,-542
shoulders,lateral-raise,-263,5,-608
shoulders,lateral-raise,-274,-68,-650
shoulders,lateral-raise,-266,-60,-658
shoulders,lateral-raise,-283,-14,-669
shoulders,lateral-raise,-237,-61,-691
shoulders,lateral-raise,-224,-39,-704
shoulders,lateral-raise,-221,-9,-696
shoulders,lateral-raise,-203,-44,-652
shoulders,lateral-raise,-173,18,-638
shoulders,lateral-raise,-149,-17,-686
shoulders,lateral-raise,-119,37,-732
shoulders,lateral-raise,-103,12,-699
shoulders,lateral-raise,-85,71,-746
shoulders,lateral-raise,-23,47,-781
shoulders,lateral-raise,16,17,-672
shoulders,lateral-raise,40,71,-648
shoulders,lateral-raise,87,111,-819
shoulders,lateral-raise,88,66,-877
shoulders,lateral-raise,88,79,-835
shoulders,lateral-raise,132,124,-730
shoulders,lateral-raise,200,121,-684
shoulders,lateral-raise,236,148,-820
shoulders,lateral-raise,267,159,-826
shoulders,lateral-raise,339,147,-824
shoulders,lateral-raise,385,144,-791
shoulders,lateral-raise,411,252,-873
shoulders,lateral-raise,453,162,-896
shoulders,lateral-raise,482,207,-824
shoulders,lateral-raise,523,220,-847
shoulders,lateral-raise,576,216,-830
shoulders,lateral-raise,620,188,-872
shoulders,lateral-raise,654,290,-842
shoulders,lateral-raise,722,302,-827
shoulders,lateral-raise,752,270,-817
shoulders,lateral-raise,777,289,-857
shoulders,lateral-raise,821,261,-797
shoulders,lateral-raise,831,260,-731
shoulders,lateral-raise,837,307,-791
shoulders,lateral-raise,857,293,-762
shoulders,lateral-raise,868,272,-704
shoulders,lateral-raise,880,300,-668
shoulders,lateral-raise,903,308,-674
shoulders,lateral-raise,924,285,-702
shoulders,lateral-raise,935,283,-626
shoulders,lateral-raise,947,316,-568
shoulders,lateral-raise,955,318,-597
shoulders,lateral-raise,951,262,-603
shoulders,lateral-raise,945,249,-544
shoulders,lateral-raise,963,280,-519
shoulders,lateral-raise,973,283,-485
shoulders,lateral-raise,977,286,-510
shoulders,lateral-raise,965,280,-490
shoulders,lateral-raise,980,278,-464
shoulders,lateral-raise,996,264,-459
shoulders,lateral-raise,1006,238,-377
shoulders,lateral-raise,998,239,-401
shoulders,lateral-raise,991,264,-385
shoulders,lateral-raise,983,260,-415
shoulders,lateral-raise,976,239,-359
shoulders,lateral-raise,975,233,-304
shoulders,lateral-raise,969,242,-311
shoulders,lateral-raise,977,253,-362
shoulders,lateral-raise,982,223,-302
shoulders,lateral-raise,961,210,-278
shoulders,lateral-raise,976,248,-248
shoulders,lateral-raise,984,264,-232
shoulders,lateral-raise,976,248,-264
shoulders,lateral-raise,992,240,-155
shoulders,lateral-raise,954,240,-182
shoulders,lateral-raise,945,233,-214
shoulders,lateral-raise,944,225,-209
shoulders,lateral-raise,923,224,-151
shoulders,lateral-raise,920,238,-165
shoulders,lateral-raise,927,247,-188
shoulders,lateral-raise,941,241,-152
shoulders,lateral-raise,937,247,-177
shoulders,lateral-raise,980,210,-241
shoulders,lateral-raise,998,138,-299
shoulders,lateral-raise,982,120,-246
shoulders,lateral-raise,964,173,-171
shoulders,lateral-raise,966,209,-284
shoulders,lateral-raise,990,233,-392
shoulders,lateral-raise,1022,300,-524
shoulders,lateral-raise,1074,291,-702
shoulders,lateral-raise,1081,272,-732
shoulders,lateral-raise,1107,287,-737
shoulders,lateral-raise,1118,267,-790
shoulders,lateral-raise,1144,248,-811
shoulders,lateral-raise,1168,297,-812
shoulders,lateral-raise,1194,293,-838
shoulders,lateral-raise,1212,289,-819
shoulders,lateral-raise,1228,340,-828
shoulders,lateral-raise,1279,352,-837
shoulders,lateral-raise,1294,359,-745
shoulders,lateral-raise,1258,337,-694
shoulders,lateral-raise,1240,281,-699
shoulders,lateral-raise,1221,295,-686
shoulders,lateral-raise,1183,297,-684
shoulders,lateral-raise,1142,268,-687
shoulders,lateral-raise,1085,288,-701
shoulders,lateral-raise,1033,261,-671
shoulders,lateral-raise,963,265,-710
shoulders,lateral-raise,929,250,-663
shoulders,lateral-raise,844,256,-606
shoulders,lateral-raise,754,246,-620
shoulders,lateral-raise,692,209,-626
shoulders,lateral-raise,604,192,-703
shoulders,lateral-raise,525,212,-760
shoulders,lateral-raise,496,163,-728
shoulders,lateral-raise,408,175,-574
shoulders,lateral-raise,356,167,-611
shoulders,lateral-raise,322,162,-635
shoulders,lateral-raise,262,172,-667
shoulders,lateral-raise,157,128,-684
shoulders,lateral-raise,118,27,-518
shoulders,lateral-raise,87,89,-492
shoulders,lateral-raise,40,111,-623
shoulders,lateral-raise,8,41,-569
shoulders,lateral-raise,-70,48,-560
shoulders,lateral-raise,-118,18,-522
shoulders,lateral-raise,-120,46,-565
shoulders,lateral-raise,-171,55,-510
shoulders,lateral-raise,-183,-8,-547
shoulders,lateral-raise,-177,-79,-510
shoulders,lateral-raise,-258,55,-545
shoulders,lateral-raise,-245,-33,-619
shoulders,lateral-raise,-247,-82,-502
shoulders,lateral-raise,-248,39,-555
shoulders,lateral-raise,-242,-71,-601
shoulders,lateral-raise,-294,-46,-584
shoulders,lateral-raise,-277,-30,-729
shoulders,lateral-raise,-258,-43,-624
shoulders,lateral-raise,-284,-26,-577
shoulders,lateral-raise,-247,-43,-611
shoulders,lateral-raise,-213,-61,-619
shoulders,lateral-raise,-213,-3,-677
shoulders,lateral-raise,-191,-27,-702
shoulders,lateral-raise,-162,-26,-643
shoulders,lateral-raise,-129,0,-710
shoulders,lateral-raise,-85,-22,-762
shoulders,lateral-raise,-51,3,-666
shoulders,lateral-raise,-11,36,-675
shoulders,lateral-raise,32,16,-736
shoulders,lateral-raise,63,35,-778
shoulders,lateral-raise,95,61,-836
shoulders,lateral-raise,130,83,-808
shoulders,lateral-raise,176,98,-781
shoulders,lateral-raise,205,91,-781
shoulders,lateral-raise,234,141,-780
shoulders,lateral-raise,308,127,-809
shoulders,lateral-raise,352,142,-806
shoulders,lateral-raise,386,187,-848
shoulders,lateral-raise,436,170,-853
shoulders,lateral-raise,473,212,-880
shoulders,lateral-raise,521,239,-880
shoulders,lateral-raise,592,186,-780
shoulders,lateral-raise,603,256,-827
shoulders,lateral-raise,656,292,-841
shoulders,lateral-raise,729,237,-767
shoulders,lateral-raise,775,311,-833
shoulders,lateral-raise,815,231,-835
shoulders,lateral-raise,860,274,-808
shoulders,lateral-raise,887,281,-809
shoulders,lateral-raise,881,223,-811
shoulders,lateral-raise,896,219,-759
shoulders,lateral-raise,896,256,-748
shoulders,lateral-raise,905,247,-681
shoulders,lateral-raise,944,208,-712
shoulders,lateral-raise,920,256,-664
shoulders,lateral-raise,912,295,-749
shoulders,lateral-raise,942,258,-638
shoulders,lateral-raise,951,249,-662
shoulders,lateral-raise,952,233,-540
shoulders,lateral-raise,959,196,-485
shoulders,lateral-raise,974,220,-543
shoulders,lateral-raise,969,224,-545
shoulders,lateral-raise,975,224,-484
shoulders,lateral-raise,976,224,-433
shoulders,lateral-raise,976,237,-437
shoulders,lateral-raise,976,234,-440
shoulders,lateral-raise,988,226,-404
shoulders,lateral-raise,1004,195,-416
shoulders,lateral-raise,1014,207,-384
shoulders,lateral-raise,1010,216,-346
shoulders,lateral-raise,1008,216,-331
shoulders,lateral-raise,1013,232,-307
shoulders,lateral-raise,1011,220,-301
shoulders,lateral-raise,1003,218,-294
shoulders,lateral-raise,995,224,-259
shoulders,lateral-raise,987,238,-231
shoulders,lateral-raise,980,230,-224
shoulders,lateral-raise,976,212,-224
shoulders,lateral-raise,976,212,-220
shoulders,lateral-raise,980,220,-196
shoulders,lateral-raise,992,216,-180
shoulders,lateral-raise,989,204,-173
shoulders,lateral-raise,969,221,-132
shoulders,lateral-raise,957,248,-123
shoulders,lateral-raise,952,251,-150
shoulders,lateral-raise,949,247,-154
shoulders,lateral-raise,950,209,-149
shoulders,lateral-raise,965,190,-96
shoulders,lateral-raise,973,232,-115
shoulders,lateral-raise,970,230,-113
shoulders,lateral-raise,976,224,-98
shoulders,lateral-raise,974,220,-108
shoulders,lateral-raise,966,204,-104
shoulders,lateral-raise,960,199,-56
shoulders,lateral-raise,960,227,-59
shoulders,lateral-raise,966,228,-87
shoulders,lateral-raise,989,180,-153
shoulders,lateral-raise,978,199,-141
shoulders,lateral-raise,992,199,-50
shoulders,lateral-raise,993,243,-201
shoulders,lateral-raise,999,200,-411
shoulders,lateral-raise,986,208,-446
shoulders,lateral-raise,1017,312,-531
shoulders,lateral-raise,1033,305,-593
shoulders,lateral-raise,1080,336,-634
shoulders,lateral-raise,1088,328,-814
shoulders,lateral-raise,1142,180,-645
shoulders,lateral-raise,1182,199,-503
shoulders,lateral-raise,1221,207,-697
shoulders,lateral-raise,1253,223,-814
shoulders,lateral-raise,1235,274,-810
shoulders,lateral-raise,1232,259,-752
shoulders,lateral-raise,1246,283,-628
shoulders,lateral-raise,1275,328,-641
shoulders,lateral-raise,1280,329,-681
shoulders,lateral-raise,1261,296,-637
shoulders,lateral-raise,1256,313,-624
shoulders,lateral-raise,1244,302,-721
shoulders,lateral-raise,1199,290,-687
shoulders,lateral-raise,1150,340,-681
shoulders,lateral-raise,1103,343,-666
shoulders,lateral-raise,1045,336,-640
shoulders,lateral-raise,987,310,-611
shoulders,lateral-raise,932,316,-656
shoulders,lateral-raise,872,288,-668
shoulders,lateral-raise,800,250,-670
shoulders,lateral-raise,726,235,-694
shoulders,lateral-raise,660,245,-704
shoulders,lateral-raise,602,243,-695
shoulders,lateral-raise,526,215,-688
shoulders,lateral-raise,448,188,-668
shoulders,lateral-raise,389,157,-648
shoulders,lateral-raise,316,114,-611
shoulders,lateral-raise,232,120,-642
shoulders,lateral-raise,155,147,-749
shoulders,lateral-raise,85,131,-752
shoulders,lateral-raise,56,130,-713
shoulders,lateral-raise,50,114,-676
shoulders,lateral-raise,13,85,-585
shoulders,lateral-raise,-50,48,-484
shoulders,lateral-raise,-84,53,-587
shoulders,lateral-raise,-128,48,-623
shoulders,lateral-raise,-176,21,-590
shoulders,lateral-raise,-204,48,-664
shoulders,lateral-raise,-225,31,-649
shoulders,lateral-raise,-263,33,-647
shoulders,lateral-raise,-294,-49,-516
shoulders,lateral-raise,-328,-5,-512
shoulders,lateral-raise,-360,34,-600
shoulders,lateral-raise,-320,-43,-636
shoulders,lateral-raise,-374,-6,-552
shoulders,lateral-raise,-358,4,-553
shoulders,lateral-raise,-338,-31,-562
shoulders,lateral-raise,-359,-17,-579
shoulders,lateral-raise,-344,-40,-489
shoulders,lateral-raise,-352,-24,-536
shoulders,lateral-raise,-344,0,-576
shoulders,lateral-raise,-344,0,-576
shoulders,lateral-raise,-360,-62,-568
shoulders,lateral-raise,-352,-64,-538
shoulders,lateral-raise,-337,-27,-573
shoulders,lateral-raise,-336,-31,-554
shoulders,lateral-raise,-350,-11,-559
shoulders,lateral-raise,-303,-29,-651
shoulders,lateral-raise,-269,-5,-657
shoulders,lateral-raise,-237,53,-689
shoulders,lateral-raise,-199,97,-670
shoulders,lateral-raise,-103,60,-670
shoulders,lateral-raise,-68,48,-641
shoulders,lateral-raise,-28,30,-741
shoulders,lateral-raise,43,12,-752
shoulders,lateral-raise,81,42,-744
shoulders,lateral-raise,105,78,-844
shoulders,lateral-raise,150,61,-818
shoulders,lateral-raise,194,37,-805
shoulders,lateral-raise,223,129,-847
shoulders,lateral-raise,252,65,-864
shoulders,lateral-raise,302,16,-783
shoulders,lateral-raise,347,138,-830
shoulders,lateral-raise,391,131,-868
shoulders,lateral-raise,438,55,-793
shoulders,lateral-raise,468,127,-843
shoulders,lateral-raise,520,168,-920
shoulders,lateral-raise,575,167,-885
shoulders,lateral-raise,614,207,-878
shoulders,lateral-raise,658,181,-819
shoulders,lateral-raise,700,153,-688
shoulders,lateral-raise,751,208,-720
shoulders,lateral-raise,805,232,-807
shoulders,lateral-raise,849,195,-760
shoulders,lateral-raise,872,225,-701
shoulders,lateral-raise,898,251,-719
shoulders,lateral-raise,922,213,-707
shoulders,lateral-raise,935,244,-584
shoulders,lateral-raise,963,273,-618
shoulders,lateral-raise,1002,212,-592
shoulders,lateral-raise,1037,231,-566
shoulders,lateral-raise,1056,244,-565
shoulders,lateral-raise,1060,210,-583
shoulders,lateral-raise,1081,269,-565
shoulders,lateral-raise,1094,324,-498
shoulders,lateral-raise,1126,241,-429
shoulders,lateral-raise,1110,142,-517
shoulders,lateral-raise,1095,196,-484
shoulders,lateral-raise,1080,240,-450
shoulders,lateral-raise,1079,240,-472
shoulders,lateral-raise,1064,233,-480
shoulders,lateral-raise,1056,256,-463
shoulders,lateral-raise,1040,240,-377
shoulders,lateral-raise,1040,248,-368
shoulders,lateral-raise,1017,256,-322
shoulders,lateral-raise,1009,263,-342
shoulders,lateral-raise,993,235,-322
shoulders,lateral-raise,971,253,-249
shoulders,lateral-raise,933,263,-205
shoulders,lateral-raise,894,250,-193
shoulders,lateral-raise,881,208,-145
shoulders,lateral-raise,867,220,-90
shoulders,lateral-raise,851,243,-105
shoulders,lateral-raise,867,260,-100
shoulders,lateral-raise,884,282,-102
shoulders,lateral-raise,900,288,-63
shoulders,lateral-raise,893,248,4
shoulders,lateral-raise,888,232,7
shoulders,lateral-raise,893,227,-43
shoulders,lateral-raise,901,213,-64
shoulders,lateral-raise,899,244,-33
shoulders,lateral-raise,891,289,-11
shoulders,lateral-raise,888,275,-37
shoulders,lateral-raise,883,256,-28
shoulders,lateral-raise,876,234,-12
shoulders,lateral-raise,876,229,6
shoulders,lateral-raise,884,240,-5
shoulders,lateral-raise,904,224,-48
shoulders,lateral-raise,924,216,-45
shoulders,lateral-raise,932,235,2
shoulders,lateral-raise,929,280,46
shoulders,lateral-raise,927,296,37
shoulders,lateral-raise,942,267,-13
shoulders,lateral-raise,967,272,-35
shoulders,lateral-raise,998,275,-11
shoulders,lateral-raise,1008,277,35
shoulders,lateral-raise,1008,269,19
shoulders,lateral-raise,1015,271,10
shoulders,lateral-raise,1041,288,2
shoulders,lateral-raise,1068,288,-21
shoulders,lateral-raise,1078,288,20
shoulders,lateral-raise,1077,292,52
shoulders,lateral-raise,1094,306,35
shoulders,lateral-raise,1087,305,16
shoulders,lateral-raise,1076,269,11
shoulders,lateral-raise,1054,262,-14
shoulders,lateral-raise,1037,301,-1
shoulders,lateral-raise,1016,339,-4
shoulders,lateral-raise,1017,356,29
shoulders,lateral-raise,1032,318,2
shoulders,lateral-raise,1029,287,33
shoulders,lateral-raise,969,265,47
shoulders,lateral-raise,992,312,0
