613,254,-653,lateral-raise,,,
1030,-870,-499,lateral-raise,,,
1661,205,-901,lateral-raise,,,
1026,964,-961,lateral-raise,,,
1031,853,-784,lateral-raise,,,
712,837,-812,lateral-raise,,,
753,661,-783,lateral-raise,,,
354,713,-905,lateral-raise,,,
-50,58,-688,lateral-raise,,,
-367,980,-1031,lateral-raise,,,
-1593,1322,-1115,lateral-raise,,,
-197,2103,-1114,lateral-raise,,,
928,1350,-652,lateral-raise,,,
320,28,-669,lateral-raise,,,
251,-175,-551,lateral-raise,,,
35,199,-588,lateral-raise,,,
51,195,-528,lateral-raise,,,
148,247,-496,lateral-raise,,,
289,334,-509,lateral-raise,,,
364,389,-467,lateral-raise,,,
378,384,-455,lateral-raise,,,
444,404,-401,lateral-raise,,,
479,443,-345,lateral-raise,,,
525,501,-320,lateral-raise,,,
582,558,-290,lateral-raise,,,
617,589,-206,lateral-raise,,,
652,615,-173,lateral-raise,,,
710,653,-159,lateral-raise,,,
774,677,-139,lateral-raise,,,
835,695,-85,lateral-raise,,,
913,704,-64,lateral-raise,,,
982,688,-78,lateral-raise,,,
1034,619,-54,lateral-raise,,,
1087,603,4,lateral-raise,,,
1133,598,41,lateral-raise,,,
1144,572,28,lateral-raise,,,
1151,545,44,lateral-raise,,,
1160,502,79,lateral-raise,,,
1173,462,101,lateral-raise,,,
1227,478,31,lateral-raise,,,
1232,416,-95,lateral-raise,,,
1163,417,170,lateral-raise,,,
1205,571,117,lateral-raise,,,
1263,527,189,lateral-raise,,,
1280,342,349,lateral-raise,,,
1236,328,52,lateral-raise,,,
1135,376,-297,lateral-raise,,,
1169,440,-161,lateral-raise,,,
1283,383,55,lateral-raise,,,
1376,339,9,lateral-raise,,,
1384,272,-111,lateral-raise,,,
1313,255,-241,lateral-raise,,,
1240,251,-120,lateral-raise,,,
1196,289,94,lateral-raise,,,
1137,281,128,lateral-raise,,,
1068,312,97,lateral-raise,,,
1015,295,3,lateral-raise,,,
970,223,-7,lateral-raise,,,
947,206,39,lateral-raise,,,
909,194,62,lateral-raise,,,
857,184,48,lateral-raise,,,
838,191,-18,lateral-raise,,,
813,178,-47,lateral-raise,,,
798,161,-55,lateral-raise,,,
789,175,-1,lateral-raise,,,
784,160,-54,lateral-raise,,,
793,215,-110,lateral-raise,,,
795,299,-147,lateral-raise,,,
761,177,-346,lateral-raise,,,
808,129,-358,lateral-raise,,,
808,151,-235,lateral-raise,,,
805,297,-162,lateral-raise,,,
877,315,-416,lateral-raise,,,
910,392,-571,lateral-raise,,,
943,453,-829,lateral-raise,,,
994,388,-965,lateral-raise,,,
1051,347,-953,lateral-raise,,,
1104,341,-872,lateral-raise,,,
1151,328,-893,lateral-raise,,,
1229,349,-1008,lateral-raise,,,
1286,344,-839,lateral-raise,,,
1306,385,-910,lateral-raise,,,
1328,404,-987,lateral-raise,,,
1296,410,-937,lateral-raise,,,
1311,377,-953,lateral-raise,,,
1285,396,-903,lateral-raise,,,
1263,418,-965,lateral-raise,,,
1214,437,-914,lateral-raise,,,
1132,434,-870,lateral-raise,,,
1017,439,-749,lateral-raise,,,
916,394,-766,lateral-raise,,,
840,352,-728,lateral-raise,,,
747,368,-705,lateral-raise,,,
637,292,-605,lateral-raise,,,
587,281,-593,lateral-raise,,,
533,258,-526,lateral-raise,,,
471,177,-520,lateral-raise,,,
352,203,-366,lateral-raise,,,
309,133,-440,lateral-raise,,,
224,133,-429,lateral-raise,,,
117,129,-463,lateral-raise,,,
7,103,-377,lateral-raise,,,
-66,77,-420,lateral-raise,,,
-122,30,-386,lateral-raise,,,
-177,10,-350,lateral-raise,,,
-209,-3,-344,lateral-raise,,,
-277,-19,-322,lateral-raise,,,
-309,-78,-344,lateral-raise,,,
-338,-88,-397,lateral-raise,,,
-388,-80,-391,lateral-raise,,,
-433,-85,-401,lateral-raise,,,
-453,-98,-387,lateral-raise,,,
-442,-104,-354,lateral-raise,,,
-454,-68,-389,lateral-raise,,,
-476,-87,-489,lateral-raise,,,
-488,-136,-507,lateral-raise,,,
-492,-116,-512,lateral-raise,,,
-473,-107,-502,lateral-raise,,,
-463,-124,-444,lateral-raise,,,
-447,-116,-486,lateral-raise,,,
-419,-109,-584,lateral-raise,,,
-421,-110,-637,lateral-raise,,,
-398,-126,-675,lateral-raise,,,
-383,-130,-671,lateral-raise,,,
-386,-112,-558,lateral-raise,,,
-328,-88,-589,lateral-raise,,,
-279,-60,-641,lateral-raise,,,
-245,-50,-729,lateral-raise,,,
-260,-88,-718,lateral-raise,,,
-254,-60,-756,lateral-raise,,,
-200,-55,-814,lateral-raise,,,
-195,-68,-820,lateral-raise,,,
-166,-25,-854,lateral-raise,,,
-112,-33,-813,lateral-raise,,,
-60,-39,-845,lateral-raise,,,
11,-31,-864,lateral-raise,,,
39,-20,-821,lateral-raise,,,
100,14,-927,lateral-raise,,,
136,-8,-924,lateral-raise,,,
136,-9,-981,lateral-raise,,,
145,-22,-1068,lateral-raise,,,
193,40,-937,lateral-raise,,,
255,16,-1055,lateral-raise,,,
279,24,-1009,lateral-raise,,,
326,39,-978,lateral-raise,,,
410,33,-1073,lateral-raise,,,
423,32,-992,lateral-raise,,,
460,89,-1048,lateral-raise,,,
499,68,-1007,lateral-raise,,,
538,119,-945,lateral-raise,,,
584,81,-1016,lateral-raise,,,
592,118,-947,lateral-raise,,,
598,96,-947,lateral-raise,,,
656,119,-847,lateral-raise,,,
660,104,-961,lateral-raise,,,
697,137,-926,lateral-raise,,,
718,106,-844,lateral-raise,,,
692,133,-757,lateral-raise,,,
718,157,-863,lateral-raise,,,
747,128,-865,lateral-raise,,,
747,137,-776,lateral-raise,,,
779,152,-784,lateral-raise,,,
800,142,-851,lateral-raise,,,
777,150,-801,lateral-raise,,,
769,142,-771,lateral-raise,,,
793,98,-805,lateral-raise,,,
812,122,-666,lateral-raise,,,
824,148,-540,lateral-raise,,,
844,136,-594,lateral-raise,,,
860,151,-684,lateral-raise,,,
868,156,-718,lateral-raise,,,
862,152,-652,lateral-raise,,,
848,152,-547,lateral-raise,,,
842,146,-501,lateral-raise,,,
844,145,-536,lateral-raise,,,
859,157,-541,lateral-raise,,,
851,155,-539,lateral-raise,,,
861,170,-519,lateral-raise,,,
865,183,-522,lateral-raise,,,
852,164,-482,lateral-raise,,,
868,182,-468,lateral-raise,,,
882,198,-485,lateral-raise,,,
886,182,-501,lateral-raise,,,
879,154,-461,lateral-raise,,,
877,201,-348,lateral-raise,,,
906,207,-382,lateral-raise,,,
916,194,-465,lateral-raise,,,
890,156,-462,lateral-raise,,,
903,195,-375,lateral-raise,,,
895,222,-375,lateral-raise,,,
888,192,-465,lateral-raise,,,
880,192,-478,lateral-raise,,,
864,184,-416,lateral-raise,,,
840,176,-464,lateral-raise,,,
840,176,-464,lateral-raise,,,
863,168,-542,lateral-raise,,,
864,168,-498,lateral-raise,,,
916,190,-593,lateral-raise,,,
942,214,-731,lateral-raise,,,
973,237,-872,lateral-raise,,,
969,254,-979,lateral-raise,,,
988,242,-985,lateral-raise,,,
1012,260,-964,lateral-raise,,,
1042,238,-888,lateral-raise,,,
1048,276,-929,lateral-raise,,,
1054,282,-956,lateral-raise,,,
1044,316,-978,lateral-raise,,,
1064,293,-955,lateral-raise,,,
1083,303,-927,lateral-raise,,,
1071,312,-931,lateral-raise,,,
1042,307,-871,lateral-raise,,,
1011,299,-835,lateral-raise,,,
995,286,-822,lateral-raise,,,
967,280,-831,lateral-raise,,,
933,270,-850,lateral-raise,,,
901,269,-828,lateral-raise,,,
857,259,-786,lateral-raise,,,
806,270,-746,lateral-raise,,,
763,284,-790,lateral-raise,,,
736,260,-848,lateral-raise,,,
678,263,-829,lateral-raise,,,
606,255,-837,lateral-raise,,,
556,227,-812,lateral-raise,,,
496,227,-739,lateral-raise,,,
441,205,-770,lateral-raise,,,
380,185,-820,lateral-raise,,,
304,151,-802,lateral-raise,,,
223,120,-736,lateral-raise,,,
166,96,-736,lateral-raise,,,
137,93,-736,lateral-raise,,,
97,43,-663,lateral-raise,,,
27,51,-516,lateral-raise,,,
-10,90,-614,lateral-raise,,,
-48,44,-613,lateral-raise,,,
-167,35,-619,lateral-raise,,,
-198,48,-569,lateral-raise,,,
-235,36,-584,lateral-raise,,,
-286,-28,-599,lateral-raise,,,
-271,-40,-444,lateral-raise,,,
-267,13,-367,lateral-raise,,,
-287,-15,-437,lateral-raise,,,
-282,-86,-556,lateral-raise,,,
-315,-56,-404,lateral-raise,,,
-368,-50,-490,lateral-raise,,,
-360,-104,-543,lateral-raise,,,
-408,-88,-401,lateral-raise,,,
-385,-111,-524,lateral-raise,,,
-354,-74,-520,lateral-raise,,,
-374,-124,-490,lateral-raise,,,
-376,-113,-546,lateral-raise,,,
-412,-76,-516,lateral-raise,,,
-423,-65,-561,lateral-raise,,,
-363,-84,-575,lateral-raise,,,
-325,-75,-616,lateral-raise,,,
-313,-59,-631,lateral-raise,,,
-312,-75,-676,lateral-raise,,,
-287,-55,-707,lateral-raise,,,
-250,-42,-706,lateral-raise,,,
-205,-52,-692,lateral-raise,,,
-192,-56,-728,lateral-raise,,,
-159,-39,-777,lateral-raise,,,
-106,-10,-803,lateral-raise,,,
-77,-5,-813,lateral-raise,,,
-36,-18,-847,lateral-raise,,,
-1,-4,-820,lateral-raise,,,
51,37,-854,lateral-raise,,,
99,51,-896,lateral-raise,,,
139,26,-914,lateral-raise,,,
186,51,-889,lateral-raise,,,
237,76,-893,lateral-raise,,,
268,96,-952,lateral-raise,,,
318,140,-1014,lateral-raise,,,
372,170,-1004,lateral-raise,,,
415,164,-972,lateral-raise,,,
481,128,-971,lateral-raise,,,
536,144,-943,lateral-raise,,,
618,134,-915,lateral-raise,,,
649,124,-912,lateral-raise,,,
613,162,-1011,lateral-raise,,,
627,111,-888,lateral-raise,,,
644,162,-904,lateral-raise,,,
690,157,-902,lateral-raise,,,
723,139,-858,lateral-raise,,,
704,176,-815,lateral-raise,,,
752,196,-974,lateral-raise,,,
754,181,-831,lateral-raise,,,
763,169,-746,lateral-raise,,,
777,173,-783,lateral-raise,,,
782,171,-737,lateral-raise,,,
771,227,-740,lateral-raise,,,
797,192,-711,lateral-raise,,,
836,192,-700,lateral-raise,,,
802,191,-663,lateral-raise,,,
833,186,-745,lateral-raise,,,
848,216,-614,lateral-raise,,,
832,200,-560,lateral-raise,,,
840,216,-632,lateral-raise,,,
824,177,-624,lateral-raise,,,
832,168,-571,lateral-raise,,,
832,198,-583,lateral-raise,,,
854,229,-635,lateral-raise,,,
856,232,-540,lateral-raise,,,
891,239,-430,lateral-raise,,,
903,220,-450,lateral-raise,,,
917,236,-503,lateral-raise,,,
920,194,-473,lateral-raise,,,
933,222,-407,lateral-raise,,,
930,244,-460,lateral-raise,,,
916,236,-516,lateral-raise,,,
894,208,-457,lateral-raise,,,
888,246,-375,lateral-raise,,,
899,242,-402,lateral-raise,,,
909,221,-446,lateral-raise,,,
901,232,-451,lateral-raise,,,
896,255,-392,lateral-raise,,,
916,210,-429,lateral-raise,,,
923,176,-410,lateral-raise,,,
920,204,-317,lateral-raise,,,
924,206,-356,lateral-raise,,,
932,205,-386,lateral-raise,,,
932,204,-377,lateral-raise,,,
932,196,-392,lateral-raise,,,
940,192,-450,lateral-raise,,,
933,147,-589,lateral-raise,,,
948,97,-606,lateral-raise,,,
1008,149,-502,lateral-raise,,,
1050,267,-668,lateral-raise,,,
1036,320,-991,lateral-raise,,,
975,332,-1074,lateral-raise,,,
971,311,-1004,lateral-raise,,,
1032,245,-849,lateral-raise,,,
1053,267,-804,lateral-raise,,,
1094,256,-913,lateral-raise,,,
1162,284,-974,lateral-raise,,,
1150,344,-956,lateral-raise,,,
1157,309,-911,lateral-raise,,,
1122,340,-873,lateral-raise,,,
1124,299,-839,lateral-raise,,,
1096,315,-807,lateral-raise,,,
1057,330,-854,lateral-raise,,,
1051,337,-906,lateral-raise,,,
953,291,-716,lateral-raise,,,
895,306,-822,lateral-raise,,,
885,245,-878,lateral-raise,,,
843,312,-746,lateral-raise,,,
751,304,-776,lateral-raise,,,
719,319,-784,lateral-raise,,,
665,193,-824,lateral-raise,,,
563,192,-661,lateral-raise,,,
476,238,-740,lateral-raise,,,
420,225,-729,lateral-raise,,,
321,275,-706,lateral-raise,,,
269,187,-711,lateral-raise,,,
243,218,-684,lateral-raise,,,
179,204,-816,lateral-raise,,,
128,113,-707,lateral-raise,,,
107,89,-563,lateral-raise,,,
85,113,-504,lateral-raise,,,
37,132,-595,lateral-raise,,,
12,39,-654,lateral-raise,,,
-45,37,-564,lateral-raise,,,
-127,42,-574,lateral-raise,,,
-191,85,-536,lateral-raise,,,
-235,61,-599,lateral-raise,,,
-264,-39,-551,lateral-raise,,,
-277,17,-412,lateral-raise,,,
-320,32,-498,lateral-raise,,,
-373,-45,-613,lateral-raise,,,
-387,-61,-567,lateral-raise,,,
-393,-44,-493,lateral-raise,,,
-409,-18,-481,lateral-raise,,,
-404,-12,-567,lateral-raise,,,
-388,-48,-652,lateral-raise,,,
-407,-49,-614,lateral-raise,,,
-410,-39,-567,lateral-raise,,,
-388,-52,-555,lateral-raise,,,
-382,-48,-585,lateral-raise,,,
-355,-48,-609,lateral-raise,,,
-336,-57,-531,lateral-raise,,,
-321,-66,-562,lateral-raise,,,
-274,-48,-603,lateral-raise,,,
-224,-27,-579,lateral-raise,,,
-206,-35,-567,lateral-raise,,,
-193,-60,-639,lateral-raise,,,
-170,-8,-734,lateral-raise,,,
-138,-2,-710,lateral-raise,,,
-96,3,-665,lateral-raise,,,
-83,-37,-724,lateral-raise,,,
-29,-15,-838,lateral-raise,,,
-8,27,-883,lateral-raise,,,
38,34,-967,lateral-raise,,,
77,11,-917,lateral-raise,,,
113,84,-958,lateral-raise,,,
128,56,-997,lateral-raise,,,
219,132,-903,lateral-raise,,,
266,77,-1106,lateral-raise,,,
315,166,-991,lateral-raise,,,
424,104,-952,lateral-raise,,,
384,104,-848,lateral-raise,,,
384,104,-848,lateral-raise,,,
477,182,-1151,lateral-raise,,,
503,85,-909,lateral-raise,,,
534,162,-903,lateral-raise,,,
558,153,-933,lateral-raise,,,
589,202,-1036,lateral-raise,,,
634,180,-880,lateral-raise,,,
626,162,-836,lateral-raise,,,
664,253,-805,lateral-raise,,,
659,181,-859,lateral-raise,,,
643,217,-834,lateral-raise,,,
652,232,-855,lateral-raise,,,
692,226,-773,lateral-raise,,,
704,230,-697,lateral-raise,,,
727,295,-812,lateral-raise,,,
775,225,-797,lateral-raise,,,
787,211,-698,lateral-raise,,,
810,261,-685,lateral-raise,,,
834,265,-732,lateral-raise,,,
845,246,-757,lateral-raise,,,
848,259,-674,lateral-raise,,,
853,244,-621,lateral-raise,,,
869,215,-620,lateral-raise,,,
863,255,-646,lateral-raise,,,
860,263,-664,lateral-raise,,,
892,204,-620,lateral-raise,,,
893,214,-534,lateral-raise,,,
876,271,-543,lateral-raise,,,
891,267,-605,lateral-raise,,,
901,213,-579,lateral-raise,,,
893,199,-489,lateral-raise,,,
900,244,-430,lateral-raise,,,
923,247,-524,lateral-raise,,,
925,197,-563,lateral-raise,,,
915,183,-540,lateral-raise,,,
902,237,-480,lateral-raise,,,
898,228,-453,lateral-raise,,,
908,191,-380,lateral-raise,,,
922,232,-370,lateral-raise,,,
928,228,-399,lateral-raise,,,
925,224,-467,lateral-raise,,,
911,255,-404,lateral-raise,,,
899,247,-341,lateral-raise,,,
874,236,-290,lateral-raise,,,
889,216,-304,lateral-raise,,,
895,214,-304,lateral-raise,,,
888,199,-311,lateral-raise,,,
890,180,-387,lateral-raise,,,
912,129,-418,lateral-raise,,,
912,144,-308,lateral-raise,,,
896,136,-441,lateral-raise,,,
928,104,-551,lateral-raise,,,
975,158,-614,lateral-raise,,,
991,221,-738,lateral-raise,,,
1029,246,-945,lateral-raise,,,
1054,248,-989,lateral-raise,,,
1077,205,-906,lateral-raise,,,
1122,179,-847,lateral-raise,,,
1108,237,-929,lateral-raise,,,
1157,195,-971,lateral-raise,,,
1161,197,-878,lateral-raise,,,
1173,244,-831,lateral-raise,,,
1188,225,-867,lateral-raise,,,
1150,234,-874,lateral-raise,,,
1142,181,-843,lateral-raise,,,
1127,217,-838,lateral-raise,,,
1092,223,-846,lateral-raise,,,
1080,184,-843,lateral-raise,,,
1054,215,-819,lateral-raise,,,
1030,194,-854,lateral-raise,,,
980,188,-826,lateral-raise,,,
909,195,-715,lateral-raise,,,
829,169,-724,lateral-raise,,,
765,148,-822,lateral-raise,,,
692,140,-829,lateral-raise,,,
611,148,-746,lateral-raise,,,
536,144,-716,lateral-raise,,,
465,113,-698,lateral-raise,,,
399,111,-663,lateral-raise,,,
349,103,-690,lateral-raise,,,
319,89,-709,lateral-raise,,,
261,83,-678,lateral-raise,,,
174,46,-600,lateral-raise,,,
103,50,-568,lateral-raise,,,
56,18,-597,lateral-raise,,,
8,-21,-490,lateral-raise,,,
-31,-14,-447,lateral-raise,,,
-62,-31,-572,lateral-raise,,,
-119,-58,-448,lateral-raise,,,
-178,4,-389,lateral-raise,,,
-173,-54,-458,lateral-raise,,,
-218,-45,-409,lateral-raise,,,
-227,-42,-488,lateral-raise,,,
-248,-87,-407,lateral-raise,,,
-290,-81,-384,lateral-raise,,,
-301,-93,-517,lateral-raise,,,
-282,-120,-487,lateral-raise,,,
-297,-60,-423,lateral-raise,,,
-312,-105,-497,lateral-raise,,,
-310,-111,-516,lateral-raise,,,
-272,-96,-594,lateral-raise,,,
-272,-88,-664,lateral-raise,,,
-296,-104,-552,lateral-raise,,,
-218,-120,-591,lateral-raise,,,
-216,-97,-645,lateral-raise,,,
-164,-81,-708,lateral-raise,,,
-160,-95,-748,lateral-raise,,,
-131,-32,-759,lateral-raise,,,
-86,-38,-788,lateral-raise,,,
-53,-13,-806,lateral-raise,,,
-21,-8,-881,lateral-raise,,,
17,-21,-844,lateral-raise,,,
49,20,-794,lateral-raise,,,
118,-5,-865,lateral-raise,,,
148,44,-967,lateral-raise,,,
217,52,-910,lateral-raise,,,
274,37,-828,lateral-raise,,,
310,110,-836,lateral-raise,,,
380,101,-913,lateral-raise,,,
403,80,-981,lateral-raise,,,
395,131,-944,lateral-raise,,,
432,116,-877,lateral-raise,,,
475,141,-842,lateral-raise,,,
511,167,-952,lateral-raise,,,
537,182,-973,lateral-raise,,,
579,191,-894,lateral-raise,,,
612,167,-797,lateral-raise,,,
640,184,-840,lateral-raise,,,
676,193,-929,lateral-raise,,,
710,127,-922,lateral-raise,,,
704,144,-849,lateral-raise,,,
718,234,-806,lateral-raise,,,
792,209,-861,lateral-raise,,,
786,173,-805,lateral-raise,,,
791,205,-794,lateral-raise,,,
821,200,-753,lateral-raise,,,
835,179,-793,lateral-raise,,,
845,175,-700,lateral-raise,,,
863,246,-699,lateral-raise,,,
872,200,-732,lateral-raise,,,
860,206,-630,lateral-raise,,,
901,215,-615,lateral-raise,,,
910,189,-592,lateral-raise,,,
878,214,-624,lateral-raise,,,
904,229,-617,lateral-raise,,,
905,172,-576,lateral-raise,,,
912,166,-529,lateral-raise,,,
913,261,-535,lateral-raise,,,
920,234,-539,lateral-raise,,,
919,168,-644,lateral-raise,,,
913,170,-476,lateral-raise,,,
928,207,-403,lateral-raise,,,
928,168,-496,lateral-raise,,,
912,216,-488,lateral-raise,,,
928,200,-465,lateral-raise,,,
920,185,-365,lateral-raise,,,
942,214,-338,lateral-raise,,,
937,238,-416,lateral-raise,,,
915,233,-381,lateral-raise,,,
926,246,-376,lateral-raise,,,
914,187,-342,lateral-raise,,,
912,203,-269,lateral-raise,,,
912,273,-276,lateral-raise,,,
906,269,-350,lateral-raise,,,
923,233,-362,lateral-raise,,,
928,194,-300,lateral-raise,,,
934,219,-186,lateral-raise,,,
942,255,-221,lateral-raise,,,
938,236,-332,lateral-raise,,,
963,229,-357,lateral-raise,,,
960,258,-299,lateral-raise,,,
937,257,-313,lateral-raise,,,
928,204,-336,lateral-raise,,,
923,162,-317,lateral-raise,,,
888,166,-350,lateral-raise,,,
886,158,-456,lateral-raise,,,
951,200,-508,lateral-raise,,,
1013,256,-666,lateral-raise,,,
1040,280,-864,lateral-raise,,,
1083,265,-931,lateral-raise,,,
1124,236,-926,lateral-raise,,,
1139,226,-889,lateral-raise,,,
1135,215,-904,lateral-raise,,,
1128,240,-949,lateral-raise,,,
1161,252,-931,lateral-raise,,,
1170,244,-866,lateral-raise,,,
1163,267,-837,lateral-raise,,,
1171,282,-813,lateral-raise,,,
1174,289,-852,lateral-raise,,,
1170,256,-835,lateral-raise,,,
1170,267,-728,lateral-raise,,,
1140,282,-776,lateral-raise,,,
1097,242,-861,lateral-raise,,,
1064,248,-883,lateral-raise,,,
1016,244,-779,lateral-raise,,,
931,227,-697,lateral-raise,,,
853,233,-743,lateral-raise,,,
785,191,-734,lateral-raise,,,
728,180,-717,lateral-raise,,,
662,147,-689,lateral-raise,,,
635,172,-702,lateral-raise,,,
566,122,-682,lateral-raise,,,
526,166,-728,lateral-raise,,,
448,112,-744,lateral-raise,,,
384,96,-616,lateral-raise,,,
314,73,-492,lateral-raise,,,
304,87,-579,lateral-raise,,,
267,6,-651,lateral-raise,,,
155,22,-481,lateral-raise,,,
94,117,-635,lateral-raise,,,
46,-12,-607,lateral-raise,,,
-1,-73,-518,lateral-raise,,,
-128,47,-537,lateral-raise,,,
-106,39,-570,lateral-raise,,,
-96,-57,-493,lateral-raise,,,
-183,44,-509,lateral-raise,,,
-202,-65,-562,lateral-raise,,,
-241,-65,-423,lateral-raise,,,
-233,-8,-540,lateral-raise,,,
-246,-92,-558,lateral-raise,,,
-321,-93,-520,lateral-raise,,,
-299,-72,-586,lateral-raise,,,
-272,-118,-573,lateral-raise,,,
-312,-95,-579,lateral-raise,,,
-312,-112,-638,lateral-raise,,,
-287,-116,-595,lateral-raise,,,
-289,-74,-642,lateral-raise,,,
-270,-78,-612,lateral-raise,,,
-252,-92,-532,lateral-raise,,,
-216,-56,-632,lateral-raise,,,
-168,-74,-720,lateral-raise,,,
-153,-99,-679,lateral-raise,,,
-137,-53,-660,lateral-raise,,,
-104,-57,-699,lateral-raise,,,
-62,-61,-730,lateral-raise,,,
-39,-32,-792,lateral-raise,,,
2,-17,-817,lateral-raise,,,
48,8,-811,lateral-raise,,,
48,26,-856,lateral-raise,,,
82,54,-872,lateral-raise,,,
167,32,-858,lateral-raise,,,
186,45,-866,lateral-raise,,,
202,66,-972,lateral-raise,,,
250,56,-920,lateral-raise,,,
320,156,-866,lateral-raise,,,
348,118,-884,lateral-raise,,,
343,136,-935,lateral-raise,,,
420,100,-906,lateral-raise,,,
443,132,-795,lateral-raise,,,
472,205,-912,lateral-raise,,,
532,127,-800,lateral-raise,,,
498,276,-1036,lateral-raise,,,
632,213,-875,lateral-raise,,,
641,164,-785,lateral-raise,,,
688,295,-809,lateral-raise,,,
704,161,-903,lateral-raise,,,
735,191,-826,lateral-raise,,,
751,329,-839,lateral-raise,,,
774,247,-840,lateral-raise,,,
783,204,-745,lateral-raise,,,
777,286,-779,lateral-raise,,,
825,247,-735,lateral-raise,,,
859,192,-673,lateral-raise,,,
831,271,-731,lateral-raise,,,
850,236,-731,lateral-raise,,,
869,218,-696,lateral-raise,,,
866,247,-607,lateral-raise,,,
888,250,-608,lateral-raise,,,
890,213,-651,lateral-raise,,,
899,211,-521,lateral-raise,,,
893,227,-470,lateral-raise,,,
899,237,-569,lateral-raise,,,
909,219,-627,lateral-raise,,,
912,223,-545,lateral-raise,,,
907,222,-452,lateral-raise,,,
909,202,-405,lateral-raise,,,
917,220,-438,lateral-raise,,,
929,262,-526,lateral-raise,,,
949,237,-512,lateral-raise,,,
960,212,-377,lateral-raise,,,
964,224,-324,lateral-raise,,,
976,216,-402,lateral-raise,,,
991,197,-441,lateral-raise,,,
996,202,-382,lateral-raise,,,
979,231,-311,lateral-raise,,,
957,240,-333,lateral-raise,,,
955,228,-388,lateral-raise,,,
963,199,-324,lateral-raise,,,
963,200,-243,lateral-raise,,,
944,235,-276,lateral-raise,,,
938,228,-370,lateral-raise,,,
955,209,-353,lateral-raise,,,
940,230,-290,lateral-raise,,,
930,218,-296,lateral-raise,,,
938,196,-359,lateral-raise,,,
949,186,-366,lateral-raise,,,
967,180,-530,lateral-raise,,,
951,127,-568,lateral-raise,,,
923,144,-375,lateral-raise,,,
1037,278,-455,lateral-raise,,,
1073,261,-748,lateral-raise,,,
1078,231,-971,lateral-raise,,,
1058,222,-912,lateral-raise,,,
1087,203,-813,lateral-raise,,,
1067,254,-922,lateral-raise,,,
1160,184,-992,lateral-raise,,,
1160,280,-976,lateral-raise,,,
1160,280,-976,lateral-raise,,,
1214,218,-968,lateral-raise,,,
1254,201,-747,lateral-raise,,,
1211,289,-781,lateral-raise,,,
1230,252,-791,lateral-raise,,,
1189,255,-806,lateral-raise,,,
1142,305,-885,lateral-raise,,,
1136,230,-828,lateral-raise,,,
1096,249,-723,lateral-raise,,,
1062,236,-789,lateral-raise,,,
1012,194,-738,lateral-raise,,,
957,215,-714,lateral-raise,,,
878,206,-803,lateral-raise,,,
815,182,-732,lateral-raise,,,
760,170,-707,lateral-raise,,,
677,151,-734,lateral-raise,,,
616,133,-717,lateral-raise,,,
563,117,-746,lateral-raise,,,
493,107,-686,lateral-raise,,,
444,79,-615,lateral-raise,,,
389,83,-662,lateral-raise,,,
323,50,-630,lateral-raise,,,
238,38,-603,lateral-raise,,,
205,26,-671,lateral-raise,,,
158,29,-604,lateral-raise,,,
92,16,-552,lateral-raise,,,
53,-24,-504,lateral-raise,,,
13,20,-496,lateral-raise,,,
-28,12,-573,lateral-raise,,,
-104,-64,-491,lateral-raise,,,
-141,-61,-466,lateral-raise,,,
-136,-65,-519,lateral-raise,,,
-199,-57,-538,lateral-raise,,,
-243,-32,-533,lateral-raise,,,
-238,-100,-557,lateral-raise,,,
-245,-115,-531,lateral-raise,,,
-298,-17,-479,lateral-raise,,,
-268,-116,-639,lateral-raise,,,
-274,-92,-614,lateral-raise,,,
-261,-76,-658,lateral-raise,,,
-283,-119,-584,lateral-raise,,,
-280,-31,-597,lateral-raise,,,
-212,-68,-641,lateral-raise,,,
-236,-83,-568,lateral-raise,,,
-249,-58,-586,lateral-raise,,,
-201,-69,-702,lateral-raise,,,
-207,-39,-623,lateral-raise,,,
-196,-33,-695,lateral-raise,,,
-136,-38,-675,lateral-raise,,,
-126,-8,-584,lateral-raise,,,
-64,8,-831,lateral-raise,,,
-56,-24,-737,lateral-raise,,,
-17,-8,-720,lateral-raise,,,
52,53,-857,lateral-raise,,,
49,-11,-797,lateral-raise,,,
84,86,-843,lateral-raise,,,
145,46,-798,lateral-raise,,,
138,124,-939,lateral-raise,,,
232,47,-905,lateral-raise,,,
241,65,-843,lateral-raise,,,
292,85,-969,lateral-raise,,,
317,88,-924,lateral-raise,,,
357,119,-904,lateral-raise,,,
416,110,-868,lateral-raise,,,
461,98,-838,lateral-raise,,,
472,188,-975,lateral-raise,,,
533,140,-965,lateral-raise,,,
598,126,-898,lateral-raise,,,
611,173,-827,lateral-raise,,,
633,167,-912,lateral-raise,,,
663,192,-897,lateral-raise,,,
696,183,-843,lateral-raise,,,
749,179,-710,lateral-raise,,,
780,205,-696,lateral-raise,,,
797,238,-864,lateral-raise,,,
808,231,-881,lateral-raise,,,
816,180,-752,lateral-raise,,,
820,194,-657,lateral-raise,,,
827,244,-694,lateral-raise,,,
844,237,-727,lateral-raise,,,
865,217,-667,lateral-raise,,,
894,202,-666,lateral-raise,,,
907,186,-644,lateral-raise,,,
918,199,-624,lateral-raise,,,
933,226,-632,lateral-raise,,,
939,210,-643,lateral-raise,,,
928,234,-630,lateral-raise,,,
930,224,-610,lateral-raise,,,
932,195,-557,lateral-raise,,,
922,232,-522,lateral-raise,,,
935,234,-551,lateral-raise,,,
958,158,-439,lateral-raise,,,
949,162,-348,lateral-raise,,,
940,212,-396,lateral-raise,,,
962,224,-525,lateral-raise,,,
978,179,-445,lateral-raise,,,
989,203,-303,lateral-raise,,,
968,223,-233,lateral-raise,,,
967,215,-336,lateral-raise,,,
951,201,-433,lateral-raise,,,
935,216,-301,lateral-raise,,,
912,200,-216,lateral-raise,,,
928,232,-160,lateral-raise,,,
897,216,-261,lateral-raise,,,
911,208,-340,lateral-raise,,,
942,208,-269,lateral-raise,,,
944,193,-228,lateral-raise,,,
958,163,-253,lateral-raise,,,
974,167,-277,lateral-raise,,,
956,161,-307,lateral-raise,,,
959,140,-365,lateral-raise,,,
986,116,-539,lateral-raise,,,
992,169,-608,lateral-raise,,,
998,221,-728,lateral-raise,,,
1018,226,-820,lateral-raise,,,
1036,218,-816,lateral-raise,,,
1074,210,-842,lateral-raise,,,
1099,180,-862,lateral-raise,,,
1142,195,-859,lateral-raise,,,
1160,197,-872,lateral-raise,,,
1165,238,-849,lateral-raise,,,
1163,259,-847,lateral-raise,,,
1184,189,-789,lateral-raise,,,
1209,181,-744,lateral-raise,,,
1207,226,-851,lateral-raise,,,
1217,231,-858,lateral-raise,,,
1211,266,-709,lateral-raise,,,
1200,292,-708,lateral-raise,,,
1189,268,-796,lateral-raise,,,
1153,245,-749,lateral-raise,,,
1090,236,-698,lateral-raise,,,
1029,243,-730,lateral-raise,,,
995,248,-757,lateral-raise,,,
921,220,-764,lateral-raise,,,
834,182,-718,lateral-raise,,,
735,195,-686,lateral-raise,,,
656,200,-709,lateral-raise,,,
607,183,-687,lateral-raise,,,
541,142,-637,lateral-raise,,,
461,125,-638,lateral-raise,,,
420,108,-704,lateral-raise,,,
353,128,-631,lateral-raise,,,
253,65,-546,lateral-raise,,,
256,46,-546,lateral-raise,,,
175,81,-521,lateral-raise,,,
127,110,-520,lateral-raise,,,
105,17,-464,lateral-raise,,,
4,77,-435,lateral-raise,,,
36,37,-651,lateral-raise,,,
-12,-64,-587,lateral-raise,,,
-174,49,-412,lateral-raise,,,
-145,70,-497,lateral-raise,,,
-184,8,-544,lateral-raise,,,
-224,-16,-576,lateral-raise,,,
-193,-24,-638,lateral-raise,,,
-238,-16,-473,lateral-raise,,,
-255,29,-546,lateral-raise,,,
-227,-85,-596,lateral-raise,,,
-267,4,-486,lateral-raise,,,
-216,-33,-660,lateral-raise,,,
-222,-40,-640,lateral-raise,,,
-217,-7,-579,lateral-raise,,,
-229,-39,-672,lateral-raise,,,
-200,-48,-658,lateral-raise,,,
-186,-23,-598,lateral-raise,,,
-178,-4,-632,lateral-raise,,,
-135,-29,-683,lateral-raise,,,
-120,12,-656,lateral-raise,,,
-103,-18,-746,lateral-raise,,,
-36,-13,-797,lateral-raise,,,
3,47,-800,lateral-raise,,,
33,47,-744,lateral-raise,,,
63,47,-727,lateral-raise,,,
101,75,-803,lateral-raise,,,
148,51,-913,lateral-raise,,,
168,55,-902,lateral-raise,,,
215,93,-796,lateral-raise,,,
298,96,-806,lateral-raise,,,
328,104,-868,lateral-raise,,,
358,112,-868,lateral-raise,,,
393,130,-882,lateral-raise,,,
405,160,-929,lateral-raise,,,
459,163,-899,lateral-raise,,,
496,194,-839,lateral-raise,,,
527,226,-860,lateral-raise,,,
576,222,-849,lateral-raise,,,
595,257,-867,lateral-raise,,,
653,278,-877,lateral-raise,,,
686,241,-876,lateral-raise,,,
689,289,-825,lateral-raise,,,
767,280,-766,lateral-raise,,,
804,227,-782,lateral-raise,,,
799,309,-816,lateral-raise,,,
832,216,-692,lateral-raise,,,
861,231,-675,lateral-raise,,,
853,283,-776,lateral-raise,,,
879,221,-697,lateral-raise,,,
874,252,-706,lateral-raise,,,
890,272,-711,lateral-raise,,,
904,209,-630,lateral-raise,,,
903,228,-609,lateral-raise,,,
890,276,-622,lateral-raise,,,
929,193,-574,lateral-raise,,,
952,216,-496,lateral-raise,,,
968,240,-528,lateral-raise,,,
968,240,-528,lateral-raise,,,
1015,224,-427,lateral-raise,,,
978,186,-553,lateral-raise,,,
961,206,-433,lateral-raise,,,
953,223,-417,lateral-raise,,,
952,195,-473,lateral-raise,,,
952,192,-431,lateral-raise,,,
932,212,-465,lateral-raise,,,
935,209,-452,lateral-raise,,,
936,221,-363,lateral-raise,,,
942,230,-325,lateral-raise,,,
975,263,-339,lateral-raise,,,
996,272,-392,lateral-raise,,,
988,290,-349,lateral-raise,,,
990,273,-259,lateral-raise,,,
998,197,-277,lateral-raise,,,
989,141,-253,lateral-raise,,,
947,244,-232,lateral-raise,,,
918,279,-263,lateral-raise,,,
907,274,-275,lateral-raise,,,
933,227,-310,lateral-raise,,,
943,178,-285,lateral-raise,,,
932,222,-199,lateral-raise,,,
945,225,-207,lateral-raise,,,
972,188,-290,lateral-raise,,,
976,192,-332,lateral-raise,,,
964,173,-321,lateral-raise,,,
949,144,-370,lateral-raise,,,
925,250,-519,lateral-raise,,,
942,364,-689,lateral-raise,,,
1010,326,-790,lateral-raise,,,
1054,312,-752,lateral-raise,,,
1087,303,-758,lateral-raise,,,
1144,274,-840,lateral-raise,,,
1192,253,-840,lateral-raise,,,
1231,271,-862,lateral-raise,,,
1243,293,-878,lateral-raise,,,
1232,306,-792,lateral-raise,,,
1234,314,-804,lateral-raise,,,
1249,327,-817,lateral-raise,,,
1273,350,-739,lateral-raise,,,
1251,350,-761,lateral-raise,,,
1259,373,-788,lateral-raise,,,
1234,351,-733,lateral-raise,,,
1242,297,-748,lateral-raise,,,
1192,303,-665,lateral-raise,,,
1122,298,-677,lateral-raise,,,
1061,318,-732,lateral-raise,,,
1017,294,-783,lateral-raise,,,
879,257,-756,lateral-raise,,,
831,303,-625,lateral-raise,,,
777,233,-679,lateral-raise,,,
698,232,-657,lateral-raise,,,
635,247,-702,lateral-raise,,,
550,188,-689,lateral-raise,,,
464,126,-630,lateral-raise,,,
435,199,-574,lateral-raise,,,
369,96,-575,lateral-raise,,,
299,32,-487,lateral-raise,,,
228,204,-532,lateral-raise,,,
183,103,-603,lateral-raise,,,
112,97,-502,lateral-raise,,,
40,98,-540,lateral-raise,,,
-18,17,-572,lateral-raise,,,
-50,10,-417,lateral-raise,,,
-73,79,-463,lateral-raise,,,
-108,4,-537,lateral-raise,,,
-190,-51,-417,lateral-raise,,,
-235,-14,-478,lateral-raise,,,
-240,-43,-554,lateral-raise,,,
-260,-62,-486,lateral-raise,,,
-315,-18,-478,lateral-raise,,,
-312,-52,-504,lateral-raise,,,
-310,-65,-477,lateral-raise,,,
-324,-27,-529,lateral-raise,,,
-312,-70,-634,lateral-raise,,,
-340,-92,-572,lateral-raise,,,
-345,-52,-537,lateral-raise,,,
-312,-58,-597,lateral-raise,,,
-305,-62,-609,lateral-raise,,,
-289,-27,-647,lateral-raise,,,
-264,-34,-633,lateral-raise,,,
-231,-57,-594,lateral-raise,,,
-196,-35,-622,lateral-raise,,,
-160,-24,-699,lateral-raise,,,
-139,-5,-728,lateral-raise,,,
-84,-25,-717,lateral-raise,,,
-42,6,-686,lateral-raise,,,
-4,38,-754,lateral-raise,,,
12,36,-736,lateral-raise,,,
44,50,-745,lateral-raise,,,
115,58,-769,lateral-raise,,,
134,76,-778,lateral-raise,,,
176,116,-936,lateral-raise,,,
257,69,-950,lateral-raise,,,
271,144,-816,lateral-raise,,,
323,149,-938,lateral-raise,,,
350,184,-1017,lateral-raise,,,
417,100,-935,lateral-raise,,,
434,158,-806,lateral-raise,,,
466,276,-776,lateral-raise,,,
520,152,-784,lateral-raise,,,
536,304,-920,lateral-raise,,,
614,211,-974,lateral-raise,,,
646,170,-786,lateral-raise,,,
708,332,-791,lateral-raise,,,
712,205,-880,lateral-raise,,,
712,249,-845,lateral-raise,,,
789,298,-861,lateral-raise,,,
807,256,-693,lateral-raise,,,
801,261,-724,lateral-raise,,,
839,277,-814,lateral-raise,,,
873,274,-718,lateral-raise,,,
911,297,-676,lateral-raise,,,
926,298,-738,lateral-raise,,,
934,255,-719,lateral-raise,,,
930,234,-630,lateral-raise,,,
934,282,-567,lateral-raise,,,
952,250,-639,lateral-raise,,,
949,219,-627,lateral-raise,,,
949,231,-549,lateral-raise,,,
962,235,-480,lateral-raise,,,
973,242,-528,lateral-raise,,,
971,234,-544,lateral-raise,,,
972,233,-520,lateral-raise,,,
985,210,-451,lateral-raise,,,
988,201,-375,lateral-raise,,,
976,224,-436,lateral-raise,,,
964,224,-462,lateral-raise,,,
964,216,-382,lateral-raise,,,
968,209,-327,lateral-raise,,,
961,210,-323,lateral-raise,,,
955,227,-347,lateral-raise,,,
960,232,-319,lateral-raise,,,
951,226,-330,lateral-raise,,,
939,224,-351,lateral-raise,,,
944,232,-281,lateral-raise,,,
949,218,-234,lateral-raise,,,
960,231,-251,lateral-raise,,,
964,242,-280,lateral-raise,,,
978,224,-266,lateral-raise,,,
979,224,-229,lateral-raise,,,
960,224,-253,lateral-raise,,,
960,218,-265,lateral-raise,,,
959,196,-225,lateral-raise,,,
952,218,-204,lateral-raise,,,
953,221,-274,lateral-raise,,,
957,140,-274,lateral-raise,,,
935,112,-160,lateral-raise,,,
922,190,-174,lateral-raise,,,
955,164,-377,lateral-raise,,,
1016,101,-714,lateral-raise,,,
1024,263,-784,lateral-raise,,,
1064,201,-776,lateral-raise,,,
1087,262,-792,lateral-raise,,,
1088,234,-792,lateral-raise,,,
1148,150,-792,lateral-raise,,,
1203,224,-850,lateral-raise,,,
1215,282,-799,lateral-raise,,,
1209,267,-792,lateral-raise,,,
1249,271,-792,lateral-raise,,,
1269,265,-792,lateral-raise,,,
1265,284,-753,lateral-raise,,,
1270,269,-744,lateral-raise,,,
1272,289,-750,lateral-raise,,,
1242,308,-800,lateral-raise,,,
1214,277,-804,lateral-raise,,,
1191,281,-708,lateral-raise,,,
1128,271,-639,lateral-raise,,,
1066,264,-716,lateral-raise,,,
1027,259,-728,lateral-raise,,,
950,241,-646,lateral-raise,,,
877,217,-648,lateral-raise,,,
813,241,-677,lateral-raise,,,
747,204,-661,lateral-raise,,,
657,205,-648,lateral-raise,,,
552,214,-657,lateral-raise,,,
492,192,-652,lateral-raise,,,
432,160,-600,lateral-raise,,,
365,143,-529,lateral-raise,,,
333,116,-551,lateral-raise,,,
288,68,-602,lateral-raise,,,
197,96,-587,lateral-raise,,,
122,96,-573,lateral-raise,,,
109,33,-486,lateral-raise,,,
66,52,-476,lateral-raise,,,
-8,70,-597,lateral-raise,,,
-55,-14,-503,lateral-raise,,,
-118,45,-462,lateral-raise,,,
-126,17,-568,lateral-raise,,,
-168,-59,-538,lateral-raise,,,
-198,2,-476,lateral-raise,,,
-211,-12,-552,lateral-raise,,,
-217,-57,-624,lateral-raise,,,
-308,10,-691,lateral-raise,,,
-285,-85,-680,lateral-raise,,,
-279,-61,-555,lateral-raise,,,
-308,-4,-549,lateral-raise,,,
-223,-39,-680,lateral-raise,,,
-215,-91,-563,lateral-raise,,,
-200,-43,-674,lateral-raise,,,
-200,-86,-704,lateral-raise,,,
-207,-48,-703,lateral-raise,,,
-176,-40,-656,lateral-raise,,,
-152,-48,-592,lateral-raise,,,
-152,-48,-592,lateral-raise,,,
-144,-1,-646,lateral-raise,,,
-106,-8,-678,lateral-raise,,,
-59,-23,-658,lateral-raise,,,
-78,5,-736,lateral-raise,,,
-1,-13,-751,lateral-raise,,,
29,33,-703,lateral-raise,,,
59,20,-778,lateral-raise,,,
71,43,-832,lateral-raise,,,
137,61,-781,lateral-raise,,,
158,51,-711,lateral-raise,,,
179,110,-845,lateral-raise,,,
250,68,-967,lateral-raise,,,
278,113,-910,lateral-raise,,,
332,159,-891,lateral-raise,,,
358,107,-929,lateral-raise,,,
376,145,-874,lateral-raise,,,
410,155,-903,lateral-raise,,,
475,113,-936,lateral-raise,,,
544,121,-901,lateral-raise,,,
544,203,-976,lateral-raise,,,
584,192,-1003,lateral-raise,,,
628,192,-954,lateral-raise,,,
654,259,-953,lateral-raise,,,
689,201,-914,lateral-raise,,,
712,156,-832,lateral-raise,,,
720,215,-838,lateral-raise,,,
738,222,-843,lateral-raise,,,
774,172,-789,lateral-raise,,,
799,163,-786,lateral-raise,,,
798,206,-784,lateral-raise,,,
796,204,-696,lateral-raise,,,
825,178,-615,lateral-raise,,,
845,195,-675,lateral-raise,,,
851,232,-699,lateral-raise,,,
845,202,-645,lateral-raise,,,
854,213,-579,lateral-raise,,,
856,224,-553,lateral-raise,,,
884,220,-526,lateral-raise,,,
898,213,-573,lateral-raise,,,
907,229,-579,lateral-raise,,,
926,216,-525,lateral-raise,,,
955,216,-513,lateral-raise,,,
968,215,-519,lateral-raise,,,
968,211,-513,lateral-raise,,,
969,228,-516,lateral-raise,,,
977,192,-473,lateral-raise,,,
990,193,-402,lateral-raise,,,
968,208,-430,lateral-raise,,,
968,216,-390,lateral-raise,,,
960,223,-329,lateral-raise,,,
944,169,-479,lateral-raise,,,
952,207,-348,lateral-raise,,,
929,261,-352,lateral-raise,,,
943,227,-374,lateral-raise,,,
922,188,-405,lateral-raise,,,
934,234,-322,lateral-raise,,,
943,233,-270,lateral-raise,,,
951,225,-257,lateral-raise,,,
965,231,-256,lateral-raise,,,
961,252,-295,lateral-raise,,,
966,256,-253,lateral-raise,,,
968,237,-159,lateral-raise,,,
962,244,-178,lateral-raise,,,
966,189,-286,lateral-raise,,,
968,162,-309,lateral-raise,,,
957,199,-298,lateral-raise,,,
947,178,-410,lateral-raise,,,
949,186,-522,lateral-raise,,,
977,292,-705,lateral-raise,,,
1032,290,-772,lateral-raise,,,
1099,232,-712,lateral-raise,,,
1128,221,-689,lateral-raise,,,
1137,228,-844,lateral-raise,,,
1127,245,-930,lateral-raise,,,
1145,277,-875,lateral-raise,,,
1192,256,-812,lateral-raise,,,
1196,239,-780,lateral-raise,,,
1221,260,-817,lateral-raise,,,
1285,217,-800,lateral-raise,,,
1312,178,-691,lateral-raise,,,
1293,198,-717,lateral-raise,,,
1252,223,-814,lateral-raise,,,
1215,242,-735,lateral-raise,,,
1168,224,-675,lateral-raise,,,
1126,200,-728,lateral-raise,,,
1085,186,-677,lateral-raise,,,
1020,192,-599,lateral-raise,,,
957,186,-715,lateral-raise,,,
906,164,-746,lateral-raise,,,
826,157,-660,lateral-raise,,,
760,178,-599,lateral-raise,,,
684,172,-620,lateral-raise,,,
616,121,-599,lateral-raise,,,
527,120,-599,lateral-raise,,,
459,74,-635,lateral-raise,,,
364,82,-613,lateral-raise,,,
327,33,-719,lateral-raise,,,
307,39,-711,lateral-raise,,,
237,32,-794,lateral-raise,,,
174,30,-668,lateral-raise,,,
104,-24,-520,lateral-raise,,,
40,48,-496,lateral-raise,,,
63,-37,-574,lateral-raise,,,
-4,-10,-584,lateral-raise,,,
-8,-45,-495,lateral-raise,,,
-66,-55,-400,lateral-raise,,,
-72,-27,-663,lateral-raise,,,
-114,-108,-654,lateral-raise,,,
-140,-72,-525,lateral-raise,,,
-217,-17,-517,lateral-raise,,,
-193,-112,-553,lateral-raise,,,
-273,-79,-471,lateral-raise,,,
-253,-52,-597,lateral-raise,,,
-234,-127,-598,lateral-raise,,,
-297,-76,-543,lateral-raise,,,
-257,-100,-614,lateral-raise,,,
-238,-103,-581,lateral-raise,,,
-278,-69,-579,lateral-raise,,,
-259,-109,-634,lateral-raise,,,
-235,-121,-569,lateral-raise,,,
-232,-82,-619,lateral-raise,,,
-213,-74,-694,lateral-raise,,,
-177,-89,-685,lateral-raise,,,
-151,-42,-699,lateral-raise,,,
-114,-35,-716,lateral-raise,,,
-80,-35,-683,lateral-raise,,,
-40,-16,-708,lateral-raise,,,
15,-36,-775,lateral-raise,,,
51,-26,-796,lateral-raise,,,
82,-14,-811,lateral-raise,,,
124,5,-807,lateral-raise,,,
162,46,-906,lateral-raise,,,
191,23,-1005,lateral-raise,,,
228,40,-857,lateral-raise,,,
259,91,-816,lateral-raise,,,
293,93,-810,lateral-raise,,,
344,122,-876,lateral-raise,,,
420,121,-899,lateral-raise,,,
466,127,-875,lateral-raise,,,
470,180,-856,lateral-raise,,,
550,153,-900,lateral-raise,,,
593,202,-890,lateral-raise,,,
590,254,-874,lateral-raise,,,
688,180,-768,lateral-raise,,,
690,207,-746,lateral-raise,,,
713,242,-856,lateral-raise,,,
777,198,-895,lateral-raise,,,
784,204,-748,lateral-raise,,,
787,401,-714,lateral-raise,,,
824,204,-743,lateral-raise,,,
816,281,-722,lateral-raise,,,
832,303,-775,lateral-raise,,,
872,209,-673,lateral-raise,,,
864,332,-602,lateral-raise,,,
902,336,-745,lateral-raise,,,
934,209,-677,lateral-raise,,,
943,280,-504,lateral-raise,,,
937,295,-545,lateral-raise,,,
971,198,-587,lateral-raise,,,
996,198,-592,lateral-raise,,,
987,233,-585,lateral-raise,,,
997,247,-571,lateral-raise,,,
1006,229,-498,lateral-raise,,,
996,236,-474,lateral-raise,,,
986,258,-448,lateral-raise,,,
966,240,-434,lateral-raise,,,
971,186,-461,lateral-raise,,,
976,213,-372,lateral-raise,,,
965,254,-296,lateral-raise,,,
971,248,-343,lateral-raise,,,
971,204,-407,lateral-raise,,,
968,214,-375,lateral-raise,,,
973,261,-287,lateral-raise,,,
981,266,-243,lateral-raise,,,
984,202,-280,lateral-raise,,,
988,182,-303,lateral-raise,,,
980,233,-279,lateral-raise,,,
972,248,-252,lateral-raise,,,
976,228,-244,lateral-raise,,,
980,209,-248,lateral-raise,,,
966,210,-227,lateral-raise,,,
944,245,-197,lateral-raise,,,
944,258,-192,lateral-raise,,,
950,242,-201,lateral-raise,,,
954,232,-199,lateral-raise,,,
939,232,-163,lateral-raise,,,
928,229,-157,lateral-raise,,,
928,226,-173,lateral-raise,,,
935,234,-189,lateral-raise,,,
950,255,-187,lateral-raise,,,
948,292,-152,lateral-raise,,,
978,258,-168,lateral-raise,,,
1035,161,-219,lateral-raise,,,
1010,99,-242,lateral-raise,,,
983,233,-452,lateral-raise,,,
982,327,-614,lateral-raise,,,
1029,363,-750,lateral-raise,,,
1117,325,-784,lateral-raise,,,
1102,295,-728,lateral-raise,,,
1161,286,-817,lateral-raise,,,
1171,267,-826,lateral-raise,,,
1225,320,-856,lateral-raise,,,
1248,336,-864,lateral-raise,,,
1280,288,-920,lateral-raise,,,
1280,288,-920,lateral-raise,,,
1327,342,-749,lateral-raise,,,
1313,336,-721,lateral-raise,,,
1342,373,-809,lateral-raise,,,
1322,354,-787,lateral-raise,,,
1263,402,-770,lateral-raise,,,
1221,352,-663,lateral-raise,,,
1202,364,-682,lateral-raise,,,
1140,348,-675,lateral-raise,,,
1082,344,-652,lateral-raise,,,
1002,325,-584,lateral-raise,,,
934,345,-630,lateral-raise,,,
854,310,-648,lateral-raise,,,
773,284,-613,lateral-raise,,,
700,297,-617,lateral-raise,,,
624,265,-607,lateral-raise,,,
557,237,-638,lateral-raise,,,
473,221,-593,lateral-raise,,,
415,175,-565,lateral-raise,,,
341,142,-538,lateral-raise,,,
285,165,-544,lateral-raise,,,
240,101,-528,lateral-raise,,,
180,13,-482,lateral-raise,,,
74,104,-559,lateral-raise,,,
16,71,-644,lateral-raise,,,
8,-8,-532,lateral-raise,,,
-35,101,-474,lateral-raise,,,
-71,80,-573,lateral-raise,,,
-98,-11,-552,lateral-raise,,,
-140,16,-512,lateral-raise,,,
-158,-39,-568,lateral-raise,,,
-172,-96,-556,lateral-raise,,,
-207,-24,-591,lateral-raise,,,
-217,-12,-669,lateral-raise,,,
-264,-83,-596,lateral-raise,,,
-262,-29,-542,lateral-raise,,,
-263,5,-608,lateral-raise,,,
-274,-68,-650,lateral-raise,,,
-266,-60,-658,lateral-raise,,,
-283,-14,-669,lateral-raise,,,
-237,-61,-691,lateral-raise,,,
-224,-39,-704,lateral-raise,,,
-221,-9,-696,lateral-raise,,,
-203,-44,-652,lateral-raise,,,
-173,18,-638,lateral-raise,,,
-149,-17,-686,lateral-raise,,,
-119,37,-732,lateral-raise,,,
-103,12,-699,lateral-raise,,,
-85,71,-746,lateral-raise,,,
-23,47,-781,lateral-raise,,,
16,17,-672,lateral-raise,,,
40,71,-648,lateral-raise,,,
87,111,-819,lateral-raise,,,
88,66,-877,lateral-raise,,,
88,79,-835,lateral-raise,,,
132,124,-730,lateral-raise,,,
200,121,-684,lateral-raise,,,
236,148,-820,lateral-raise,,,
267,159,-826,lateral-raise,,,
339,147,-824,lateral-raise,,,
385,144,-791,lateral-raise,,,
411,252,-873,lateral-raise,,,
453,162,-896,lateral-raise,,,
482,207,-824,lateral-raise,,,
523,220,-847,lateral-raise,,,
576,216,-830,lateral-raise,,,
620,188,-872,lateral-raise,,,
654,290,-842,lateral-raise,,,
722,302,-827,lateral-raise,,,
752,270,-817,lateral-raise,,,
777,289,-857,lateral-raise,,,
821,261,-797,lateral-raise,,,
831,260,-731,lateral-raise,,,
837,307,-791,lateral-raise,,,
857,293,-762,lateral-raise,,,
868,272,-704,lateral-raise,,,
880,300,-668,lateral-raise,,,
903,308,-674,lateral-raise,,,
924,285,-702,lateral-raise,,,
935,283,-626,lateral-raise,,,
947,316,-568,lateral-raise,,,
955,318,-597,lateral-raise,,,
951,262,-603,lateral-raise,,,
945,249,-544,lateral-raise,,,
963,280,-519,lateral-raise,,,
973,283,-485,lateral-raise,,,
977,286,-510,lateral-raise,,,
965,280,-490,lateral-raise,,,
980,278,-464,lateral-raise,,,
996,264,-459,lateral-raise,,,
1006,238,-377,lateral-raise,,,
998,239,-401,lateral-raise,,,
991,264,-385,lateral-raise,,,
983,260,-415,lateral-raise,,,
976,239,-359,lateral-raise,,,
975,233,-304,lateral-raise,,,
969,242,-311,lateral-raise,,,
977,253,-362,lateral-raise,,,
982,223,-302,lateral-raise,,,
961,210,-278,lateral-raise,,,
976,248,-248,lateral-raise,,,
984,264,-232,lateral-raise,,,
976,248,-264,lateral-raise,,,
992,240,-155,lateral-raise,,,
954,240,-182,lateral-raise,,,
945,233,-214,lateral-raise,,,
944,225,-209,lateral-raise,,,
923,224,-151,lateral-raise,,,
920,238,-165,lateral-raise,,,
927,247,-188,lateral-raise,,,
941,241,-152,lateral-raise,,,
937,247,-177,lateral-raise,,,
980,210,-241,lateral-raise,,,
998,138,-299,lateral-raise,,,
982,120,-246,lateral-raise,,,
964,173,-171,lateral-raise,,,
966,209,-284,lateral-raise,,,
990,233,-392,lateral-raise,,,
1022,300,-524,lateral-raise,,,
1074,291,-702,lateral-raise,,,
1081,272,-732,lateral-raise,,,
1107,287,-737,lateral-raise,,,
1118,267,-790,lateral-raise,,,
1144,248,-811,lateral-raise,,,
1168,297,-812,lateral-raise,,,
1194,293,-838,lateral-raise,,,
1212,289,-819,lateral-raise,,,
1228,340,-828,lateral-raise,,,
1279,352,-837,lateral-raise,,,
1294,359,-745,lateral-raise,,,
1258,337,-694,lateral-raise,,,
1240,281,-699,lateral-raise,,,
1221,295,-686,lateral-raise,,,
1183,297,-684,lateral-raise,,,
1142,268,-687,lateral-raise,,,
1085,288,-701,lateral-raise,,,
1033,261,-671,lateral-raise,,,
963,265,-710,lateral-raise,,,
929,250,-663,lateral-raise,,,
844,256,-606,lateral-raise,,,
754,246,-620,lateral-raise,,,
692,209,-626,lateral-raise,,,
604,192,-703,lateral-raise,,,
525,212,-760,lateral-raise,,,
496,163,-728,lateral-raise,,,
408,175,-574,lateral-raise,,,
356,167,-611,lateral-raise,,,
322,162,-635,lateral-raise,,,
262,172,-667,lateral-raise,,,
157,128,-684,lateral-raise,,,
118,27,-518,lateral-raise,,,
87,89,-492,lateral-raise,,,
40,111,-623,lateral-raise,,,
8,41,-569,lateral-raise,,,
-70,48,-560,lateral-raise,,,
-118,18,-522,lateral-raise,,,
-120,46,-565,lateral-raise,,,
-171,55,-510,lateral-raise,,,
-183,-8,-547,lateral-raise,,,
-177,-79,-510,lateral-raise,,,
-258,55,-545,lateral-raise,,,
-245,-33,-619,lateral-raise,,,
-247,-82,-502,lateral-raise,,,
-248,39,-555,lateral-raise,,,
-242,-71,-601,lateral-raise,,,
-294,-46,-584,lateral-raise,,,
-277,-30,-729,lateral-raise,,,
-258,-43,-624,lateral-raise,,,
-284,-26,-577,lateral-raise,,,
-247,-43,-611,lateral-raise,,,
-213,-61,-619,lateral-raise,,,
-213,-3,-677,lateral-raise,,,
-191,-27,-702,lateral-raise,,,
-162,-26,-643,lateral-raise,,,
-129,0,-710,lateral-raise,,,
-85,-22,-762,lateral-raise,,,
-51,3,-666,lateral-raise,,,
-11,36,-675,lateral-raise,,,
32,16,-736,lateral-raise,,,
63,35,-778,lateral-raise,,,
95,61,-836,lateral-raise,,,
130,83,-808,lateral-raise,,,
176,98,-781,lateral-raise,,,
205,91,-781,lateral-raise,,,
234,141,-780,lateral-raise,,,
308,127,-809,lateral-raise,,,
352,142,-806,lateral-raise,,,
386,187,-848,lateral-raise,,,
436,170,-853,lateral-raise,,,
473,212,-880,lateral-raise,,,
521,239,-880,lateral-raise,,,
592,186,-780,lateral-raise,,,
603,256,-827,lateral-raise,,,
656,292,-841,lateral-raise,,,
729,237,-767,lateral-raise,,,
775,311,-833,lateral-raise,,,
815,231,-835,lateral-raise,,,
860,274,-808,lateral-raise,,,
887,281,-809,lateral-raise,,,
881,223,-811,lateral-raise,,,
896,219,-759,lateral-raise,,,
896,256,-748,lateral-raise,,,
905,247,-681,lateral-raise,,,
944,208,-712,lateral-raise,,,
920,256,-664,lateral-raise,,,
912,295,-749,lateral-raise,,,
942,258,-638,lateral-raise,,,
951,249,-662,lateral-raise,,,
952,233,-540,lateral-raise,,,
959,196,-485,lateral-raise,,,
974,220,-543,lateral-raise,,,
969,224,-545,lateral-raise,,,
975,224,-484,lateral-raise,,,
976,224,-433,lateral-raise,,,
976,237,-437,lateral-raise,,,
976,234,-440,lateral-raise,,,
988,226,-404,lateral-raise,,,
1004,195,-416,lateral-raise,,,
1014,207,-384,lateral-raise,,,
1010,216,-346,lateral-raise,,,
1008,216,-331,lateral-raise,,,
1013,232,-307,lateral-raise,,,
1011,220,-301,lateral-raise,,,
1003,218,-294,lateral-raise,,,
995,224,-259,lateral-raise,,,
987,238,-231,lateral-raise,,,
980,230,-224,lateral-raise,,,
976,212,-224,lateral-raise,,,
976,212,-220,lateral-raise,,,
980,220,-196,lateral-raise,,,
992,216,-180,lateral-raise,,,
989,204,-173,lateral-raise,,,
969,221,-132,lateral-raise,,,
957,248,-123,lateral-raise,,,
952,251,-150,lateral-raise,,,
949,247,-154,lateral-raise,,,
950,209,-149,lateral-raise,,,
965,190,-96,lateral-raise,,,
973,232,-115,lateral-raise,,,
970,230,-113,lateral-raise,,,
976,224,-98,lateral-raise,,,
974,220,-108,lateral-raise,,,
966,204,-104,lateral-raise,,,
960,199,-56,lateral-raise,,,
960,227,-59,lateral-raise,,,
966,228,-87,lateral-raise,,,
989,180,-153,lateral-raise,,,
978,199,-141,lateral-raise,,,
992,199,-50,lateral-raise,,,
993,243,-201,lateral-raise,,,
999,200,-411,lateral-raise,,,
986,208,-446,lateral-raise,,,
1017,312,-531,lateral-raise,,,
1033,305,-593,lateral-raise,,,
1080,336,-634,lateral-raise,,,
1088,328,-814,lateral-raise,,,
1142,180,-645,lateral-raise,,,
1182,199,-503,lateral-raise,,,
1221,207,-697,lateral-raise,,,
1253,223,-814,lateral-raise,,,
1235,274,-810,lateral-raise,,,
1232,259,-752,lateral-raise,,,
1246,283,-628,lateral-raise,,,
1275,328,-641,lateral-raise,,,
1280,329,-681,lateral-raise,,,
1261,296,-637,lateral-raise,,,
1256,313,-624,lateral-raise,,,
1244,302,-721,lateral-raise,,,
1199,290,-687,lateral-raise,,,
1150,340,-681,lateral-raise,,,
1103,343,-666,lateral-raise,,,
1045,336,-640,lateral-raise,,,
987,310,-611,lateral-raise,,,
932,316,-656,lateral-raise,,,
872,288,-668,lateral-raise,,,
800,250,-670,lateral-raise,,,
726,235,-694,lateral-raise,,,
660,245,-704,lateral-raise,,,
602,243,-695,lateral-raise,,,
526,215,-688,lateral-raise,,,
448,188,-668,lateral-raise,,,
389,157,-648,lateral-raise,,,
316,114,-611,lateral-raise,,,
232,120,-642,lateral-raise,,,
155,147,-749,lateral-raise,,,
85,131,-752,lateral-raise,,,
56,130,-713,lateral-raise,,,
50,114,-676,lateral-raise,,,
13,85,-585,lateral-raise,,,
-50,48,-484,lateral-raise,,,
-84,53,-587,lateral-raise,,,
-128,48,-623,lateral-raise,,,
-176,21,-590,lateral-raise,,,
-204,48,-664,lateral-raise,,,
-225,31,-649,lateral-raise,,,
-263,33,-647,lateral-raise,,,
-294,-49,-516,lateral-raise,,,
-328,-5,-512,lateral-raise,,,
-360,34,-600,lateral-raise,,,
-320,-43,-636,lateral-raise,,,
-374,-6,-552,lateral-raise,,,
-358,4,-553,lateral-raise,,,
-338,-31,-562,lateral-raise,,,
-359,-17,-579,lateral-raise,,,
-344,-40,-489,lateral-raise,,,
-352,-24,-536,lateral-raise,,,
-344,0,-576,lateral-raise,,,
-344,0,-576,lateral-raise,,,
-360,-62,-568,lateral-raise,,,
-352,-64,-538,lateral-raise,,,
-337,-27,-573,lateral-raise,,,
-336,-31,-554,lateral-raise,,,
-350,-11,-559,lateral-raise,,,
-303,-29,-651,lateral-raise,,,
-269,-5,-657,lateral-raise,,,
-237,53,-689,lateral-raise,,,
-199,97,-670,lateral-raise,,,
-103,60,-670,lateral-raise,,,
-68,48,-641,lateral-raise,,,
-28,30,-741,lateral-raise,,,
43,12,-752,lateral-raise,,,
81,42,-744,lateral-raise,,,
105,78,-844,lateral-raise,,,
150,61,-818,lateral-raise,,,
194,37,-805,lateral-raise,,,
223,129,-847,lateral-raise,,,
252,65,-864,lateral-raise,,,
302,16,-783,lateral-raise,,,
347,138,-830,lateral-raise,,,
391,131,-868,lateral-raise,,,
438,55,-793,lateral-raise,,,
468,127,-843,lateral-raise,,,
520,168,-920,lateral-raise,,,
575,167,-885,lateral-raise,,,
614,207,-878,lateral-raise,,,
658,181,-819,lateral-raise,,,
700,153,-688,lateral-raise,,,
751,208,-720,lateral-raise,,,
805,232,-807,lateral-raise,,,
849,195,-760,lateral-raise,,,
872,225,-701,lateral-raise,,,
898,251,-719,lateral-raise,,,
922,213,-707,lateral-raise,,,
935,244,-584,lateral-raise,,,
963,273,-618,lateral-raise,,,
1002,212,-592,lateral-raise,,,
1037,231,-566,lateral-raise,,,
1056,244,-565,lateral-raise,,,
1060,210,-583,lateral-raise,,,
1081,269,-565,lateral-raise,,,
1094,324,-498,lateral-raise,,,
1126,241,-429,lateral-raise,,,
1110,142,-517,lateral-raise,,,
1095,196,-484,lateral-raise,,,
1080,240,-450,lateral-raise,,,
1079,240,-472,lateral-raise,,,
1064,233,-480,lateral-raise,,,
1056,256,-463,lateral-raise,,,
1040,240,-377,lateral-raise,,,
1040,248,-368,lateral-raise,,,
1017,256,-322,lateral-raise,,,
1009,263,-342,lateral-raise,,,
993,235,-322,lateral-raise,,,
971,253,-249,lateral-raise,,,
933,263,-205,lateral-raise,,,
894,250,-193,lateral-raise,,,
881,208,-145,lateral-raise,,,
867,220,-90,lateral-raise,,,
851,243,-105,lateral-raise,,,
867,260,-100,lateral-raise,,,
884,282,-102,lateral-raise,,,
900,288,-63,lateral-raise,,,
893,248,4,lateral-raise,,,
888,232,7,lateral-raise,,,
893,227,-43,lateral-raise,,,
901,213,-64,lateral-raise,,,
899,244,-33,lateral-raise,,,
891,289,-11,lateral-raise,,,
888,275,-37,lateral-raise,,,
883,256,-28,lateral-raise,,,
876,234,-12,lateral-raise,,,
876,229,6,lateral-raise,,,
884,240,-5,lateral-raise,,,
904,224,-48,lateral-raise,,,
924,216,-45,lateral-raise,,,
932,235,2,lateral-raise,,,
929,280,46,lateral-raise,,,
927,296,37,lateral-raise,,,
942,267,-13,lateral-raise,,,
967,272,-35,lateral-raise,,,
998,275,-11,lateral-raise,,,
1008,277,35,lateral-raise,,,
1008,269,19,lateral-raise,,,
1015,271,10,lateral-raise,,,
1041,288,2,lateral-raise,,,
1068,288,-21,lateral-raise,,,
1078,288,20,lateral-raise,,,
1077,292,52,lateral-raise,,,
1094,306,35,lateral-raise,,,
1087,305,16,lateral-raise,,,
1076,269,11,lateral-raise,,,
1054,262,-14,lateral-raise,,,
1037,301,-1,lateral-raise,,,
1016,339,-4,lateral-raise,,,
1017,356,29,lateral-raise,,,
1032,318,2,lateral-raise,,,
1029,287,33,lateral-raise,,,
969,265,47,lateral-raise,,,
992,312,0,lateral-raise,,,
