293,-270,-913,biceps-curl,,,
1216,-83,-1134,biceps-curl,,,
429,588,-516,biceps-curl,,,
-282,185,-516,biceps-curl,,,
-65,-64,-602,biceps-curl,,,
196,-532,-672,biceps-curl,,,
375,-590,-362,biceps-curl,,,
555,-214,-554,biceps-curl,,,
-606,194,-587,biceps-curl,,,
589,256,-410,biceps-curl,,,
1111,448,-1134,biceps-curl,,,
1182,-1700,-804,biceps-curl,,,
-480,-1357,-1253,biceps-curl,,,
667,-1272,-289,biceps-curl,,,
486,-1057,-701,biceps-curl,,,
-364,-695,-874,biceps-curl,,,
-544,-669,-696,biceps-curl,,,
-274,-710,-500,biceps-curl,,,
-11,-658,-295,biceps-curl,,,
-154,-670,-643,biceps-curl,,,
-181,-666,-662,biceps-curl,,,
-80,-757,-600,biceps-curl,,,
-22,-787,-598,biceps-curl,,,
-29,-732,-857,biceps-curl,,,
-22,-676,-893,biceps-curl,,,
45,-633,-719,biceps-curl,,,
-11,-528,-600,biceps-curl,,,
-27,-331,-1112,biceps-curl,,,
-108,-231,-930,biceps-curl,,,
-187,-239,-884,biceps-curl,,,
-163,-247,-964,biceps-curl,,,
-340,-214,-1182,biceps-curl,,,
-229,-205,-761,biceps-curl,,,
-165,-242,-731,biceps-curl,,,
-156,-260,-869,biceps-curl,,,
-132,-203,-724,biceps-curl,,,
-141,-269,-954,biceps-curl,,,
-184,-345,-1349,biceps-curl,,,
-381,-526,-1262,biceps-curl,,,
-627,-604,-1085,biceps-curl,,,
-551,-568,-922,biceps-curl,,,
-462,-563,-1296,biceps-curl,,,
-579,-674,-1768,biceps-curl,,,
-809,-717,-1695,biceps-curl,,,
-685,-650,-1539,biceps-curl,,,
-576,-680,-1396,biceps-curl,,,
-539,-768,-1382,biceps-curl,,,
-547,-761,-1268,biceps-curl,,,
-527,-655,-813,biceps-curl,,,
-470,-525,-339,biceps-curl,,,
-353,-528,-208,biceps-curl,,,
-277,-488,-208,biceps-curl,,,
-243,-376,10,biceps-curl,,,
-210,-200,330,biceps-curl,,,
-154,-51,504,biceps-curl,,,
-104,134,796,biceps-curl,,,
-83,282,1097,biceps-curl,,,
-69,290,1203,biceps-curl,,,
-26,211,1103,biceps-curl,,,
34,93,867,biceps-curl,,,
40,-46,706,biceps-curl,,,
55,-131,623,biceps-curl,,,
38,-148,703,biceps-curl,,,
-8,-87,732,biceps-curl,,,
4,-22,711,biceps-curl,,,
51,29,631,biceps-curl,,,
145,45,482,biceps-curl,,,
224,45,467,biceps-curl,,,
240,26,352,biceps-curl,,,
282,108,-79,biceps-curl,,,
210,159,-237,biceps-curl,,,
111,183,-534,biceps-curl,,,
94,157,-861,biceps-curl,,,
82,108,-1059,biceps-curl,,,
152,93,-1283,biceps-curl,,,
119,33,-1625,biceps-curl,,,
196,-2,-1866,biceps-curl,,,
232,-21,-2056,biceps-curl,,,
132,-24,-2098,biceps-curl,,,
0,-17,-2145,biceps-curl,,,
-31,7,-2421,biceps-curl,,,
-106,-88,-2471,biceps-curl,,,
-283,-222,-2396,biceps-curl,,,
-407,-296,-2052,biceps-curl,,,
-483,-319,-1813,biceps-curl,,,
-515,-393,-1721,biceps-curl,,,
-519,-445,-1677,biceps-curl,,,
-475,-466,-1619,biceps-curl,,,
-444,-448,-1588,biceps-curl,,,
-454,-413,-1570,biceps-curl,,,
-464,-400,-1644,biceps-curl,,,
-456,-384,-1768,biceps-curl,,,
-518,-384,-1791,biceps-curl,,,
-588,-407,-1929,biceps-curl,,,
-577,-348,-1943,biceps-curl,,,
-503,-286,-1871,biceps-curl,,,
-425,-301,-1864,biceps-curl,,,
-423,-339,-1731,biceps-curl,,,
-458,-364,-1685,biceps-curl,,,
-411,-361,-1567,biceps-curl,,,
-322,-360,-1446,biceps-curl,,,
-285,-360,-1284,biceps-curl,,,
-237,-360,-1112,biceps-curl,,,
-176,-324,-897,biceps-curl,,,
-136,-277,-752,biceps-curl,,,
-94,-230,-697,biceps-curl,,,
-80,-205,-504,biceps-curl,,,
-75,-168,-283,biceps-curl,,,
-14,-110,-132,biceps-curl,,,
62,-57,65,biceps-curl,,,
108,-5,271,biceps-curl,,,
153,59,444,biceps-curl,,,
181,130,623,biceps-curl,,,
206,205,816,biceps-curl,,,
267,305,995,biceps-curl,,,
358,385,1139,biceps-curl,,,
424,388,1172,biceps-curl,,,
448,295,1067,biceps-curl,,,
460,128,896,biceps-curl,,,
450,-40,796,biceps-curl,,,
398,-137,800,biceps-curl,,,
326,-147,771,biceps-curl,,,
267,-122,704,biceps-curl,,,
220,-121,612,biceps-curl,,,
195,-163,493,biceps-curl,,,
174,-232,427,biceps-curl,,,
145,-271,373,biceps-curl,,,
108,-290,289,biceps-curl,,,
52,-298,179,biceps-curl,,,
28,-310,1,biceps-curl,,,
-17,-337,-127,biceps-curl,,,
-46,-371,-262,biceps-curl,,,
-46,-377,-385,biceps-curl,,,
-64,-340,-472,biceps-curl,,,
-22,-324,-760,biceps-curl,,,
-8,-351,-1055,biceps-curl,,,
-7,-397,-1169,biceps-curl,,,
4,-369,-1263,biceps-curl,,,
38,-287,-1502,biceps-curl,,,
4,-167,-1483,biceps-curl,,,
-72,-149,-1690,biceps-curl,,,
-80,-64,-1770,biceps-curl,,,
-48,-16,-1966,biceps-curl,,,
-48,-24,-2154,biceps-curl,,,
-124,-153,-2335,biceps-curl,,,
-225,-309,-2307,biceps-curl,,,
-320,-378,-2049,biceps-curl,,,
-421,-427,-1674,biceps-curl,,,
-439,-460,-1513,biceps-curl,,,
-406,-498,-1551,biceps-curl,,,
-347,-504,-1480,biceps-curl,,,
-264,-484,-1373,biceps-curl,,,
-191,-467,-1282,biceps-curl,,,
-157,-458,-1270,biceps-curl,,,
-164,-456,-1284,biceps-curl,,,
-197,-462,-1388,biceps-curl,,,
-265,-458,-1493,biceps-curl,,,
-333,-434,-1537,biceps-curl,,,
-401,-397,-1587,biceps-curl,,,
-461,-337,-1640,biceps-curl,,,
-480,-292,-1722,biceps-curl,,,
-470,-270,-1795,biceps-curl,,,
-450,-250,-1811,biceps-curl,,,
-421,-231,-1785,biceps-curl,,,
-421,-224,-1728,biceps-curl,,,
-432,-241,-1649,biceps-curl,,,
-428,-244,-1558,biceps-curl,,,
-420,-244,-1416,biceps-curl,,,
-393,-275,-1293,biceps-curl,,,
-353,-307,-1201,biceps-curl,,,
-336,-320,-1043,biceps-curl,,,
-323,-320,-902,biceps-curl,,,
-278,-320,-801,biceps-curl,,,
-225,-326,-659,biceps-curl,,,
-194,-336,-516,biceps-curl,,,
-179,-336,-399,biceps-curl,,,
-152,-339,-266,biceps-curl,,,
-103,-354,-142,biceps-curl,,,
-53,-371,-79,biceps-curl,,,
-5,-352,58,biceps-curl,,,
64,-320,191,biceps-curl,,,
126,-283,348,biceps-curl,,,
194,-242,475,biceps-curl,,,
276,-251,516,biceps-curl,,,
332,-263,637,biceps-curl,,,
359,-255,635,biceps-curl,,,
406,-239,715,biceps-curl,,,
451,-167,863,biceps-curl,,,
473,-90,989,biceps-curl,,,
480,-21,1038,biceps-curl,,,
479,16,1014,biceps-curl,,,
464,13,972,biceps-curl,,,
464,-96,824,biceps-curl,,,
432,-224,792,biceps-curl,,,
432,-224,792,biceps-curl,,,
393,-278,738,biceps-curl,,,
384,-250,835,biceps-curl,,,
354,-188,862,biceps-curl,,,
316,-140,813,biceps-curl,,,
326,-129,765,biceps-curl,,,
314,-128,683,biceps-curl,,,
278,-135,604,biceps-curl,,,
245,-116,539,biceps-curl,,,
233,-132,385,biceps-curl,,,
207,-180,225,biceps-curl,,,
144,-242,124,biceps-curl,,,
68,-280,80,biceps-curl,,,
24,-294,-122,biceps-curl,,,
-7,-319,-335,biceps-curl,,,
-27,-423,-509,biceps-curl,,,
-48,-480,-598,biceps-curl,,,
-40,-499,-763,biceps-curl,,,
-68,-489,-871,biceps-curl,,,
-98,-450,-913,biceps-curl,,,
-61,-442,-1105,biceps-curl,,,
28,-425,-1354,biceps-curl,,,
32,-372,-1408,biceps-curl,,,
-47,-335,-1385,biceps-curl,,,
-80,-291,-1454,biceps-curl,,,
8,-240,-1644,biceps-curl,,,
123,-239,-1857,biceps-curl,,,
131,-289,-1996,biceps-curl,,,
75,-342,-2035,biceps-curl,,,
38,-363,-1978,biceps-curl,,,
11,-378,-1888,biceps-curl,,,
-23,-420,-1764,biceps-curl,,,
-51,-481,-1619,biceps-curl,,,
-34,-523,-1501,biceps-curl,,,
21,-554,-1457,biceps-curl,,,
67,-583,-1398,biceps-curl,,,
121,-602,-1394,biceps-curl,,,
148,-614,-1451,biceps-curl,,,
146,-630,-1505,biceps-curl,,,
75,-622,-1570,biceps-curl,,,
-45,-616,-1536,biceps-curl,,,
-135,-606,-1613,biceps-curl,,,
-171,-551,-1685,biceps-curl,,,
-184,-499,-1758,biceps-curl,,,
-189,-470,-1790,biceps-curl,,,
-221,-453,-1774,biceps-curl,,,
-190,-421,-1756,biceps-curl,,,
-169,-391,-1707,biceps-curl,,,
-176,-377,-1631,biceps-curl,,,
-176,-399,-1604,biceps-curl,,,
-192,-376,-1470,biceps-curl,,,
-200,-360,-1274,biceps-curl,,,
-153,-383,-1124,biceps-curl,,,
-91,-422,-1044,biceps-curl,,,
-110,-402,-884,biceps-curl,,,
-134,-385,-763,biceps-curl,,,
-122,-384,-595,biceps-curl,,,
-78,-377,-506,biceps-curl,,,
-58,-356,-394,biceps-curl,,,
-36,-345,-256,biceps-curl,,,
-58,-324,-108,biceps-curl,,,
-39,-307,28,biceps-curl,,,
-1,-279,124,biceps-curl,,,
62,-266,204,biceps-curl,,,
139,-317,295,biceps-curl,,,
183,-342,435,biceps-curl,,,
192,-316,525,biceps-curl,,,
224,-239,614,biceps-curl,,,
293,-124,785,biceps-curl,,,
376,32,999,biceps-curl,,,
462,185,1134,biceps-curl,,,
525,278,1182,biceps-curl,,,
539,272,1141,biceps-curl,,,
505,168,1024,biceps-curl,,,
467,35,865,biceps-curl,,,
414,-53,730,biceps-curl,,,
336,-108,688,biceps-curl,,,
281,-151,646,biceps-curl,,,
253,-186,551,biceps-curl,,,
229,-222,451,biceps-curl,,,
209,-253,364,biceps-curl,,,
197,-285,301,biceps-curl,,,
186,-328,199,biceps-curl,,,
159,-377,74,biceps-curl,,,
117,-392,-41,biceps-curl,,,
91,-400,-166,biceps-curl,,,
75,-431,-359,biceps-curl,,,
41,-478,-529,biceps-curl,,,
-46,-523,-645,biceps-curl,,,
-142,-554,-806,biceps-curl,,,
-168,-564,-871,biceps-curl,,,
-115,-573,-972,biceps-curl,,,
-144,-542,-1042,biceps-curl,,,
-219,-451,-1040,biceps-curl,,,
-226,-372,-1165,biceps-curl,,,
-180,-297,-1224,biceps-curl,,,
-91,-249,-1462,biceps-curl,,,
-45,-257,-1648,biceps-curl,,,
-18,-272,-1741,biceps-curl,,,
-45,-270,-1816,biceps-curl,,,
-155,-240,-1823,biceps-curl,,,
-248,-256,-1792,biceps-curl,,,
-296,-304,-1744,biceps-curl,,,
-226,-374,-1791,biceps-curl,,,
-163,-498,-1655,biceps-curl,,,
-167,-675,-1626,biceps-curl,,,
-124,-783,-1595,biceps-curl,,,
-127,-828,-1506,biceps-curl,,,
-135,-825,-1475,biceps-curl,,,
-102,-810,-1472,biceps-curl,,,
-69,-761,-1472,biceps-curl,,,
-84,-765,-1498,biceps-curl,,,
-152,-749,-1536,biceps-curl,,,
-205,-694,-1569,biceps-curl,,,
-246,-620,-1600,biceps-curl,,,
-268,-559,-1667,biceps-curl,,,
-278,-521,-1717,biceps-curl,,,
-297,-479,-1717,biceps-curl,,,
-309,-448,-1680,biceps-curl,,,
-323,-440,-1696,biceps-curl,,,
-323,-430,-1666,biceps-curl,,,
-305,-439,-1576,biceps-curl,,,
-306,-458,-1503,biceps-curl,,,
-335,-473,-1397,biceps-curl,,,
-348,-484,-1206,biceps-curl,,,
-318,-488,-1078,biceps-curl,,,
-279,-492,-994,biceps-curl,,,
-240,-488,-844,biceps-curl,,,
-197,-465,-687,biceps-curl,,,
-172,-433,-557,biceps-curl,,,
-147,-420,-446,biceps-curl,,,
-103,-417,-352,biceps-curl,,,
-64,-382,-232,biceps-curl,,,
-25,-341,-84,biceps-curl,,,
17,-327,17,biceps-curl,,,
73,-296,103,biceps-curl,,,
146,-241,257,biceps-curl,,,
217,-160,409,biceps-curl,,,
276,-56,570,biceps-curl,,,
351,75,747,biceps-curl,,,
447,265,943,biceps-curl,,,
567,457,1166,biceps-curl,,,
653,618,1336,biceps-curl,,,
659,669,1236,biceps-curl,,,
583,556,1056,biceps-curl,,,
477,392,929,biceps-curl,,,
358,245,882,biceps-curl,,,
284,162,816,biceps-curl,,,
246,106,604,biceps-curl,,,
225,45,472,biceps-curl,,,
231,-4,363,biceps-curl,,,
206,-82,250,biceps-curl,,,
127,-161,55,biceps-curl,,,
73,-231,-23,biceps-curl,,,
33,-232,-47,biceps-curl,,,
9,-202,-170,biceps-curl,,,
8,-163,-400,biceps-curl,,,
37,-182,-715,biceps-curl,,,
69,-255,-1072,biceps-curl,,,
107,-432,-1356,biceps-curl,,,
105,-545,-1508,biceps-curl,,,
17,-560,-1568,biceps-curl,,,
-111,-514,-1498,biceps-curl,,,
-117,-409,-1518,biceps-curl,,,
-31,-347,-1664,biceps-curl,,,
4,-330,-1746,biceps-curl,,,
14,-304,-1731,biceps-curl,,,
73,-262,-1857,biceps-curl,,,
141,-248,-1973,biceps-curl,,,
182,-308,-1919,biceps-curl,,,
176,-415,-1859,biceps-curl,,,
158,-578,-1879,biceps-curl,,,
152,-786,-1881,biceps-curl,,,
128,-963,-1791,biceps-curl,,,
89,-1038,-1625,biceps-curl,,,
41,-1021,-1423,biceps-curl,,,
33,-961,-1319,biceps-curl,,,
40,-916,-1341,biceps-curl,,,
28,-900,-1392,biceps-curl,,,
-7,-869,-1416,biceps-curl,,,
-62,-799,-1438,biceps-curl,,,
-113,-713,-1468,biceps-curl,,,
-157,-630,-1492,biceps-curl,,,
-189,-558,-1552,biceps-curl,,,
-208,-508,-1612,biceps-curl,,,
-193,-479,-1655,biceps-curl,,,
-163,-464,-1715,biceps-curl,,,
-157,-456,-1742,biceps-curl,,,
-180,-442,-1691,biceps-curl,,,
-213,-462,-1597,biceps-curl,,,
-226,-515,-1528,biceps-curl,,,
-230,-584,-1536,biceps-curl,,,
-231,-646,-1508,biceps-curl,,,
-248,-701,-1310,biceps-curl,,,
-201,-714,-1197,biceps-curl,,,
-125,-680,-969,biceps-curl,,,
-66,-636,-768,biceps-curl,,,
-31,-608,-697,biceps-curl,,,
-22,-541,-509,biceps-curl,,,
-4,-438,-279,biceps-curl,,,
41,-329,-177,biceps-curl,,,
58,-235,-75,biceps-curl,,,
98,-134,31,biceps-curl,,,
160,-64,264,biceps-curl,,,
184,32,416,biceps-curl,,,
184,32,416,biceps-curl,,,
223,71,439,biceps-curl,,,
247,95,516,biceps-curl,,,
248,126,676,biceps-curl,,,
270,150,819,biceps-curl,,,
315,166,789,biceps-curl,,,
348,189,875,biceps-curl,,,
366,226,963,biceps-curl,,,
388,279,1009,biceps-curl,,,
405,321,990,biceps-curl,,,
427,303,933,biceps-curl,,,
451,234,901,biceps-curl,,,
456,150,860,biceps-curl,,,
432,110,854,biceps-curl,,,
395,115,850,biceps-curl,,,
356,131,792,biceps-curl,,,
328,147,719,biceps-curl,,,
304,136,638,biceps-curl,,,
286,92,552,biceps-curl,,,
265,42,485,biceps-curl,,,
227,10,407,biceps-curl,,,
180,-14,289,biceps-curl,,,
142,-46,93,biceps-curl,,,
115,-124,-124,biceps-curl,,,
83,-243,-258,biceps-curl,,,
72,-340,-396,biceps-curl,,,
72,-407,-546,biceps-curl,,,
46,-481,-733,biceps-curl,,,
6,-567,-973,biceps-curl,,,
-33,-646,-1171,biceps-curl,,,
-69,-698,-1257,biceps-curl,,,
-100,-691,-1218,biceps-curl,,,
-135,-647,-1309,biceps-curl,,,
-165,-607,-1493,biceps-curl,,,
-155,-563,-1681,biceps-curl,,,
-102,-556,-1790,biceps-curl,,,
-78,-526,-1845,biceps-curl,,,
-59,-539,-1888,biceps-curl,,,
-4,-617,-1970,biceps-curl,,,
69,-725,-1923,biceps-curl,,,
114,-857,-1783,biceps-curl,,,
110,-1000,-1603,biceps-curl,,,
51,-1071,-1523,biceps-curl,,,
-23,-1050,-1551,biceps-curl,,,
-64,-952,-1392,biceps-curl,,,
-59,-831,-1269,biceps-curl,,,
-10,-749,-1177,biceps-curl,,,
60,-718,-1198,biceps-curl,,,
113,-694,-1284,biceps-curl,,,
127,-663,-1368,biceps-curl,,,
88,-640,-1368,biceps-curl,,,
48,-616,-1416,biceps-curl,,,
-14,-608,-1494,biceps-curl,,,
-62,-600,-1603,biceps-curl,,,
-124,-593,-1645,biceps-curl,,,
-172,-577,-1699,biceps-curl,,,
-190,-547,-1704,biceps-curl,,,
-185,-537,-1683,biceps-curl,,,
-170,-543,-1598,biceps-curl,,,
-168,-537,-1464,biceps-curl,,,
-148,-536,-1362,biceps-curl,,,
-112,-530,-1249,biceps-curl,,,
-73,-547,-1088,biceps-curl,,,
-46,-570,-969,biceps-curl,,,
1,-600,-909,biceps-curl,,,
27,-625,-816,biceps-curl,,,
15,-649,-723,biceps-curl,,,
3,-672,-664,biceps-curl,,,
-5,-654,-553,biceps-curl,,,
7,-604,-407,biceps-curl,,,
6,-554,-268,biceps-curl,,,
-14,-507,-178,biceps-curl,,,
-15,-465,-92,biceps-curl,,,
1,-430,6,biceps-curl,,,
21,-403,152,biceps-curl,,,
49,-363,340,biceps-curl,,,
84,-300,448,biceps-curl,,,
135,-237,499,biceps-curl,,,
216,-204,573,biceps-curl,,,
300,-182,662,biceps-curl,,,
343,-123,760,biceps-curl,,,
346,-11,884,biceps-curl,,,
308,135,1033,biceps-curl,,,
264,270,1109,biceps-curl,,,
269,366,1126,biceps-curl,,,
277,369,1137,biceps-curl,,,
267,276,1021,biceps-curl,,,
247,146,874,biceps-curl,,,
220,55,796,biceps-curl,,,
202,-2,772,biceps-curl,,,
186,-34,714,biceps-curl,,,
195,-56,630,biceps-curl,,,
208,-133,576,biceps-curl,,,
207,-200,492,biceps-curl,,,
200,-247,418,biceps-curl,,,
199,-298,320,biceps-curl,,,
190,-374,192,biceps-curl,,,
172,-428,56,biceps-curl,,,
133,-473,-28,biceps-curl,,,
94,-481,-94,biceps-curl,,,
63,-502,-217,biceps-curl,,,
16,-448,-248,biceps-curl,,,
-24,-400,-304,biceps-curl,,,
7,-384,-506,biceps-curl,,,
122,-414,-991,biceps-curl,,,
232,-461,-1292,biceps-curl,,,
276,-471,-1392,biceps-curl,,,
237,-443,-1314,biceps-curl,,,
127,-398,-1178,biceps-curl,,,
78,-331,-1269,biceps-curl,,,
159,-333,-1541,biceps-curl,,,
267,-369,-1735,biceps-curl,,,
282,-395,-1609,biceps-curl,,,
230,-381,-1419,biceps-curl,,,
162,-316,-1340,biceps-curl,,,
144,-231,-1340,biceps-curl,,,
161,-156,-1367,biceps-curl,,,
201,-114,-1432,biceps-curl,,,
276,-104,-1510,biceps-curl,,,
357,-120,-1573,biceps-curl,,,
399,-148,-1612,biceps-curl,,,
413,-209,-1624,biceps-curl,,,
383,-288,-1614,biceps-curl,,,
346,-380,-1659,biceps-curl,,,
309,-437,-1638,biceps-curl,,,
249,-426,-1588,biceps-curl,,,
191,-375,-1572,biceps-curl,,,
168,-324,-1584,biceps-curl,,,
183,-292,-1639,biceps-curl,,,
204,-269,-1668,biceps-curl,,,
208,-245,-1660,biceps-curl,,,
208,-222,-1693,biceps-curl,,,
198,-185,-1734,biceps-curl,,,
163,-140,-1717,biceps-curl,,,
108,-129,-1680,biceps-curl,,,
64,-152,-1632,biceps-curl,,,
38,-176,-1651,biceps-curl,,,
1,-197,-1612,biceps-curl,,,
-37,-206,-1464,biceps-curl,,,
-56,-206,-1291,biceps-curl,,,
-72,-236,-1136,biceps-curl,,,
-43,-285,-1094,biceps-curl,,,
-22,-341,-1024,biceps-curl,,,
-17,-395,-959,biceps-curl,,,
-27,-411,-797,biceps-curl,,,
-39,-426,-683,biceps-curl,,,
-33,-440,-543,biceps-curl,,,
-37,-438,-411,biceps-curl,,,
-12,-425,-296,biceps-curl,,,
26,-443,-212,biceps-curl,,,
58,-483,-159,biceps-curl,,,
88,-536,-139,biceps-curl,,,
105,-528,25,biceps-curl,,,
159,-480,159,biceps-curl,,,
183,-387,308,biceps-curl,,,
230,-338,464,biceps-curl,,,
254,-269,591,biceps-curl,,,
285,-169,688,biceps-curl,,,
331,-81,732,biceps-curl,,,
406,47,841,biceps-curl,,,
450,166,1013,biceps-curl,,,
463,171,1160,biceps-curl,,,
471,233,1080,biceps-curl,,,
466,197,935,biceps-curl,,,
445,85,873,biceps-curl,,,
410,-59,779,biceps-curl,,,
376,-120,752,biceps-curl,,,
345,-105,798,biceps-curl,,,
314,-68,799,biceps-curl,,,
293,-40,727,biceps-curl,,,
241,-90,601,biceps-curl,,,
211,-125,532,biceps-curl,,,
213,-163,471,biceps-curl,,,
211,-203,378,biceps-curl,,,
185,-235,257,biceps-curl,,,
137,-315,70,biceps-curl,,,
82,-441,-92,biceps-curl,,,
44,-571,-202,biceps-curl,,,
8,-636,-224,biceps-curl,,,
-43,-609,-261,biceps-curl,,,
-83,-580,-410,biceps-curl,,,
-85,-602,-542,biceps-curl,,,
-72,-634,-691,biceps-curl,,,
-111,-664,-848,biceps-curl,,,
-199,-688,-920,biceps-curl,,,
-242,-691,-1004,biceps-curl,,,
-240,-674,-1127,biceps-curl,,,
-297,-619,-1219,biceps-curl,,,
-372,-575,-1234,biceps-curl,,,
-339,-513,-1340,biceps-curl,,,
-311,-454,-1590,biceps-curl,,,
-254,-462,-1735,biceps-curl,,,
-211,-531,-1854,biceps-curl,,,
-163,-654,-1812,biceps-curl,,,
-151,-783,-1641,biceps-curl,,,
-188,-856,-1493,biceps-curl,,,
-215,-902,-1435,biceps-curl,,,
-258,-936,-1402,biceps-curl,,,
-266,-933,-1354,biceps-curl,,,
-210,-910,-1300,biceps-curl,,,
-147,-889,-1267,biceps-curl,,,
-68,-898,-1302,biceps-curl,,,
8,-929,-1258,biceps-curl,,,
24,-968,-1312,biceps-curl,,,
-16,-960,-1384,biceps-curl,,,
-16,-960,-1384,biceps-curl,,,
-78,-906,-1400,biceps-curl,,,
-164,-851,-1468,biceps-curl,,,
-235,-803,-1561,biceps-curl,,,
-262,-764,-1488,biceps-curl,,,
-271,-731,-1573,biceps-curl,,,
-244,-721,-1577,biceps-curl,,,
-240,-706,-1528,biceps-curl,,,
-227,-711,-1493,biceps-curl,,,
-237,-712,-1481,biceps-curl,,,
-246,-718,-1378,biceps-curl,,,
-254,-701,-1247,biceps-curl,,,
-232,-678,-1156,biceps-curl,,,
-189,-648,-1036,biceps-curl,,,
-170,-606,-897,biceps-curl,,,
-157,-581,-778,biceps-curl,,,
-152,-560,-641,biceps-curl,,,
-147,-536,-518,biceps-curl,,,
-134,-508,-383,biceps-curl,,,
-118,-476,-244,biceps-curl,,,
-93,-454,-101,biceps-curl,,,
-48,-434,6,biceps-curl,,,
-15,-433,71,biceps-curl,,,
-4,-436,174,biceps-curl,,,
21,-420,302,biceps-curl,,,
64,-396,412,biceps-curl,,,
123,-376,468,biceps-curl,,,
182,-364,513,biceps-curl,,,
250,-332,609,biceps-curl,,,
324,-286,679,biceps-curl,,,
355,-282,682,biceps-curl,,,
363,-284,681,biceps-curl,,,
371,-218,722,biceps-curl,,,
381,-87,828,biceps-curl,,,
395,68,972,biceps-curl,,,
405,228,1044,biceps-curl,,,
425,314,1042,biceps-curl,,,
446,292,938,biceps-curl,,,
438,171,827,biceps-curl,,,
423,0,729,biceps-curl,,,
385,-117,716,biceps-curl,,,
354,-126,770,biceps-curl,,,
323,-68,812,biceps-curl,,,
294,-2,793,biceps-curl,,,
280,33,794,biceps-curl,,,
280,37,736,biceps-curl,,,
281,11,599,biceps-curl,,,
287,-44,499,biceps-curl,,,
272,-107,419,biceps-curl,,,
263,-163,319,biceps-curl,,,
215,-257,271,biceps-curl,,,
153,-319,161,biceps-curl,,,
113,-343,51,biceps-curl,,,
89,-397,-74,biceps-curl,,,
103,-467,-192,biceps-curl,,,
119,-589,-412,biceps-curl,,,
70,-621,-589,biceps-curl,,,
-34,-631,-678,biceps-curl,,,
-68,-598,-674,biceps-curl,,,
28,-605,-845,biceps-curl,,,
139,-608,-1056,biceps-curl,,,
96,-564,-1160,biceps-curl,,,
-7,-471,-1182,biceps-curl,,,
-20,-369,-1226,biceps-curl,,,
43,-273,-1222,biceps-curl,,,
133,-196,-1376,biceps-curl,,,
188,-154,-1579,biceps-curl,,,
216,-139,-1727,biceps-curl,,,
245,-125,-1794,biceps-curl,,,
281,-115,-1833,biceps-curl,,,
311,-107,-1853,biceps-curl,,,
315,-99,-1832,biceps-curl,,,
312,-115,-1821,biceps-curl,,,
312,-186,-1775,biceps-curl,,,
299,-292,-1684,biceps-curl,,,
267,-381,-1603,biceps-curl,,,
256,-436,-1592,biceps-curl,,,
276,-460,-1608,biceps-curl,,,
295,-453,-1593,biceps-curl,,,
300,-412,-1566,biceps-curl,,,
296,-369,-1547,biceps-curl,,,
299,-370,-1613,biceps-curl,,,
301,-369,-1713,biceps-curl,,,
290,-332,-1743,biceps-curl,,,
269,-298,-1782,biceps-curl,,,
230,-256,-1821,biceps-curl,,,
182,-222,-1848,biceps-curl,,,
160,-211,-1834,biceps-curl,,,
156,-198,-1772,biceps-curl,,,
138,-202,-1678,biceps-curl,,,
131,-246,-1628,biceps-curl,,,
170,-304,-1609,biceps-curl,,,
172,-343,-1460,biceps-curl,,,
152,-381,-1309,biceps-curl,,,
159,-414,-1161,biceps-curl,,,
205,-449,-1067,biceps-curl,,,
235,-450,-1001,biceps-curl,,,
188,-396,-723,biceps-curl,,,
152,-349,-498,biceps-curl,,,
151,-302,-407,biceps-curl,,,
136,-263,-236,biceps-curl,,,
120,-240,-96,biceps-curl,,,
