arms,biceps-curl,293,-270,-913
arms,biceps-curl,1216,-83,-1134
arms,biceps-curl,429,588,-516
arms,biceps-curl,-282,185,-516
arms,biceps-curl,-65,-64,-602
arms,biceps-curl,196,-532,-672
arms,biceps-curl,375,-590,-362
arms,biceps-curl,555,-214,-554
arms,biceps-curl,-606,194,-587
arms,biceps-curl,589,256,-410
arms,biceps-curl,1111,448,-1134
arms,biceps-curl,1182,-1700,-804
arms,biceps-curl,-480,-1357,-1253
arms,biceps-curl,667,-1272,-289
arms,biceps-curl,486,-1057,-701
arms,biceps-curl,-364,-695,-874
arms,biceps-curl,-544,-669,-696
arms,biceps-curl,-274,-710,-500
arms,biceps-curl,-11,-658,-295
arms,biceps-curl,-154,-670,-643
arms,biceps-curl,-181,-666,-662
arms,biceps-curl,-80,-757,-600
arms,biceps-curl,-22,-787,-598
arms,biceps-curl,-29,-732,-857
arms,biceps-curl,-22,-676,-893
arms,biceps-curl,45,-633,-719
arms,biceps-curl,-11,-528,-600
arms,biceps-curl,-27,-331,-1112
arms,biceps-curl,-108,-231,-930
arms,biceps-curl,-187,-239,-884
arms,biceps-curl,-163,-247,-964
arms,biceps-curl,-340,-214,-1182
arms,biceps-curl,-229,-205,-761
arms,biceps-curl,-165,-242,-731
arms,biceps-curl,-156,-260,-869
arms,biceps-curl,-132,-203,-724
arms,biceps-curl,-141,-269,-954
arms,biceps-curl,-184,-345,-1349
arms,biceps-curl,-381,-526,-1262
arms,biceps-curl,-627,-604,-1085
arms,biceps-curl,-551,-568,-922
arms,biceps-curl,-462,-563,-1296
arms,biceps-curl,-579,-674,-1768
arms,biceps-curl,-809,-717,-1695
arms,biceps-curl,-685,-650,-1539
arms,biceps-curl,-576,-680,-1396
arms,biceps-curl,-539,-768,-1382
arms,biceps-curl,-547,-761,-1268
arms,biceps-curl,-527,-655,-813
arms,biceps-curl,-470,-525,-339
arms,biceps-curl,-353,-528,-208
arms,biceps-curl,-277,-488,-208
arms,biceps-curl,-243,-376,10
arms,biceps-curl,-210,-200,330
arms,biceps-curl,-154,-51,504
arms,biceps-curl,-104,134,796
arms,biceps-curl,-83,282,1097
arms,biceps-curl,-69,290,1203
arms,biceps-curl,-26,211,1103
arms,biceps-curl,34,93,867
arms,biceps-curl,40,-46,706
arms,biceps-curl,55,-131,623
arms,biceps-curl,38,-148,703
arms,biceps-curl,-8,-87,732
arms,biceps-curl,4,-22,711
arms,biceps-curl,51,29,631
arms,biceps-curl,145,45,482
arms,biceps-curl,224,45,467
arms,biceps-curl,240,26,352
arms,biceps-curl,282,108,-79
arms,biceps-curl,210,159,-237
arms,biceps-curl,111,183,-534
arms,biceps-curl,94,157,-861
arms,biceps-curl,82,108,-1059
arms,biceps-curl,152,93,-1283
arms,biceps-curl,119,33,-1625
arms,biceps-curl,196,-2,-1866
arms,biceps-curl,232,-21,-2056
arms,biceps-curl,132,-24,-2098
arms,biceps-curl,0,-17,-2145
arms,biceps-curl,-31,7,-2421
arms,biceps-curl,-106,-88,-2471
arms,biceps-curl,-283,-222,-2396
arms,biceps-curl,-407,-296,-2052
arms,biceps-curl,-483,-319,-1813
arms,biceps-curl,-515,-393,-1721
arms,biceps-curl,-519,-445,-1677
arms,biceps-curl,-475,-466,-1619
arms,biceps-curl,-444,-448,-1588
arms,biceps-curl,-454,-413,-1570
arms,biceps-curl,-464,-400,-1644
arms,biceps-curl,-456,-384,-1768
arms,biceps-curl,-518,-384,-1791
arms,biceps-curl,-588,-407,-1929
arms,biceps-curl,-577,-348,-1943
arms,biceps-curl,-503,-286,-1871
arms,biceps-curl,-425,-301,-1864
arms,biceps-curl,-423,-339,-1731
arms,biceps-curl,-458,-364,-1685
arms,biceps-curl,-411,-361,-1567
arms,biceps-curl,-322,-360,-1446
arms,biceps-curl,-285,-360,-1284
arms,biceps-curl,-237,-360,-1112
arms,biceps-curl,-176,-324,-897
arms,biceps-curl,-136,-277,-752
arms,biceps-curl,-94,-230,-697
arms,biceps-curl,-80,-205,-504
arms,biceps-curl,-75,-168,-283
arms,biceps-curl,-14,-110,-132
arms,biceps-curl,62,-57,65
arms,biceps-curl,108,-5,271
arms,biceps-curl,153,59,444
arms,biceps-curl,181,130,623
arms,biceps-curl,206,205,816
arms,biceps-curl,267,305,995
arms,biceps-curl,358,385,1139
arms,biceps-curl,424,388,1172
arms,biceps-curl,448,295,1067
arms,biceps-curl,460,128,896
arms,biceps-curl,450,-40,796
arms,biceps-curl,398,-137,800
arms,biceps-curl,326,-147,771
arms,biceps-curl,267,-122,704
arms,biceps-curl,220,-121,612
arms,biceps-curl,195,-163,493
arms,biceps-curl,174,-232,427
arms,biceps-curl,145,-271,373
arms,biceps-curl,108,-290,289
arms,biceps-curl,52,-298,179
arms,biceps-curl,28,-310,1
arms,biceps-curl,-17,-337,-127
arms,biceps-curl,-46,-371,-262
arms,biceps-curl,-46,-377,-385
arms,biceps-curl,-64,-340,-472
arms,biceps-curl,-22,-324,-760
arms,biceps-curl,-8,-351,-1055
arms,biceps-curl,-7,-397,-1169
arms,biceps-curl,4,-369,-1263
arms,biceps-curl,38,-287,-1502
arms,biceps-curl,4,-167,-1483
arms,biceps-curl,-72,-149,-1690
arms,biceps-curl,-80,-64,-1770
arms,biceps-curl,-48,-16,-1966
arms,biceps-curl,-48,-24,-2154
arms,biceps-curl,-124,-153,-2335
arms,biceps-curl,-225,-309,-2307
arms,biceps-curl,-320,-378,-2049
arms,biceps-curl,-421,-427,-1674
arms,biceps-curl,-439,-460,-1513
arms,biceps-curl,-406,-498,-1551
arms,biceps-curl,-347,-504,-1480
arms,biceps-curl,-264,-484,-1373
arms,biceps-curl,-191,-467,-1282
arms,biceps-curl,-157,-458,-1270
arms,biceps-curl,-164,-456,-1284
arms,biceps-curl,-197,-462,-1388
arms,biceps-curl,-265,-458,-1493
arms,biceps-curl,-333,-434,-1537
arms,biceps-curl,-401,-397,-1587
arms,biceps-curl,-461,-337,-1640
arms,biceps-curl,-480,-292,-1722
arms,biceps-curl,-470,-270,-1795
arms,biceps-curl,-450,-250,-1811
arms,biceps-curl,-421,-231,-1785
arms,biceps-curl,-421,-224,-1728
arms,biceps-curl,-432,-241,-1649
arms,biceps-curl,-428,-244,-1558
arms,biceps-curl,-420,-244,-1416
arms,biceps-curl,-393,-275,-1293
arms,biceps-curl,-353,-307,-1201
arms,biceps-curl,-336,-320,-1043
arms,biceps-curl,-323,-320,-902
arms,biceps-curl,-278,-320,-801
arms,biceps-curl,-225,-326,-659
arms,biceps-curl,-194,-336,-516
arms,biceps-curl,-179,-336,-399
arms,biceps-curl,-152,-339,-266
arms,biceps-curl,-103,-354,-142
arms,biceps-curl,-53,-371,-79
arms,biceps-curl,-5,-352,58
arms,biceps-curl,64,-320,191
arms,biceps-curl,126,-283,348
arms,biceps-curl,194,-242,475
arms,biceps-curl,276,-251,516
arms,biceps-curl,332,-263,637
arms,biceps-curl,359,-255,635
arms,biceps-curl,406,-239,715
arms,biceps-curl,451,-167,863
arms,biceps-curl,473,-90,989
arms,biceps-curl,480,-21,1038
arms,biceps-curl,479,16,1014
arms,biceps-curl,464,13,972
arms,biceps-curl,464,-96,824
arms,biceps-curl,432,-224,792
arms,biceps-curl,432,-224,792
arms,biceps-curl,393,-278,738
arms,biceps-curl,384,-250,835
arms,biceps-curl,354,-188,862
arms,biceps-curl,316,-140,813
arms,biceps-curl,326,-129,765
arms,biceps-curl,314,-128,683
arms,biceps-curl,278,-135,604
arms,biceps-curl,245,-116,539
arms,biceps-curl,233,-132,385
arms,biceps-curl,207,-180,225
arms,biceps-curl,144,-242,124
arms,biceps-curl,68,-280,80
arms,biceps-curl,24,-294,-122
arms,biceps-curl,-7,-319,-335
arms,biceps-curl,-27,-423,-509
arms,biceps-curl,-48,-480,-598
arms,biceps-curl,-40,-499,-763
arms,biceps-curl,-68,-489,-871
arms,biceps-curl,-98,-450,-913
arms,biceps-curl,-61,-442,-1105
arms,biceps-curl,28,-425,-1354
arms,biceps-curl,32,-372,-1408
arms,biceps-curl,-47,-335,-1385
arms,biceps-curl,-80,-291,-1454
arms,biceps-curl,8,-240,-1644
arms,biceps-curl,123,-239,-1857
arms,biceps-curl,131,-289,-1996
arms,biceps-curl,75,-342,-2035
arms,biceps-curl,38,-363,-1978
arms,biceps-curl,11,-378,-1888
arms,biceps-curl,-23,-420,-1764
arms,biceps-curl,-51,-481,-1619
arms,biceps-curl,-34,-523,-1501
arms,biceps-curl,21,-554,-1457
arms,biceps-curl,67,-583,-1398
arms,biceps-curl,121,-602,-1394
arms,biceps-curl,148,-614,-1451
arms,biceps-curl,146,-630,-1505
arms,biceps-curl,75,-622,-1570
arms,biceps-curl,-45,-616,-1536
arms,biceps-curl,-135,-606,-1613
arms,biceps-curl,-171,-551,-1685
arms,biceps-curl,-184,-499,-1758
arms,biceps-curl,-189,-470,-1790
arms,biceps-curl,-221,-453,-1774
arms,biceps-curl,-190,-421,-1756
arms,biceps-curl,-169,-391,-1707
arms,biceps-curl,-176,-377,-1631
arms,biceps-curl,-176,-399,-1604
arms,biceps-curl,-192,-376,-1470
arms,biceps-curl,-200,-360,-1274
arms,biceps-curl,-153,-383,-1124
arms,biceps-curl,-91,-422,-1044
arms,biceps-curl,-110,-402,-884
arms,biceps-curl,-134,-385,-763
arms,biceps-curl,-122,-384,-595
arms,biceps-curl,-78,-377,-506
arms,biceps-curl,-58,-356,-394
arms,biceps-curl,-36,-345,-256
arms,biceps-curl,-58,-324,-108
arms,biceps-curl,-39,-307,28
arms,biceps-curl,-1,-279,124
arms,biceps-curl,62,-266,204
arms,biceps-curl,139,-317,295
arms,biceps-curl,183,-342,435
arms,biceps-curl,192,-316,525
arms,biceps-curl,224,-239,614
arms,biceps-curl,293,-124,785
arms,biceps-curl,376,32,999
arms,biceps-curl,462,185,1134
arms,biceps-curl,525,278,1182
arms,biceps-curl,539,272,1141
arms,biceps-curl,505,168,1024
arms,biceps-curl,467,35,865
arms,biceps-curl,414,-53,730
arms,biceps-curl,336,-108,688
arms,biceps-curl,281,-151,646
arms,biceps-curl,253,-186,551
arms,biceps-curl,229,-222,451
arms,biceps-curl,209,-253,364
arms,biceps-curl,197,-285,301
arms,biceps-curl,186,-328,199
arms,biceps-curl,159,-377,74
arms,biceps-curl,117,-392,-41
arms,biceps-curl,91,-400,-166
arms,biceps-curl,75,-431,-359
arms,biceps-curl,41,-478,-529
arms,biceps-curl,-46,-523,-645
arms,biceps-curl,-142,-554,-806
arms,biceps-curl,-168,-564,-871
arms,biceps-curl,-115,-573,-972
arms,biceps-curl,-144,-542,-1042
arms,biceps-curl,-219,-451,-1040
arms,biceps-curl,-226,-372,-1165
arms,biceps-curl,-180,-297,-1224
arms,biceps-curl,-91,-249,-1462
arms,biceps-curl,-45,-257,-1648
arms,biceps-curl,-18,-272,-1741
arms,biceps-curl,-45,-270,-1816
arms,biceps-curl,-155,-240,-1823
arms,biceps-curl,-248,-256,-1792
arms,biceps-curl,-296,-304,-1744
arms,biceps-curl,-226,-374,-1791
arms,biceps-curl,-163,-498,-1655
arms,biceps-curl,-167,-675,-1626
arms,biceps-curl,-124,-783,-1595
arms,biceps-curl,-127,-828,-1506
arms,biceps-curl,-135,-825,-1475
arms,biceps-curl,-102,-810,-1472
arms,biceps-curl,-69,-761,-1472
arms,biceps-curl,-84,-765,-1498
arms,biceps-curl,-152,-749,-1536
arms,biceps-curl,-205,-694,-1569
arms,biceps-curl,-246,-620,-1600
arms,biceps-curl,-268,-559,-1667
arms,biceps-curl,-278,-521,-1717
arms,biceps-curl,-297,-479,-1717
arms,biceps-curl,-309,-448,-1680
arms,biceps-curl,-323,-440,-1696
arms,biceps-curl,-323,-430,-1666
arms,biceps-curl,-305,-439,-1576
arms,biceps-curl,-306,-458,-1503
arms,biceps-curl,-335,-473,-1397
arms,biceps-curl,-348,-484,-1206
arms,biceps-curl,-318,-488,-1078
arms,biceps-curl,-279,-492,-994
arms,biceps-curl,-240,-488,-844
arms,biceps-curl,-197,-465,-687
arms,biceps-curl,-172,-433,-557
arms,biceps-curl,-147,-420,-446
arms,biceps-curl,-103,-417,-352
arms,biceps-curl,-64,-382,-232
arms,biceps-curl,-25,-341,-84
arms,biceps-curl,17,-327,17
arms,biceps-curl,73,-296,103
arms,biceps-curl,146,-241,257
arms,biceps-curl,217,-160,409
arms,biceps-curl,276,-56,570
arms,biceps-curl,351,75,747
arms,biceps-curl,447,265,943
arms,biceps-curl,567,457,1166
arms,biceps-curl,653,618,1336
arms,biceps-curl,659,669,1236
arms,biceps-curl,583,556,1056
arms,biceps-curl,477,392,929
arms,biceps-curl,358,245,882
arms,biceps-curl,284,162,816
arms,biceps-curl,246,106,604
arms,biceps-curl,225,45,472
arms,biceps-curl,231,-4,363
arms,biceps-curl,206,-82,250
arms,biceps-curl,127,-161,55
arms,biceps-curl,73,-231,-23
arms,biceps-curl,33,-232,-47
arms,biceps-curl,9,-202,-170
arms,biceps-curl,8,-163,-400
arms,biceps-curl,37,-182,-715
arms,biceps-curl,69,-255,-1072
arms,biceps-curl,107,-432,-1356
arms,biceps-curl,105,-545,-1508
arms,biceps-curl,17,-560,-1568
arms,biceps-curl,-111,-514,-1498
arms,biceps-curl,-117,-409,-1518
arms,biceps-curl,-31,-347,-1664
arms,biceps-curl,4,-330,-1746
arms,biceps-curl,14,-304,-1731
arms,biceps-curl,73,-262,-1857
arms,biceps-curl,141,-248,-1973
arms,biceps-curl,182,-308,-1919
arms,biceps-curl,176,-415,-1859
arms,biceps-curl,158,-578,-1879
arms,biceps-curl,152,-786,-1881
arms,biceps-curl,128,-963,-1791
arms,biceps-curl,89,-1038,-1625
arms,biceps-curl,41,-1021,-1423
arms,biceps-curl,33,-961,-1319
arms,biceps-curl,40,-916,-1341
arms,biceps-curl,28,-900,-1392
arms,biceps-curl,-7,-869,-1416
arms,biceps-curl,-62,-799,-1438
arms,biceps-curl,-113,-713,-1468
arms,biceps-curl,-157,-630,-1492
arms,biceps-curl,-189,-558,-1552
arms,biceps-curl,-208,-508,-1612
arms,biceps-curl,-193,-479,-1655
arms,biceps-curl,-163,-464,-1715
arms,biceps-curl,-157,-456,-1742
arms,biceps-curl,-180,-442,-1691
arms,biceps-curl,-213,-462,-1597
arms,biceps-curl,-226,-515,-1528
arms,biceps-curl,-230,-584,-1536
arms,biceps-curl,-231,-646,-1508
arms,biceps-curl,-248,-701,-1310
arms,biceps-curl,-201,-714,-1197
arms,biceps-curl,-125,-680,-969
arms,biceps-curl,-66,-636,-768
arms,biceps-curl,-31,-608,-697
arms,biceps-curl,-22,-541,-509
arms,biceps-curl,-4,-438,-279
arms,biceps-curl,41,-329,-177
arms,biceps-curl,58,-235,-75
arms,biceps-curl,98,-134,31
arms,biceps-curl,160,-64,264
arms,biceps-curl,184,32,416
arms,biceps-curl,184,32,416
arms,biceps-curl,223,71,439
arms,biceps-curl,247,95,516
arms,biceps-curl,248,126,676
arms,biceps-curl,270,150,819
arms,biceps-curl,315,166,789
arms,biceps-curl,348,189,875
arms,biceps-curl,366,226,963
arms,biceps-curl,388,279,1009
arms,biceps-curl,405,321,990
arms,biceps-curl,427,303,933
arms,biceps-curl,451,234,901
arms,biceps-curl,456,150,860
arms,biceps-curl,432,110,854
arms,biceps-curl,395,115,850
arms,biceps-curl,356,131,792
arms,biceps-curl,328,147,719
arms,biceps-curl,304,136,638
arms,biceps-curl,286,92,552
arms,biceps-curl,265,42,485
arms,biceps-curl,227,10,407
arms,biceps-curl,180,-14,289
arms,biceps-curl,142,-46,93
arms,biceps-curl,115,-124,-124
arms,biceps-curl,83,-243,-258
arms,biceps-curl,72,-340,-396
arms,biceps-curl,72,-407,-546
arms,biceps-curl,46,-481,-733
arms,biceps-curl,6,-567,-973
arms,biceps-curl,-33,-646,-1171
arms,biceps-curl,-69,-698,-1257
arms,biceps-curl,-100,-691,-1218
arms,biceps-curl,-135,-647,-1309
arms,biceps-curl,-165,-607,-1493
arms,biceps-curl,-155,-563,-1681
arms,biceps-curl,-102,-556,-1790
arms,biceps-curl,-78,-526,-1845
arms,biceps-curl,-59,-539,-1888
arms,biceps-curl,-4,-617,-1970
arms,biceps-curl,69,-725,-1923
arms,biceps-curl,114,-857,-1783
arms,biceps-curl,110,-1000,-1603
arms,biceps-curl,51,-1071,-1523
arms,biceps-curl,-23,-1050,-1551
arms,biceps-curl,-64,-952,-1392
arms,biceps-curl,-59,-831,-1269
arms,biceps-curl,-10,-749,-1177
arms,biceps-curl,60,-718,-1198
arms,biceps-curl,113,-694,-1284
arms,biceps-curl,127,-663,-1368
arms,biceps-curl,88,-640,-1368
arms,biceps-curl,48,-616,-1416
arms,biceps-curl,-14,-608,-1494
arms,biceps-curl,-62,-600,-1603
arms,biceps-curl,-124,-593,-1645
arms,biceps-curl,-172,-577,-1699
arms,biceps-curl,-190,-547,-1704
arms,biceps-curl,-185,-537,-1683
arms,biceps-curl,-170,-543,-1598
arms,biceps-curl,-168,-537,-1464
arms,biceps-curl,-148,-536,-1362
arms,biceps-curl,-112,-530,-1249
arms,biceps-curl,-73,-547,-1088
arms,biceps-curl,-46,-570,-969
arms,biceps-curl,1,-600,-909
arms,biceps-curl,27,-625,-816
arms,biceps-curl,15,-649,-723
arms,biceps-curl,3,-672,-664
arms,biceps-curl,-5,-654,-553
arms,biceps-curl,7,-604,-407
arms,biceps-curl,6,-554,-268
arms,biceps-curl,-14,-507,-178
arms,biceps-curl,-15,-465,-92
arms,biceps-curl,1,-430,6
arms,biceps-curl,21,-403,152
arms,biceps-curl,49,-363,340
arms,biceps-curl,84,-300,448
arms,biceps-curl,135,-237,499
arms,biceps-curl,216,-204,573
arms,biceps-curl,300,-182,662
arms,biceps-curl,343,-123,760
arms,biceps-curl,346,-11,884
arms,biceps-curl,308,135,1033
arms,biceps-curl,264,270,1109
arms,biceps-curl,269,366,1126
arms,biceps-curl,277,369,1137
arms,biceps-curl,267,276,1021
arms,biceps-curl,247,146,874
arms,biceps-curl,220,55,796
arms,biceps-curl,202,-2,772
arms,biceps-curl,186,-34,714
arms,biceps-curl,195,-56,630
arms,biceps-curl,208,-133,576
arms,biceps-curl,207,-200,492
arms,biceps-curl,200,-247,418
arms,biceps-curl,199,-298,320
arms,biceps-curl,190,-374,192
arms,biceps-curl,172,-428,56
arms,biceps-curl,133,-473,-28
arms,biceps-curl,94,-481,-94
arms,biceps-curl,63,-502,-217
arms,biceps-curl,16,-448,-248
arms,biceps-curl,-24,-400,-304
arms,biceps-curl,7,-384,-506
arms,biceps-curl,122,-414,-991
arms,biceps-curl,232,-461,-1292
arms,biceps-curl,276,-471,-1392
arms,biceps-curl,237,-443,-1314
arms,biceps-curl,127,-398,-1178
arms,biceps-curl,78,-331,-1269
arms,biceps-curl,159,-333,-1541
arms,biceps-curl,267,-369,-1735
arms,biceps-curl,282,-395,-1609
arms,biceps-curl,230,-381,-1419
arms,biceps-curl,162,-316,-1340
arms,biceps-curl,144,-231,-1340
arms,biceps-curl,161,-156,-1367
arms,biceps-curl,201,-114,-1432
arms,biceps-curl,276,-104,-1510
arms,biceps-curl,357,-120,-1573
arms,biceps-curl,399,-148,-1612
arms,biceps-curl,413,-209,-1624
arms,biceps-curl,383,-288,-1614
arms,biceps-curl,346,-380,-1659
arms,biceps-curl,309,-437,-1638
arms,biceps-curl,249,-426,-1588
arms,biceps-curl,191,-375,-1572
arms,biceps-curl,168,-324,-1584
arms,biceps-curl,183,-292,-1639
arms,biceps-curl,204,-269,-1668
arms,biceps-curl,208,-245,-1660
arms,biceps-curl,208,-222,-1693
arms,biceps-curl,198,-185,-1734
arms,biceps-curl,163,-140,-1717
arms,biceps-curl,108,-129,-1680
arms,biceps-curl,64,-152,-1632
arms,biceps-curl,38,-176,-1651
arms,biceps-curl,1,-197,-1612
arms,biceps-curl,-37,-206,-1464
arms,biceps-curl,-56,-206,-1291
arms,biceps-curl,-72,-236,-1136
arms,biceps-curl,-43,-285,-1094
arms,biceps-curl,-22,-341,-1024
arms,biceps-curl,-17,-395,-959
arms,biceps-curl,-27,-411,-797
arms,biceps-curl,-39,-426,-683
arms,biceps-curl,-33,-440,-543
arms,biceps-curl,-37,-438,-411
arms,biceps-curl,-12,-425,-296
arms,biceps-curl,26,-443,-212
arms,biceps-curl,58,-483,-159
arms,biceps-curl,88,-536,-139
arms,biceps-curl,105,-528,25
arms,biceps-curl,159,-480,159
arms,biceps-curl,183,-387,308
arms,biceps-curl,230,-338,464
arms,biceps-curl,254,-269,591
arms,biceps-curl,285,-169,688
arms,biceps-curl,331,-81,732
arms,biceps-curl,406,47,841
arms,biceps-curl,450,166,1013
arms,biceps-curl,463,171,1160
arms,biceps-curl,471,233,1080
arms,biceps-curl,466,197,935
arms,biceps-curl,445,85,873
arms,biceps-curl,410,-59,779
arms,biceps-curl,376,-120,752
arms,biceps-curl,345,-105,798
arms,biceps-curl,314,-68,799
arms,biceps-curl,293,-40,727
arms,biceps-curl,241,-90,601
arms,biceps-curl,211,-125,532
arms,biceps-curl,213,-163,471
arms,biceps-curl,211,-203,378
arms,biceps-curl,185,-235,257
arms,biceps-curl,137,-315,70
arms,biceps-curl,82,-441,-92
arms,biceps-curl,44,-571,-202
arms,biceps-curl,8,-636,-224
arms,biceps-curl,-43,-609,-261
arms,biceps-curl,-83,-580,-410
arms,biceps-curl,-85,-602,-542
arms,biceps-curl,-72,-634,-691
arms,biceps-curl,-111,-664,-848
arms,biceps-curl,-199,-688,-920
arms,biceps-curl,-242,-691,-1004
arms,biceps-curl,-240,-674,-1127
arms,biceps-curl,-297,-619,-1219
arms,biceps-curl,-372,-575,-1234
arms,biceps-curl,-339,-513,-1340
arms,biceps-curl,-311,-454,-1590
arms,biceps-curl,-254,-462,-1735
arms,biceps-curl,-211,-531,-1854
arms,biceps-curl,-163,-654,-1812
arms,biceps-curl,-151,-783,-1641
arms,biceps-curl,-188,-856,-1493
arms,biceps-curl,-215,-902,-1435
arms,biceps-curl,-258,-936,-1402
arms,biceps-curl,-266,-933,-1354
arms,biceps-curl,-210,-910,-1300
arms,biceps-curl,-147,-889,-1267
arms,biceps-curl,-68,-898,-1302
arms,biceps-curl,8,-929,-1258
arms,biceps-curl,24,-968,-1312
arms,biceps-curl,-16,-960,-1384
arms,biceps-curl,-16,-960,-1384
arms,biceps-curl,-78,-906,-1400
arms,biceps-curl,-164,-851,-1468
arms,biceps-curl,-235,-803,-1561
arms,biceps-curl,-262,-764,-1488
arms,biceps-curl,-271,-731,-1573
arms,biceps-curl,-244,-721,-1577
arms,biceps-curl,-240,-706,-1528
arms,biceps-curl,-227,-711,-1493
arms,biceps-curl,-237,-712,-1481
arms,biceps-curl,-246,-718,-1378
arms,biceps-curl,-254,-701,-1247
arms,biceps-curl,-232,-678,-1156
arms,biceps-curl,-189,-648,-1036
arms,biceps-curl,-170,-606,-897
arms,biceps-curl,-157,-581,-778
arms,biceps-curl,-152,-560,-641
arms,biceps-curl,-147,-536,-518
arms,biceps-curl,-134,-508,-383
arms,biceps-curl,-118,-476,-244
arms,biceps-curl,-93,-454,-101
arms,biceps-curl,-48,-434,6
arms,biceps-curl,-15,-433,71
arms,biceps-curl,-4,-436,174
arms,biceps-curl,21,-420,302
arms,biceps-curl,64,-396,412
arms,biceps-curl,123,-376,468
arms,biceps-curl,182,-364,513
arms,biceps-curl,250,-332,609
arms,biceps-curl,324,-286,679
arms,biceps-curl,355,-282,682
arms,biceps-curl,363,-284,681
arms,biceps-curl,371,-218,722
arms,biceps-curl,381,-87,828
arms,biceps-curl,395,68,972
arms,biceps-curl,405,228,1044
arms,biceps-curl,425,314,1042
arms,biceps-curl,446,292,938
arms,biceps-curl,438,171,827
arms,biceps-curl,423,0,729
arms,biceps-curl,385,-117,716
arms,biceps-curl,354,-126,770
arms,biceps-curl,323,-68,812
arms,biceps-curl,294,-2,793
arms,biceps-curl,280,33,794
arms,biceps-curl,280,37,736
arms,biceps-curl,281,11,599
arms,biceps-curl,287,-44,499
arms,biceps-curl,272,-107,419
arms,biceps-curl,263,-163,319
arms,biceps-curl,215,-257,271
arms,biceps-curl,153,-319,161
arms,biceps-curl,113,-343,51
arms,biceps-curl,89,-397,-74
arms,biceps-curl,103,-467,-192
arms,biceps-curl,119,-589,-412
arms,biceps-curl,70,-621,-589
arms,biceps-curl,-34,-631,-678
arms,biceps-curl,-68,-598,-674
arms,biceps-curl,28,-605,-845
arms,biceps-curl,139,-608,-1056
arms,biceps-curl,96,-564,-1160
arms,biceps-curl,-7,-471,-1182
arms,biceps-curl,-20,-369,-1226
arms,biceps-curl,43,-273,-1222
arms,biceps-curl,133,-196,-1376
arms,biceps-curl,188,-154,-1579
arms,biceps-curl,216,-139,-1727
arms,biceps-curl,245,-125,-1794
arms,biceps-curl,281,-115,-1833
arms,biceps-curl,311,-107,-1853
arms,biceps-curl,315,-99,-1832
arms,biceps-curl,312,-115,-1821
arms,biceps-curl,312,-186,-1775
arms,biceps-curl,299,-292,-1684
arms,biceps-curl,267,-381,-1603
arms,biceps-curl,256,-436,-1592
arms,biceps-curl,276,-460,-1608
arms,biceps-curl,295,-453,-1593
arms,biceps-curl,300,-412,-1566
arms,biceps-curl,296,-369,-1547
arms,biceps-curl,299,-370,-1613
arms,biceps-curl,301,-369,-1713
arms,biceps-curl,290,-332,-1743
arms,biceps-curl,269,-298,-1782
arms,biceps-curl,230,-256,-1821
arms,biceps-curl,182,-222,-1848
arms,biceps-curl,160,-211,-1834
arms,biceps-curl,156,-198,-1772
arms,biceps-curl,138,-202,-1678
arms,biceps-curl,131,-246,-1628
arms,biceps-curl,170,-304,-1609
arms,biceps-curl,172,-343,-1460
arms,biceps-curl,152,-381,-1309
arms,biceps-curl,159,-414,-1161
arms,biceps-curl,205,-449,-1067
arms,biceps-curl,235,-450,-1001
arms,biceps-curl,188,-396,-723
arms,biceps-curl,152,-349,-498
arms,biceps-curl,151,-302,-407
arms,biceps-curl,136,-263,-236
arms,biceps-curl,120,-240,-96
