968,648,-248,biceps-curl,,,
921,586,-295,biceps-curl,,,
798,561,-91,biceps-curl,,,
792,590,-162,biceps-curl,,,
763,614,-124,biceps-curl,,,
710,645,-91,biceps-curl,,,
662,669,-144,biceps-curl,,,
608,658,-159,biceps-curl,,,
553,623,-67,biceps-curl,,,
505,688,-126,biceps-curl,,,
534,685,-157,biceps-curl,,,
532,649,-42,biceps-curl,,,
570,628,-201,biceps-curl,,,
566,589,-193,biceps-curl,,,
589,668,-31,biceps-curl,,,
639,749,-15,biceps-curl,,,
705,757,-167,biceps-curl,,,
786,699,-232,biceps-curl,,,
811,657,-105,biceps-curl,,,
862,658,-22,biceps-curl,,,
949,631,-212,biceps-curl,,,
998,571,-335,biceps-curl,,,
1008,535,-252,biceps-curl,,,
1021,528,-235,biceps-curl,,,
1024,511,-255,biceps-curl,,,
1004,468,-260,biceps-curl,,,
988,425,-288,biceps-curl,,,
984,386,-281,biceps-curl,,,
973,349,-260,biceps-curl,,,
953,329,-266,biceps-curl,,,
938,323,-277,biceps-curl,,,
925,307,-248,biceps-curl,,,
917,269,-205,biceps-curl,,,
915,253,-184,biceps-curl,,,
923,219,-170,biceps-curl,,,
935,180,-213,biceps-curl,,,
952,166,-226,biceps-curl,,,
960,192,-238,biceps-curl,,,
992,184,-256,biceps-curl,,,
1023,232,-283,biceps-curl,,,
1050,247,-396,biceps-curl,,,
1063,316,-450,biceps-curl,,,
1099,377,-336,biceps-curl,,,
1112,433,-258,biceps-curl,,,
1107,489,-271,biceps-curl,,,
1072,502,-259,biceps-curl,,,
1071,560,-212,biceps-curl,,,
1061,645,-163,biceps-curl,,,
1016,714,-83,biceps-curl,,,
1007,762,9,biceps-curl,,,
976,816,48,biceps-curl,,,
928,792,88,biceps-curl,,,
881,815,127,biceps-curl,,,
812,824,151,biceps-curl,,,
733,846,182,biceps-curl,,,
677,848,242,biceps-curl,,,
608,812,219,biceps-curl,,,
544,850,370,biceps-curl,,,
495,863,378,biceps-curl,,,
435,837,343,biceps-curl,,,
372,832,388,biceps-curl,,,
303,819,419,biceps-curl,,,
257,822,449,biceps-curl,,,
182,800,498,biceps-curl,,,
119,768,494,biceps-curl,,,
47,737,562,biceps-curl,,,
-4,739,564,biceps-curl,,,
-54,712,520,biceps-curl,,,
-130,712,551,biceps-curl,,,
-206,695,566,biceps-curl,,,
-296,631,560,biceps-curl,,,
-374,576,469,biceps-curl,,,
-419,528,334,biceps-curl,,,
-441,482,307,biceps-curl,,,
-452,425,281,biceps-curl,,,
-452,388,265,biceps-curl,,,
-456,392,316,biceps-curl,,,
-460,396,306,biceps-curl,,,
-449,392,282,biceps-curl,,,
-426,413,300,biceps-curl,,,
-391,464,299,biceps-curl,,,
-358,490,304,biceps-curl,,,
-329,498,332,biceps-curl,,,
-295,551,364,biceps-curl,,,
-269,600,415,biceps-curl,,,
-230,660,544,biceps-curl,,,
-180,735,494,biceps-curl,,,
-134,728,434,biceps-curl,,,
-80,823,476,biceps-curl,,,
-36,870,442,biceps-curl,,,
37,904,371,biceps-curl,,,
85,958,365,biceps-curl,,,
123,965,394,biceps-curl,,,
223,1028,281,biceps-curl,,,
297,1047,207,biceps-curl,,,
316,1036,197,biceps-curl,,,
405,1006,166,biceps-curl,,,
449,986,70,biceps-curl,,,
455,918,-26,biceps-curl,,,
453,893,54,biceps-curl,,,
547,838,3,biceps-curl,,,
632,768,-160,biceps-curl,,,
728,736,-152,biceps-curl,,,
813,728,-98,biceps-curl,,,
900,728,-88,biceps-curl,,,
979,691,-207,biceps-curl,,,
1006,681,-252,biceps-curl,,,
1008,673,-185,biceps-curl,,,
1001,637,-197,biceps-curl,,,
986,591,-234,biceps-curl,,,
971,571,-260,biceps-curl,,,
961,535,-231,biceps-curl,,,
966,509,-218,biceps-curl,,,
962,498,-228,biceps-curl,,,
966,472,-202,biceps-curl,,,
974,440,-198,biceps-curl,,,
982,421,-234,biceps-curl,,,
984,422,-209,biceps-curl,,,
979,413,-219,biceps-curl,,,
971,434,-232,biceps-curl,,,
993,448,-217,biceps-curl,,,
1023,483,-228,biceps-curl,,,
1032,523,-245,biceps-curl,,,
1023,564,-239,biceps-curl,,,
1025,629,-228,biceps-curl,,,
1028,699,-189,biceps-curl,,,
1020,753,-185,biceps-curl,,,
996,796,-184,biceps-curl,,,
964,831,-137,biceps-curl,,,
948,859,-97,biceps-curl,,,
926,876,-80,biceps-curl,,,
884,870,-60,biceps-curl,,,
830,856,-13,biceps-curl,,,
764,859,31,biceps-curl,,,
705,861,59,biceps-curl,,,
666,864,56,biceps-curl,,,
630,885,74,biceps-curl,,,
596,901,166,biceps-curl,,,
550,917,225,biceps-curl,,,
487,928,261,biceps-curl,,,
420,926,290,biceps-curl,,,
342,924,295,biceps-curl,,,
265,936,396,biceps-curl,,,
198,926,460,biceps-curl,,,
141,873,411,biceps-curl,,,
76,839,435,biceps-curl,,,
-3,830,497,biceps-curl,,,
-83,806,482,biceps-curl,,,
-120,718,309,biceps-curl,,,
-205,694,433,biceps-curl,,,
-283,660,340,biceps-curl,,,
-337,590,270,biceps-curl,,,
-384,512,192,biceps-curl,,,
-400,480,192,biceps-curl,,,
-431,387,145,biceps-curl,,,
-440,384,212,biceps-curl,,,
-455,399,350,biceps-curl,,,
-456,393,338,biceps-curl,,,
-442,378,293,biceps-curl,,,
-419,397,295,biceps-curl,,,
-416,448,460,biceps-curl,,,
-389,503,441,biceps-curl,,,
-345,499,341,biceps-curl,,,
-285,540,377,biceps-curl,,,
-241,633,448,biceps-curl,,,
-220,680,361,biceps-curl,,,
-187,676,328,biceps-curl,,,
-124,752,328,biceps-curl,,,
-71,851,384,biceps-curl,,,
-7,934,408,biceps-curl,,,
58,1013,303,biceps-curl,,,
90,1060,340,biceps-curl,,,
131,1062,308,biceps-curl,,,
214,1056,227,biceps-curl,,,
279,1033,166,biceps-curl,,,
318,1025,127,biceps-curl,,,
366,1032,90,biceps-curl,,,
413,1020,76,biceps-curl,,,
452,972,8,biceps-curl,,,
503,951,-45,biceps-curl,,,
551,942,-1,biceps-curl,,,
600,916,-37,biceps-curl,,,
653,910,-117,biceps-curl,,,
688,886,-107,biceps-curl,,,
721,851,-64,biceps-curl,,,
751,807,-84,biceps-curl,,,
784,781,-134,biceps-curl,,,
805,750,-132,biceps-curl,,,
816,718,-87,biceps-curl,,,
825,685,-143,biceps-curl,,,
848,639,-177,biceps-curl,,,
852,590,-122,biceps-curl,,,
868,577,-154,biceps-curl,,,
882,545,-152,biceps-curl,,,
892,516,-133,biceps-curl,,,
916,496,-184,biceps-curl,,,
937,491,-145,biceps-curl,,,
946,459,-145,biceps-curl,,,
963,421,-99,biceps-curl,,,
988,396,-127,biceps-curl,,,
1025,351,-200,biceps-curl,,,
1041,337,-198,biceps-curl,,,
1056,361,-152,biceps-curl,,,
1048,384,-152,biceps-curl,,,
1040,432,-272,biceps-curl,,,
1040,432,-272,biceps-curl,,,
1009,440,-272,biceps-curl,,,
978,508,-295,biceps-curl,,,
961,564,-289,biceps-curl,,,
938,561,-230,biceps-curl,,,
929,610,-245,biceps-curl,,,
956,672,-213,biceps-curl,,,
967,694,-208,biceps-curl,,,
981,736,-195,biceps-curl,,,
984,764,-146,biceps-curl,,,
971,800,-123,biceps-curl,,,
949,845,-120,biceps-curl,,,
908,856,-108,biceps-curl,,,
861,862,-92,biceps-curl,,,
785,858,-88,biceps-curl,,,
721,856,-49,biceps-curl,,,
666,867,-43,biceps-curl,,,
611,883,-27,biceps-curl,,,
567,883,4,biceps-curl,,,
517,890,26,biceps-curl,,,
458,910,51,biceps-curl,,,
409,915,78,biceps-curl,,,
356,916,133,biceps-curl,,,
293,916,177,biceps-curl,,,
231,904,205,biceps-curl,,,
168,876,244,biceps-curl,,,
101,844,260,biceps-curl,,,
38,836,274,biceps-curl,,,
-31,833,328,biceps-curl,,,
-93,804,348,biceps-curl,,,
-135,779,333,biceps-curl,,,
-189,775,349,biceps-curl,,,
-247,757,370,biceps-curl,,,
-307,752,424,biceps-curl,,,
-362,724,386,biceps-curl,,,
-415,645,260,biceps-curl,,,
-453,602,234,biceps-curl,,,
-472,602,253,biceps-curl,,,
-498,572,286,biceps-curl,,,
-502,529,267,biceps-curl,,,
-493,502,227,biceps-curl,,,
-477,496,241,biceps-curl,,,
-460,501,257,biceps-curl,,,
-436,527,304,biceps-curl,,,
-413,521,287,biceps-curl,,,
-389,531,177,biceps-curl,,,
-360,564,275,biceps-curl,,,
-358,601,464,biceps-curl,,,
-326,617,349,biceps-curl,,,
-286,643,287,biceps-curl,,,
-232,736,256,biceps-curl,,,
-192,776,296,biceps-curl,,,
-153,792,335,biceps-curl,,,
-99,876,229,biceps-curl,,,
-44,887,68,biceps-curl,,,
-11,924,260,biceps-curl,,,
63,992,237,biceps-curl,,,
114,993,23,biceps-curl,,,
154,978,47,biceps-curl,,,
240,1009,63,biceps-curl,,,
308,1029,51,biceps-curl,,,
371,1045,10,biceps-curl,,,
421,1029,-43,biceps-curl,,,
468,1006,-50,biceps-curl,,,
504,1018,-89,biceps-curl,,,
523,978,-184,biceps-curl,,,
539,938,-166,biceps-curl,,,
555,901,-84,biceps-curl,,,
597,856,-135,biceps-curl,,,
652,825,-222,biceps-curl,,,
692,796,-144,biceps-curl,,,
723,765,-118,biceps-curl,,,
745,743,-130,biceps-curl,,,
756,727,-124,biceps-curl,,,
782,698,-72,biceps-curl,,,
825,663,-66,biceps-curl,,,
868,624,-156,biceps-curl,,,
892,588,-147,biceps-curl,,,
907,587,-109,biceps-curl,,,
931,582,-148,biceps-curl,,,
947,547,-152,biceps-curl,,,
958,518,-146,biceps-curl,,,
971,495,-139,biceps-curl,,,
982,477,-147,biceps-curl,,,
1000,469,-155,biceps-curl,,,
1021,461,-152,biceps-curl,,,
1032,461,-146,biceps-curl,,,
1030,467,-173,biceps-curl,,,
1024,460,-190,biceps-curl,,,
1020,474,-194,biceps-curl,,,
1003,491,-154,biceps-curl,,,
982,530,-157,biceps-curl,,,
975,545,-145,biceps-curl,,,
964,589,-145,biceps-curl,,,
943,620,-105,biceps-curl,,,
938,643,-67,biceps-curl,,,
952,667,-87,biceps-curl,,,
953,691,-73,biceps-curl,,,
968,723,2,biceps-curl,,,
968,770,24,biceps-curl,,,
960,809,18,biceps-curl,,,
944,840,72,biceps-curl,,,
848,672,-216,biceps-curl,,,
847,670,-218,biceps-curl,,,
846,668,-221,biceps-curl,,,
845,667,-224,biceps-curl,,,
844,665,-227,biceps-curl,,,
843,663,-229,biceps-curl,,,
842,662,-232,biceps-curl,,,
841,660,-235,biceps-curl,,,
840,658,-238,biceps-curl,,,
839,657,-241,biceps-curl,,,
838,655,-243,biceps-curl,,,
837,654,-246,biceps-curl,,,
836,652,-249,biceps-curl,,,
835,650,-252,biceps-curl,,,
834,649,-255,biceps-curl,,,
834,647,-257,biceps-curl,,,
833,645,-260,biceps-curl,,,
832,644,-263,biceps-curl,,,
831,642,-266,biceps-curl,,,
830,641,-269,biceps-curl,,,
829,639,-271,biceps-curl,,,
828,637,-274,biceps-curl,,,
827,636,-277,biceps-curl,,,
826,634,-280,biceps-curl,,,
825,632,-283,biceps-curl,,,
824,631,-285,biceps-curl,,,
823,629,-288,biceps-curl,,,
822,627,-291,biceps-curl,,,
821,626,-294,biceps-curl,,,
820,624,-297,biceps-curl,,,
820,623,-299,biceps-curl,,,
819,621,-302,biceps-curl,,,
818,619,-305,biceps-curl,,,
817,618,-308,biceps-curl,,,
816,616,-311,biceps-curl,,,
815,614,-313,biceps-curl,,,
814,613,-316,biceps-curl,,,
813,611,-319,biceps-curl,,,
812,610,-322,biceps-curl,,,
811,608,-325,biceps-curl,,,
810,606,-327,biceps-curl,,,
809,605,-330,biceps-curl,,,
808,603,-333,biceps-curl,,,
807,601,-336,biceps-curl,,,
806,600,-339,biceps-curl,,,
806,598,-341,biceps-curl,,,
805,596,-344,biceps-curl,,,
804,595,-347,biceps-curl,,,
803,593,-350,biceps-curl,,,
802,592,-353,biceps-curl,,,
801,590,-355,biceps-curl,,,
800,588,-358,biceps-curl,,,
799,587,-361,biceps-curl,,,
798,585,-364,biceps-curl,,,
797,583,-366,biceps-curl,,,
796,582,-369,biceps-curl,,,
795,580,-372,biceps-curl,,,
794,579,-375,biceps-curl,,,
793,577,-378,biceps-curl,,,
793,575,-380,biceps-curl,,,
792,574,-383,biceps-curl,,,
791,572,-386,biceps-curl,,,
790,570,-389,biceps-curl,,,
789,569,-392,biceps-curl,,,
788,567,-394,biceps-curl,,,
787,565,-397,biceps-curl,,,
786,564,-400,biceps-curl,,,
785,562,-403,biceps-curl,,,
784,561,-406,biceps-curl,,,
783,559,-408,biceps-curl,,,
782,557,-411,biceps-curl,,,
781,556,-414,biceps-curl,,,
780,554,-417,biceps-curl,,,
779,552,-420,biceps-curl,,,
779,551,-422,biceps-curl,,,
778,549,-425,biceps-curl,,,
777,548,-428,biceps-curl,,,
776,546,-431,biceps-curl,,,
775,544,-434,biceps-curl,,,
774,543,-436,biceps-curl,,,
773,541,-439,biceps-curl,,,
772,539,-442,biceps-curl,,,
771,538,-445,biceps-curl,,,
770,536,-448,biceps-curl,,,
769,534,-450,biceps-curl,,,
768,533,-453,biceps-curl,,,
767,531,-456,biceps-curl,,,
766,530,-459,biceps-curl,,,
765,528,-462,biceps-curl,,,
765,526,-464,biceps-curl,,,
764,525,-467,biceps-curl,,,
763,523,-470,biceps-curl,,,
762,521,-473,biceps-curl,,,
761,520,-476,biceps-curl,,,
760,518,-478,biceps-curl,,,
759,517,-481,biceps-curl,,,
758,515,-484,biceps-curl,,,
757,513,-487,biceps-curl,,,
756,512,-490,biceps-curl,,,
755,510,-492,biceps-curl,,,
754,508,-495,biceps-curl,,,
753,507,-498,biceps-curl,,,
752,505,-501,biceps-curl,,,
848,672,-216,biceps-curl,,,
844,634,-206,biceps-curl,,,
840,582,-186,biceps-curl,,,
840,562,-120,biceps-curl,,,
848,542,-98,biceps-curl,,,
862,522,-118,biceps-curl,,,
878,493,-120,biceps-curl,,,
897,474,-126,biceps-curl,,,
927,478,-146,biceps-curl,,,
954,473,-159,biceps-curl,,,
977,466,-166,biceps-curl,,,
987,480,-140,biceps-curl,,,
1000,480,-136,biceps-curl,,,
1014,466,-150,biceps-curl,,,
1016,460,-174,biceps-curl,,,
1016,453,-180,biceps-curl,,,
1016,443,-140,biceps-curl,,,
1016,440,-146,biceps-curl,,,
1016,440,-170,biceps-curl,,,
1016,434,-184,biceps-curl,,,
1021,430,-192,biceps-curl,,,
1031,424,-192,biceps-curl,,,
1018,438,-183,biceps-curl,,,
1008,450,-178,biceps-curl,,,
1008,454,-182,biceps-curl,,,
1004,463,-180,biceps-curl,,,
1000,474,-175,biceps-curl,,,
1006,488,-165,biceps-curl,,,
1010,506,-142,biceps-curl,,,
1016,526,-108,biceps-curl,,,
1025,524,-140,biceps-curl,,,
1030,524,-158,biceps-curl,,,
1026,540,-122,biceps-curl,,,
1017,562,-70,biceps-curl,,,
1006,587,-18,biceps-curl,,,
992,617,-44,biceps-curl,,,
982,642,-64,biceps-curl,,,
976,662,-78,biceps-curl,,,
949,691,-76,biceps-curl,,,
922,720,-69,biceps-curl,,,
902,744,-59,biceps-curl,,,
889,770,-74,biceps-curl,,,
878,794,-92,biceps-curl,,,
858,814,-58,biceps-curl,,,
840,822,-35,biceps-curl,,,
826,816,-25,biceps-curl,,,
806,830,12,biceps-curl,,,
784,844,40,biceps-curl,,,
760,860,40,biceps-curl,,,
731,864,54,biceps-curl,,,
701,864,74,biceps-curl,,,
671,858,100,biceps-curl,,,
644,851,107,biceps-curl,,,
618,841,97,biceps-curl,,,
598,844,132,biceps-curl,,,
576,856,168,biceps-curl,,,
552,880,192,biceps-curl,,,
520,898,228,biceps-curl,,,
484,912,266,biceps-curl,,,
438,918,286,biceps-curl,,,
388,908,311,biceps-curl,,,
334,882,341,biceps-curl,,,
292,848,330,biceps-curl,,,
256,828,329,biceps-curl,,,
232,844,359,biceps-curl,,,
200,844,396,biceps-curl,,,
164,840,434,biceps-curl,,,
130,840,454,biceps-curl,,,
100,830,464,biceps-curl,,,
74,810,464,biceps-curl,,,
54,763,482,biceps-curl,,,
30,731,496,biceps-curl,,,
-6,741,496,biceps-curl,,,
-44,748,517,biceps-curl,,,
-84,750,546,biceps-curl,,,
-124,736,572,biceps-curl,,,
-159,720,572,biceps-curl,,,
-189,706,546,biceps-curl,,,
-228,677,472,biceps-curl,,,
-266,644,401,biceps-curl,,,
-302,604,351,biceps-curl,,,
-326,592,332,biceps-curl,,,
-344,590,323,biceps-curl,,,
-350,570,273,biceps-curl,,,
-352,550,243,biceps-curl,,,
-352,530,233,biceps-curl,,,
-348,532,246,biceps-curl,,,
-340,534,260,biceps-curl,,,
-324,530,276,biceps-curl,,,
-316,538,336,biceps-curl,,,
-310,554,406,biceps-curl,,,
-296,574,380,biceps-curl,,,
-283,582,338,biceps-curl,,,
-273,576,278,biceps-curl,,,
-263,594,294,biceps-curl,,,
-252,620,333,biceps-curl,,,
-236,660,403,biceps-curl,,,
-218,679,428,biceps-curl,,,
-198,690,432,biceps-curl,,,
-172,704,432,biceps-curl,,,
-148,710,402,biceps-curl,,,
-122,704,342,biceps-curl,,,
-88,718,386,biceps-curl,,,
-56,737,424,biceps-curl,,,
-32,767,424,biceps-curl,,,
4,804,375,biceps-curl,,,
42,842,312,biceps-curl,,,
62,862,312,biceps-curl,,,
84,884,307,biceps-curl,,,
110,910,297,biceps-curl,,,
134,934,318,biceps-curl,,,
152,952,336,biceps-curl,,,
208,976,256,biceps-curl,,,
317,976,23,biceps-curl,,,
350,1006,145,biceps-curl,,,
359,1001,182,biceps-curl,,,
440,1000,89,biceps-curl,,,
484,979,16,biceps-curl,,,
516,934,-20,biceps-curl,,,
520,935,10,biceps-curl,,,
547,949,36,biceps-curl,,,
591,945,27,biceps-curl,,,
664,880,-40,biceps-curl,,,
711,821,-87,biceps-curl,,,
738,796,-114,biceps-curl,,,
750,774,-96,biceps-curl,,,
769,779,-82,biceps-curl,,,
782,762,-102,biceps-curl,,,
795,703,-155,biceps-curl,,,
805,648,-144,biceps-curl,,,
818,622,-67,biceps-curl,,,
849,621,-81,biceps-curl,,,
864,600,-131,biceps-curl,,,
869,565,-116,biceps-curl,,,
890,552,-78,biceps-curl,,,
921,535,-94,biceps-curl,,,
948,528,-99,biceps-curl,,,
960,528,-72,biceps-curl,,,
952,520,-60,biceps-curl,,,
962,516,-82,biceps-curl,,,
991,512,-91,biceps-curl,,,
1003,509,-71,biceps-curl,,,
1008,504,-80,biceps-curl,,,
1008,504,-80,biceps-curl,,,
1008,510,-89,biceps-curl,,,
1003,523,-101,biceps-curl,,,
992,533,-93,biceps-curl,,,
992,549,-100,biceps-curl,,,
990,565,-119,biceps-curl,,,
990,589,-94,biceps-curl,,,
1010,630,-84,biceps-curl,,,
1014,657,-68,biceps-curl,,,
1003,696,-56,biceps-curl,,,
975,735,-50,biceps-curl,,,
935,775,-23,biceps-curl,,,
922,813,-16,biceps-curl,,,
880,841,-5,biceps-curl,,,
819,852,72,biceps-curl,,,
770,888,75,biceps-curl,,,
709,890,105,biceps-curl,,,
662,921,116,biceps-curl,,,
615,936,192,biceps-curl,,,
568,944,208,biceps-curl,,,
520,920,192,biceps-curl,,,
473,936,270,biceps-curl,,,
434,921,310,biceps-curl,,,
372,883,319,biceps-curl,,,
332,844,284,biceps-curl,,,
257,854,366,biceps-curl,,,
206,842,404,biceps-curl,,,
145,785,422,biceps-curl,,,
103,749,424,biceps-curl,,,
57,737,450,biceps-curl,,,
-3,717,500,biceps-curl,,,
-72,681,500,biceps-curl,,,
-124,642,490,biceps-curl,,,
-183,632,529,biceps-curl,,,
-223,626,435,biceps-curl,,,
-238,618,359,biceps-curl,,,
-256,594,366,biceps-curl,,,
-269,563,302,biceps-curl,,,
-287,537,320,biceps-curl,,,
-301,533,357,biceps-curl,,,
-299,536,355,biceps-curl,,,
-301,545,389,biceps-curl,,,
-300,574,416,biceps-curl,,,
-279,588,390,biceps-curl,,,
-243,596,339,biceps-curl,,,
-208,636,336,biceps-curl,,,
-188,664,348,biceps-curl,,,
-166,682,332,biceps-curl,,,
-123,743,367,biceps-curl,,,
-79,799,352,biceps-curl,,,
-30,824,258,biceps-curl,,,
32,860,269,biceps-curl,,,
89,895,292,biceps-curl,,,
139,925,261,biceps-curl,,,
194,931,214,biceps-curl,,,
249,939,177,biceps-curl,,,
302,984,209,biceps-curl,,,
357,980,150,biceps-curl,,,
420,972,54,biceps-curl,,,
448,979,95,biceps-curl,,,
514,962,20,biceps-curl,,,
558,967,52,biceps-curl,,,
584,953,5,biceps-curl,,,
593,918,33,biceps-curl,,,
654,898,30,biceps-curl,,,
700,854,-50,biceps-curl,,,
736,836,-129,biceps-curl,,,
737,791,-54,biceps-curl,,,
753,775,-28,biceps-curl,,,
777,751,-97,biceps-curl,,,
808,704,-144,biceps-curl,,,
856,672,-104,biceps-curl,,,
856,672,-104,biceps-curl,,,
864,618,-135,biceps-curl,,,
887,578,-98,biceps-curl,,,
918,561,-103,biceps-curl,,,
942,545,-162,biceps-curl,,,
930,523,-111,biceps-curl,,,
928,492,-97,biceps-curl,,,
955,488,-123,biceps-curl,,,
987,455,-148,biceps-curl,,,
1012,461,-80,biceps-curl,,,
1029,445,-83,biceps-curl,,,
1044,446,-125,biceps-curl,,,
1042,460,-148,biceps-curl,,,
1028,493,-146,biceps-curl,,,
1013,510,-150,biceps-curl,,,
975,523,-146,biceps-curl,,,
955,550,-128,biceps-curl,,,
947,576,-99,biceps-curl,,,
944,589,-93,biceps-curl,,,
944,607,-71,biceps-curl,,,
954,635,-46,biceps-curl,,,
960,662,-26,biceps-curl,,,
964,681,-3,biceps-curl,,,
972,714,8,biceps-curl,,,
976,748,12,biceps-curl,,,
956,776,20,biceps-curl,,,
921,819,47,biceps-curl,,,
886,852,65,biceps-curl,,,
839,860,52,biceps-curl,,,
795,857,75,biceps-curl,,,
750,851,128,biceps-curl,,,
688,859,158,biceps-curl,,,
636,873,183,biceps-curl,,,
597,883,216,biceps-curl,,,
550,875,240,biceps-curl,,,
516,880,280,biceps-curl,,,
470,869,345,biceps-curl,,,
411,844,383,biceps-curl,,,
364,850,430,biceps-curl,,,
312,837,459,biceps-curl,,,
241,843,493,biceps-curl,,,
177,782,453,biceps-curl,,,
135,743,369,biceps-curl,,,
70,775,544,biceps-curl,,,
-39,762,590,biceps-curl,,,
-89,715,570,biceps-curl,,,
-102,671,519,biceps-curl,,,
-163,663,506,biceps-curl,,,
-202,646,524,biceps-curl,,,
-242,599,447,biceps-curl,,,
-296,576,423,biceps-curl,,,
-320,544,305,biceps-curl,,,
-359,544,304,biceps-curl,,,
-383,521,289,biceps-curl,,,
-399,513,377,biceps-curl,,,
-371,527,340,biceps-curl,,,
-368,471,293,biceps-curl,,,
-340,478,232,biceps-curl,,,
-302,528,272,biceps-curl,,,
-296,549,413,biceps-curl,,,
-270,559,427,biceps-curl,,,
-226,566,373,biceps-curl,,,
-179,599,397,biceps-curl,,,
-138,656,414,biceps-curl,,,
-99,731,481,biceps-curl,,,
-54,769,475,biceps-curl,,,
16,798,397,biceps-curl,,,
78,857,384,biceps-curl,,,
128,906,397,biceps-curl,,,
180,951,405,biceps-curl,,,
244,978,309,biceps-curl,,,
286,979,262,biceps-curl,,,
310,990,272,biceps-curl,,,
360,1013,241,biceps-curl,,,
418,1028,190,biceps-curl,,,
448,999,126,biceps-curl,,,
480,956,88,biceps-curl,,,
504,936,92,biceps-curl,,,
515,921,89,biceps-curl,,,
563,901,34,biceps-curl,,,
625,861,6,biceps-curl,,,
677,814,45,biceps-curl,,,
754,794,9,biceps-curl,,,
823,781,-66,biceps-curl,,,
843,762,-71,biceps-curl,,,
827,726,0,biceps-curl,,,
826,694,-45,biceps-curl,,,
859,658,-126,biceps-curl,,,
890,618,-158,biceps-curl,,,
902,594,-128,biceps-curl,,,
929,569,-56,biceps-curl,,,
965,537,-68,biceps-curl,,,
985,509,-105,biceps-curl,,,
993,495,-69,biceps-curl,,,
1006,486,-62,biceps-curl,,,
1042,469,-98,biceps-curl,,,
1055,450,-110,biceps-curl,,,
1049,466,-93,biceps-curl,,,
1061,488,-69,biceps-curl,,,
1023,489,-143,biceps-curl,,,
1000,513,-118,biceps-curl,,,
984,536,-64,biceps-curl,,,
960,560,-96,biceps-curl,,,
944,560,-119,biceps-curl,,,
952,583,-97,biceps-curl,,,
959,606,-59,biceps-curl,,,
975,630,-12,biceps-curl,,,
983,653,-29,biceps-curl,,,
977,677,-32,biceps-curl,,,
969,694,-46,biceps-curl,,,
948,723,39,biceps-curl,,,
944,761,30,biceps-curl,,,
938,768,30,biceps-curl,,,
924,805,113,biceps-curl,,,
896,834,178,biceps-curl,,,
853,852,210,biceps-curl,,,
806,850,210,biceps-curl,,,
742,837,225,biceps-curl,,,
682,854,281,biceps-curl,,,
617,875,309,biceps-curl,,,
556,880,292,biceps-curl,,,
492,836,295,biceps-curl,,,
435,818,361,biceps-curl,,,
388,833,423,biceps-curl,,,
337,836,427,biceps-curl,,,
277,810,429,biceps-curl,,,
227,796,469,biceps-curl,,,
188,768,520,biceps-curl,,,
137,736,544,biceps-curl,,,
71,729,566,biceps-curl,,,
18,727,592,biceps-curl,,,
-24,726,579,biceps-curl,,,
-75,702,566,biceps-curl,,,
-125,685,570,biceps-curl,,,
-180,665,531,biceps-curl,,,
-230,640,477,biceps-curl,,,
-274,630,459,biceps-curl,,,
-329,589,417,biceps-curl,,,
-377,537,384,biceps-curl,,,
-402,518,380,biceps-curl,,,
-404,506,350,biceps-curl,,,
-387,479,273,biceps-curl,,,
-361,453,204,biceps-curl,,,
-332,478,273,biceps-curl,,,
-311,508,388,biceps-curl,,,
-298,529,389,biceps-curl,,,
-259,538,290,biceps-curl,,,
-220,562,374,biceps-curl,,,
-181,653,487,biceps-curl,,,
-148,703,473,biceps-curl,,,
-94,690,376,biceps-curl,,,
-47,740,381,biceps-curl,,,
-7,856,550,biceps-curl,,,
47,864,370,biceps-curl,,,
102,887,337,biceps-curl,,,
150,941,397,biceps-curl,,,
189,966,370,biceps-curl,,,
258,975,266,biceps-curl,,,
300,990,285,biceps-curl,,,
332,1006,267,biceps-curl,,,
411,1001,182,biceps-curl,,,
457,1000,128,biceps-curl,,,
497,993,192,biceps-curl,,,
529,986,157,biceps-curl,,,
579,972,82,biceps-curl,,,
610,950,10,biceps-curl,,,
634,909,21,biceps-curl,,,
669,885,32,biceps-curl,,,
691,841,-1,biceps-curl,,,
696,808,-38,biceps-curl,,,
707,774,-80,biceps-curl,,,
732,755,-14,biceps-curl,,,
769,717,-22,biceps-curl,,,
803,677,-89,biceps-curl,,,
830,664,-89,biceps-curl,,,
844,655,-36,biceps-curl,,,
861,635,-21,biceps-curl,,,
880,603,-49,biceps-curl,,,
900,572,-92,biceps-curl,,,
916,548,-70,biceps-curl,,,
935,525,-34,biceps-curl,,,
956,501,-70,biceps-curl,,,
960,488,-81,biceps-curl,,,
966,478,-72,biceps-curl,,,
982,458,-69,biceps-curl,,,
992,442,-61,biceps-curl,,,
992,432,-61,biceps-curl,,,
995,440,-72,biceps-curl,,,
1000,461,-65,biceps-curl,,,
993,477,-46,biceps-curl,,,
972,484,-59,biceps-curl,,,
958,478,-108,biceps-curl,,,
952,505,-101,biceps-curl,,,
952,541,-115,biceps-curl,,,
952,563,-90,biceps-curl,,,
955,580,-69,biceps-curl,,,
967,605,-92,biceps-curl,,,
963,635,-69,biceps-curl,,,
985,660,-43,biceps-curl,,,
991,698,1,biceps-curl,,,
983,723,10,biceps-curl,,,
967,762,31,biceps-curl,,,
943,801,16,biceps-curl,,,
896,824,8,biceps-curl,,,
856,840,32,biceps-curl,,,
856,840,32,biceps-curl,,,
825,848,79,biceps-curl,,,
771,878,141,biceps-curl,,,
738,873,122,biceps-curl,,,
707,901,120,biceps-curl,,,
640,890,177,biceps-curl,,,
604,888,219,biceps-curl,,,
566,861,183,biceps-curl,,,
513,869,236,biceps-curl,,,
471,852,248,biceps-curl,,,
407,816,292,biceps-curl,,,
336,833,347,biceps-curl,,,
284,828,360,biceps-curl,,,
213,783,313,biceps-curl,,,
158,785,348,biceps-curl,,,
99,825,479,biceps-curl,,,
64,840,501,biceps-curl,,,
24,793,456,biceps-curl,,,
-28,778,460,biceps-curl,,,
-58,774,403,biceps-curl,,,
-97,754,451,biceps-curl,,,
-157,730,484,biceps-curl,,,
-220,693,437,biceps-curl,,,
-278,668,425,biceps-curl,,,
-333,656,440,biceps-curl,,,
-372,636,464,biceps-curl,,,
-403,601,426,biceps-curl,,,
-431,565,353,biceps-curl,,,
-447,552,354,biceps-curl,,,
-449,542,369,biceps-curl,,,
-437,534,363,biceps-curl,,,
-420,535,359,biceps-curl,,,
-385,520,327,biceps-curl,,,
-349,534,321,biceps-curl,,,
-320,573,391,biceps-curl,,,
-289,602,418,biceps-curl,,,
-247,608,352,biceps-curl,,,
-213,619,327,biceps-curl,,,
-176,668,393,biceps-curl,,,
-141,726,449,biceps-curl,,,
-96,730,371,biceps-curl,,,
-52,778,385,biceps-curl,,,
8,829,389,biceps-curl,,,
59,863,384,biceps-curl,,,
128,906,409,biceps-curl,,,
190,920,255,biceps-curl,,,
244,924,320,biceps-curl,,,
292,963,396,biceps-curl,,,
348,1007,329,biceps-curl,,,
425,984,193,biceps-curl,,,
464,984,224,biceps-curl,,,
504,968,192,biceps-curl,,,
543,952,138,biceps-curl,,,
552,944,128,biceps-curl,,,
582,929,98,biceps-curl,,,
613,884,23,biceps-curl,,,
673,830,2,biceps-curl,,,
729,803,-21,biceps-curl,,,
756,766,-10,biceps-curl,,,
813,760,12,biceps-curl,,,
857,721,-69,biceps-curl,,,
896,693,-75,biceps-curl,,,
910,663,-78,biceps-curl,,,
918,638,-44,biceps-curl,,,
944,603,-67,biceps-curl,,,
958,552,-132,biceps-curl,,,
971,536,-91,biceps-curl,,,
987,525,-75,biceps-curl,,,
1008,499,-106,biceps-curl,,,
1031,483,-145,biceps-curl,,,
1030,475,-150,biceps-curl,,,
1024,472,-106,biceps-curl,,,
1019,467,-94,biceps-curl,,,
1020,473,-131,biceps-curl,,,
1015,484,-109,biceps-curl,,,
1008,500,-93,biceps-curl,,,
1004,516,-100,biceps-curl,,,
1004,524,-123,biceps-curl,,,
1012,539,-123,biceps-curl,,,
1002,580,-84,biceps-curl,,,
977,623,-115,biceps-curl,,,
955,645,-155,biceps-curl,,,
933,676,-142,biceps-curl,,,
916,713,-71,biceps-curl,,,
891,749,-27,biceps-curl,,,
870,760,-83,biceps-curl,,,
841,760,-115,biceps-curl,,,
817,760,-183,biceps-curl,,,
787,754,-204,biceps-curl,,,
746,736,-226,biceps-curl,,,
706,727,-245,biceps-curl,,,
622,701,-206,biceps-curl,,,
575,727,-200,biceps-curl,,,
536,771,-205,biceps-curl,,,
530,818,-216,biceps-curl,,,
479,763,-127,biceps-curl,,,
351,612,-172,biceps-curl,,,
277,580,-147,biceps-curl,,,
249,629,-262,biceps-curl,,,
257,707,-231,biceps-curl,,,
280,758,-218,biceps-curl,,,
264,704,-272,biceps-curl,,,
248,736,-192,biceps-curl,,,
248,713,-176,biceps-curl,,,
240,727,-206,biceps-curl,,,
255,758,-156,biceps-curl,,,
278,767,-210,biceps-curl,,,
323,782,-273,biceps-curl,,,
349,777,-224,biceps-curl,,,
386,803,-223,biceps-curl,,,
425,835,-244,biceps-curl,,,
471,847,-274,biceps-curl,,,
455,880,-166,biceps-curl,,,
473,900,-204,biceps-curl,,,
492,892,-260,biceps-curl,,,
502,882,-272,biceps-curl,,,
498,857,-289,biceps-curl,,,
485,859,-246,biceps-curl,,,
475,875,-240,biceps-curl,,,
477,880,-232,biceps-curl,,,
485,875,-265,biceps-curl,,,
493,877,-308,biceps-curl,,,
482,870,-291,biceps-curl,,,
458,869,-221,biceps-curl,,,
452,863,-233,biceps-curl,,,
452,843,-294,biceps-curl,,,
440,828,-275,biceps-curl,,,
424,816,-248,biceps-curl,,,
420,820,-237,biceps-curl,,,
439,847,-242,biceps-curl,,,
460,857,-279,biceps-curl,,,
464,845,-268,biceps-curl,,,
458,840,-227,biceps-curl,,,
454,846,-217,biceps-curl,,,
470,850,-244,biceps-curl,,,
480,826,-201,biceps-curl,,,
480,821,-158,biceps-curl,,,
470,891,-293,biceps-curl,,,
446,925,-234,biceps-curl,,,
448,869,-255,biceps-curl,,,
474,892,-282,biceps-curl,,,
471,845,-240,biceps-curl,,,
443,803,-240,biceps-curl,,,
460,781,-247,biceps-curl,,,
481,769,-293,biceps-curl,,,
489,774,-358,biceps-curl,,,
492,760,-346,biceps-curl,,,
467,763,-357,biceps-curl,,,
492,784,-335,biceps-curl,,,
529,783,-410,biceps-curl,,,
544,772,-428,biceps-curl,,,
544,705,-357,biceps-curl,,,
537,744,-249,biceps-curl,,,
607,728,-367,biceps-curl,,,
631,658,-267,biceps-curl,,,
662,641,-294,biceps-curl,,,
619,662,-326,biceps-curl,,,
609,693,-321,biceps-curl,,,
594,717,-327,biceps-curl,,,
606,748,-300,biceps-curl,,,
622,759,-282,biceps-curl,,,
657,773,-213,biceps-curl,,,
690,769,-128,biceps-curl,,,
702,825,-106,biceps-curl,,,
716,846,-160,biceps-curl,,,
690,806,-164,biceps-curl,,,
633,774,-142,biceps-curl,,,
576,820,-165,biceps-curl,,,
521,907,-276,biceps-curl,,,
466,947,-385,biceps-curl,,,
427,973,-490,biceps-curl,,,
385,953,-610,biceps-curl,,,
343,906,-745,biceps-curl,,,
323,845,-853,biceps-curl,,,
306,765,-888,biceps-curl,,,
283,656,-879,biceps-curl,,,
289,509,-850,biceps-curl,,,
329,386,-861,biceps-curl,,,
380,324,-904,biceps-curl,,,
423,292,-920,biceps-curl,,,
451,269,-916,biceps-curl,,,
464,214,-894,biceps-curl,,,
451,120,-788,biceps-curl,,,
422,41,-643,biceps-curl,,,
405,-4,-603,biceps-curl,,,
403,-24,-654,biceps-curl,,,
411,-21,-758,biceps-curl,,,
421,-11,-803,biceps-curl,,,
432,0,-791,biceps-curl,,,
423,-11,-729,biceps-curl,,,
402,-36,-685,biceps-curl,,,
410,-22,-747,biceps-curl,,,
447,-9,-832,biceps-curl,,,
582,-42,-778,biceps-curl,,,
668,-231,-596,biceps-curl,,,
529,-87,-745,biceps-curl,,,
458,-76,-879,biceps-curl,,,
464,-53,-916,biceps-curl,,,
409,-32,-885,biceps-curl,,,
408,-38,-863,biceps-curl,,,
331,-91,-847,biceps-curl,,,
376,-16,-837,biceps-curl,,,
377,-16,-934,biceps-curl,,,
400,-8,-880,biceps-curl,,,
