arms,biceps-curl,-789,434,-315
arms,biceps-curl,537,1045,-1222
arms,biceps-curl,-1068,497,-824
arms,biceps-curl,-1077,-20,-870
arms,biceps-curl,-809,198,-913
arms,biceps-curl,-458,-74,-896
arms,biceps-curl,-347,-109,-957
arms,biceps-curl,-290,-641,-1056
arms,biceps-curl,519,-613,-653
arms,biceps-curl,-681,40,-1207
arms,biceps-curl,-1785,-41,-1070
arms,biceps-curl,-601,1530,-1565
arms,biceps-curl,582,1124,-1097
arms,biceps-curl,104,-76,-795
arms,biceps-curl,120,-179,-928
arms,biceps-curl,-91,288,-1062
arms,biceps-curl,-113,231,-951
arms,biceps-curl,-104,251,-951
arms,biceps-curl,-64,336,-908
arms,biceps-curl,-86,411,-881
arms,biceps-curl,-120,474,-840
arms,biceps-curl,-122,539,-822
arms,biceps-curl,-141,627,-620
arms,biceps-curl,-170,672,-511
arms,biceps-curl,-189,708,-414
arms,biceps-curl,-146,728,-429
arms,biceps-curl,-82,715,-426
arms,biceps-curl,-47,752,-414
arms,biceps-curl,-7,827,-396
arms,biceps-curl,51,884,-392
arms,biceps-curl,136,880,-488
arms,biceps-curl,144,889,-498
arms,biceps-curl,147,894,-531
arms,biceps-curl,168,870,-635
arms,biceps-curl,184,845,-672
arms,biceps-curl,176,872,-591
arms,biceps-curl,178,841,-714
arms,biceps-curl,212,788,-621
arms,biceps-curl,205,782,-363
arms,biceps-curl,244,646,-356
arms,biceps-curl,425,784,-465
arms,biceps-curl,518,875,-658
arms,biceps-curl,488,916,-500
arms,biceps-curl,405,992,-379
arms,biceps-curl,334,960,-418
arms,biceps-curl,256,900,-364
arms,biceps-curl,178,859,-296
arms,biceps-curl,119,795,-247
arms,biceps-curl,79,738,-194
arms,biceps-curl,8,664,-163
arms,biceps-curl,-40,664,-25
arms,biceps-curl,-71,631,-52
arms,biceps-curl,-56,633,15
arms,biceps-curl,-22,720,160
arms,biceps-curl,0,794,203
arms,biceps-curl,36,844,196
arms,biceps-curl,76,864,198
arms,biceps-curl,156,896,153
arms,biceps-curl,285,973,122
arms,biceps-curl,340,1070,269
arms,biceps-curl,375,1017,390
arms,biceps-curl,423,921,245
arms,biceps-curl,513,932,132
arms,biceps-curl,592,945,193
arms,biceps-curl,604,934,225
arms,biceps-curl,655,913,225
arms,biceps-curl,706,838,199
arms,biceps-curl,742,786,165
arms,biceps-curl,777,745,133
arms,biceps-curl,784,722,177
arms,biceps-curl,838,689,137
arms,biceps-curl,858,635,57
arms,biceps-curl,896,569,64
arms,biceps-curl,951,580,51
arms,biceps-curl,1007,589,1
arms,biceps-curl,1032,588,-31
arms,biceps-curl,1050,601,-35
arms,biceps-curl,1053,629,-59
arms,biceps-curl,1036,683,-54
arms,biceps-curl,1018,751,62
arms,biceps-curl,1016,791,103
arms,biceps-curl,1016,809,106
arms,biceps-curl,1024,825,137
arms,biceps-curl,1018,844,171
arms,biceps-curl,974,880,265
arms,biceps-curl,910,880,296
arms,biceps-curl,870,884,314
arms,biceps-curl,819,878,302
arms,biceps-curl,764,896,324
arms,biceps-curl,704,904,343
arms,biceps-curl,628,851,314
arms,biceps-curl,552,832,392
arms,biceps-curl,474,879,408
arms,biceps-curl,449,872,400
arms,biceps-curl,403,835,430
arms,biceps-curl,371,839,447
arms,biceps-curl,332,826,384
arms,biceps-curl,272,831,404
arms,biceps-curl,209,812,456
arms,biceps-curl,167,808,451
arms,biceps-curl,127,801,422
arms,biceps-curl,63,787,467
arms,biceps-curl,5,784,505
arms,biceps-curl,-44,766,367
arms,biceps-curl,-103,731,291
arms,biceps-curl,-189,703,263
arms,biceps-curl,-244,674,239
arms,biceps-curl,-278,621,205
arms,biceps-curl,-288,553,92
arms,biceps-curl,-283,513,20
arms,biceps-curl,-260,489,13
arms,biceps-curl,-267,485,112
arms,biceps-curl,-275,483,176
arms,biceps-curl,-254,480,127
arms,biceps-curl,-240,502,153
arms,biceps-curl,-215,553,270
arms,biceps-curl,-184,596,292
arms,biceps-curl,-157,631,252
arms,biceps-curl,-110,685,325
arms,biceps-curl,-62,752,427
arms,biceps-curl,-13,816,437
arms,biceps-curl,50,838,419
arms,biceps-curl,97,845,388
arms,biceps-curl,141,906,377
arms,biceps-curl,217,947,411
arms,biceps-curl,277,936,404
arms,biceps-curl,316,951,353
arms,biceps-curl,371,982,432
arms,biceps-curl,463,965,364
arms,biceps-curl,540,938,300
arms,biceps-curl,585,946,354
arms,biceps-curl,628,952,385
arms,biceps-curl,669,945,255
arms,biceps-curl,657,905,225
arms,biceps-curl,673,866,283
arms,biceps-curl,731,830,331
arms,biceps-curl,755,812,234
arms,biceps-curl,776,775,178
arms,biceps-curl,776,758,128
arms,biceps-curl,778,736,240
arms,biceps-curl,808,735,246
arms,biceps-curl,824,696,168
arms,biceps-curl,848,672,152
arms,biceps-curl,895,680,105
arms,biceps-curl,911,703,119
arms,biceps-curl,942,697,120
arms,biceps-curl,959,725,98
arms,biceps-curl,967,735,53
arms,biceps-curl,968,736,83
arms,biceps-curl,975,770,115
arms,biceps-curl,969,776,87
arms,biceps-curl,955,796,100
arms,biceps-curl,946,825,174
arms,biceps-curl,956,844,229
arms,biceps-curl,966,854,240
arms,biceps-curl,962,897,305
arms,biceps-curl,949,929,385
arms,biceps-curl,916,936,397
arms,biceps-curl,866,941,403
arms,biceps-curl,806,960,413
arms,biceps-curl,759,983,447
arms,biceps-curl,709,962,424
arms,biceps-curl,640,901,338
arms,biceps-curl,557,872,365
arms,biceps-curl,498,859,403
arms,biceps-curl,441,831,401
arms,biceps-curl,383,795,416
arms,biceps-curl,348,776,412
arms,biceps-curl,313,780,412
arms,biceps-curl,255,791,428
arms,biceps-curl,198,793,407
arms,biceps-curl,152,787,393
arms,biceps-curl,91,782,410
arms,biceps-curl,30,750,394
arms,biceps-curl,-17,720,390
arms,biceps-curl,-75,712,384
arms,biceps-curl,-144,693,342
arms,biceps-curl,-195,683,305
arms,biceps-curl,-254,658,265
arms,biceps-curl,-299,618,248
arms,biceps-curl,-338,592,232
arms,biceps-curl,-370,563,175
arms,biceps-curl,-381,541,139
arms,biceps-curl,-401,527,132
arms,biceps-curl,-407,524,183
arms,biceps-curl,-395,546,176
arms,biceps-curl,-364,565,186
arms,biceps-curl,-333,599,256
arms,biceps-curl,-307,593,257
arms,biceps-curl,-253,612,272
arms,biceps-curl,-206,664,377
arms,biceps-curl,-174,664,397
arms,biceps-curl,-120,664,304
arms,biceps-curl,-56,752,344
arms,biceps-curl,-56,752,344
arms,biceps-curl,-17,799,515
arms,biceps-curl,37,792,375
arms,biceps-curl,100,807,286
arms,biceps-curl,97,844,462
arms,biceps-curl,203,848,459
arms,biceps-curl,265,897,428
arms,biceps-curl,292,938,485
arms,biceps-curl,389,911,443
arms,biceps-curl,493,943,439
arms,biceps-curl,518,965,427
arms,biceps-curl,551,918,405
arms,biceps-curl,602,910,346
arms,biceps-curl,645,900,352
arms,biceps-curl,685,902,343
arms,biceps-curl,713,865,303
arms,biceps-curl,715,848,293
arms,biceps-curl,707,832,307
arms,biceps-curl,729,814,337
arms,biceps-curl,769,764,233
arms,biceps-curl,808,726,165
arms,biceps-curl,847,729,247
arms,biceps-curl,882,714,255
arms,biceps-curl,892,687,160
arms,biceps-curl,884,676,129
arms,biceps-curl,876,664,148
arms,biceps-curl,876,656,133
arms,biceps-curl,891,656,101
arms,biceps-curl,911,645,88
arms,biceps-curl,917,649,105
arms,biceps-curl,922,669,86
arms,biceps-curl,951,676,18
arms,biceps-curl,985,716,43
arms,biceps-curl,1014,766,131
arms,biceps-curl,1043,818,202
arms,biceps-curl,1041,865,235
arms,biceps-curl,1019,853,231
arms,biceps-curl,993,868,263
arms,biceps-curl,948,884,308
arms,biceps-curl,932,894,345
arms,biceps-curl,910,885,427
arms,biceps-curl,868,872,408
arms,biceps-curl,839,875,411
arms,biceps-curl,784,887,426
arms,biceps-curl,729,879,442
arms,biceps-curl,674,872,448
arms,biceps-curl,617,870,387
arms,biceps-curl,540,849,417
arms,biceps-curl,484,864,427
arms,biceps-curl,407,863,478
arms,biceps-curl,375,840,425
arms,biceps-curl,297,864,487
arms,biceps-curl,249,895,504
arms,biceps-curl,157,858,481
arms,biceps-curl,92,774,368
arms,biceps-curl,22,753,389
arms,biceps-curl,-41,695,349
arms,biceps-curl,-104,639,281
arms,biceps-curl,-173,591,204
arms,biceps-curl,-184,544,139
arms,biceps-curl,-204,503,43
arms,biceps-curl,-233,483,88
arms,biceps-curl,-246,492,116
arms,biceps-curl,-260,460,54
arms,biceps-curl,-252,442,26
arms,biceps-curl,-248,469,133
arms,biceps-curl,-242,486,226
arms,biceps-curl,-235,488,194
arms,biceps-curl,-206,509,173
arms,biceps-curl,-177,566,314
arms,biceps-curl,-138,646,417
arms,biceps-curl,-77,690,279
arms,biceps-curl,-25,705,282
arms,biceps-curl,-4,757,481
arms,biceps-curl,47,831,503
arms,biceps-curl,130,852,349
arms,biceps-curl,196,880,372
arms,biceps-curl,243,939,488
arms,biceps-curl,297,942,426
arms,biceps-curl,382,920,362
arms,biceps-curl,464,937,441
arms,biceps-curl,535,963,430
arms,biceps-curl,629,950,278
arms,biceps-curl,691,911,292
arms,biceps-curl,715,893,368
arms,biceps-curl,770,898,360
arms,biceps-curl,810,901,293
arms,biceps-curl,814,840,183
arms,biceps-curl,808,796,202
arms,biceps-curl,822,780,212
arms,biceps-curl,868,761,206
arms,biceps-curl,880,728,137
arms,biceps-curl,886,692,99
arms,biceps-curl,913,672,53
arms,biceps-curl,921,670,116
arms,biceps-curl,931,653,93
arms,biceps-curl,952,629,66
arms,biceps-curl,952,608,19
arms,biceps-curl,953,609,54
arms,biceps-curl,962,616,129
arms,biceps-curl,992,608,-10
arms,biceps-curl,1000,600,-88
arms,biceps-curl,1024,624,-16
arms,biceps-curl,1040,686,46
arms,biceps-curl,1025,756,78
arms,biceps-curl,1017,775,117
arms,biceps-curl,1031,834,149
arms,biceps-curl,1018,861,216
arms,biceps-curl,988,885,273
arms,biceps-curl,957,915,260
arms,biceps-curl,899,913,303
arms,biceps-curl,855,925,332
arms,biceps-curl,823,947,323
arms,biceps-curl,785,909,345
arms,biceps-curl,740,908,346
arms,biceps-curl,669,906,344
arms,biceps-curl,608,898,367
arms,biceps-curl,542,902,387
arms,biceps-curl,493,877,424
arms,biceps-curl,443,864,419
arms,biceps-curl,378,869,423
arms,biceps-curl,322,862,392
arms,biceps-curl,256,827,368
arms,biceps-curl,182,785,368
arms,biceps-curl,134,750,319
arms,biceps-curl,81,749,310
arms,biceps-curl,11,731,294
arms,biceps-curl,-48,688,208
arms,biceps-curl,-114,645,187
arms,biceps-curl,-182,575,153
arms,biceps-curl,-212,532,66
arms,biceps-curl,-223,533,75
arms,biceps-curl,-238,528,109
arms,biceps-curl,-254,525,73
arms,biceps-curl,-264,511,59
arms,biceps-curl,-259,499,125
arms,biceps-curl,-243,520,149
arms,biceps-curl,-222,567,198
arms,biceps-curl,-191,595,228
arms,biceps-curl,-160,588,182
arms,biceps-curl,-118,625,239
arms,biceps-curl,-55,720,344
arms,biceps-curl,-4,781,276
arms,biceps-curl,75,809,280
arms,biceps-curl,89,847,487
arms,biceps-curl,112,844,453
arms,biceps-curl,218,869,288
arms,biceps-curl,295,914,262
arms,biceps-curl,358,999,505
arms,biceps-curl,429,991,420
arms,biceps-curl,498,977,265
arms,biceps-curl,537,992,290
arms,biceps-curl,569,984,344
arms,biceps-curl,623,976,384
arms,biceps-curl,663,968,275
arms,biceps-curl,702,915,135
arms,biceps-curl,719,882,203
arms,biceps-curl,735,865,354
arms,biceps-curl,779,857,218
arms,biceps-curl,805,814,151
arms,biceps-curl,801,753,178
arms,biceps-curl,800,737,197
arms,biceps-curl,839,723,141
arms,biceps-curl,867,707,64
arms,biceps-curl,897,692,135
arms,biceps-curl,910,676,136
arms,biceps-curl,912,678,104
arms,biceps-curl,923,657,44
arms,biceps-curl,950,642,18
arms,biceps-curl,965,645,76
arms,biceps-curl,984,648,99
arms,biceps-curl,1002,643,50
arms,biceps-curl,998,630,9
arms,biceps-curl,987,648,43
arms,biceps-curl,984,687,100
arms,biceps-curl,975,726,129
arms,biceps-curl,959,766,140
arms,biceps-curl,944,792,177
arms,biceps-curl,900,812,228
arms,biceps-curl,864,828,252
arms,biceps-curl,857,850,245
arms,biceps-curl,837,879,250
arms,biceps-curl,817,895,285
arms,biceps-curl,802,907,323
arms,biceps-curl,780,912,337
arms,biceps-curl,740,912,309
arms,biceps-curl,682,907,337
arms,biceps-curl,624,901,405
arms,biceps-curl,582,900,414
arms,biceps-curl,551,863,385
arms,biceps-curl,511,844,326
arms,biceps-curl,450,868,342
arms,biceps-curl,390,895,401
arms,biceps-curl,318,851,361
arms,biceps-curl,273,806,313
arms,biceps-curl,229,831,347
arms,biceps-curl,169,823,322
arms,biceps-curl,120,815,334
arms,biceps-curl,56,803,317
arms,biceps-curl,-13,754,290
arms,biceps-curl,-69,694,224
arms,biceps-curl,-139,664,224
arms,biceps-curl,-193,663,215
arms,biceps-curl,-240,624,192
arms,biceps-curl,-240,568,80
arms,biceps-curl,-240,568,80
arms,biceps-curl,-240,537,-5
arms,biceps-curl,-240,544,99
arms,biceps-curl,-255,537,126
arms,biceps-curl,-256,543,179
arms,biceps-curl,-206,537,91
arms,biceps-curl,-179,543,73
arms,biceps-curl,-176,564,208
arms,biceps-curl,-149,621,319
arms,biceps-curl,-105,671,258
arms,biceps-curl,-64,705,259
arms,biceps-curl,-13,762,301
arms,biceps-curl,18,824,403
arms,biceps-curl,89,852,438
arms,biceps-curl,146,862,348
arms,biceps-curl,210,886,368
arms,biceps-curl,281,934,468
arms,biceps-curl,367,978,483
arms,biceps-curl,420,982,441
arms,biceps-curl,462,956,370
arms,biceps-curl,509,944,307
arms,biceps-curl,547,967,348
arms,biceps-curl,578,980,343
arms,biceps-curl,605,946,274
arms,biceps-curl,616,912,223
arms,biceps-curl,632,892,200
arms,biceps-curl,671,876,204
arms,biceps-curl,714,850,197
arms,biceps-curl,740,813,173
arms,biceps-curl,757,797,184
arms,biceps-curl,782,782,187
arms,biceps-curl,804,759,141
arms,biceps-curl,824,735,168
arms,biceps-curl,835,715,205
arms,biceps-curl,866,688,111
arms,biceps-curl,890,649,-1
arms,biceps-curl,896,634,43
arms,biceps-curl,898,638,99
arms,biceps-curl,906,632,52
arms,biceps-curl,917,632,-6
arms,biceps-curl,938,629,-92
arms,biceps-curl,944,620,-111
arms,biceps-curl,948,643,-3
arms,biceps-curl,969,660,-16
arms,biceps-curl,975,684,-6
arms,biceps-curl,968,714,64
arms,biceps-curl,966,732,70
arms,biceps-curl,943,777,126
arms,biceps-curl,935,786,105
arms,biceps-curl,911,817,130
arms,biceps-curl,880,848,209
arms,biceps-curl,856,896,263
arms,biceps-curl,833,896,233
arms,biceps-curl,809,934,232
arms,biceps-curl,748,936,269
arms,biceps-curl,729,936,243
arms,biceps-curl,685,950,219
arms,biceps-curl,645,945,321
arms,biceps-curl,620,951,343
arms,biceps-curl,596,959,337
arms,biceps-curl,572,934,316
arms,biceps-curl,530,915,344
arms,biceps-curl,489,924,327
arms,biceps-curl,444,964,356
arms,biceps-curl,397,929,309
arms,biceps-curl,344,895,282
arms,biceps-curl,289,866,252
arms,biceps-curl,218,840,262
arms,biceps-curl,155,821,277
arms,biceps-curl,95,796,255
arms,biceps-curl,37,789,294
arms,biceps-curl,-27,778,309
arms,biceps-curl,-102,726,222
arms,biceps-curl,-163,674,146
arms,biceps-curl,-210,626,89
arms,biceps-curl,-253,575,35
arms,biceps-curl,-280,544,36
arms,biceps-curl,-296,524,60
arms,biceps-curl,-308,512,86
arms,biceps-curl,-305,523,94
arms,biceps-curl,-293,543,109
arms,biceps-curl,-282,549,163
arms,biceps-curl,-260,556,171
arms,biceps-curl,-231,602,185
arms,biceps-curl,-202,651,167
arms,biceps-curl,-158,684,130
arms,biceps-curl,-108,763,250
arms,biceps-curl,-71,815,352
arms,biceps-curl,-33,836,202
arms,biceps-curl,18,864,167
arms,biceps-curl,61,926,334
arms,biceps-curl,124,973,372
arms,biceps-curl,218,956,223
arms,biceps-curl,297,944,203
arms,biceps-curl,316,992,310
arms,biceps-curl,394,1035,375
arms,biceps-curl,467,1002,255
arms,biceps-curl,498,1016,249
arms,biceps-curl,525,1013,262
arms,biceps-curl,601,975,232
arms,biceps-curl,624,959,223
arms,biceps-curl,640,920,176
arms,biceps-curl,656,896,208
arms,biceps-curl,672,888,123
arms,biceps-curl,718,835,188
arms,biceps-curl,735,847,162
arms,biceps-curl,780,826,116
arms,biceps-curl,777,788,69
arms,biceps-curl,790,756,71
arms,biceps-curl,792,745,86
arms,biceps-curl,812,731,95
arms,biceps-curl,836,702,57
arms,biceps-curl,865,664,-22
arms,biceps-curl,903,662,-15
arms,biceps-curl,924,658,58
arms,biceps-curl,934,656,27
arms,biceps-curl,959,662,-26
arms,biceps-curl,968,686,-1
arms,biceps-curl,968,712,32
arms,biceps-curl,968,731,35
arms,biceps-curl,968,777,47
arms,biceps-curl,958,810,81
arms,biceps-curl,942,835,129
arms,biceps-curl,922,853,166
arms,biceps-curl,912,874,140
arms,biceps-curl,882,905,155
arms,biceps-curl,835,924,175
arms,biceps-curl,800,920,204
arms,biceps-curl,784,916,229
arms,biceps-curl,773,924,219
arms,biceps-curl,749,921,257
arms,biceps-curl,719,909,285
arms,biceps-curl,686,901,264
arms,biceps-curl,657,902,268
arms,biceps-curl,623,915,297
arms,biceps-curl,594,923,294
arms,biceps-curl,552,925,341
arms,biceps-curl,505,920,330
arms,biceps-curl,456,925,296
arms,biceps-curl,401,938,332
arms,biceps-curl,348,942,316
arms,biceps-curl,296,931,293
arms,biceps-curl,230,914,268
arms,biceps-curl,180,919,321
arms,biceps-curl,115,897,339
arms,biceps-curl,34,815,220
arms,biceps-curl,-57,747,147
arms,biceps-curl,-127,650,110
arms,biceps-curl,-188,592,90
arms,biceps-curl,-231,511,27
arms,biceps-curl,-217,496,62
arms,biceps-curl,-232,496,25
arms,biceps-curl,-248,504,48
arms,biceps-curl,-248,512,48
arms,biceps-curl,-240,535,79
arms,biceps-curl,-232,521,88
arms,biceps-curl,-225,557,81
arms,biceps-curl,-202,604,124
arms,biceps-curl,-171,694,235
arms,biceps-curl,-161,697,262
arms,biceps-curl,-92,689,189
arms,biceps-curl,-33,668,123
arms,biceps-curl,41,755,236
arms,biceps-curl,107,846,448
arms,biceps-curl,194,895,366
arms,biceps-curl,282,952,376
arms,biceps-curl,351,968,404
arms,biceps-curl,420,1008,402
arms,biceps-curl,457,1057,406
arms,biceps-curl,486,1050,376
arms,biceps-curl,517,1035,360
arms,biceps-curl,533,1012,299
arms,biceps-curl,551,980,220
arms,biceps-curl,565,968,264
arms,biceps-curl,591,949,307
arms,biceps-curl,630,918,291
arms,biceps-curl,657,869,211
arms,biceps-curl,681,840,127
arms,biceps-curl,696,836,156
arms,biceps-curl,708,828,227
arms,biceps-curl,720,809,215
arms,biceps-curl,734,764,144
arms,biceps-curl,772,725,97
arms,biceps-curl,806,720,123
arms,biceps-curl,825,711,179
arms,biceps-curl,846,690,146
arms,biceps-curl,867,675,80
arms,biceps-curl,888,661,90
arms,biceps-curl,893,651,93
arms,biceps-curl,906,642,50
arms,biceps-curl,914,646,43
arms,biceps-curl,926,646,12
arms,biceps-curl,944,668,29
arms,biceps-curl,949,682,48
arms,biceps-curl,972,685,47
arms,biceps-curl,995,676,45
arms,biceps-curl,1006,704,80
arms,biceps-curl,988,755,129
arms,biceps-curl,957,779,140
arms,biceps-curl,925,809,179
arms,biceps-curl,893,825,206
arms,biceps-curl,846,834,187
arms,biceps-curl,816,872,248
arms,biceps-curl,808,880,256
arms,biceps-curl,800,896,256
arms,biceps-curl,800,896,256
arms,biceps-curl,761,896,279
arms,biceps-curl,745,888,417
arms,biceps-curl,759,903,387
arms,biceps-curl,731,875,289
arms,biceps-curl,685,886,337
arms,biceps-curl,603,916,344
arms,biceps-curl,531,927,399
arms,biceps-curl,487,908,348
arms,biceps-curl,454,865,245
arms,biceps-curl,410,856,332
arms,biceps-curl,363,862,372
arms,biceps-curl,310,882,370
arms,biceps-curl,243,859,403
arms,biceps-curl,195,848,416
arms,biceps-curl,112,826,410
arms,biceps-curl,48,778,354
arms,biceps-curl,-15,734,291
arms,biceps-curl,-86,689,226
arms,biceps-curl,-147,662,200
arms,biceps-curl,-182,646,171
arms,biceps-curl,-206,621,138
arms,biceps-curl,-216,568,65
arms,biceps-curl,-220,536,12
arms,biceps-curl,-224,544,66
arms,biceps-curl,-240,556,176
arms,biceps-curl,-237,560,194
arms,biceps-curl,-212,575,159
arms,biceps-curl,-190,610,203
arms,biceps-curl,-158,635,238
arms,biceps-curl,-134,646,250
arms,biceps-curl,-108,674,334
arms,biceps-curl,-65,733,411
arms,biceps-curl,-2,787,375
arms,biceps-curl,56,797,312
arms,biceps-curl,112,825,349
arms,biceps-curl,182,873,362
arms,biceps-curl,229,911,383
arms,biceps-curl,272,958,420
arms,biceps-curl,318,978,388
arms,biceps-curl,402,991,346
arms,biceps-curl,446,1016,432
arms,biceps-curl,480,1013,352
arms,biceps-curl,521,996,310
arms,biceps-curl,536,977,307
arms,biceps-curl,595,986,380
arms,biceps-curl,615,994,333
arms,biceps-curl,601,932,223
arms,biceps-curl,609,880,313
arms,biceps-curl,625,888,328
arms,biceps-curl,664,896,336
arms,biceps-curl,688,872,336
arms,biceps-curl,711,818,165
arms,biceps-curl,727,778,99
arms,biceps-curl,728,769,290
arms,biceps-curl,743,753,260
arms,biceps-curl,758,716,128
arms,biceps-curl,760,691,84
arms,biceps-curl,767,674,182
arms,biceps-curl,788,692,220
arms,biceps-curl,818,676,146
arms,biceps-curl,862,647,90
arms,biceps-curl,884,621,99
arms,biceps-curl,906,646,201
arms,biceps-curl,936,680,203
arms,biceps-curl,967,705,163
arms,biceps-curl,970,718,208
arms,biceps-curl,968,736,210
arms,biceps-curl,942,760,200
arms,biceps-curl,897,773,200
arms,biceps-curl,855,796,235
arms,biceps-curl,826,822,270
arms,biceps-curl,802,846,299
arms,biceps-curl,783,860,321
arms,biceps-curl,750,877,350
arms,biceps-curl,728,905,364
arms,biceps-curl,720,928,376
arms,biceps-curl,697,928,411
arms,biceps-curl,673,927,421
arms,biceps-curl,646,925,408
arms,biceps-curl,607,912,425
arms,biceps-curl,574,912,432
arms,biceps-curl,545,903,432
arms,biceps-curl,508,882,475
arms,biceps-curl,480,861,458
arms,biceps-curl,446,840,424
arms,biceps-curl,396,838,425
arms,biceps-curl,350,834,406
arms,biceps-curl,289,840,415
arms,biceps-curl,236,832,344
arms,biceps-curl,186,806,362
arms,biceps-curl,123,798,404
arms,biceps-curl,63,791,328
arms,biceps-curl,13,777,325
arms,biceps-curl,-46,737,305
arms,biceps-curl,-88,696,259
arms,biceps-curl,-149,695,224
arms,biceps-curl,-194,682,219
arms,biceps-curl,-218,621,166
arms,biceps-curl,-240,576,137
arms,biceps-curl,-248,568,3
arms,biceps-curl,-264,584,104
arms,biceps-curl,-256,616,168
arms,biceps-curl,-248,608,137
arms,biceps-curl,-218,623,151
arms,biceps-curl,-201,631,152
arms,biceps-curl,-178,668,240
arms,biceps-curl,-147,686,291
arms,biceps-curl,-102,758,359
arms,biceps-curl,-62,754,320
arms,biceps-curl,-9,785,319
arms,biceps-curl,26,831,353
arms,biceps-curl,76,859,385
arms,biceps-curl,138,870,361
arms,biceps-curl,194,884,334
arms,biceps-curl,267,906,399
arms,biceps-curl,340,935,430
arms,biceps-curl,399,950,360
arms,biceps-curl,454,947,290
arms,biceps-curl,483,965,388
arms,biceps-curl,524,986,392
arms,biceps-curl,579,972,281
arms,biceps-curl,600,955,275
arms,biceps-curl,609,943,290
arms,biceps-curl,643,932,298
arms,biceps-curl,681,902,277
arms,biceps-curl,692,868,223
arms,biceps-curl,704,832,196
arms,biceps-curl,728,800,169
arms,biceps-curl,732,792,188
arms,biceps-curl,742,771,240
arms,biceps-curl,763,727,193
arms,biceps-curl,787,691,105
arms,biceps-curl,807,666,93
arms,biceps-curl,789,659,148
arms,biceps-curl,798,661,173
arms,biceps-curl,832,646,124
arms,biceps-curl,855,624,49
arms,biceps-curl,877,624,34
arms,biceps-curl,901,624,80
arms,biceps-curl,942,616,66
arms,biceps-curl,958,596,26
arms,biceps-curl,957,615,47
arms,biceps-curl,976,640,103
arms,biceps-curl,979,640,85
arms,biceps-curl,987,642,43
arms,biceps-curl,957,661,105
arms,biceps-curl,934,697,115
arms,biceps-curl,916,709,138
arms,biceps-curl,881,761,161
arms,biceps-curl,887,777,178
arms,biceps-curl,872,800,224
arms,biceps-curl,888,800,216
arms,biceps-curl,896,840,248
arms,biceps-curl,873,871,302
arms,biceps-curl,857,880,266
arms,biceps-curl,811,910,286
arms,biceps-curl,764,905,303
arms,biceps-curl,724,918,340
arms,biceps-curl,692,927,330
arms,biceps-curl,681,908,321
arms,biceps-curl,633,891,400
arms,biceps-curl,598,881,364
arms,biceps-curl,528,880,416
arms,biceps-curl,487,843,364
arms,biceps-curl,426,850,404
arms,biceps-curl,379,862,412
arms,biceps-curl,334,847,356
arms,biceps-curl,275,840,386
arms,biceps-curl,229,840,397
arms,biceps-curl,174,835,418
arms,biceps-curl,111,812,401
arms,biceps-curl,58,780,354
arms,biceps-curl,7,782,350
arms,biceps-curl,-48,787,374
arms,biceps-curl,-103,771,299
arms,biceps-curl,-163,730,189
arms,biceps-curl,-213,671,123
arms,biceps-curl,-248,632,104
arms,biceps-curl,-283,605,116
arms,biceps-curl,-300,569,142
arms,biceps-curl,-285,534,157
arms,biceps-curl,-265,505,137
arms,biceps-curl,-243,519,151
arms,biceps-curl,-224,555,181
arms,biceps-curl,-212,566,179
arms,biceps-curl,-184,595,203
arms,biceps-curl,-158,648,263
arms,biceps-curl,-124,678,288
arms,biceps-curl,-78,695,239
arms,biceps-curl,-15,754,275
arms,biceps-curl,46,782,365
arms,biceps-curl,101,862,476
arms,biceps-curl,162,902,433
arms,biceps-curl,241,882,345
arms,biceps-curl,285,964,481
arms,biceps-curl,325,978,437
arms,biceps-curl,402,946,370
arms,biceps-curl,420,960,338
arms,biceps-curl,464,958,413
arms,biceps-curl,548,937,303
arms,biceps-curl,601,952,298
arms,biceps-curl,618,943,327
arms,biceps-curl,672,896,288
arms,biceps-curl,696,896,256
arms,biceps-curl,696,842,233
arms,biceps-curl,719,802,270
arms,biceps-curl,750,793,227
arms,biceps-curl,796,777,209
arms,biceps-curl,821,733,108
arms,biceps-curl,824,707,117
arms,biceps-curl,851,704,140
arms,biceps-curl,869,691,131
arms,biceps-curl,879,668,135
arms,biceps-curl,893,639,79
arms,biceps-curl,884,626,52
arms,biceps-curl,910,606,24
arms,biceps-curl,949,600,45
arms,biceps-curl,971,589,67
arms,biceps-curl,1004,584,39
arms,biceps-curl,1032,573,-3
arms,biceps-curl,1045,568,-27
arms,biceps-curl,1038,578,-32
arms,biceps-curl,1027,584,-2
arms,biceps-curl,1000,613,59
arms,biceps-curl,984,641,93
arms,biceps-curl,988,657,100
arms,biceps-curl,988,660,95
arms,biceps-curl,963,689,113
arms,biceps-curl,920,748,176
arms,biceps-curl,881,768,224
arms,biceps-curl,868,789,261
arms,biceps-curl,868,824,250
arms,biceps-curl,854,824,212
arms,biceps-curl,821,834,279
arms,biceps-curl,786,866,348
arms,biceps-curl,770,908,368
arms,biceps-curl,749,903,332
arms,biceps-curl,707,864,282
arms,biceps-curl,649,885,337
arms,biceps-curl,602,901,367
arms,biceps-curl,551,899,355
arms,biceps-curl,494,864,400
arms,biceps-curl,460,871,466
arms,biceps-curl,446,898,516
arms,biceps-curl,430,903,475
arms,biceps-curl,372,895,467
arms,biceps-curl,299,881,351
arms,biceps-curl,212,844,313
arms,biceps-curl,123,865,412
arms,biceps-curl,74,802,238
arms,biceps-curl,12,733,139
arms,biceps-curl,-43,693,182
arms,biceps-curl,-97,639,144
arms,biceps-curl,-136,616,152
arms,biceps-curl,-160,568,184
arms,biceps-curl,-176,498,68
arms,biceps-curl,-191,504,94
arms,biceps-curl,-199,526,141
arms,biceps-curl,-229,557,137
arms,biceps-curl,-232,589,129
arms,biceps-curl,-239,620,184
arms,biceps-curl,-213,651,253
arms,biceps-curl,-188,669,197
arms,biceps-curl,-177,698,151
arms,biceps-curl,-138,723,214
arms,biceps-curl,-91,771,300
arms,biceps-curl,-68,784,290
arms,biceps-curl,-17,784,304
arms,biceps-curl,57,836,335
arms,biceps-curl,97,878,355
arms,biceps-curl,158,888,360
arms,biceps-curl,216,920,386
arms,biceps-curl,263,951,431
arms,biceps-curl,334,955,384
arms,biceps-curl,382,966,330
arms,biceps-curl,406,962,334
arms,biceps-curl,443,965,357
arms,biceps-curl,486,972,359
arms,biceps-curl,541,943,261
arms,biceps-curl,592,916,216
arms,biceps-curl,608,920,306
arms,biceps-curl,626,902,316
arms,biceps-curl,652,854,246
arms,biceps-curl,663,832,207
arms,biceps-curl,695,816,187
arms,biceps-curl,737,798,220
arms,biceps-curl,772,791,244
arms,biceps-curl,824,746,161
arms,biceps-curl,869,710,75
arms,biceps-curl,898,681,99
arms,biceps-curl,906,657,126
arms,biceps-curl,910,638,72
arms,biceps-curl,896,630,66
arms,biceps-curl,881,619,115
arms,biceps-curl,919,600,80
arms,biceps-curl,944,596,19
arms,biceps-curl,943,575,32
arms,biceps-curl,935,570,33
arms,biceps-curl,928,581,36
arms,biceps-curl,930,562,6
arms,biceps-curl,947,577,-9
arms,biceps-curl,976,594,-8
arms,biceps-curl,978,618,95
arms,biceps-curl,1008,649,81
arms,biceps-curl,1024,680,104
arms,biceps-curl,1008,712,184
arms,biceps-curl,1008,712,184
arms,biceps-curl,992,759,130
arms,biceps-curl,977,790,174
arms,biceps-curl,924,785,236
arms,biceps-curl,905,813,269
arms,biceps-curl,854,816,272
arms,biceps-curl,841,823,258
arms,biceps-curl,813,831,283
arms,biceps-curl,801,865,301
arms,biceps-curl,787,839,265
arms,biceps-curl,759,838,281
arms,biceps-curl,727,840,282
arms,biceps-curl,690,840,346
arms,biceps-curl,656,852,362
arms,biceps-curl,614,845,320
arms,biceps-curl,550,846,310
arms,biceps-curl,485,848,334
arms,biceps-curl,432,859,355
arms,biceps-curl,385,864,380
arms,biceps-curl,328,859,387
arms,biceps-curl,275,851,389
arms,biceps-curl,224,825,346
arms,biceps-curl,151,799,330
arms,biceps-curl,86,766,331
arms,biceps-curl,27,740,299
arms,biceps-curl,-28,740,276
arms,biceps-curl,-67,725,264
arms,biceps-curl,-99,682,179
arms,biceps-curl,-126,645,70
arms,biceps-curl,-161,619,75
arms,biceps-curl,-187,603,118
arms,biceps-curl,-189,599,125
arms,biceps-curl,-187,572,114
arms,biceps-curl,-184,563,123
arms,biceps-curl,-160,587,134
arms,biceps-curl,-139,604,107
arms,biceps-curl,-119,637,168
arms,biceps-curl,-90,656,191
arms,biceps-curl,-60,684,236
arms,biceps-curl,-11,709,194
arms,biceps-curl,40,768,271
arms,biceps-curl,93,828,318
arms,biceps-curl,195,817,275
arms,biceps-curl,254,872,289
arms,biceps-curl,298,919,294
arms,biceps-curl,377,918,290
arms,biceps-curl,452,968,363
arms,biceps-curl,498,965,222
arms,biceps-curl,524,922,192
arms,biceps-curl,594,960,191
arms,biceps-curl,649,976,161
arms,biceps-curl,719,976,271
arms,biceps-curl,736,922,241
arms,biceps-curl,812,874,88
arms,biceps-curl,823,857,117
arms,biceps-curl,788,849,186
arms,biceps-curl,805,819,156
arms,biceps-curl,822,788,54
arms,biceps-curl,824,736,20
arms,biceps-curl,837,715,16
arms,biceps-curl,853,725,3
arms,biceps-curl,894,760,83
arms,biceps-curl,935,774,154
arms,biceps-curl,986,734,-55
arms,biceps-curl,1024,696,-193
arms,biceps-curl,1038,728,-147
arms,biceps-curl,1040,800,-103
arms,biceps-curl,1029,884,-91
arms,biceps-curl,1008,880,-77
arms,biceps-curl,975,884,-36
arms,biceps-curl,945,916,-11
arms,biceps-curl,917,947,-70
arms,biceps-curl,867,983,-135
arms,biceps-curl,804,1018,-170
arms,biceps-curl,737,1015,-210
arms,biceps-curl,679,1025,-236
arms,biceps-curl,620,1072,-208
arms,biceps-curl,561,1061,-214
arms,biceps-curl,492,961,-278
arms,biceps-curl,419,909,-322
arms,biceps-curl,368,919,-327
arms,biceps-curl,313,893,-275
arms,biceps-curl,268,894,-226
arms,biceps-curl,236,875,-280
arms,biceps-curl,197,775,-422
arms,biceps-curl,139,664,-446
arms,biceps-curl,64,615,-274
arms,biceps-curl,-31,574,10
arms,biceps-curl,-75,574,66
arms,biceps-curl,-18,584,-206
arms,biceps-curl,52,574,-443
arms,biceps-curl,48,609,-355
arms,biceps-curl,-23,564,-79
arms,biceps-curl,-41,628,-77
arms,biceps-curl,43,695,-293
arms,biceps-curl,103,734,-456
arms,biceps-curl,93,724,-386
arms,biceps-curl,65,768,-283
arms,biceps-curl,78,859,-399
arms,biceps-curl,160,898,-488
arms,biceps-curl,168,944,-494
arms,biceps-curl,160,936,-432
