arms,biceps-curl,1248,504,-520
arms,biceps-curl,1007,457,39
arms,biceps-curl,1327,235,124
arms,biceps-curl,1471,90,9
arms,biceps-curl,1560,80,-255
arms,biceps-curl,1604,9,-137
arms,biceps-curl,1629,14,96
arms,biceps-curl,1639,36,108
arms,biceps-curl,1560,73,144
arms,biceps-curl,1583,93,132
arms,biceps-curl,1522,83,58
arms,biceps-curl,1454,142,108
arms,biceps-curl,1422,160,92
arms,biceps-curl,1422,119,-14
arms,biceps-curl,1367,81,221
arms,biceps-curl,1355,94,205
arms,biceps-curl,1333,77,82
arms,biceps-curl,1288,69,69
arms,biceps-curl,1241,41,85
arms,biceps-curl,1189,44,108
arms,biceps-curl,1144,75,120
arms,biceps-curl,1091,97,88
arms,biceps-curl,1028,108,77
arms,biceps-curl,953,112,84
arms,biceps-curl,866,112,59
arms,biceps-curl,784,112,36
arms,biceps-curl,713,97,24
arms,biceps-curl,651,69,27
arms,biceps-curl,577,60,47
arms,biceps-curl,531,57,32
arms,biceps-curl,520,35,16
arms,biceps-curl,493,19,37
arms,biceps-curl,471,30,35
arms,biceps-curl,451,32,7
arms,biceps-curl,472,16,-43
arms,biceps-curl,460,28,-21
arms,biceps-curl,437,61,-30
arms,biceps-curl,469,66,-56
arms,biceps-curl,530,52,-115
arms,biceps-curl,547,75,-38
arms,biceps-curl,596,107,-108
arms,biceps-curl,652,91,-184
arms,biceps-curl,717,105,-168
arms,biceps-curl,792,117,-86
arms,biceps-curl,850,146,-82
arms,biceps-curl,926,163,-153
arms,biceps-curl,981,198,-156
arms,biceps-curl,1031,266,-113
arms,biceps-curl,1025,289,-126
arms,biceps-curl,1040,314,-98
arms,biceps-curl,1056,392,-151
arms,biceps-curl,1032,440,-97
arms,biceps-curl,1001,448,-49
arms,biceps-curl,1023,463,-71
arms,biceps-curl,964,539,40
arms,biceps-curl,960,624,12
arms,biceps-curl,924,639,-21
arms,biceps-curl,927,675,-24
arms,biceps-curl,935,707,-44
arms,biceps-curl,896,725,-41
arms,biceps-curl,927,780,6
arms,biceps-curl,917,798,35
arms,biceps-curl,949,850,28
arms,biceps-curl,930,888,109
arms,biceps-curl,938,902,183
arms,biceps-curl,915,915,200
arms,biceps-curl,871,931,139
arms,biceps-curl,802,952,161
arms,biceps-curl,739,960,158
arms,biceps-curl,684,975,164
arms,biceps-curl,620,954,225
arms,biceps-curl,563,912,227
arms,biceps-curl,493,868,143
arms,biceps-curl,393,897,150
arms,biceps-curl,318,953,214
arms,biceps-curl,250,951,236
arms,biceps-curl,176,952,228
arms,biceps-curl,117,945,216
arms,biceps-curl,47,916,242
arms,biceps-curl,-39,898,208
arms,biceps-curl,-128,867,145
arms,biceps-curl,-213,838,203
arms,biceps-curl,-274,815,238
arms,biceps-curl,-313,791,191
arms,biceps-curl,-342,768,190
arms,biceps-curl,-378,742,269
arms,biceps-curl,-400,691,251
arms,biceps-curl,-414,622,157
arms,biceps-curl,-448,597,285
arms,biceps-curl,-456,538,287
arms,biceps-curl,-487,502,171
arms,biceps-curl,-524,432,131
arms,biceps-curl,-578,390,135
arms,biceps-curl,-635,336,107
arms,biceps-curl,-693,291,142
arms,biceps-curl,-730,256,30
arms,biceps-curl,-804,200,-39
arms,biceps-curl,-841,198,-34
arms,biceps-curl,-850,178,-53
arms,biceps-curl,-878,202,-8
arms,biceps-curl,-839,232,-15
arms,biceps-curl,-792,240,24
arms,biceps-curl,-760,312,8
arms,biceps-curl,-744,304,55
arms,biceps-curl,-698,357,48
arms,biceps-curl,-651,405,175
arms,biceps-curl,-648,444,213
arms,biceps-curl,-569,491,180
arms,biceps-curl,-525,545,309
arms,biceps-curl,-445,586,328
arms,biceps-curl,-345,692,295
arms,biceps-curl,-269,771,281
arms,biceps-curl,-231,816,293
arms,biceps-curl,-212,886,290
arms,biceps-curl,-196,892,306
arms,biceps-curl,-157,923,224
arms,biceps-curl,-144,959,129
arms,biceps-curl,-94,1013,215
arms,biceps-curl,-34,1032,177
arms,biceps-curl,-16,1032,73
arms,biceps-curl,45,1037,65
arms,biceps-curl,105,1035,55
arms,biceps-curl,149,1027,16
arms,biceps-curl,200,1005,-9
arms,biceps-curl,296,996,-12
arms,biceps-curl,378,1009,-8
arms,biceps-curl,429,979,-25
arms,biceps-curl,476,948,-44
arms,biceps-curl,519,925,-56
arms,biceps-curl,562,889,-60
arms,biceps-curl,626,869,-63
arms,biceps-curl,683,853,-62
arms,biceps-curl,704,832,-83
arms,biceps-curl,734,805,-108
arms,biceps-curl,764,791,-84
arms,biceps-curl,808,771,-147
arms,biceps-curl,827,747,-172
arms,biceps-curl,834,718,-83
arms,biceps-curl,847,698,-30
arms,biceps-curl,864,653,-45
arms,biceps-curl,860,612,-8
arms,biceps-curl,857,572,-58
arms,biceps-curl,903,555,-84
arms,biceps-curl,966,532,-147
arms,biceps-curl,996,511,-77
arms,biceps-curl,1017,498,-26
arms,biceps-curl,1026,465,-47
arms,biceps-curl,1042,469,-98
arms,biceps-curl,1055,439,-106
arms,biceps-curl,1040,425,-44
arms,biceps-curl,1041,439,-95
arms,biceps-curl,1056,424,-79
arms,biceps-curl,1064,440,-32
arms,biceps-curl,1048,464,-40
arms,biceps-curl,1040,480,-17
arms,biceps-curl,1063,488,-31
arms,biceps-curl,1027,510,-2
arms,biceps-curl,1024,548,-15
arms,biceps-curl,1017,573,-23
arms,biceps-curl,1016,590,11
arms,biceps-curl,1009,606,-39
arms,biceps-curl,988,635,-21
arms,biceps-curl,984,640,-62
arms,biceps-curl,952,653,-8
arms,biceps-curl,944,681,-23
arms,biceps-curl,920,724,4
arms,biceps-curl,912,760,34
arms,biceps-curl,889,774,11
arms,biceps-curl,847,804,33
arms,biceps-curl,805,827,53
arms,biceps-curl,771,853,135
arms,biceps-curl,724,874,161
arms,biceps-curl,669,895,132
arms,biceps-curl,615,914,125
arms,biceps-curl,569,952,123
arms,biceps-curl,516,985,174
arms,biceps-curl,466,983,199
arms,biceps-curl,411,997,188
arms,biceps-curl,352,1016,176
arms,biceps-curl,290,1012,183
arms,biceps-curl,215,993,179
arms,biceps-curl,158,962,133
arms,biceps-curl,116,924,130
arms,biceps-curl,37,896,202
arms,biceps-curl,-58,893,276
arms,biceps-curl,-126,873,233
arms,biceps-curl,-208,832,214
arms,biceps-curl,-250,800,256
arms,biceps-curl,-294,795,266
arms,biceps-curl,-360,761,270
arms,biceps-curl,-413,696,205
arms,biceps-curl,-462,656,160
arms,biceps-curl,-518,608,197
arms,biceps-curl,-570,592,222
arms,biceps-curl,-586,525,162
arms,biceps-curl,-637,504,200
arms,biceps-curl,-665,457,151
arms,biceps-curl,-673,413,108
arms,biceps-curl,-679,385,178
arms,biceps-curl,-679,324,63
arms,biceps-curl,-754,276,40
arms,biceps-curl,-776,223,-70
arms,biceps-curl,-786,200,-191
arms,biceps-curl,-856,208,-144
arms,biceps-curl,-832,224,-8
arms,biceps-curl,-832,224,-8
arms,biceps-curl,-848,240,62
arms,biceps-curl,-825,293,94
arms,biceps-curl,-749,333,74
arms,biceps-curl,-722,372,87
arms,biceps-curl,-691,390,145
arms,biceps-curl,-667,406,264
arms,biceps-curl,-603,435,164
arms,biceps-curl,-579,447,231
arms,biceps-curl,-530,513,294
arms,biceps-curl,-488,604,272
arms,biceps-curl,-461,667,326
arms,biceps-curl,-408,710,320
arms,biceps-curl,-357,832,265
arms,biceps-curl,-321,838,208
arms,biceps-curl,-318,835,186
arms,biceps-curl,-266,889,157
arms,biceps-curl,-235,938,181
arms,biceps-curl,-217,937,159
arms,biceps-curl,-159,987,116
arms,biceps-curl,-104,1019,71
arms,biceps-curl,-69,1007,113
arms,biceps-curl,-2,1031,88
arms,biceps-curl,53,1047,32
arms,biceps-curl,106,1044,49
arms,biceps-curl,184,1052,44
arms,biceps-curl,247,1029,39
arms,biceps-curl,305,1000,56
arms,biceps-curl,365,1011,7
arms,biceps-curl,422,994,-53
arms,biceps-curl,474,962,-9
arms,biceps-curl,500,958,24
arms,biceps-curl,532,916,-4
arms,biceps-curl,574,880,0
arms,biceps-curl,626,835,-14
arms,biceps-curl,677,808,9
arms,biceps-curl,767,792,-17
arms,biceps-curl,830,758,-4
arms,biceps-curl,852,768,-10
arms,biceps-curl,866,735,-1
arms,biceps-curl,877,694,-52
arms,biceps-curl,893,647,-129
arms,biceps-curl,884,608,-128
arms,biceps-curl,904,602,-89
arms,biceps-curl,907,558,-90
arms,biceps-curl,929,487,-46
arms,biceps-curl,940,478,-38
arms,biceps-curl,985,456,-94
arms,biceps-curl,1002,454,-64
arms,biceps-curl,1033,406,-72
arms,biceps-curl,1072,344,-64
arms,biceps-curl,1080,352,-48
arms,biceps-curl,1119,336,-110
arms,biceps-curl,1128,359,-150
arms,biceps-curl,1121,353,-70
arms,biceps-curl,1098,359,-42
arms,biceps-curl,1075,396,-104
arms,biceps-curl,1079,393,-119
arms,biceps-curl,1039,412,16
arms,biceps-curl,1012,449,-7
arms,biceps-curl,1015,456,-36
arms,biceps-curl,978,500,-53
arms,biceps-curl,937,543,-6
arms,biceps-curl,922,570,32
arms,biceps-curl,914,552,28
arms,biceps-curl,901,578,-10
arms,biceps-curl,885,620,-13
arms,biceps-curl,875,659,-24
arms,biceps-curl,877,698,-6
arms,biceps-curl,895,707,-7
arms,biceps-curl,894,744,19
arms,biceps-curl,883,782,26
arms,biceps-curl,894,806,30
arms,biceps-curl,864,852,98
arms,biceps-curl,819,876,92
arms,biceps-curl,779,880,102
arms,biceps-curl,720,888,156
arms,biceps-curl,646,903,206
arms,biceps-curl,593,927,179
arms,biceps-curl,528,932,109
arms,biceps-curl,419,955,153
arms,biceps-curl,342,982,182
arms,biceps-curl,276,962,195
arms,biceps-curl,206,958,162
arms,biceps-curl,135,984,123
arms,biceps-curl,70,1011,197
arms,biceps-curl,15,990,255
arms,biceps-curl,-47,959,297
arms,biceps-curl,-117,934,307
arms,biceps-curl,-166,924,266
arms,biceps-curl,-219,907,262
arms,biceps-curl,-274,898,317
arms,biceps-curl,-344,917,320
arms,biceps-curl,-355,823,259
arms,biceps-curl,-415,778,328
arms,biceps-curl,-459,777,409
arms,biceps-curl,-483,669,300
arms,biceps-curl,-515,647,274
arms,biceps-curl,-545,633,365
arms,biceps-curl,-554,542,223
arms,biceps-curl,-593,511,353
arms,biceps-curl,-624,480,384
arms,biceps-curl,-624,464,272
arms,biceps-curl,-640,379,295
arms,biceps-curl,-663,368,357
arms,biceps-curl,-657,338,196
arms,biceps-curl,-729,263,140
arms,biceps-curl,-722,249,72
arms,biceps-curl,-769,178,-62
arms,biceps-curl,-824,113,-46
arms,biceps-curl,-845,104,13
arms,biceps-curl,-868,117,-48
arms,biceps-curl,-853,114,-26
arms,biceps-curl,-848,155,34
arms,biceps-curl,-824,192,60
arms,biceps-curl,-775,218,76
arms,biceps-curl,-749,270,160
arms,biceps-curl,-705,327,142
arms,biceps-curl,-656,344,77
arms,biceps-curl,-629,397,203
arms,biceps-curl,-655,444,316
arms,biceps-curl,-632,486,316
arms,biceps-curl,-584,571,299
arms,biceps-curl,-545,635,273
arms,biceps-curl,-528,679,310
arms,biceps-curl,-481,743,322
arms,biceps-curl,-432,813,279
arms,biceps-curl,-400,864,260
arms,biceps-curl,-345,888,175
arms,biceps-curl,-301,929,151
arms,biceps-curl,-288,975,238
arms,biceps-curl,-244,997,246
arms,biceps-curl,-168,1019,296
arms,biceps-curl,-120,1021,270
arms,biceps-curl,-77,1022,57
arms,biceps-curl,-53,1032,29
arms,biceps-curl,-11,1019,65
arms,biceps-curl,24,1011,116
arms,biceps-curl,100,1038,16
arms,biceps-curl,160,990,-3
arms,biceps-curl,208,988,74
arms,biceps-curl,287,987,94
arms,biceps-curl,332,941,-19
arms,biceps-curl,417,932,3
arms,biceps-curl,465,941,5
arms,biceps-curl,523,884,-42
arms,biceps-curl,587,866,-8
arms,biceps-curl,616,883,-18
arms,biceps-curl,685,900,-103
arms,biceps-curl,740,848,-92
arms,biceps-curl,793,745,-40
arms,biceps-curl,817,760,-40
arms,biceps-curl,856,767,-25
arms,biceps-curl,840,681,-103
arms,biceps-curl,840,633,-143
arms,biceps-curl,848,655,-106
arms,biceps-curl,863,589,-171
arms,biceps-curl,922,526,-176
arms,biceps-curl,928,520,-12
arms,biceps-curl,949,492,-34
arms,biceps-curl,993,461,-81
arms,biceps-curl,1007,443,52
arms,biceps-curl,1015,407,-57
arms,biceps-curl,1022,394,-120
arms,biceps-curl,1030,417,-109
arms,biceps-curl,1044,430,-62
arms,biceps-curl,1072,414,-42
arms,biceps-curl,1069,397,-29
arms,biceps-curl,1064,403,-30
arms,biceps-curl,1064,392,-54
arms,biceps-curl,1048,400,-53
arms,biceps-curl,1035,428,-28
arms,biceps-curl,1032,455,24
arms,biceps-curl,1032,469,19
arms,biceps-curl,1027,481,19
arms,biceps-curl,1002,510,32
arms,biceps-curl,993,537,-3
arms,biceps-curl,975,569,43
arms,biceps-curl,932,612,44
arms,biceps-curl,908,644,26
arms,biceps-curl,878,674,106
arms,biceps-curl,852,728,115
arms,biceps-curl,843,771,128
arms,biceps-curl,824,779,165
arms,biceps-curl,818,808,118
arms,biceps-curl,799,865,97
arms,biceps-curl,770,910,142
arms,biceps-curl,747,923,190
arms,biceps-curl,730,911,178
arms,biceps-curl,673,946,189
arms,biceps-curl,635,958,162
arms,biceps-curl,568,982,182
arms,biceps-curl,530,1002,253
arms,biceps-curl,465,1000,331
arms,biceps-curl,392,972,257
arms,biceps-curl,307,989,289
arms,biceps-curl,231,972,261
arms,biceps-curl,164,950,288
arms,biceps-curl,71,933,297
arms,biceps-curl,-4,900,366
arms,biceps-curl,-55,855,346
arms,biceps-curl,-147,847,375
arms,biceps-curl,-209,833,351
arms,biceps-curl,-232,856,320
arms,biceps-curl,-272,840,440
arms,biceps-curl,-272,840,440
arms,biceps-curl,-334,793,479
arms,biceps-curl,-374,830,412
arms,biceps-curl,-406,772,460
arms,biceps-curl,-437,680,362
arms,biceps-curl,-504,686,416
arms,biceps-curl,-519,611,249
arms,biceps-curl,-595,573,285
arms,biceps-curl,-621,528,363
arms,biceps-curl,-631,487,369
arms,biceps-curl,-657,436,285
arms,biceps-curl,-652,399,183
arms,biceps-curl,-666,350,172
arms,biceps-curl,-666,295,182
arms,biceps-curl,-681,223,184
arms,biceps-curl,-688,167,128
arms,biceps-curl,-720,103,17
arms,biceps-curl,-778,48,-29
arms,biceps-curl,-820,37,-42
arms,biceps-curl,-862,40,-58
arms,biceps-curl,-842,50,-69
arms,biceps-curl,-848,61,16
arms,biceps-curl,-854,86,71
arms,biceps-curl,-836,126,25
arms,biceps-curl,-832,161,29
arms,biceps-curl,-820,200,108
arms,biceps-curl,-785,236,125
arms,biceps-curl,-760,274,114
arms,biceps-curl,-735,325,171
arms,biceps-curl,-691,365,206
arms,biceps-curl,-649,432,253
arms,biceps-curl,-595,504,335
arms,biceps-curl,-554,530,323
arms,biceps-curl,-536,581,333
arms,biceps-curl,-504,608,334
arms,biceps-curl,-477,657,310
arms,biceps-curl,-463,703,270
arms,biceps-curl,-398,731,197
arms,biceps-curl,-382,784,250
arms,biceps-curl,-343,863,284
arms,biceps-curl,-294,891,206
arms,biceps-curl,-225,910,190
arms,biceps-curl,-223,948,291
arms,biceps-curl,-157,1008,269
arms,biceps-curl,-41,1012,72
arms,biceps-curl,17,1038,119
arms,biceps-curl,94,1027,53
arms,biceps-curl,162,1049,104
arms,biceps-curl,187,954,97
arms,biceps-curl,243,984,-32
arms,biceps-curl,344,976,-14
arms,biceps-curl,376,992,190
arms,biceps-curl,454,969,107
arms,biceps-curl,532,930,112
arms,biceps-curl,558,913,97
arms,biceps-curl,582,861,60
arms,biceps-curl,663,899,27
arms,biceps-curl,721,883,66
arms,biceps-curl,783,832,58
arms,biceps-curl,819,791,89
arms,biceps-curl,831,764,11
arms,biceps-curl,870,716,30
arms,biceps-curl,905,667,21
arms,biceps-curl,942,638,34
arms,biceps-curl,958,591,-13
arms,biceps-curl,960,565,20
arms,biceps-curl,949,538,46
arms,biceps-curl,966,533,48
arms,biceps-curl,997,504,43
arms,biceps-curl,1013,463,35
arms,biceps-curl,1016,438,32
arms,biceps-curl,1011,418,13
arms,biceps-curl,1013,413,-19
arms,biceps-curl,1020,403,-23
arms,biceps-curl,1020,396,-3
arms,biceps-curl,1037,375,16
arms,biceps-curl,1048,368,40
arms,biceps-curl,1044,392,29
arms,biceps-curl,1044,400,18
arms,biceps-curl,1040,407,61
arms,biceps-curl,1033,429,78
arms,biceps-curl,1037,445,67
arms,biceps-curl,1065,437,81
arms,biceps-curl,1077,438,64
arms,biceps-curl,1067,462,57
arms,biceps-curl,1053,491,118
arms,biceps-curl,1046,508,53
arms,biceps-curl,1035,536,82
arms,biceps-curl,1016,553,122
arms,biceps-curl,992,600,102
arms,biceps-curl,979,613,109
arms,biceps-curl,926,664,149
arms,biceps-curl,888,700,140
arms,biceps-curl,876,727,155
arms,biceps-curl,816,764,132
arms,biceps-curl,812,789,144
arms,biceps-curl,777,832,102
arms,biceps-curl,720,897,206
arms,biceps-curl,713,907,114
arms,biceps-curl,615,944,253
arms,biceps-curl,591,945,192
arms,biceps-curl,552,976,200
arms,biceps-curl,472,952,264
arms,biceps-curl,410,991,248
arms,biceps-curl,355,1000,195
arms,biceps-curl,285,993,222
arms,biceps-curl,222,999,209
arms,biceps-curl,166,1014,208
arms,biceps-curl,97,1002,285
arms,biceps-curl,40,1007,255
arms,biceps-curl,5,1015,281
arms,biceps-curl,-59,990,321
arms,biceps-curl,-110,946,296
arms,biceps-curl,-207,893,232
arms,biceps-curl,-268,838,198
arms,biceps-curl,-345,800,216
arms,biceps-curl,-420,786,264
arms,biceps-curl,-457,751,208
arms,biceps-curl,-475,704,219
arms,biceps-curl,-501,641,251
arms,biceps-curl,-537,585,256
arms,biceps-curl,-562,548,236
arms,biceps-curl,-582,507,171
arms,biceps-curl,-592,465,178
arms,biceps-curl,-592,408,208
arms,biceps-curl,-605,350,225
arms,biceps-curl,-633,291,186
arms,biceps-curl,-664,240,96
arms,biceps-curl,-707,201,79
arms,biceps-curl,-758,158,75
arms,biceps-curl,-823,115,36
arms,biceps-curl,-896,51,-35
arms,biceps-curl,-957,3,-109
arms,biceps-curl,-1000,-4,-95
arms,biceps-curl,-994,-12,-114
arms,biceps-curl,-981,16,-112
arms,biceps-curl,-963,40,-112
arms,biceps-curl,-917,58,-75
arms,biceps-curl,-863,73,-57
arms,biceps-curl,-832,100,-27
arms,biceps-curl,-806,120,12
arms,biceps-curl,-791,155,24
arms,biceps-curl,-758,200,55
arms,biceps-curl,-748,245,158
arms,biceps-curl,-717,313,89
arms,biceps-curl,-669,364,161
arms,biceps-curl,-686,393,288
arms,biceps-curl,-617,461,178
arms,biceps-curl,-620,510,195
arms,biceps-curl,-573,576,228
arms,biceps-curl,-532,581,283
arms,biceps-curl,-462,674,191
arms,biceps-curl,-384,736,145
arms,biceps-curl,-352,776,207
arms,biceps-curl,-352,823,224
arms,biceps-curl,-284,839,262
arms,biceps-curl,-280,900,204
arms,biceps-curl,-200,948,98
arms,biceps-curl,-163,981,102
arms,biceps-curl,-132,1019,153
arms,biceps-curl,-87,1051,119
arms,biceps-curl,-27,1036,52
arms,biceps-curl,17,1058,60
arms,biceps-curl,68,1064,45
arms,biceps-curl,154,1101,-22
arms,biceps-curl,200,1082,-16
arms,biceps-curl,243,1037,21
arms,biceps-curl,336,1018,3
arms,biceps-curl,401,1033,-19
arms,biceps-curl,465,997,41
arms,biceps-curl,525,944,46
arms,biceps-curl,610,928,12
arms,biceps-curl,673,923,20
arms,biceps-curl,712,872,27
arms,biceps-curl,756,854,66
arms,biceps-curl,789,842,29
arms,biceps-curl,830,789,-20
arms,biceps-curl,852,764,1
arms,biceps-curl,884,760,20
arms,biceps-curl,928,706,12
arms,biceps-curl,929,663,33
arms,biceps-curl,920,630,58
arms,biceps-curl,933,559,67
arms,biceps-curl,958,530,78
arms,biceps-curl,980,499,12
arms,biceps-curl,1000,449,-3
arms,biceps-curl,1008,419,48
arms,biceps-curl,1029,400,56
arms,biceps-curl,1038,377,84
arms,biceps-curl,1046,349,94
arms,biceps-curl,1080,326,29
arms,biceps-curl,1082,340,-18
arms,biceps-curl,1084,326,11
arms,biceps-curl,1070,325,50
arms,biceps-curl,1061,351,68
arms,biceps-curl,1045,379,113
arms,biceps-curl,1032,357,73
arms,biceps-curl,1034,387,29
arms,biceps-curl,1045,410,14
arms,biceps-curl,1023,427,66
arms,biceps-curl,1016,457,88
arms,biceps-curl,1015,474,91
arms,biceps-curl,1000,505,144
arms,biceps-curl,992,552,136
arms,biceps-curl,984,568,48
arms,biceps-curl,961,607,87
arms,biceps-curl,945,669,88
arms,biceps-curl,944,665,118
arms,biceps-curl,908,671,171
arms,biceps-curl,861,686,155
arms,biceps-curl,835,737,117
arms,biceps-curl,798,758,180
arms,biceps-curl,732,807,212
arms,biceps-curl,707,823,229
arms,biceps-curl,685,868,175
arms,biceps-curl,630,880,160
arms,biceps-curl,574,934,226
arms,biceps-curl,536,970,324
arms,biceps-curl,494,976,329
arms,biceps-curl,441,1009,292
arms,biceps-curl,392,1056,275
arms,biceps-curl,339,1040,330
arms,biceps-curl,295,1009,380
arms,biceps-curl,231,985,338
arms,biceps-curl,167,957,285
arms,biceps-curl,98,935,369
arms,biceps-curl,37,928,404
arms,biceps-curl,-27,924,385
arms,biceps-curl,-76,912,396
arms,biceps-curl,-120,884,380
arms,biceps-curl,-183,856,402
arms,biceps-curl,-242,833,433
arms,biceps-curl,-297,812,391
arms,biceps-curl,-345,798,353
arms,biceps-curl,-387,771,354
arms,biceps-curl,-425,724,396
arms,biceps-curl,-455,660,391
arms,biceps-curl,-499,610,296
arms,biceps-curl,-546,574,283
arms,biceps-curl,-568,535,271
arms,biceps-curl,-568,482,234
arms,biceps-curl,-576,442,255
arms,biceps-curl,-596,418,271
arms,biceps-curl,-586,391,194
arms,biceps-curl,-589,352,198
arms,biceps-curl,-585,313,176
arms,biceps-curl,-627,279,119
arms,biceps-curl,-646,253,166
arms,biceps-curl,-694,139,21
arms,biceps-curl,-798,101,45
arms,biceps-curl,-855,69,-52
arms,biceps-curl,-931,40,-89
arms,biceps-curl,-978,40,-93
arms,biceps-curl,-1008,41,-33
arms,biceps-curl,-992,72,-56
arms,biceps-curl,-976,96,-88
arms,biceps-curl,-945,135,13
arms,biceps-curl,-883,197,8
arms,biceps-curl,-850,230,1
arms,biceps-curl,-812,268,109
arms,biceps-curl,-779,286,170
arms,biceps-curl,-720,302,141
arms,biceps-curl,-678,324,150
arms,biceps-curl,-632,408,179
arms,biceps-curl,-578,457,236
arms,biceps-curl,-517,553,299
arms,biceps-curl,-467,601,324
arms,biceps-curl,-396,638,256
arms,biceps-curl,-347,683,314
arms,biceps-curl,-307,742,310
arms,biceps-curl,-302,766,290
arms,biceps-curl,-266,800,266
arms,biceps-curl,-253,858,272
arms,biceps-curl,-246,875,255
arms,biceps-curl,-166,936,215
arms,biceps-curl,-120,976,200
arms,biceps-curl,-78,995,209
arms,biceps-curl,-8,1017,144
arms,biceps-curl,63,1033,101
arms,biceps-curl,113,1036,100
arms,biceps-curl,184,1048,68
arms,biceps-curl,278,1049,75
arms,biceps-curl,361,1010,126
arms,biceps-curl,454,988,124
arms,biceps-curl,539,999,88
arms,biceps-curl,599,989,94
arms,biceps-curl,650,972,86
arms,biceps-curl,700,954,59
arms,biceps-curl,741,877,80
arms,biceps-curl,768,861,107
arms,biceps-curl,793,850,103
arms,biceps-curl,799,789,120
arms,biceps-curl,862,747,145
arms,biceps-curl,888,704,200
arms,biceps-curl,919,673,143
arms,biceps-curl,952,636,94
arms,biceps-curl,997,580,25
arms,biceps-curl,1056,523,37
arms,biceps-curl,1062,491,63
arms,biceps-curl,1097,460,68
arms,biceps-curl,1105,429,147
arms,biceps-curl,1111,396,97
arms,biceps-curl,1098,357,27
arms,biceps-curl,1125,320,62
arms,biceps-curl,1064,312,27
arms,biceps-curl,1072,296,120
arms,biceps-curl,1064,256,48
arms,biceps-curl,1064,256,48
arms,biceps-curl,1041,279,48
arms,biceps-curl,1040,257,71
arms,biceps-curl,1040,293,42
arms,biceps-curl,1033,289,40
arms,biceps-curl,1003,317,104
arms,biceps-curl,1007,299,63
arms,biceps-curl,994,303,70
arms,biceps-curl,1019,324,59
arms,biceps-curl,1044,335,4
arms,biceps-curl,1054,361,81
arms,biceps-curl,1044,380,116
arms,biceps-curl,1064,384,72
arms,biceps-curl,1072,413,85
arms,biceps-curl,1072,435,136
arms,biceps-curl,1055,468,135
arms,biceps-curl,1048,469,74
arms,biceps-curl,995,543,74
arms,biceps-curl,983,579,63
arms,biceps-curl,962,616,13
arms,biceps-curl,944,659,59
arms,biceps-curl,925,677,132
arms,biceps-curl,916,711,80
arms,biceps-curl,890,766,11
arms,biceps-curl,827,817,91
arms,biceps-curl,772,848,216
arms,biceps-curl,717,860,252
arms,biceps-curl,643,871,252
arms,biceps-curl,568,880,267
arms,biceps-curl,491,904,270
arms,biceps-curl,414,952,227
arms,biceps-curl,355,988,190
arms,biceps-curl,308,1028,241
arms,biceps-curl,272,1056,254
arms,biceps-curl,219,1037,170
arms,biceps-curl,154,1037,226
arms,biceps-curl,88,1039,243
arms,biceps-curl,31,1010,274
arms,biceps-curl,-30,980,245
arms,biceps-curl,-88,944,159
arms,biceps-curl,-152,944,242
arms,biceps-curl,-199,934,245
arms,biceps-curl,-269,877,231
arms,biceps-curl,-305,822,239
arms,biceps-curl,-362,805,328
arms,biceps-curl,-381,780,330
arms,biceps-curl,-428,740,343
arms,biceps-curl,-475,692,333
arms,biceps-curl,-514,638,406
arms,biceps-curl,-552,591,367
arms,biceps-curl,-568,567,320
arms,biceps-curl,-592,513,336
arms,biceps-curl,-615,465,352
arms,biceps-curl,-624,441,299
arms,biceps-curl,-639,410,289
arms,biceps-curl,-640,350,222
arms,biceps-curl,-676,294,223
arms,biceps-curl,-694,274,231
arms,biceps-curl,-682,245,157
arms,biceps-curl,-720,187,177
arms,biceps-curl,-728,196,236
arms,biceps-curl,-760,162,153
arms,biceps-curl,-830,109,128
arms,biceps-curl,-878,72,104
arms,biceps-curl,-947,46,67
arms,biceps-curl,-997,29,85
arms,biceps-curl,-1030,13,113
arms,biceps-curl,-1045,8,109
arms,biceps-curl,-1053,-8,88
arms,biceps-curl,-1056,4,49
arms,biceps-curl,-1031,21,-8
arms,biceps-curl,-992,14,16
arms,biceps-curl,-953,17,57
arms,biceps-curl,-909,24,51
arms,biceps-curl,-871,37,75
arms,biceps-curl,-823,60,112
arms,biceps-curl,-808,100,168
arms,biceps-curl,-805,155,251
arms,biceps-curl,-766,206,270
arms,biceps-curl,-748,271,255
arms,biceps-curl,-742,320,224
arms,biceps-curl,-709,346,226
arms,biceps-curl,-671,418,306
arms,biceps-curl,-633,475,296
arms,biceps-curl,-587,496,291
arms,biceps-curl,-571,544,249
arms,biceps-curl,-558,591,189
arms,biceps-curl,-538,640,193
arms,biceps-curl,-500,691,195
arms,biceps-curl,-480,732,256
arms,biceps-curl,-451,782,269
arms,biceps-curl,-429,827,217
arms,biceps-curl,-409,823,172
arms,biceps-curl,-371,883,212
arms,biceps-curl,-336,869,140
arms,biceps-curl,-283,943,78
arms,biceps-curl,-236,937,107
arms,biceps-curl,-133,948,12
arms,biceps-curl,-97,991,133
arms,biceps-curl,-5,985,92
arms,biceps-curl,51,1008,27
arms,biceps-curl,160,1000,120
arms,biceps-curl,192,1000,56
arms,biceps-curl,285,1023,-14
arms,biceps-curl,280,978,14
arms,biceps-curl,377,998,46
arms,biceps-curl,413,1015,-54
arms,biceps-curl,509,1009,-21
arms,biceps-curl,541,966,117
arms,biceps-curl,564,933,170
arms,biceps-curl,648,981,63
arms,biceps-curl,703,914,60
arms,biceps-curl,712,877,39
arms,biceps-curl,774,878,44
arms,biceps-curl,828,856,12
arms,biceps-curl,858,766,-12
arms,biceps-curl,853,747,41
arms,biceps-curl,898,735,70
arms,biceps-curl,931,674,50
arms,biceps-curl,962,622,61
arms,biceps-curl,981,608,97
arms,biceps-curl,984,593,82
arms,biceps-curl,994,522,88
arms,biceps-curl,981,480,132
arms,biceps-curl,981,453,98
arms,biceps-curl,1001,406,52
arms,biceps-curl,996,396,115
arms,biceps-curl,1000,384,160
arms,biceps-curl,1024,356,125
arms,biceps-curl,1025,330,122
arms,biceps-curl,1016,311,123
arms,biceps-curl,1026,303,89
arms,biceps-curl,1037,293,64
arms,biceps-curl,1035,321,68
arms,biceps-curl,1034,330,129
arms,biceps-curl,1024,323,146
arms,biceps-curl,1029,333,107
arms,biceps-curl,1040,346,87
arms,biceps-curl,1040,357,102
arms,biceps-curl,1040,379,100
arms,biceps-curl,1044,408,108
arms,biceps-curl,1052,417,100
arms,biceps-curl,1042,453,124
arms,biceps-curl,1052,471,162
arms,biceps-curl,1060,472,137
arms,biceps-curl,1001,517,138
arms,biceps-curl,1006,546,107
arms,biceps-curl,986,564,131
arms,biceps-curl,937,602,150
arms,biceps-curl,940,627,127
arms,biceps-curl,879,664,123
arms,biceps-curl,864,657,176
arms,biceps-curl,847,688,176
arms,biceps-curl,785,736,144
arms,biceps-curl,753,767,198
arms,biceps-curl,722,806,185
arms,biceps-curl,705,815,191
arms,biceps-curl,624,867,294
arms,biceps-curl,595,858,283
arms,biceps-curl,550,870,294
arms,biceps-curl,496,906,316
arms,biceps-curl,435,912,273
arms,biceps-curl,365,932,205
arms,biceps-curl,295,936,268
arms,biceps-curl,237,930,313
arms,biceps-curl,188,964,344
arms,biceps-curl,164,1017,376
arms,biceps-curl,160,1043,350
arms,biceps-curl,127,1042,364
arms,biceps-curl,96,1045,387
arms,biceps-curl,67,1053,376
arms,biceps-curl,15,1051,368
arms,biceps-curl,-38,1013,333
arms,biceps-curl,-109,973,365
arms,biceps-curl,-172,923,405
arms,biceps-curl,-219,865,435
arms,biceps-curl,-257,823,473
arms,biceps-curl,-309,833,467
arms,biceps-curl,-348,816,448
arms,biceps-curl,-367,764,475
arms,biceps-curl,-402,726,526
arms,biceps-curl,-435,678,513
arms,biceps-curl,-468,653,461
arms,biceps-curl,-509,619,466
arms,biceps-curl,-546,570,477
arms,biceps-curl,-593,551,478
arms,biceps-curl,-627,517,461
arms,biceps-curl,-637,454,413
arms,biceps-curl,-660,395,443
arms,biceps-curl,-690,377,429
arms,biceps-curl,-707,352,286
arms,biceps-curl,-734,318,314
arms,biceps-curl,-723,284,340
arms,biceps-curl,-707,267,316
arms,biceps-curl,-719,245,285
arms,biceps-curl,-705,225,324
arms,biceps-curl,-678,183,225
arms,biceps-curl,-713,127,228
arms,biceps-curl,-724,116,191
arms,biceps-curl,-764,77,125
arms,biceps-curl,-802,46,171
arms,biceps-curl,-834,23,102
arms,biceps-curl,-881,0,221
arms,biceps-curl,-912,0,136
arms,biceps-curl,-960,0,56
arms,biceps-curl,-960,0,56
arms,biceps-curl,-983,-23,118
arms,biceps-curl,-999,-16,74
arms,biceps-curl,-1022,-61,42
arms,biceps-curl,-988,2,-33
arms,biceps-curl,-977,29,53
arms,biceps-curl,-941,60,120
arms,biceps-curl,-902,78,73
arms,biceps-curl,-876,100,51
arms,biceps-curl,-839,176,120
arms,biceps-curl,-813,211,136
arms,biceps-curl,-771,259,235
arms,biceps-curl,-730,308,312
arms,biceps-curl,-696,361,304
arms,biceps-curl,-682,387,307
arms,biceps-curl,-641,437,357
arms,biceps-curl,-581,467,344
arms,biceps-curl,-544,509,354
arms,biceps-curl,-541,548,409
arms,biceps-curl,-524,580,368
arms,biceps-curl,-483,621,275
arms,biceps-curl,-436,696,245
arms,biceps-curl,-412,749,279
arms,biceps-curl,-391,795,308
arms,biceps-curl,-351,841,262
arms,biceps-curl,-304,884,224
arms,biceps-curl,-249,939,244
arms,biceps-curl,-205,968,293
arms,biceps-curl,-136,961,262
arms,biceps-curl,-27,986,181
arms,biceps-curl,34,1035,206
arms,biceps-curl,79,1031,179
arms,biceps-curl,145,1025,114
arms,biceps-curl,195,1032,93
arms,biceps-curl,248,1029,93
arms,biceps-curl,297,1034,102
arms,biceps-curl,352,991,58
arms,biceps-curl,403,1004,142
arms,biceps-curl,452,976,124
arms,biceps-curl,525,930,79
arms,biceps-curl,580,926,55
arms,biceps-curl,630,894,79
arms,biceps-curl,664,911,76
arms,biceps-curl,716,863,85
arms,biceps-curl,786,848,33
arms,biceps-curl,807,793,96
arms,biceps-curl,868,794,94
arms,biceps-curl,911,725,79
arms,biceps-curl,905,678,163
arms,biceps-curl,922,631,54
arms,biceps-curl,976,584,0
arms,biceps-curl,952,592,24
arms,biceps-curl,944,576,94
arms,biceps-curl,944,508,66
arms,biceps-curl,937,467,49
arms,biceps-curl,921,435,33
arms,biceps-curl,891,425,11
arms,biceps-curl,853,396,15
arms,biceps-curl,834,351,36
arms,biceps-curl,799,317,33
arms,biceps-curl,785,292,52
arms,biceps-curl,771,244,62
arms,biceps-curl,780,207,89
arms,biceps-curl,766,182,90
arms,biceps-curl,725,152,82
arms,biceps-curl,712,138,17
arms,biceps-curl,701,153,9
arms,biceps-curl,669,149,65
arms,biceps-curl,651,170,51
arms,biceps-curl,648,164,17
arms,biceps-curl,663,167,23
arms,biceps-curl,705,186,80
arms,biceps-curl,705,160,98
arms,biceps-curl,706,127,101
arms,biceps-curl,746,137,125
arms,biceps-curl,768,160,103
arms,biceps-curl,788,120,56
arms,biceps-curl,850,103,44
arms,biceps-curl,918,151,63
arms,biceps-curl,962,172,98
arms,biceps-curl,997,149,137
arms,biceps-curl,1032,102,166
arms,biceps-curl,1077,91,145
arms,biceps-curl,1121,111,79
arms,biceps-curl,1150,139,26
arms,biceps-curl,1189,139,7
arms,biceps-curl,1221,145,51
arms,biceps-curl,1241,200,40
arms,biceps-curl,1268,229,42
arms,biceps-curl,1274,173,44
arms,biceps-curl,1261,92,30
arms,biceps-curl,1285,124,4
arms,biceps-curl,1307,196,-75
arms,biceps-curl,1327,169,-92
arms,biceps-curl,1358,136,-97
arms,biceps-curl,1345,138,3
arms,biceps-curl,1351,152,82
arms,biceps-curl,1343,146,90
arms,biceps-curl,1332,89,15
arms,biceps-curl,1286,107,-102
arms,biceps-curl,1400,317,91
arms,biceps-curl,1408,224,-88
