shoulders,lateral-raise,-472,264,-1304
shoulders,lateral-raise,-1225,458,-1009
shoulders,lateral-raise,-99,867,-1038
shoulders,lateral-raise,-308,799,-951
shoulders,lateral-raise,350,500,-769
shoulders,lateral-raise,609,386,-702
shoulders,lateral-raise,353,418,-926
shoulders,lateral-raise,428,260,-899
shoulders,lateral-raise,421,139,-961
shoulders,lateral-raise,370,140,-885
shoulders,lateral-raise,303,169,-813
shoulders,lateral-raise,269,151,-930
shoulders,lateral-raise,276,168,-1022
shoulders,lateral-raise,280,182,-1034
shoulders,lateral-raise,274,190,-917
shoulders,lateral-raise,272,175,-839
shoulders,lateral-raise,277,168,-921
shoulders,lateral-raise,296,257,-952
shoulders,lateral-raise,294,284,-903
shoulders,lateral-raise,268,218,-831
shoulders,lateral-raise,237,136,-810
shoulders,lateral-raise,201,146,-779
shoulders,lateral-raise,166,234,-694
shoulders,lateral-raise,139,319,-618
shoulders,lateral-raise,149,423,-580
shoulders,lateral-raise,200,588,-548
shoulders,lateral-raise,251,700,-551
shoulders,lateral-raise,290,701,-550
shoulders,lateral-raise,347,706,-527
shoulders,lateral-raise,419,782,-543
shoulders,lateral-raise,475,843,-568
shoulders,lateral-raise,498,809,-561
shoulders,lateral-raise,488,796,-497
shoulders,lateral-raise,496,821,-494
shoulders,lateral-raise,507,827,-523
shoulders,lateral-raise,486,787,-486
shoulders,lateral-raise,466,725,-464
shoulders,lateral-raise,480,757,-462
shoulders,lateral-raise,504,810,-458
shoulders,lateral-raise,506,790,-453
shoulders,lateral-raise,514,792,-403
shoulders,lateral-raise,523,827,-351
shoulders,lateral-raise,545,837,-357
shoulders,lateral-raise,604,819,-438
shoulders,lateral-raise,680,812,-458
shoulders,lateral-raise,737,951,-79
shoulders,lateral-raise,744,919,-431
shoulders,lateral-raise,747,653,-87
shoulders,lateral-raise,788,607,-78
shoulders,lateral-raise,866,583,-203
shoulders,lateral-raise,928,560,-312
shoulders,lateral-raise,936,584,-288
shoulders,lateral-raise,913,615,-358
shoulders,lateral-raise,821,578,-246
shoulders,lateral-raise,719,531,-151
shoulders,lateral-raise,668,550,-180
shoulders,lateral-raise,728,716,-584
shoulders,lateral-raise,750,673,-437
shoulders,lateral-raise,547,650,-217
shoulders,lateral-raise,452,601,-111
shoulders,lateral-raise,466,599,-233
shoulders,lateral-raise,516,644,-410
shoulders,lateral-raise,534,693,-436
shoulders,lateral-raise,506,716,-366
shoulders,lateral-raise,455,749,-303
shoulders,lateral-raise,446,726,-271
shoulders,lateral-raise,442,723,-219
shoulders,lateral-raise,478,717,-243
shoulders,lateral-raise,517,701,-290
shoulders,lateral-raise,574,691,-289
shoulders,lateral-raise,640,658,-265
shoulders,lateral-raise,707,630,-280
shoulders,lateral-raise,801,624,-319
shoulders,lateral-raise,893,633,-358
shoulders,lateral-raise,958,644,-376
shoulders,lateral-raise,1009,636,-401
shoulders,lateral-raise,1060,628,-548
shoulders,lateral-raise,1096,651,-707
shoulders,lateral-raise,1100,683,-799
shoulders,lateral-raise,1082,724,-903
shoulders,lateral-raise,1054,773,-976
shoulders,lateral-raise,1030,776,-1018
shoulders,lateral-raise,1001,770,-974
shoulders,lateral-raise,979,806,-889
shoulders,lateral-raise,981,821,-918
shoulders,lateral-raise,989,819,-941
shoulders,lateral-raise,997,777,-917
shoulders,lateral-raise,934,739,-856
shoulders,lateral-raise,884,732,-818
shoulders,lateral-raise,864,736,-840
shoulders,lateral-raise,833,683,-865
shoulders,lateral-raise,801,587,-797
shoulders,lateral-raise,775,600,-872
shoulders,lateral-raise,767,603,-972
shoulders,lateral-raise,755,608,-948
shoulders,lateral-raise,716,547,-917
shoulders,lateral-raise,627,451,-838
shoulders,lateral-raise,584,405,-841
shoulders,lateral-raise,582,374,-1014
shoulders,lateral-raise,556,337,-980
shoulders,lateral-raise,476,205,-896
shoulders,lateral-raise,352,104,-616
shoulders,lateral-raise,376,104,-672
shoulders,lateral-raise,376,104,-672
shoulders,lateral-raise,384,81,-726
shoulders,lateral-raise,369,80,-690
shoulders,lateral-raise,316,50,-681
shoulders,lateral-raise,268,-18,-454
shoulders,lateral-raise,207,-74,-403
shoulders,lateral-raise,151,-94,-309
shoulders,lateral-raise,124,-89,-296
shoulders,lateral-raise,60,-95,-423
shoulders,lateral-raise,28,-109,-526
shoulders,lateral-raise,-33,-87,-417
shoulders,lateral-raise,-85,-80,-285
shoulders,lateral-raise,-108,-110,-232
shoulders,lateral-raise,-130,-155,-283
shoulders,lateral-raise,-165,-162,-252
shoulders,lateral-raise,-159,-154,-277
shoulders,lateral-raise,-141,-98,-339
shoulders,lateral-raise,-125,-114,-360
shoulders,lateral-raise,-135,-151,-380
shoulders,lateral-raise,-144,-145,-461
shoulders,lateral-raise,-130,-131,-442
shoulders,lateral-raise,-101,-123,-391
shoulders,lateral-raise,-66,-124,-482
shoulders,lateral-raise,-35,-76,-629
shoulders,lateral-raise,1,-3,-692
shoulders,lateral-raise,48,-20,-692
shoulders,lateral-raise,76,-10,-676
shoulders,lateral-raise,98,70,-705
shoulders,lateral-raise,145,107,-780
shoulders,lateral-raise,183,93,-853
shoulders,lateral-raise,195,72,-849
shoulders,lateral-raise,237,127,-844
shoulders,lateral-raise,302,156,-1014
shoulders,lateral-raise,331,125,-1077
shoulders,lateral-raise,386,144,-1019
shoulders,lateral-raise,436,175,-971
shoulders,lateral-raise,478,203,-1019
shoulders,lateral-raise,533,190,-1143
shoulders,lateral-raise,596,188,-1048
shoulders,lateral-raise,613,195,-987
shoulders,lateral-raise,648,181,-1026
shoulders,lateral-raise,722,199,-1029
shoulders,lateral-raise,768,188,-1008
shoulders,lateral-raise,774,169,-973
shoulders,lateral-raise,813,176,-996
shoulders,lateral-raise,853,176,-951
shoulders,lateral-raise,897,179,-803
shoulders,lateral-raise,906,208,-759
shoulders,lateral-raise,937,206,-855
shoulders,lateral-raise,960,168,-829
shoulders,lateral-raise,960,176,-736
shoulders,lateral-raise,968,200,-720
shoulders,lateral-raise,984,192,-650
shoulders,lateral-raise,969,116,-694
shoulders,lateral-raise,946,97,-741
shoulders,lateral-raise,929,103,-744
shoulders,lateral-raise,928,90,-780
shoulders,lateral-raise,935,116,-784
shoulders,lateral-raise,950,79,-873
shoulders,lateral-raise,965,59,-901
shoulders,lateral-raise,981,82,-924
shoulders,lateral-raise,990,88,-979
shoulders,lateral-raise,992,107,-1023
shoulders,lateral-raise,992,100,-1074
shoulders,lateral-raise,992,120,-1088
shoulders,lateral-raise,1003,128,-1059
shoulders,lateral-raise,1019,122,-1054
shoulders,lateral-raise,1029,120,-1056
shoulders,lateral-raise,1037,109,-1061
shoulders,lateral-raise,1055,114,-1089
shoulders,lateral-raise,1059,130,-1055
shoulders,lateral-raise,1066,150,-1034
shoulders,lateral-raise,1067,169,-1035
shoulders,lateral-raise,1064,172,-1050
shoulders,lateral-raise,1064,181,-1055
shoulders,lateral-raise,1047,180,-1036
shoulders,lateral-raise,1024,160,-984
shoulders,lateral-raise,985,160,-959
shoulders,lateral-raise,937,168,-961
shoulders,lateral-raise,888,157,-955
shoulders,lateral-raise,824,141,-928
shoulders,lateral-raise,763,133,-840
shoulders,lateral-raise,699,122,-758
shoulders,lateral-raise,629,95,-701
shoulders,lateral-raise,546,56,-701
shoulders,lateral-raise,478,35,-681
shoulders,lateral-raise,400,17,-616
shoulders,lateral-raise,326,-9,-596
shoulders,lateral-raise,259,-49,-536
shoulders,lateral-raise,184,-86,-504
shoulders,lateral-raise,127,-56,-487
shoulders,lateral-raise,84,-61,-505
shoulders,lateral-raise,31,-80,-474
shoulders,lateral-raise,-19,-85,-432
shoulders,lateral-raise,-79,-119,-358
shoulders,lateral-raise,-126,-159,-391
shoulders,lateral-raise,-172,-154,-387
shoulders,lateral-raise,-212,-168,-412
shoulders,lateral-raise,-251,-168,-453
shoulders,lateral-raise,-290,-168,-414
shoulders,lateral-raise,-320,-176,-368
shoulders,lateral-raise,-328,-192,-360
shoulders,lateral-raise,-320,-184,-352
shoulders,lateral-raise,-328,-192,-383
shoulders,lateral-raise,-313,-207,-354
shoulders,lateral-raise,-312,-201,-352
shoulders,lateral-raise,-305,-200,-418
shoulders,lateral-raise,-290,-171,-467
shoulders,lateral-raise,-288,-112,-423
shoulders,lateral-raise,-254,-104,-436
shoulders,lateral-raise,-201,-157,-540
shoulders,lateral-raise,-172,-135,-521
shoulders,lateral-raise,-155,-122,-512
shoulders,lateral-raise,-115,-145,-586
shoulders,lateral-raise,-62,-140,-608
shoulders,lateral-raise,-13,-130,-702
shoulders,lateral-raise,46,-134,-776
shoulders,lateral-raise,86,-153,-764
shoulders,lateral-raise,123,-122,-757
shoulders,lateral-raise,173,-88,-855
shoulders,lateral-raise,223,-80,-924
shoulders,lateral-raise,270,-95,-896
shoulders,lateral-raise,307,-128,-848
shoulders,lateral-raise,320,-121,-827
shoulders,lateral-raise,378,-108,-931
shoulders,lateral-raise,467,-95,-1012
shoulders,lateral-raise,516,-68,-946
shoulders,lateral-raise,560,-52,-944
shoulders,lateral-raise,630,-48,-1004
shoulders,lateral-raise,694,-37,-971
shoulders,lateral-raise,738,-17,-963
shoulders,lateral-raise,770,-1,-1008
shoulders,lateral-raise,810,5,-1011
shoulders,lateral-raise,863,6,-1001
shoulders,lateral-raise,885,16,-961
shoulders,lateral-raise,888,21,-928
shoulders,lateral-raise,907,35,-909
shoulders,lateral-raise,917,40,-906
shoulders,lateral-raise,933,42,-896
shoulders,lateral-raise,948,48,-831
shoulders,lateral-raise,958,54,-754
shoulders,lateral-raise,952,77,-723
shoulders,lateral-raise,954,88,-692
shoulders,lateral-raise,960,43,-737
shoulders,lateral-raise,957,-13,-731
shoulders,lateral-raise,943,2,-662
shoulders,lateral-raise,937,16,-640
shoulders,lateral-raise,948,19,-584
shoulders,lateral-raise,982,48,-585
shoulders,lateral-raise,958,47,-600
shoulders,lateral-raise,936,33,-597
shoulders,lateral-raise,944,56,-537
shoulders,lateral-raise,936,48,-576
shoulders,lateral-raise,928,32,-608
shoulders,lateral-raise,905,9,-631
shoulders,lateral-raise,904,16,-693
shoulders,lateral-raise,904,-14,-771
shoulders,lateral-raise,933,-9,-805
shoulders,lateral-raise,965,-15,-858
shoulders,lateral-raise,982,-37,-955
shoulders,lateral-raise,1018,-54,-961
shoulders,lateral-raise,1044,-49,-947
shoulders,lateral-raise,1068,-9,-970
shoulders,lateral-raise,1078,-19,-963
shoulders,lateral-raise,1086,1,-985
shoulders,lateral-raise,1094,8,-998
shoulders,lateral-raise,1090,20,-971
shoulders,lateral-raise,1099,35,-966
shoulders,lateral-raise,1104,57,-974
shoulders,lateral-raise,1088,91,-976
shoulders,lateral-raise,1064,104,-960
shoulders,lateral-raise,1041,114,-942
shoulders,lateral-raise,1017,110,-926
shoulders,lateral-raise,970,99,-915
shoulders,lateral-raise,925,101,-889
shoulders,lateral-raise,881,104,-859
shoulders,lateral-raise,813,69,-844
shoulders,lateral-raise,743,36,-811
shoulders,lateral-raise,676,40,-768
shoulders,lateral-raise,613,40,-771
shoulders,lateral-raise,547,21,-763
shoulders,lateral-raise,472,-3,-728
shoulders,lateral-raise,405,-19,-728
shoulders,lateral-raise,342,-37,-712
shoulders,lateral-raise,280,-47,-670
shoulders,lateral-raise,223,-41,-631
shoulders,lateral-raise,176,-61,-602
shoulders,lateral-raise,121,-75,-532
shoulders,lateral-raise,57,-82,-442
shoulders,lateral-raise,13,-97,-448
shoulders,lateral-raise,-31,-118,-448
shoulders,lateral-raise,-82,-114,-462
shoulders,lateral-raise,-119,-124,-497
shoulders,lateral-raise,-154,-144,-475
shoulders,lateral-raise,-199,-172,-476
shoulders,lateral-raise,-232,-153,-428
shoulders,lateral-raise,-234,-158,-449
shoulders,lateral-raise,-251,-149,-461
shoulders,lateral-raise,-273,-186,-493
shoulders,lateral-raise,-281,-198,-462
shoulders,lateral-raise,-289,-175,-443
shoulders,lateral-raise,-296,-160,-489
shoulders,lateral-raise,-288,-160,-506
shoulders,lateral-raise,-288,-160,-560
shoulders,lateral-raise,-272,-152,-512
shoulders,lateral-raise,-272,-152,-512
shoulders,lateral-raise,-249,-144,-481
shoulders,lateral-raise,-240,-136,-587
shoulders,lateral-raise,-218,-166,-629
shoulders,lateral-raise,-187,-146,-588
shoulders,lateral-raise,-191,-165,-613
shoulders,lateral-raise,-157,-175,-609
shoulders,lateral-raise,-84,-121,-676
shoulders,lateral-raise,-19,-92,-661
shoulders,lateral-raise,-8,-140,-695
shoulders,lateral-raise,49,-120,-768
shoulders,lateral-raise,107,-118,-815
shoulders,lateral-raise,144,-126,-854
shoulders,lateral-raise,193,-116,-876
shoulders,lateral-raise,219,-118,-897
shoulders,lateral-raise,252,-109,-910
shoulders,lateral-raise,307,-88,-961
shoulders,lateral-raise,360,-91,-937
shoulders,lateral-raise,401,-111,-907
shoulders,lateral-raise,446,-100,-953
shoulders,lateral-raise,497,-69,-946
shoulders,lateral-raise,539,-75,-976
shoulders,lateral-raise,556,-88,-1007
shoulders,lateral-raise,586,-71,-944
shoulders,lateral-raise,633,-44,-921
shoulders,lateral-raise,672,-48,-1000
shoulders,lateral-raise,692,-56,-998
shoulders,lateral-raise,711,-44,-914
shoulders,lateral-raise,746,-33,-913
shoulders,lateral-raise,781,-27,-947
shoulders,lateral-raise,803,-32,-907
shoulders,lateral-raise,808,-20,-843
shoulders,lateral-raise,828,12,-851
shoulders,lateral-raise,869,35,-823
shoulders,lateral-raise,877,32,-760
shoulders,lateral-raise,872,11,-755
shoulders,lateral-raise,883,7,-744
shoulders,lateral-raise,912,32,-714
shoulders,lateral-raise,912,50,-636
shoulders,lateral-raise,914,25,-652
shoulders,lateral-raise,923,7,-648
shoulders,lateral-raise,939,36,-581
shoulders,lateral-raise,949,53,-577
shoulders,lateral-raise,930,38,-623
shoulders,lateral-raise,897,23,-613
shoulders,lateral-raise,906,17,-589
shoulders,lateral-raise,921,23,-565
shoulders,lateral-raise,937,9,-538
shoulders,lateral-raise,944,23,-562
shoulders,lateral-raise,936,8,-609
shoulders,lateral-raise,920,0,-647
shoulders,lateral-raise,928,-24,-585
shoulders,lateral-raise,920,-8,-638
shoulders,lateral-raise,928,22,-648
shoulders,lateral-raise,935,31,-678
shoulders,lateral-raise,936,10,-738
shoulders,lateral-raise,943,-13,-851
shoulders,lateral-raise,972,-37,-878
shoulders,lateral-raise,996,-40,-880
shoulders,lateral-raise,1013,-40,-907
shoulders,lateral-raise,1029,-33,-899
shoulders,lateral-raise,1038,-32,-947
shoulders,lateral-raise,1040,-20,-1028
shoulders,lateral-raise,1016,-10,-988
shoulders,lateral-raise,1026,16,-1003
shoulders,lateral-raise,1038,30,-947
shoulders,lateral-raise,1051,49,-970
shoulders,lateral-raise,1056,29,-1046
shoulders,lateral-raise,1035,32,-1004
shoulders,lateral-raise,1014,35,-892
shoulders,lateral-raise,988,47,-848
shoulders,lateral-raise,971,42,-896
shoulders,lateral-raise,945,37,-937
shoulders,lateral-raise,906,58,-877
shoulders,lateral-raise,853,72,-824
shoulders,lateral-raise,787,72,-799
shoulders,lateral-raise,712,64,-780
shoulders,lateral-raise,645,52,-819
shoulders,lateral-raise,587,44,-819
shoulders,lateral-raise,520,40,-748
shoulders,lateral-raise,453,37,-705
shoulders,lateral-raise,393,32,-712
shoulders,lateral-raise,336,8,-754
shoulders,lateral-raise,281,-29,-758
shoulders,lateral-raise,231,-24,-712
shoulders,lateral-raise,168,-34,-704
shoulders,lateral-raise,119,-58,-693
shoulders,lateral-raise,66,-66,-665
shoulders,lateral-raise,21,-74,-549
shoulders,lateral-raise,-18,-80,-512
shoulders,lateral-raise,-57,-84,-560
shoulders,lateral-raise,-98,-101,-563
shoulders,lateral-raise,-146,-126,-579
shoulders,lateral-raise,-196,-152,-587
shoulders,lateral-raise,-220,-157,-553
shoulders,lateral-raise,-245,-183,-510
shoulders,lateral-raise,-283,-175,-503
shoulders,lateral-raise,-311,-172,-571
shoulders,lateral-raise,-306,-207,-673
shoulders,lateral-raise,-328,-192,-573
shoulders,lateral-raise,-328,-184,-520
shoulders,lateral-raise,-328,-192,-528
shoulders,lateral-raise,-336,-200,-520
shoulders,lateral-raise,-344,-177,-489
shoulders,lateral-raise,-336,-184,-556
shoulders,lateral-raise,-343,-214,-523
shoulders,lateral-raise,-337,-201,-556
shoulders,lateral-raise,-322,-179,-539
shoulders,lateral-raise,-292,-204,-522
shoulders,lateral-raise,-288,-208,-534
shoulders,lateral-raise,-255,-201,-576
shoulders,lateral-raise,-235,-180,-577
shoulders,lateral-raise,-207,-170,-601
shoulders,lateral-raise,-175,-162,-620
shoulders,lateral-raise,-138,-196,-672
shoulders,lateral-raise,-99,-214,-682
shoulders,lateral-raise,-54,-176,-669
shoulders,lateral-raise,-1,-154,-703
shoulders,lateral-raise,27,-168,-785
shoulders,lateral-raise,64,-165,-816
shoulders,lateral-raise,116,-165,-821
shoulders,lateral-raise,146,-158,-849
shoulders,lateral-raise,181,-123,-845
shoulders,lateral-raise,256,-85,-892
shoulders,lateral-raise,309,-103,-981
shoulders,lateral-raise,333,-128,-943
shoulders,lateral-raise,361,-82,-838
shoulders,lateral-raise,400,-68,-928
shoulders,lateral-raise,447,-88,-1010
shoulders,lateral-raise,494,-65,-942
shoulders,lateral-raise,524,-69,-973
shoulders,lateral-raise,535,-93,-1020
shoulders,lateral-raise,557,-78,-966
shoulders,lateral-raise,591,-61,-940
shoulders,lateral-raise,639,-65,-1001
shoulders,lateral-raise,688,-69,-1028
shoulders,lateral-raise,709,-32,-913
shoulders,lateral-raise,720,10,-865
shoulders,lateral-raise,729,41,-913
shoulders,lateral-raise,754,56,-930
shoulders,lateral-raise,768,30,-892
shoulders,lateral-raise,796,33,-812
shoulders,lateral-raise,810,67,-729
shoulders,lateral-raise,822,83,-678
shoulders,lateral-raise,851,91,-723
shoulders,lateral-raise,862,58,-804
shoulders,lateral-raise,852,24,-719
shoulders,lateral-raise,884,28,-603
shoulders,lateral-raise,920,61,-632
shoulders,lateral-raise,919,34,-705
shoulders,lateral-raise,912,58,-613
shoulders,lateral-raise,920,96,-562
shoulders,lateral-raise,904,96,-632
shoulders,lateral-raise,912,96,-608
shoulders,lateral-raise,912,104,-608
shoulders,lateral-raise,927,81,-578
shoulders,lateral-raise,950,58,-583
shoulders,lateral-raise,952,56,-504
shoulders,lateral-raise,938,70,-460
shoulders,lateral-raise,936,30,-582
shoulders,lateral-raise,950,17,-614
shoulders,lateral-raise,965,29,-683
shoulders,lateral-raise,968,39,-735
shoulders,lateral-raise,962,2,-827
shoulders,lateral-raise,960,-14,-817
shoulders,lateral-raise,966,14,-832
shoulders,lateral-raise,986,12,-875
shoulders,lateral-raise,1003,14,-894
shoulders,lateral-raise,1002,5,-885
shoulders,lateral-raise,1005,22,-902
shoulders,lateral-raise,1019,16,-912
shoulders,lateral-raise,1029,28,-937
shoulders,lateral-raise,1027,40,-942
shoulders,lateral-raise,1024,45,-931
shoulders,lateral-raise,1019,67,-923
shoulders,lateral-raise,1025,89,-929
shoulders,lateral-raise,1028,109,-897
shoulders,lateral-raise,1024,120,-856
shoulders,lateral-raise,1016,116,-836
shoulders,lateral-raise,989,77,-820
shoulders,lateral-raise,950,51,-860
shoulders,lateral-raise,907,53,-905
shoulders,lateral-raise,850,43,-886
shoulders,lateral-raise,785,54,-907
shoulders,lateral-raise,731,64,-942
shoulders,lateral-raise,670,70,-886
shoulders,lateral-raise,616,77,-851
shoulders,lateral-raise,587,75,-864
shoulders,lateral-raise,543,75,-846
shoulders,lateral-raise,490,62,-847
shoulders,lateral-raise,437,62,-843
shoulders,lateral-raise,370,64,-790
shoulders,lateral-raise,315,11,-783
shoulders,lateral-raise,264,-10,-706
shoulders,lateral-raise,220,-20,-740
shoulders,lateral-raise,159,-44,-711
shoulders,lateral-raise,104,-64,-658
shoulders,lateral-raise,52,-69,-618
shoulders,lateral-raise,17,-103,-572
shoulders,lateral-raise,-46,-100,-540
shoulders,lateral-raise,-106,-135,-574
shoulders,lateral-raise,-138,-127,-541
shoulders,lateral-raise,-177,-112,-488
shoulders,lateral-raise,-200,-120,-496
shoulders,lateral-raise,-248,-144,-424
shoulders,lateral-raise,-248,-144,-424
shoulders,lateral-raise,-271,-113,-377
shoulders,lateral-raise,-287,-127,-444
shoulders,lateral-raise,-310,-165,-463
shoulders,lateral-raise,-341,-161,-384
shoulders,lateral-raise,-344,-146,-383
shoulders,lateral-raise,-344,-144,-412
shoulders,lateral-raise,-358,-158,-368
shoulders,lateral-raise,-367,-180,-413
shoulders,lateral-raise,-361,-164,-417
shoulders,lateral-raise,-347,-141,-460
shoulders,lateral-raise,-301,-155,-509
shoulders,lateral-raise,-264,-148,-490
shoulders,lateral-raise,-256,-138,-427
shoulders,lateral-raise,-210,-159,-494
shoulders,lateral-raise,-170,-151,-573
shoulders,lateral-raise,-155,-133,-603
shoulders,lateral-raise,-136,-139,-640
shoulders,lateral-raise,-82,-144,-687
shoulders,lateral-raise,-41,-129,-709
shoulders,lateral-raise,-13,-120,-827
shoulders,lateral-raise,42,-111,-885
shoulders,lateral-raise,103,-100,-841
shoulders,lateral-raise,154,-126,-863
shoulders,lateral-raise,201,-156,-933
shoulders,lateral-raise,248,-160,-976
shoulders,lateral-raise,303,-152,-969
shoulders,lateral-raise,351,-133,-937
shoulders,lateral-raise,386,-134,-932
shoulders,lateral-raise,428,-149,-949
shoulders,lateral-raise,469,-125,-962
shoulders,lateral-raise,512,-90,-955
shoulders,lateral-raise,558,-86,-969
shoulders,lateral-raise,587,-88,-976
shoulders,lateral-raise,640,-56,-947
shoulders,lateral-raise,682,-26,-910
shoulders,lateral-raise,711,-27,-913
shoulders,lateral-raise,739,-3,-955
shoulders,lateral-raise,774,26,-904
shoulders,lateral-raise,794,13,-914
shoulders,lateral-raise,803,29,-851
shoulders,lateral-raise,822,20,-799
shoulders,lateral-raise,851,47,-792
shoulders,lateral-raise,869,76,-791
shoulders,lateral-raise,898,54,-787
shoulders,lateral-raise,913,43,-794
shoulders,lateral-raise,922,72,-680
shoulders,lateral-raise,946,73,-682
shoulders,lateral-raise,968,86,-705
shoulders,lateral-raise,968,55,-725
shoulders,lateral-raise,960,32,-616
shoulders,lateral-raise,968,40,-584
shoulders,lateral-raise,984,48,-568
shoulders,lateral-raise,992,56,-598
shoulders,lateral-raise,970,26,-607
shoulders,lateral-raise,968,24,-535
shoulders,lateral-raise,961,31,-521
shoulders,lateral-raise,953,25,-499
shoulders,lateral-raise,952,4,-496
shoulders,lateral-raise,945,20,-489
shoulders,lateral-raise,931,11,-553
shoulders,lateral-raise,928,-24,-600
shoulders,lateral-raise,922,-26,-571
shoulders,lateral-raise,908,6,-596
shoulders,lateral-raise,910,-25,-626
shoulders,lateral-raise,918,-57,-643
shoulders,lateral-raise,948,-75,-704
shoulders,lateral-raise,982,-96,-755
shoulders,lateral-raise,1003,-120,-763
shoulders,lateral-raise,1018,-138,-791
shoulders,lateral-raise,1039,-129,-843
shoulders,lateral-raise,1053,-91,-883
shoulders,lateral-raise,1065,-58,-882
shoulders,lateral-raise,1072,-44,-894
shoulders,lateral-raise,1072,-27,-903
shoulders,lateral-raise,1068,-8,-904
shoulders,lateral-raise,1068,8,-920
shoulders,lateral-raise,1068,24,-951
shoulders,lateral-raise,1053,28,-947
shoulders,lateral-raise,1036,42,-898
shoulders,lateral-raise,1019,74,-880
shoulders,lateral-raise,994,78,-877
shoulders,lateral-raise,966,58,-872
shoulders,lateral-raise,916,28,-875
shoulders,lateral-raise,866,-5,-899
shoulders,lateral-raise,830,10,-926
shoulders,lateral-raise,796,37,-885
shoulders,lateral-raise,752,48,-835
shoulders,lateral-raise,691,44,-826
shoulders,lateral-raise,620,32,-836
shoulders,lateral-raise,570,28,-848
shoulders,lateral-raise,510,16,-845
shoulders,lateral-raise,462,15,-826
shoulders,lateral-raise,404,5,-795
shoulders,lateral-raise,336,-10,-760
shoulders,lateral-raise,283,-23,-706
shoulders,lateral-raise,242,-17,-667
shoulders,lateral-raise,187,-25,-689
shoulders,lateral-raise,133,-31,-695
shoulders,lateral-raise,85,-25,-676
shoulders,lateral-raise,22,-49,-604
shoulders,lateral-raise,-40,-88,-456
shoulders,lateral-raise,-64,-88,-440
shoulders,lateral-raise,-103,-65,-471
shoulders,lateral-raise,-150,-79,-540
shoulders,lateral-raise,-204,-80,-537
shoulders,lateral-raise,-237,-87,-558
shoulders,lateral-raise,-276,-102,-546
shoulders,lateral-raise,-301,-104,-516
shoulders,lateral-raise,-331,-131,-444
shoulders,lateral-raise,-336,-143,-412
shoulders,lateral-raise,-349,-170,-362
shoulders,lateral-raise,-346,-163,-377
shoulders,lateral-raise,-325,-154,-421
shoulders,lateral-raise,-320,-176,-474
shoulders,lateral-raise,-332,-160,-494
shoulders,lateral-raise,-307,-163,-490
shoulders,lateral-raise,-296,-185,-471
shoulders,lateral-raise,-285,-176,-486
shoulders,lateral-raise,-243,-136,-522
shoulders,lateral-raise,-199,-151,-597
shoulders,lateral-raise,-179,-168,-632
shoulders,lateral-raise,-157,-168,-632
shoulders,lateral-raise,-130,-145,-646
shoulders,lateral-raise,-93,-132,-728
shoulders,lateral-raise,-42,-110,-849
shoulders,lateral-raise,-4,-96,-837
shoulders,lateral-raise,16,-120,-760
shoulders,lateral-raise,28,-121,-825
shoulders,lateral-raise,43,-115,-905
shoulders,lateral-raise,77,-121,-931
shoulders,lateral-raise,131,-109,-1010
shoulders,lateral-raise,200,-94,-1030
shoulders,lateral-raise,266,-80,-958
shoulders,lateral-raise,313,-68,-910
shoulders,lateral-raise,377,-45,-953
shoulders,lateral-raise,448,-35,-1008
shoulders,lateral-raise,479,-31,-990
shoulders,lateral-raise,519,-39,-964
shoulders,lateral-raise,547,-14,-920
shoulders,lateral-raise,582,-8,-948
shoulders,lateral-raise,604,-12,-953
shoulders,lateral-raise,619,-26,-933
shoulders,lateral-raise,639,-26,-931
shoulders,lateral-raise,679,8,-837
shoulders,lateral-raise,717,48,-829
shoulders,lateral-raise,746,45,-861
shoulders,lateral-raise,760,23,-885
shoulders,lateral-raise,761,19,-785
shoulders,lateral-raise,779,50,-719
shoulders,lateral-raise,826,80,-818
shoulders,lateral-raise,872,88,-844
shoulders,lateral-raise,872,80,-727
shoulders,lateral-raise,880,80,-609
shoulders,lateral-raise,896,41,-624
shoulders,lateral-raise,904,55,-632
shoulders,lateral-raise,919,71,-625
shoulders,lateral-raise,949,65,-675
shoulders,lateral-raise,959,64,-659
shoulders,lateral-raise,946,57,-530
shoulders,lateral-raise,937,63,-485
shoulders,lateral-raise,943,71,-540
shoulders,lateral-raise,944,79,-565
shoulders,lateral-raise,944,86,-562
shoulders,lateral-raise,956,113,-541
shoulders,lateral-raise,966,132,-488
shoulders,lateral-raise,980,154,-496
shoulders,lateral-raise,978,131,-527
shoulders,lateral-raise,965,120,-519
shoulders,lateral-raise,955,115,-539
shoulders,lateral-raise,952,112,-589
shoulders,lateral-raise,947,92,-664
shoulders,lateral-raise,939,55,-711
shoulders,lateral-raise,941,45,-691
shoulders,lateral-raise,958,48,-704
shoulders,lateral-raise,986,52,-800
shoulders,lateral-raise,1000,47,-882
shoulders,lateral-raise,996,32,-912
shoulders,lateral-raise,996,44,-924
shoulders,lateral-raise,1004,83,-932
shoulders,lateral-raise,1015,111,-969
shoulders,lateral-raise,1028,116,-990
shoulders,lateral-raise,1032,115,-941
shoulders,lateral-raise,1035,133,-920
shoulders,lateral-raise,1049,152,-953
shoulders,lateral-raise,1067,164,-951
shoulders,lateral-raise,1077,176,-909
shoulders,lateral-raise,1083,163,-875
shoulders,lateral-raise,1070,170,-855
shoulders,lateral-raise,1055,174,-849
shoulders,lateral-raise,1017,164,-792
shoulders,lateral-raise,962,148,-792
shoulders,lateral-raise,911,136,-797
shoulders,lateral-raise,864,136,-801
shoulders,lateral-raise,791,136,-747
shoulders,lateral-raise,737,135,-757
shoulders,lateral-raise,656,128,-744
shoulders,lateral-raise,600,126,-751
shoulders,lateral-raise,538,113,-793
shoulders,lateral-raise,482,116,-744
shoulders,lateral-raise,412,68,-823
shoulders,lateral-raise,347,16,-810
shoulders,lateral-raise,255,25,-697
shoulders,lateral-raise,208,64,-744
shoulders,lateral-raise,176,80,-688
shoulders,lateral-raise,176,80,-688
shoulders,lateral-raise,129,18,-742
shoulders,lateral-raise,52,16,-721
shoulders,lateral-raise,-4,1,-705
shoulders,lateral-raise,-37,-7,-682
shoulders,lateral-raise,-76,-8,-616
shoulders,lateral-raise,-122,-8,-594
shoulders,lateral-raise,-162,-1,-578
shoulders,lateral-raise,-188,0,-463
shoulders,lateral-raise,-225,-26,-440
shoulders,lateral-raise,-238,-32,-465
shoulders,lateral-raise,-259,-38,-429
shoulders,lateral-raise,-294,-34,-428
shoulders,lateral-raise,-316,-38,-420
shoulders,lateral-raise,-331,-63,-393
shoulders,lateral-raise,-347,-61,-423
shoulders,lateral-raise,-352,-56,-397
shoulders,lateral-raise,-341,-67,-402
shoulders,lateral-raise,-341,-82,-452
shoulders,lateral-raise,-339,-108,-477
shoulders,lateral-raise,-317,-101,-466
shoulders,lateral-raise,-299,-93,-461
shoulders,lateral-raise,-269,-96,-549
shoulders,lateral-raise,-218,-79,-616
shoulders,lateral-raise,-180,-72,-604
shoulders,lateral-raise,-160,-60,-604
shoulders,lateral-raise,-114,-36,-635
shoulders,lateral-raise,-57,-32,-671
shoulders,lateral-raise,-19,-46,-737
shoulders,lateral-raise,21,-51,-797
shoulders,lateral-raise,53,-16,-769
shoulders,lateral-raise,90,8,-812
shoulders,lateral-raise,135,11,-930
shoulders,lateral-raise,185,0,-906
shoulders,lateral-raise,248,-27,-924
shoulders,lateral-raise,290,-14,-1006
shoulders,lateral-raise,328,-1,-975
shoulders,lateral-raise,387,8,-980
shoulders,lateral-raise,450,-10,-1034
shoulders,lateral-raise,487,15,-950
shoulders,lateral-raise,525,43,-911
shoulders,lateral-raise,582,52,-1001
shoulders,lateral-raise,615,28,-995
shoulders,lateral-raise,653,13,-927
shoulders,lateral-raise,689,41,-923
shoulders,lateral-raise,755,45,-950
shoulders,lateral-raise,777,23,-992
shoulders,lateral-raise,794,9,-894
shoulders,lateral-raise,818,18,-756
shoulders,lateral-raise,849,56,-832
shoulders,lateral-raise,896,40,-840
shoulders,lateral-raise,920,0,-832
shoulders,lateral-raise,920,0,-677
shoulders,lateral-raise,928,8,-649
shoulders,lateral-raise,950,30,-663
shoulders,lateral-raise,959,47,-715
shoulders,lateral-raise,931,19,-670
shoulders,lateral-raise,928,16,-692
shoulders,lateral-raise,935,30,-614
shoulders,lateral-raise,943,45,-573
shoulders,lateral-raise,944,48,-529
shoulders,lateral-raise,969,54,-539
shoulders,lateral-raise,970,56,-563
shoulders,lateral-raise,962,44,-592
shoulders,lateral-raise,960,46,-582
shoulders,lateral-raise,960,59,-496
shoulders,lateral-raise,960,70,-492
shoulders,lateral-raise,960,67,-542
shoulders,lateral-raise,960,69,-539
shoulders,lateral-raise,955,72,-503
shoulders,lateral-raise,952,57,-528
shoulders,lateral-raise,957,48,-523
shoulders,lateral-raise,951,48,-495
shoulders,lateral-raise,953,39,-519
shoulders,lateral-raise,951,19,-574
shoulders,lateral-raise,956,8,-633
shoulders,lateral-raise,972,28,-676
shoulders,lateral-raise,976,33,-719
shoulders,lateral-raise,983,5,-770
shoulders,lateral-raise,1003,-4,-817
shoulders,lateral-raise,1023,0,-845
shoulders,lateral-raise,1038,6,-853
shoulders,lateral-raise,1048,19,-863
shoulders,lateral-raise,1051,30,-860
shoulders,lateral-raise,1053,40,-885
shoulders,lateral-raise,1045,50,-888
shoulders,lateral-raise,1042,74,-867
shoulders,lateral-raise,1046,78,-847
shoulders,lateral-raise,1038,74,-826
shoulders,lateral-raise,1030,82,-842
shoulders,lateral-raise,1022,92,-861
shoulders,lateral-raise,1009,107,-831
shoulders,lateral-raise,980,121,-857
shoulders,lateral-raise,955,125,-864
shoulders,lateral-raise,922,111,-866
shoulders,lateral-raise,881,105,-873
shoulders,lateral-raise,828,114,-825
shoulders,lateral-raise,786,127,-831
shoulders,lateral-raise,724,119,-828
shoulders,lateral-raise,662,112,-890
shoulders,lateral-raise,623,102,-917
shoulders,lateral-raise,576,48,-808
shoulders,lateral-raise,512,56,-784
shoulders,lateral-raise,465,87,-784
shoulders,lateral-raise,373,50,-822
shoulders,lateral-raise,346,55,-735
shoulders,lateral-raise,264,34,-728
shoulders,lateral-raise,192,11,-699
shoulders,lateral-raise,114,8,-696
shoulders,lateral-raise,70,28,-737
shoulders,lateral-raise,37,32,-671
shoulders,lateral-raise,-7,32,-617
shoulders,lateral-raise,-54,13,-570
shoulders,lateral-raise,-101,-4,-467
shoulders,lateral-raise,-142,-38,-458
shoulders,lateral-raise,-170,-36,-493
shoulders,lateral-raise,-199,-21,-498
shoulders,lateral-raise,-230,-22,-496
shoulders,lateral-raise,-267,-35,-464
shoulders,lateral-raise,-291,-61,-422
shoulders,lateral-raise,-296,-72,-383
shoulders,lateral-raise,-311,-52,-373
shoulders,lateral-raise,-330,-50,-443
shoulders,lateral-raise,-345,-70,-493
shoulders,lateral-raise,-365,-93,-447
shoulders,lateral-raise,-363,-91,-391
shoulders,lateral-raise,-327,-80,-455
shoulders,lateral-raise,-292,-72,-540
shoulders,lateral-raise,-272,-64,-556
shoulders,lateral-raise,-260,-49,-556
shoulders,lateral-raise,-245,-28,-563
shoulders,lateral-raise,-212,-21,-596
shoulders,lateral-raise,-161,-22,-650
shoulders,lateral-raise,-119,-29,-716
shoulders,lateral-raise,-95,-15,-751
shoulders,lateral-raise,-69,0,-755
shoulders,lateral-raise,-35,-5,-810
shoulders,lateral-raise,11,-9,-841
shoulders,lateral-raise,63,6,-822
shoulders,lateral-raise,93,-8,-848
shoulders,lateral-raise,140,-30,-942
shoulders,lateral-raise,180,-19,-951
shoulders,lateral-raise,204,2,-930
shoulders,lateral-raise,263,14,-964
shoulders,lateral-raise,339,40,-943
shoulders,lateral-raise,398,39,-941
shoulders,lateral-raise,435,36,-966
shoulders,lateral-raise,461,67,-953
shoulders,lateral-raise,508,89,-960
shoulders,lateral-raise,554,103,-964
shoulders,lateral-raise,585,88,-1013
shoulders,lateral-raise,609,80,-949
shoulders,lateral-raise,640,96,-857
shoulders,lateral-raise,680,112,-911
shoulders,lateral-raise,727,96,-990
shoulders,lateral-raise,743,73,-908
shoulders,lateral-raise,737,65,-822
shoulders,lateral-raise,758,86,-838
shoulders,lateral-raise,803,81,-854
shoulders,lateral-raise,829,66,-849
shoulders,lateral-raise,839,57,-773
shoulders,lateral-raise,847,63,-720
shoulders,lateral-raise,868,84,-705
shoulders,lateral-raise,885,94,-691
shoulders,lateral-raise,888,96,-719
shoulders,lateral-raise,888,72,-734
shoulders,lateral-raise,876,70,-654
shoulders,lateral-raise,878,89,-613
shoulders,lateral-raise,886,102,-597
shoulders,lateral-raise,904,93,-608
shoulders,lateral-raise,912,83,-590
shoulders,lateral-raise,943,95,-551
shoulders,lateral-raise,970,99,-516
shoulders,lateral-raise,976,82,-523
shoulders,lateral-raise,981,67,-559
shoulders,lateral-raise,984,64,-576
shoulders,lateral-raise,975,47,-563
shoulders,lateral-raise,968,49,-552
shoulders,lateral-raise,956,60,-536
shoulders,lateral-raise,936,44,-524
shoulders,lateral-raise,932,14,-580
shoulders,lateral-raise,936,-1,-629
shoulders,lateral-raise,943,18,-629
shoulders,lateral-raise,952,22,-667
shoulders,lateral-raise,958,-10,-702
shoulders,lateral-raise,971,-31,-706
shoulders,lateral-raise,976,-11,-737
shoulders,lateral-raise,984,-3,-834
shoulders,lateral-raise,1002,-1,-862
shoulders,lateral-raise,1008,21,-854
shoulders,lateral-raise,1012,32,-886
shoulders,lateral-raise,1028,40,-886
shoulders,lateral-raise,1044,68,-904
shoulders,lateral-raise,1056,83,-897
shoulders,lateral-raise,1055,96,-881
shoulders,lateral-raise,1047,99,-921
shoulders,lateral-raise,1041,110,-921
shoulders,lateral-raise,1046,96,-878
shoulders,lateral-raise,1029,96,-855
shoulders,lateral-raise,996,96,-791
shoulders,lateral-raise,957,96,-866
shoulders,lateral-raise,917,96,-894
shoulders,lateral-raise,863,104,-846
shoulders,lateral-raise,824,104,-792
shoulders,lateral-raise,776,112,-792
shoulders,lateral-raise,776,112,-792
shoulders,lateral-raise,714,120,-862
shoulders,lateral-raise,644,128,-818
shoulders,lateral-raise,580,135,-771
shoulders,lateral-raise,569,136,-724
shoulders,lateral-raise,532,136,-706
shoulders,lateral-raise,472,87,-774
shoulders,lateral-raise,409,73,-716
shoulders,lateral-raise,340,65,-657
shoulders,lateral-raise,282,44,-668
shoulders,lateral-raise,215,40,-685
shoulders,lateral-raise,157,34,-731
shoulders,lateral-raise,108,20,-714
shoulders,lateral-raise,49,-8,-657
shoulders,lateral-raise,-8,-16,-611
shoulders,lateral-raise,-46,-22,-606
shoulders,lateral-raise,-61,-29,-635
shoulders,lateral-raise,-85,-48,-632
shoulders,lateral-raise,-106,-61,-599
shoulders,lateral-raise,-142,-79,-530
shoulders,lateral-raise,-165,-107,-482
shoulders,lateral-raise,-177,-97,-477
shoulders,lateral-raise,-188,-80,-484
shoulders,lateral-raise,-196,-67,-501
shoulders,lateral-raise,-204,-68,-516
shoulders,lateral-raise,-228,-72,-488
shoulders,lateral-raise,-240,-60,-487
shoulders,lateral-raise,-225,-45,-553
shoulders,lateral-raise,-220,-39,-606
shoulders,lateral-raise,-224,-45,-611
shoulders,lateral-raise,-205,-30,-598
shoulders,lateral-raise,-158,-16,-608
shoulders,lateral-raise,-125,-19,-591
shoulders,lateral-raise,-115,-19,-552
shoulders,lateral-raise,-91,-21,-596
shoulders,lateral-raise,-49,-46,-744
shoulders,lateral-raise,-11,-38,-773
shoulders,lateral-raise,11,-26,-700
shoulders,lateral-raise,56,-12,-713
shoulders,lateral-raise,115,-22,-796
shoulders,lateral-raise,164,-13,-826
shoulders,lateral-raise,217,1,-911
shoulders,lateral-raise,263,15,-964
shoulders,lateral-raise,301,46,-916
shoulders,lateral-raise,333,31,-989
shoulders,lateral-raise,372,29,-1014
shoulders,lateral-raise,412,78,-927
shoulders,lateral-raise,460,142,-932
shoulders,lateral-raise,513,120,-1092
shoulders,lateral-raise,536,112,-1004
shoulders,lateral-raise,536,97,-864
shoulders,lateral-raise,576,151,-904
shoulders,lateral-raise,646,144,-920
shoulders,lateral-raise,678,106,-928
shoulders,lateral-raise,687,111,-831
shoulders,lateral-raise,710,105,-897
shoulders,lateral-raise,726,111,-875
shoulders,lateral-raise,756,98,-893
shoulders,lateral-raise,767,96,-807
shoulders,lateral-raise,781,96,-832
shoulders,lateral-raise,817,122,-827
shoulders,lateral-raise,856,134,-773
shoulders,lateral-raise,858,130,-754
shoulders,lateral-raise,868,134,-728
shoulders,lateral-raise,872,130,-702
shoulders,lateral-raise,861,128,-667
shoulders,lateral-raise,862,128,-645
shoulders,lateral-raise,869,96,-591
shoulders,lateral-raise,883,96,-557
shoulders,lateral-raise,903,99,-567
shoulders,lateral-raise,912,76,-606
shoulders,lateral-raise,912,69,-567
shoulders,lateral-raise,921,72,-482
shoulders,lateral-raise,932,81,-457
shoulders,lateral-raise,945,88,-460
shoulders,lateral-raise,952,96,-477
shoulders,lateral-raise,960,96,-500
shoulders,lateral-raise,949,61,-500
shoulders,lateral-raise,928,28,-455
shoulders,lateral-raise,932,24,-436
shoulders,lateral-raise,943,37,-472
shoulders,lateral-raise,958,62,-495
shoulders,lateral-raise,968,72,-543
shoulders,lateral-raise,965,63,-565
shoulders,lateral-raise,965,40,-555
shoulders,lateral-raise,984,29,-578
shoulders,lateral-raise,1005,33,-682
shoulders,lateral-raise,1014,16,-755
shoulders,lateral-raise,1012,14,-755
shoulders,lateral-raise,1022,4,-809
shoulders,lateral-raise,1016,-4,-874
shoulders,lateral-raise,1016,15,-831
shoulders,lateral-raise,1019,40,-860
shoulders,lateral-raise,1033,43,-875
shoulders,lateral-raise,1042,63,-853
shoulders,lateral-raise,1055,107,-882
shoulders,lateral-raise,1049,128,-893
shoulders,lateral-raise,1055,129,-870
shoulders,lateral-raise,1039,143,-852
shoulders,lateral-raise,1032,126,-913
shoulders,lateral-raise,1023,97,-927
shoulders,lateral-raise,984,136,-880
shoulders,lateral-raise,936,104,-920
shoulders,lateral-raise,928,88,-850
shoulders,lateral-raise,920,141,-856
shoulders,lateral-raise,883,129,-923
shoulders,lateral-raise,844,143,-943
shoulders,lateral-raise,797,151,-873
shoulders,lateral-raise,701,138,-801
shoulders,lateral-raise,633,122,-806
shoulders,lateral-raise,577,100,-841
shoulders,lateral-raise,503,103,-835
shoulders,lateral-raise,456,85,-800
shoulders,lateral-raise,417,80,-718
shoulders,lateral-raise,354,44,-678
shoulders,lateral-raise,301,50,-660
shoulders,lateral-raise,254,45,-690
shoulders,lateral-raise,212,7,-682
shoulders,lateral-raise,157,-3,-629
shoulders,lateral-raise,115,-16,-608
shoulders,lateral-raise,58,-34,-633
shoulders,lateral-raise,2,-50,-643
shoulders,lateral-raise,-45,-56,-635
shoulders,lateral-raise,-78,-70,-586
shoulders,lateral-raise,-106,-84,-552
shoulders,lateral-raise,-137,-105,-565
shoulders,lateral-raise,-169,-112,-576
shoulders,lateral-raise,-180,-84,-524
shoulders,lateral-raise,-188,-64,-484
shoulders,lateral-raise,-196,-79,-514
shoulders,lateral-raise,-210,-103,-490
shoulders,lateral-raise,-235,-105,-429
shoulders,lateral-raise,-246,-106,-443
shoulders,lateral-raise,-256,-129,-490
shoulders,lateral-raise,-256,-135,-491
shoulders,lateral-raise,-253,-131,-448
shoulders,lateral-raise,-248,-157,-459
shoulders,lateral-raise,-246,-161,-455
shoulders,lateral-raise,-226,-142,-502
shoulders,lateral-raise,-184,-144,-584
shoulders,lateral-raise,-160,-174,-588
shoulders,lateral-raise,-153,-183,-532
shoulders,lateral-raise,-116,-147,-570
shoulders,lateral-raise,-69,-135,-690
shoulders,lateral-raise,-55,-168,-759
shoulders,lateral-raise,-39,-164,-720
shoulders,lateral-raise,22,-144,-769
shoulders,lateral-raise,67,-147,-788
shoulders,lateral-raise,91,-167,-899
shoulders,lateral-raise,124,-154,-1009
shoulders,lateral-raise,179,-183,-1020
shoulders,lateral-raise,233,-167,-937
shoulders,lateral-raise,273,-144,-969
shoulders,lateral-raise,327,-136,-1103
shoulders,lateral-raise,406,-105,-1042
shoulders,lateral-raise,446,-89,-1032
shoulders,lateral-raise,478,-51,-1054
shoulders,lateral-raise,516,-33,-954
shoulders,lateral-raise,527,-25,-930
shoulders,lateral-raise,549,-10,-970
shoulders,lateral-raise,572,-8,-949
shoulders,lateral-raise,603,-1,-891
shoulders,lateral-raise,647,13,-906
shoulders,lateral-raise,675,16,-918
shoulders,lateral-raise,699,41,-883
shoulders,lateral-raise,740,84,-848
shoulders,lateral-raise,752,120,-793
shoulders,lateral-raise,763,99,-805
shoulders,lateral-raise,779,77,-844
shoulders,lateral-raise,806,83,-813
shoulders,lateral-raise,842,114,-729
shoulders,lateral-raise,866,138,-686
shoulders,lateral-raise,882,139,-705
shoulders,lateral-raise,907,122,-744
shoulders,lateral-raise,925,126,-691
shoulders,lateral-raise,941,145,-586
shoulders,lateral-raise,943,165,-544
shoulders,lateral-raise,932,151,-590
shoulders,lateral-raise,936,112,-648
shoulders,lateral-raise,948,104,-637
shoulders,lateral-raise,970,116,-597
shoulders,lateral-raise,996,127,-588
shoulders,lateral-raise,1013,139,-632
shoulders,lateral-raise,1026,154,-675
shoulders,lateral-raise,1019,180,-671
shoulders,lateral-raise,1027,232,-716
shoulders,lateral-raise,1024,313,-738
shoulders,lateral-raise,995,391,-694
shoulders,lateral-raise,958,466,-656
shoulders,lateral-raise,931,513,-661
shoulders,lateral-raise,909,572,-678
shoulders,lateral-raise,862,585,-671
shoulders,lateral-raise,792,664,-581
shoulders,lateral-raise,724,671,-536
shoulders,lateral-raise,668,702,-511
shoulders,lateral-raise,608,725,-552
shoulders,lateral-raise,566,719,-586
shoulders,lateral-raise,545,744,-536
shoulders,lateral-raise,487,628,-415
shoulders,lateral-raise,412,590,-348
shoulders,lateral-raise,377,572,-389
shoulders,lateral-raise,384,631,-455
shoulders,lateral-raise,383,608,-435
shoulders,lateral-raise,336,616,-256
