shoulders,lateral-raise,-395,282,-879
shoulders,lateral-raise,-786,1496,-1327
shoulders,lateral-raise,-1024,153,-511
shoulders,lateral-raise,-870,-33,-762
shoulders,lateral-raise,-270,144,-801
shoulders,lateral-raise,-177,186,-816
shoulders,lateral-raise,-76,535,-1063
shoulders,lateral-raise,-461,1040,-1277
shoulders,lateral-raise,332,146,-627
shoulders,lateral-raise,1609,110,-1112
shoulders,lateral-raise,1041,-1340,3
shoulders,lateral-raise,857,-1369,-370
shoulders,lateral-raise,-347,-950,-609
shoulders,lateral-raise,-323,-722,-659
shoulders,lateral-raise,-575,-388,-876
shoulders,lateral-raise,-452,-201,-797
shoulders,lateral-raise,-356,-61,-816
shoulders,lateral-raise,-397,18,-877
shoulders,lateral-raise,-388,60,-908
shoulders,lateral-raise,-391,86,-830
shoulders,lateral-raise,-424,113,-744
shoulders,lateral-raise,-441,135,-717
shoulders,lateral-raise,-461,124,-663
shoulders,lateral-raise,-514,138,-687
shoulders,lateral-raise,-536,199,-544
shoulders,lateral-raise,-536,216,-520
shoulders,lateral-raise,-536,229,-528
shoulders,lateral-raise,-536,261,-505
shoulders,lateral-raise,-543,298,-575
shoulders,lateral-raise,-537,297,-592
shoulders,lateral-raise,-543,297,-559
shoulders,lateral-raise,-478,347,-504
shoulders,lateral-raise,-467,253,-447
shoulders,lateral-raise,-518,305,-562
shoulders,lateral-raise,-607,356,-674
shoulders,lateral-raise,-653,332,-523
shoulders,lateral-raise,-810,380,-647
shoulders,lateral-raise,-1086,414,-954
shoulders,lateral-raise,-1336,461,-1176
shoulders,lateral-raise,-1434,421,-1476
shoulders,lateral-raise,-1376,344,-1560
shoulders,lateral-raise,-1307,335,-1643
shoulders,lateral-raise,-1246,321,-1635
shoulders,lateral-raise,-1161,286,-1473
shoulders,lateral-raise,-1106,245,-1434
shoulders,lateral-raise,-1056,200,-1412
shoulders,lateral-raise,-987,160,-1376
shoulders,lateral-raise,-863,83,-1215
shoulders,lateral-raise,-786,31,-1197
shoulders,lateral-raise,-797,60,-1136
shoulders,lateral-raise,-808,64,-1088
shoulders,lateral-raise,-833,60,-1078
shoulders,lateral-raise,-848,112,-955
shoulders,lateral-raise,-834,151,-799
shoulders,lateral-raise,-791,159,-701
shoulders,lateral-raise,-741,144,-590
shoulders,lateral-raise,-643,149,-452
shoulders,lateral-raise,-534,152,-350
shoulders,lateral-raise,-416,114,-320
shoulders,lateral-raise,-293,90,-263
shoulders,lateral-raise,-178,33,-232
shoulders,lateral-raise,-107,15,-166
shoulders,lateral-raise,-43,3,-127
shoulders,lateral-raise,27,23,-68
shoulders,lateral-raise,62,40,-129
shoulders,lateral-raise,99,6,-136
shoulders,lateral-raise,142,-37,-119
shoulders,lateral-raise,125,-35,-134
shoulders,lateral-raise,112,-69,-218
shoulders,lateral-raise,126,-129,-177
shoulders,lateral-raise,97,-89,-292
shoulders,lateral-raise,21,-73,-333
shoulders,lateral-raise,-34,-79,-319
shoulders,lateral-raise,-95,-83,-445
shoulders,lateral-raise,-163,-112,-492
shoulders,lateral-raise,-272,-119,-605
shoulders,lateral-raise,-385,-114,-662
shoulders,lateral-raise,-485,-67,-672
shoulders,lateral-raise,-587,-97,-898
shoulders,lateral-raise,-677,-84,-932
shoulders,lateral-raise,-750,-65,-790
shoulders,lateral-raise,-851,-57,-931
shoulders,lateral-raise,-897,-72,-1075
shoulders,lateral-raise,-906,-70,-920
shoulders,lateral-raise,-895,-50,-963
shoulders,lateral-raise,-868,-6,-996
shoulders,lateral-raise,-885,29,-944
shoulders,lateral-raise,-912,82,-913
shoulders,lateral-raise,-908,80,-938
shoulders,lateral-raise,-890,79,-993
shoulders,lateral-raise,-979,12,-947
shoulders,lateral-raise,-984,8,-968
shoulders,lateral-raise,-984,8,-968
shoulders,lateral-raise,-1000,-31,-1038
shoulders,lateral-raise,-970,-131,-1207
shoulders,lateral-raise,-983,-196,-1313
shoulders,lateral-raise,-1042,-280,-1495
shoulders,lateral-raise,-1091,-402,-1847
shoulders,lateral-raise,-1117,-570,-1930
shoulders,lateral-raise,-1113,-619,-1888
shoulders,lateral-raise,-1092,-664,-1913
shoulders,lateral-raise,-1101,-679,-1855
shoulders,lateral-raise,-1123,-623,-1827
shoulders,lateral-raise,-1165,-534,-1774
shoulders,lateral-raise,-1212,-482,-1621
shoulders,lateral-raise,-1242,-390,-1441
shoulders,lateral-raise,-1282,-303,-1335
shoulders,lateral-raise,-1268,-224,-1223
shoulders,lateral-raise,-1261,-151,-1135
shoulders,lateral-raise,-1259,-107,-1038
shoulders,lateral-raise,-1220,-65,-934
shoulders,lateral-raise,-1165,-4,-797
shoulders,lateral-raise,-1082,-9,-741
shoulders,lateral-raise,-989,-27,-688
shoulders,lateral-raise,-885,3,-505
shoulders,lateral-raise,-767,20,-409
shoulders,lateral-raise,-645,20,-399
shoulders,lateral-raise,-528,32,-372
shoulders,lateral-raise,-411,48,-333
shoulders,lateral-raise,-281,60,-233
shoulders,lateral-raise,-162,60,-153
shoulders,lateral-raise,-57,56,-77
shoulders,lateral-raise,37,59,-3
shoulders,lateral-raise,108,49,-53
shoulders,lateral-raise,181,9,-73
shoulders,lateral-raise,254,-13,-21
shoulders,lateral-raise,309,-13,32
shoulders,lateral-raise,334,-22,47
shoulders,lateral-raise,323,-14,73
shoulders,lateral-raise,320,-16,37
shoulders,lateral-raise,338,-46,-28
shoulders,lateral-raise,311,-71,-75
shoulders,lateral-raise,272,-88,-120
shoulders,lateral-raise,225,-55,-165
shoulders,lateral-raise,151,-53,-213
shoulders,lateral-raise,95,-82,-172
shoulders,lateral-raise,28,-98,-258
shoulders,lateral-raise,-64,-116,-393
shoulders,lateral-raise,-138,-149,-465
shoulders,lateral-raise,-247,-119,-485
shoulders,lateral-raise,-347,-113,-563
shoulders,lateral-raise,-411,-136,-621
shoulders,lateral-raise,-521,-152,-776
shoulders,lateral-raise,-631,-120,-776
shoulders,lateral-raise,-717,-128,-830
shoulders,lateral-raise,-788,-120,-931
shoulders,lateral-raise,-896,-127,-906
shoulders,lateral-raise,-992,-113,-999
shoulders,lateral-raise,-1036,-133,-994
shoulders,lateral-raise,-1117,-136,-915
shoulders,lateral-raise,-1176,-129,-890
shoulders,lateral-raise,-1184,-141,-1061
shoulders,lateral-raise,-1164,-151,-1103
shoulders,lateral-raise,-1198,-171,-1193
shoulders,lateral-raise,-1183,-201,-1166
shoulders,lateral-raise,-1170,-202,-1158
shoulders,lateral-raise,-1168,-259,-1278
shoulders,lateral-raise,-1151,-309,-1417
shoulders,lateral-raise,-1105,-404,-1584
shoulders,lateral-raise,-1056,-516,-1618
shoulders,lateral-raise,-1014,-568,-1629
shoulders,lateral-raise,-1010,-591,-1706
shoulders,lateral-raise,-1041,-595,-1635
shoulders,lateral-raise,-1070,-592,-1582
shoulders,lateral-raise,-1099,-564,-1532
shoulders,lateral-raise,-1112,-531,-1430
shoulders,lateral-raise,-1138,-464,-1332
shoulders,lateral-raise,-1181,-370,-1234
shoulders,lateral-raise,-1208,-300,-1136
shoulders,lateral-raise,-1220,-237,-1061
shoulders,lateral-raise,-1220,-185,-995
shoulders,lateral-raise,-1212,-154,-931
shoulders,lateral-raise,-1191,-126,-867
shoulders,lateral-raise,-1149,-99,-800
shoulders,lateral-raise,-1086,-77,-752
shoulders,lateral-raise,-1009,-69,-697
shoulders,lateral-raise,-932,-59,-658
shoulders,lateral-raise,-843,-48,-632
shoulders,lateral-raise,-776,-55,-627
shoulders,lateral-raise,-681,-81,-609
shoulders,lateral-raise,-559,-121,-594
shoulders,lateral-raise,-464,-156,-571
shoulders,lateral-raise,-370,-115,-496
shoulders,lateral-raise,-284,-94,-564
shoulders,lateral-raise,-230,-88,-589
shoulders,lateral-raise,-173,-83,-495
shoulders,lateral-raise,-112,-51,-443
shoulders,lateral-raise,-60,-20,-409
shoulders,lateral-raise,-26,8,-358
shoulders,lateral-raise,30,4,-345
shoulders,lateral-raise,98,-34,-347
shoulders,lateral-raise,131,-56,-267
shoulders,lateral-raise,185,-47,-176
shoulders,lateral-raise,216,-16,-184
shoulders,lateral-raise,240,-40,-200
shoulders,lateral-raise,279,-56,-270
shoulders,lateral-raise,288,-71,-211
shoulders,lateral-raise,273,-154,-364
shoulders,lateral-raise,243,-167,-325
shoulders,lateral-raise,204,-175,-270
shoulders,lateral-raise,193,-148,-306
shoulders,lateral-raise,144,-117,-339
shoulders,lateral-raise,56,-105,-397
shoulders,lateral-raise,14,-137,-454
shoulders,lateral-raise,-24,-169,-451
shoulders,lateral-raise,-94,-139,-442
shoulders,lateral-raise,-184,-122,-567
shoulders,lateral-raise,-249,-161,-626
shoulders,lateral-raise,-316,-159,-678
shoulders,lateral-raise,-392,-163,-724
shoulders,lateral-raise,-459,-168,-779
shoulders,lateral-raise,-533,-210,-821
shoulders,lateral-raise,-601,-196,-827
shoulders,lateral-raise,-678,-151,-908
shoulders,lateral-raise,-745,-189,-989
shoulders,lateral-raise,-787,-238,-976
shoulders,lateral-raise,-831,-217,-939
shoulders,lateral-raise,-886,-205,-958
shoulders,lateral-raise,-933,-212,-955
shoulders,lateral-raise,-972,-220,-916
shoulders,lateral-raise,-992,-232,-892
shoulders,lateral-raise,-992,-236,-935
shoulders,lateral-raise,-1006,-233,-961
shoulders,lateral-raise,-1034,-214,-888
shoulders,lateral-raise,-1029,-210,-891
shoulders,lateral-raise,-1006,-233,-978
shoulders,lateral-raise,-1019,-263,-1041
shoulders,lateral-raise,-1016,-296,-1056
shoulders,lateral-raise,-1000,-322,-1064
shoulders,lateral-raise,-990,-371,-1124
shoulders,lateral-raise,-963,-450,-1263
shoulders,lateral-raise,-950,-513,-1375
shoulders,lateral-raise,-950,-572,-1414
shoulders,lateral-raise,-975,-619,-1415
shoulders,lateral-raise,-1007,-653,-1447
shoulders,lateral-raise,-1038,-637,-1457
shoulders,lateral-raise,-1072,-613,-1383
shoulders,lateral-raise,-1117,-553,-1332
shoulders,lateral-raise,-1148,-505,-1298
shoulders,lateral-raise,-1179,-447,-1186
shoulders,lateral-raise,-1207,-371,-1071
shoulders,lateral-raise,-1201,-316,-1059
shoulders,lateral-raise,-1206,-253,-988
shoulders,lateral-raise,-1175,-192,-903
shoulders,lateral-raise,-1143,-184,-871
shoulders,lateral-raise,-1089,-176,-761
shoulders,lateral-raise,-1026,-137,-729
shoulders,lateral-raise,-963,-128,-644
shoulders,lateral-raise,-893,-91,-677
shoulders,lateral-raise,-808,-73,-658
shoulders,lateral-raise,-714,-79,-656
shoulders,lateral-raise,-627,-38,-593
shoulders,lateral-raise,-534,-32,-495
shoulders,lateral-raise,-453,-52,-513
shoulders,lateral-raise,-355,-30,-507
shoulders,lateral-raise,-272,-49,-529
shoulders,lateral-raise,-182,-25,-511
shoulders,lateral-raise,-94,-64,-444
shoulders,lateral-raise,-43,-68,-377
shoulders,lateral-raise,14,-35,-331
shoulders,lateral-raise,60,-57,-381
shoulders,lateral-raise,110,-77,-376
shoulders,lateral-raise,160,-64,-302
shoulders,lateral-raise,196,-51,-262
shoulders,lateral-raise,223,-63,-231
shoulders,lateral-raise,242,-67,-216
shoulders,lateral-raise,253,-45,-207
shoulders,lateral-raise,256,-72,-249
shoulders,lateral-raise,260,-117,-232
shoulders,lateral-raise,252,-111,-217
shoulders,lateral-raise,236,-108,-292
shoulders,lateral-raise,213,-120,-324
shoulders,lateral-raise,170,-102,-283
shoulders,lateral-raise,112,-73,-304
shoulders,lateral-raise,38,-84,-403
shoulders,lateral-raise,-18,-109,-453
shoulders,lateral-raise,-63,-101,-457
shoulders,lateral-raise,-141,-93,-441
shoulders,lateral-raise,-219,-91,-522
shoulders,lateral-raise,-293,-101,-625
shoulders,lateral-raise,-363,-114,-627
shoulders,lateral-raise,-449,-113,-751
shoulders,lateral-raise,-531,-90,-783
shoulders,lateral-raise,-604,-82,-834
shoulders,lateral-raise,-680,-117,-862
shoulders,lateral-raise,-757,-129,-849
shoulders,lateral-raise,-852,-114,-864
shoulders,lateral-raise,-909,-159,-1021
shoulders,lateral-raise,-942,-151,-924
shoulders,lateral-raise,-979,-144,-915
shoulders,lateral-raise,-1007,-145,-978
shoulders,lateral-raise,-1068,-149,-872
shoulders,lateral-raise,-1114,-123,-963
shoulders,lateral-raise,-1136,-163,-1007
shoulders,lateral-raise,-1128,-216,-989
shoulders,lateral-raise,-1136,-216,-896
shoulders,lateral-raise,-1152,-176,-928
shoulders,lateral-raise,-1152,-176,-928
shoulders,lateral-raise,-1183,-160,-905
shoulders,lateral-raise,-1161,-190,-950
shoulders,lateral-raise,-1041,-252,-1168
shoulders,lateral-raise,-959,-292,-1096
shoulders,lateral-raise,-966,-353,-1288
shoulders,lateral-raise,-968,-388,-1382
shoulders,lateral-raise,-982,-412,-1412
shoulders,lateral-raise,-1011,-463,-1523
shoulders,lateral-raise,-1049,-505,-1557
shoulders,lateral-raise,-1094,-531,-1573
shoulders,lateral-raise,-1129,-517,-1539
shoulders,lateral-raise,-1178,-488,-1443
shoulders,lateral-raise,-1221,-451,-1345
shoulders,lateral-raise,-1261,-406,-1291
shoulders,lateral-raise,-1294,-347,-1196
shoulders,lateral-raise,-1326,-296,-1111
shoulders,lateral-raise,-1336,-233,-1056
shoulders,lateral-raise,-1321,-177,-958
shoulders,lateral-raise,-1282,-130,-882
shoulders,lateral-raise,-1226,-88,-835
shoulders,lateral-raise,-1168,-40,-779
shoulders,lateral-raise,-1104,-25,-716
shoulders,lateral-raise,-1025,-19,-636
shoulders,lateral-raise,-917,-8,-563
shoulders,lateral-raise,-808,-16,-548
shoulders,lateral-raise,-706,-16,-548
shoulders,lateral-raise,-596,-8,-518
shoulders,lateral-raise,-494,-15,-471
shoulders,lateral-raise,-389,-24,-423
shoulders,lateral-raise,-288,-30,-426
shoulders,lateral-raise,-203,-49,-455
shoulders,lateral-raise,-118,-55,-423
shoulders,lateral-raise,-45,-37,-389
shoulders,lateral-raise,29,-29,-368
shoulders,lateral-raise,94,-34,-326
shoulders,lateral-raise,162,-70,-281
shoulders,lateral-raise,219,-102,-216
shoulders,lateral-raise,252,-94,-204
shoulders,lateral-raise,269,-92,-229
shoulders,lateral-raise,295,-106,-200
shoulders,lateral-raise,317,-112,-233
shoulders,lateral-raise,305,-113,-228
shoulders,lateral-raise,313,-118,-180
shoulders,lateral-raise,323,-110,-253
shoulders,lateral-raise,339,-152,-294
shoulders,lateral-raise,294,-148,-347
shoulders,lateral-raise,270,-116,-371
shoulders,lateral-raise,236,-166,-297
shoulders,lateral-raise,158,-120,-323
shoulders,lateral-raise,104,-136,-416
shoulders,lateral-raise,80,-136,-432
shoulders,lateral-raise,-5,-128,-580
shoulders,lateral-raise,-107,-82,-576
shoulders,lateral-raise,-149,-125,-665
shoulders,lateral-raise,-203,-164,-614
shoulders,lateral-raise,-287,-154,-601
shoulders,lateral-raise,-366,-159,-719
shoulders,lateral-raise,-437,-174,-784
shoulders,lateral-raise,-501,-169,-852
shoulders,lateral-raise,-577,-175,-871
shoulders,lateral-raise,-649,-144,-904
shoulders,lateral-raise,-701,-179,-937
shoulders,lateral-raise,-766,-192,-938
shoulders,lateral-raise,-819,-198,-954
shoulders,lateral-raise,-872,-200,-937
shoulders,lateral-raise,-905,-189,-978
shoulders,lateral-raise,-950,-179,-1005
shoulders,lateral-raise,-1000,-176,-913
shoulders,lateral-raise,-1021,-201,-864
shoulders,lateral-raise,-1029,-206,-859
shoulders,lateral-raise,-1027,-229,-976
shoulders,lateral-raise,-1010,-271,-1084
shoulders,lateral-raise,-996,-261,-1046
shoulders,lateral-raise,-1014,-240,-1017
shoulders,lateral-raise,-1011,-244,-1144
shoulders,lateral-raise,-980,-292,-1304
shoulders,lateral-raise,-956,-386,-1398
shoulders,lateral-raise,-944,-462,-1455
shoulders,lateral-raise,-955,-488,-1465
shoulders,lateral-raise,-975,-485,-1449
shoulders,lateral-raise,-990,-496,-1443
shoulders,lateral-raise,-1003,-514,-1439
shoulders,lateral-raise,-1020,-507,-1392
shoulders,lateral-raise,-1048,-496,-1306
shoulders,lateral-raise,-1069,-443,-1227
shoulders,lateral-raise,-1087,-381,-1167
shoulders,lateral-raise,-1109,-320,-1121
shoulders,lateral-raise,-1120,-274,-1091
shoulders,lateral-raise,-1118,-244,-1040
shoulders,lateral-raise,-1110,-199,-983
shoulders,lateral-raise,-1096,-166,-952
shoulders,lateral-raise,-1055,-159,-931
shoulders,lateral-raise,-1003,-147,-841
shoulders,lateral-raise,-929,-122,-837
shoulders,lateral-raise,-878,-130,-770
shoulders,lateral-raise,-800,-88,-727
shoulders,lateral-raise,-728,-87,-713
shoulders,lateral-raise,-641,-72,-637
shoulders,lateral-raise,-548,-72,-596
shoulders,lateral-raise,-462,-80,-530
shoulders,lateral-raise,-392,-88,-592
shoulders,lateral-raise,-296,-88,-536
shoulders,lateral-raise,-242,-65,-489
shoulders,lateral-raise,-141,-49,-473
shoulders,lateral-raise,-76,-41,-368
shoulders,lateral-raise,-14,-40,-265
shoulders,lateral-raise,49,-40,-249
shoulders,lateral-raise,112,-40,-297
shoulders,lateral-raise,168,-54,-277
shoulders,lateral-raise,196,-69,-279
shoulders,lateral-raise,233,-59,-169
shoulders,lateral-raise,259,-62,-144
shoulders,lateral-raise,258,-83,-187
shoulders,lateral-raise,268,-100,-164
shoulders,lateral-raise,278,-92,-199
shoulders,lateral-raise,269,-117,-285
shoulders,lateral-raise,247,-122,-318
shoulders,lateral-raise,218,-109,-315
shoulders,lateral-raise,176,-109,-280
shoulders,lateral-raise,114,-87,-295
shoulders,lateral-raise,48,-77,-376
shoulders,lateral-raise,-14,-94,-411
shoulders,lateral-raise,-72,-109,-459
shoulders,lateral-raise,-141,-125,-523
shoulders,lateral-raise,-223,-123,-531
shoulders,lateral-raise,-314,-83,-541
shoulders,lateral-raise,-396,-80,-624
shoulders,lateral-raise,-459,-139,-723
shoulders,lateral-raise,-529,-176,-764
shoulders,lateral-raise,-615,-158,-764
shoulders,lateral-raise,-701,-146,-827
shoulders,lateral-raise,-778,-189,-936
shoulders,lateral-raise,-847,-214,-954
shoulders,lateral-raise,-916,-175,-967
shoulders,lateral-raise,-963,-176,-1035
shoulders,lateral-raise,-989,-221,-1070
shoulders,lateral-raise,-1015,-243,-1020
shoulders,lateral-raise,-1055,-227,-987
shoulders,lateral-raise,-1076,-212,-982
shoulders,lateral-raise,-1084,-208,-996
shoulders,lateral-raise,-1068,-255,-1004
shoulders,lateral-raise,-1051,-334,-1080
shoulders,lateral-raise,-1028,-331,-1125
shoulders,lateral-raise,-1004,-361,-1207
shoulders,lateral-raise,-985,-453,-1319
shoulders,lateral-raise,-992,-490,-1324
shoulders,lateral-raise,-993,-567,-1413
shoulders,lateral-raise,-1000,-627,-1452
shoulders,lateral-raise,-1000,-653,-1410
shoulders,lateral-raise,-1002,-608,-1427
shoulders,lateral-raise,-1032,-607,-1336
shoulders,lateral-raise,-1048,-576,-1343
shoulders,lateral-raise,-1048,-552,-1257
shoulders,lateral-raise,-1064,-498,-1194
shoulders,lateral-raise,-1079,-428,-1169
shoulders,lateral-raise,-1110,-364,-1101
shoulders,lateral-raise,-1127,-324,-1089
shoulders,lateral-raise,-1128,-263,-1002
shoulders,lateral-raise,-1114,-207,-943
shoulders,lateral-raise,-1085,-173,-902
shoulders,lateral-raise,-1047,-175,-856
shoulders,lateral-raise,-1001,-169,-809
shoulders,lateral-raise,-935,-124,-756
shoulders,lateral-raise,-870,-106,-713
shoulders,lateral-raise,-796,-74,-668
shoulders,lateral-raise,-717,-52,-656
shoulders,lateral-raise,-633,-65,-656
shoulders,lateral-raise,-547,-66,-589
shoulders,lateral-raise,-455,-86,-582
shoulders,lateral-raise,-366,-80,-587
shoulders,lateral-raise,-260,-87,-609
shoulders,lateral-raise,-186,-81,-565
shoulders,lateral-raise,-125,-86,-471
shoulders,lateral-raise,-64,-96,-464
shoulders,lateral-raise,-9,-96,-492
shoulders,lateral-raise,42,-70,-470
shoulders,lateral-raise,72,-36,-431
shoulders,lateral-raise,108,-44,-432
shoulders,lateral-raise,155,-87,-371
shoulders,lateral-raise,202,-108,-270
shoulders,lateral-raise,236,-108,-304
shoulders,lateral-raise,250,-119,-366
shoulders,lateral-raise,277,-105,-313
shoulders,lateral-raise,296,-81,-296
shoulders,lateral-raise,293,-108,-360
shoulders,lateral-raise,291,-128,-341
shoulders,lateral-raise,296,-128,-317
shoulders,lateral-raise,291,-135,-371
shoulders,lateral-raise,273,-159,-430
shoulders,lateral-raise,245,-165,-411
shoulders,lateral-raise,204,-134,-400
shoulders,lateral-raise,155,-132,-474
shoulders,lateral-raise,105,-149,-464
shoulders,lateral-raise,68,-167,-416
shoulders,lateral-raise,1,-157,-501
shoulders,lateral-raise,-79,-146,-570
shoulders,lateral-raise,-130,-160,-593
shoulders,lateral-raise,-209,-160,-654
shoulders,lateral-raise,-286,-159,-653
shoulders,lateral-raise,-351,-146,-793
shoulders,lateral-raise,-443,-178,-796
shoulders,lateral-raise,-506,-206,-731
shoulders,lateral-raise,-568,-152,-824
shoulders,lateral-raise,-648,-160,-984
shoulders,lateral-raise,-718,-199,-868
shoulders,lateral-raise,-758,-132,-879
shoulders,lateral-raise,-827,-128,-955
shoulders,lateral-raise,-854,-201,-989
shoulders,lateral-raise,-892,-165,-885
shoulders,lateral-raise,-931,-167,-935
shoulders,lateral-raise,-963,-188,-930
shoulders,lateral-raise,-981,-172,-955
shoulders,lateral-raise,-1017,-188,-960
shoulders,lateral-raise,-1037,-205,-814
shoulders,lateral-raise,-1065,-183,-714
shoulders,lateral-raise,-1078,-218,-841
shoulders,lateral-raise,-1027,-285,-1070
shoulders,lateral-raise,-979,-287,-1107
shoulders,lateral-raise,-951,-202,-968
shoulders,lateral-raise,-955,-206,-977
shoulders,lateral-raise,-976,-240,-1097
shoulders,lateral-raise,-984,-330,-1246
shoulders,lateral-raise,-969,-440,-1353
shoulders,lateral-raise,-965,-533,-1389
shoulders,lateral-raise,-982,-536,-1350
shoulders,lateral-raise,-1014,-516,-1333
shoulders,lateral-raise,-1028,-507,-1357
shoulders,lateral-raise,-1045,-504,-1364
shoulders,lateral-raise,-1080,-500,-1324
shoulders,lateral-raise,-1115,-453,-1257
shoulders,lateral-raise,-1162,-387,-1231
shoulders,lateral-raise,-1192,-334,-1159
shoulders,lateral-raise,-1202,-288,-1056
shoulders,lateral-raise,-1210,-240,-1030
shoulders,lateral-raise,-1191,-213,-971
shoulders,lateral-raise,-1161,-193,-924
shoulders,lateral-raise,-1120,-168,-890
shoulders,lateral-raise,-1078,-158,-838
shoulders,lateral-raise,-1032,-124,-769
shoulders,lateral-raise,-949,-94,-754
shoulders,lateral-raise,-861,-94,-783
shoulders,lateral-raise,-786,-112,-720
shoulders,lateral-raise,-698,-105,-654
shoulders,lateral-raise,-604,-85,-612
shoulders,lateral-raise,-512,-103,-666
shoulders,lateral-raise,-420,-91,-548
shoulders,lateral-raise,-312,-65,-444
shoulders,lateral-raise,-251,-69,-419
shoulders,lateral-raise,-155,-48,-380
shoulders,lateral-raise,-106,-44,-337
shoulders,lateral-raise,-44,0,-265
shoulders,lateral-raise,20,-3,-282
shoulders,lateral-raise,90,-66,-311
shoulders,lateral-raise,160,-128,-287
shoulders,lateral-raise,208,-136,-193
shoulders,lateral-raise,270,-82,-83
shoulders,lateral-raise,272,-80,-171
shoulders,lateral-raise,294,-110,-176
shoulders,lateral-raise,340,-97,-74
shoulders,lateral-raise,315,-110,-221
shoulders,lateral-raise,312,-119,-240
shoulders,lateral-raise,292,-134,-254
shoulders,lateral-raise,268,-123,-283
shoulders,lateral-raise,212,-120,-314
shoulders,lateral-raise,175,-126,-301
shoulders,lateral-raise,137,-103,-315
shoulders,lateral-raise,68,-96,-447
shoulders,lateral-raise,-5,-125,-482
shoulders,lateral-raise,-64,-136,-520
shoulders,lateral-raise,-141,-86,-569
shoulders,lateral-raise,-222,-75,-616
shoulders,lateral-raise,-301,-127,-664
shoulders,lateral-raise,-379,-137,-675
shoulders,lateral-raise,-452,-138,-746
shoulders,lateral-raise,-523,-168,-792
shoulders,lateral-raise,-617,-170,-824
shoulders,lateral-raise,-686,-138,-870
shoulders,lateral-raise,-743,-167,-923
shoulders,lateral-raise,-801,-200,-960
shoulders,lateral-raise,-864,-168,-984
shoulders,lateral-raise,-919,-148,-950
shoulders,lateral-raise,-962,-163,-940
shoulders,lateral-raise,-999,-183,-1003
shoulders,lateral-raise,-1018,-202,-1003
shoulders,lateral-raise,-1038,-226,-997
shoulders,lateral-raise,-1054,-237,-1010
shoulders,lateral-raise,-1073,-212,-971
shoulders,lateral-raise,-1083,-190,-931
shoulders,lateral-raise,-1059,-237,-1012
shoulders,lateral-raise,-1015,-297,-1170
shoulders,lateral-raise,-969,-350,-1271
shoulders,lateral-raise,-950,-388,-1334
shoulders,lateral-raise,-948,-402,-1374
shoulders,lateral-raise,-965,-419,-1438
shoulders,lateral-raise,-987,-458,-1432
shoulders,lateral-raise,-1003,-473,-1432
shoulders,lateral-raise,-1019,-512,-1415
shoulders,lateral-raise,-1030,-501,-1320
shoulders,lateral-raise,-1016,-440,-1266
shoulders,lateral-raise,-1019,-437,-1221
shoulders,lateral-raise,-1050,-403,-1188
shoulders,lateral-raise,-1074,-350,-1139
shoulders,lateral-raise,-1097,-318,-1069
shoulders,lateral-raise,-1112,-278,-1007
shoulders,lateral-raise,-1096,-216,-976
shoulders,lateral-raise,-1104,-184,-976
shoulders,lateral-raise,-1104,-184,-976
shoulders,lateral-raise,-1065,-176,-891
shoulders,lateral-raise,-1034,-161,-880
shoulders,lateral-raise,-995,-115,-887
shoulders,lateral-raise,-941,-105,-837
shoulders,lateral-raise,-850,-75,-725
shoulders,lateral-raise,-763,-65,-698
shoulders,lateral-raise,-704,-98,-676
shoulders,lateral-raise,-629,-71,-625
shoulders,lateral-raise,-551,-71,-636
shoulders,lateral-raise,-479,-85,-596
shoulders,lateral-raise,-396,-100,-572
shoulders,lateral-raise,-310,-104,-568
shoulders,lateral-raise,-241,-104,-533
shoulders,lateral-raise,-172,-98,-520
shoulders,lateral-raise,-107,-107,-487
shoulders,lateral-raise,-28,-155,-472
shoulders,lateral-raise,32,-144,-461
shoulders,lateral-raise,79,-103,-466
shoulders,lateral-raise,106,-98,-487
shoulders,lateral-raise,131,-99,-482
shoulders,lateral-raise,163,-101,-421
shoulders,lateral-raise,203,-100,-357
shoulders,lateral-raise,228,-113,-358
shoulders,lateral-raise,249,-120,-384
shoulders,lateral-raise,256,-104,-404
shoulders,lateral-raise,260,-104,-397
shoulders,lateral-raise,268,-130,-358
shoulders,lateral-raise,268,-141,-332
shoulders,lateral-raise,272,-135,-382
shoulders,lateral-raise,256,-157,-462
shoulders,lateral-raise,217,-158,-429
shoulders,lateral-raise,180,-122,-372
shoulders,lateral-raise,149,-134,-439
shoulders,lateral-raise,112,-163,-520
shoulders,lateral-raise,58,-131,-472
shoulders,lateral-raise,-19,-120,-416
shoulders,lateral-raise,-92,-126,-530
shoulders,lateral-raise,-120,-146,-726
shoulders,lateral-raise,-186,-148,-676
shoulders,lateral-raise,-266,-131,-631
shoulders,lateral-raise,-346,-118,-723
shoulders,lateral-raise,-403,-152,-735
shoulders,lateral-raise,-468,-192,-739
shoulders,lateral-raise,-544,-186,-803
shoulders,lateral-raise,-605,-146,-836
shoulders,lateral-raise,-654,-164,-925
shoulders,lateral-raise,-715,-198,-821
shoulders,lateral-raise,-762,-169,-891
shoulders,lateral-raise,-809,-184,-943
shoulders,lateral-raise,-848,-192,-896
shoulders,lateral-raise,-888,-184,-928
shoulders,lateral-raise,-911,-192,-928
shoulders,lateral-raise,-950,-222,-951
shoulders,lateral-raise,-967,-231,-915
shoulders,lateral-raise,-990,-217,-992
shoulders,lateral-raise,-1006,-237,-1057
shoulders,lateral-raise,-1015,-254,-1036
shoulders,lateral-raise,-1030,-236,-1005
shoulders,lateral-raise,-1019,-219,-993
shoulders,lateral-raise,-1003,-255,-1031
shoulders,lateral-raise,-987,-251,-1078
shoulders,lateral-raise,-965,-254,-1138
shoulders,lateral-raise,-948,-292,-1188
shoulders,lateral-raise,-944,-316,-1153
shoulders,lateral-raise,-950,-314,-1188
shoulders,lateral-raise,-952,-345,-1230
shoulders,lateral-raise,-957,-382,-1240
shoulders,lateral-raise,-981,-381,-1256
shoulders,lateral-raise,-997,-391,-1244
shoulders,lateral-raise,-1010,-380,-1217
shoulders,lateral-raise,-1030,-339,-1184
shoulders,lateral-raise,-1045,-311,-1108
shoulders,lateral-raise,-1052,-291,-1037
shoulders,lateral-raise,-1056,-263,-1020
shoulders,lateral-raise,-1060,-231,-1003
shoulders,lateral-raise,-1056,-208,-968
shoulders,lateral-raise,-1033,-173,-921
shoulders,lateral-raise,-1001,-140,-895
shoulders,lateral-raise,-970,-136,-872
shoulders,lateral-raise,-928,-129,-822
shoulders,lateral-raise,-861,-101,-795
shoulders,lateral-raise,-793,-84,-761
shoulders,lateral-raise,-736,-101,-739
shoulders,lateral-raise,-650,-88,-730
shoulders,lateral-raise,-571,-77,-681
shoulders,lateral-raise,-504,-81,-630
shoulders,lateral-raise,-430,-62,-615
shoulders,lateral-raise,-369,-52,-586
shoulders,lateral-raise,-308,-44,-566
shoulders,lateral-raise,-228,-51,-551
shoulders,lateral-raise,-144,-40,-500
shoulders,lateral-raise,-73,-75,-412
shoulders,lateral-raise,-32,-89,-361
shoulders,lateral-raise,14,-91,-367
shoulders,lateral-raise,54,-57,-359
shoulders,lateral-raise,97,-11,-356
shoulders,lateral-raise,108,-42,-391
shoulders,lateral-raise,146,-61,-361
shoulders,lateral-raise,166,-15,-156
shoulders,lateral-raise,120,-3,-229
shoulders,lateral-raise,120,-88,-392
shoulders,lateral-raise,96,-88,-368
shoulders,lateral-raise,104,-80,-298
shoulders,lateral-raise,104,-95,-387
shoulders,lateral-raise,82,-89,-347
shoulders,lateral-raise,44,-110,-322
shoulders,lateral-raise,-24,-91,-363
shoulders,lateral-raise,-67,-53,-466
shoulders,lateral-raise,-127,-89,-500
shoulders,lateral-raise,-183,-116,-471
shoulders,lateral-raise,-238,-120,-464
shoulders,lateral-raise,-343,-133,-547
shoulders,lateral-raise,-418,-142,-717
shoulders,lateral-raise,-486,-162,-724
shoulders,lateral-raise,-557,-174,-653
shoulders,lateral-raise,-645,-165,-695
shoulders,lateral-raise,-722,-171,-798
shoulders,lateral-raise,-776,-176,-832
shoulders,lateral-raise,-824,-139,-785
shoulders,lateral-raise,-911,-79,-877
shoulders,lateral-raise,-992,-86,-909
shoulders,lateral-raise,-1011,-109,-840
shoulders,lateral-raise,-1036,-98,-827
shoulders,lateral-raise,-1078,-79,-925
shoulders,lateral-raise,-1113,-94,-1039
shoulders,lateral-raise,-1116,-162,-1092
shoulders,lateral-raise,-1104,-220,-1128
shoulders,lateral-raise,-1089,-286,-1198
shoulders,lateral-raise,-1068,-381,-1270
shoulders,lateral-raise,-1057,-449,-1310
shoulders,lateral-raise,-1045,-524,-1348
shoulders,lateral-raise,-1040,-610,-1370
shoulders,lateral-raise,-1040,-651,-1360
shoulders,lateral-raise,-1037,-639,-1337
shoulders,lateral-raise,-1032,-597,-1263
shoulders,lateral-raise,-1035,-555,-1187
shoulders,lateral-raise,-1040,-490,-1145
shoulders,lateral-raise,-1045,-424,-1096
shoulders,lateral-raise,-1062,-373,-1050
shoulders,lateral-raise,-1084,-336,-1028
shoulders,lateral-raise,-1092,-305,-996
shoulders,lateral-raise,-1082,-267,-921
shoulders,lateral-raise,-1084,-212,-883
shoulders,lateral-raise,-1059,-193,-823
shoulders,lateral-raise,-1027,-201,-814
shoulders,lateral-raise,-994,-207,-797
shoulders,lateral-raise,-946,-196,-769
shoulders,lateral-raise,-891,-161,-708
shoulders,lateral-raise,-836,-165,-673
shoulders,lateral-raise,-774,-120,-686
shoulders,lateral-raise,-725,-128,-649
shoulders,lateral-raise,-639,-128,-680
shoulders,lateral-raise,-569,-112,-640
shoulders,lateral-raise,-521,-89,-632
shoulders,lateral-raise,-452,-80,-632
shoulders,lateral-raise,-373,-65,-587
shoulders,lateral-raise,-310,-64,-569
shoulders,lateral-raise,-261,-78,-568
shoulders,lateral-raise,-193,-87,-526
shoulders,lateral-raise,-150,-95,-547
shoulders,lateral-raise,-91,-83,-539
shoulders,lateral-raise,-60,-73,-523
shoulders,lateral-raise,-12,-72,-488
shoulders,lateral-raise,19,-53,-468
shoulders,lateral-raise,36,-54,-518
shoulders,lateral-raise,58,-62,-495
shoulders,lateral-raise,98,-70,-388
shoulders,lateral-raise,101,-72,-430
shoulders,lateral-raise,96,-72,-432
shoulders,lateral-raise,107,-67,-400
shoulders,lateral-raise,107,-100,-474
shoulders,lateral-raise,94,-130,-530
shoulders,lateral-raise,88,-122,-503
shoulders,lateral-raise,79,-135,-522
shoulders,lateral-raise,59,-156,-561
shoulders,lateral-raise,35,-160,-551
shoulders,lateral-raise,-5,-156,-573
shoulders,lateral-raise,-52,-168,-656
shoulders,lateral-raise,-87,-199,-650
shoulders,lateral-raise,-137,-209,-570
shoulders,lateral-raise,-204,-165,-590
shoulders,lateral-raise,-264,-120,-688
shoulders,lateral-raise,-312,-139,-747
shoulders,lateral-raise,-351,-165,-721
shoulders,lateral-raise,-405,-140,-698
shoulders,lateral-raise,-481,-118,-763
shoulders,lateral-raise,-536,-157,-810
shoulders,lateral-raise,-567,-184,-839
shoulders,lateral-raise,-616,-182,-849
shoulders,lateral-raise,-673,-170,-828
shoulders,lateral-raise,-728,-152,-800
shoulders,lateral-raise,-765,-150,-774
shoulders,lateral-raise,-821,-144,-841
shoulders,lateral-raise,-875,-151,-820
shoulders,lateral-raise,-887,-189,-844
shoulders,lateral-raise,-881,-216,-865
shoulders,lateral-raise,-893,-210,-870
shoulders,lateral-raise,-933,-167,-859
shoulders,lateral-raise,-977,-165,-876
shoulders,lateral-raise,-985,-217,-830
shoulders,lateral-raise,-992,-223,-804
shoulders,lateral-raise,-984,-199,-729
shoulders,lateral-raise,-992,-152,-752
shoulders,lateral-raise,-1032,-184,-864
shoulders,lateral-raise,-1032,-184,-864
shoulders,lateral-raise,-1001,-215,-716
shoulders,lateral-raise,-1023,-239,-720
shoulders,lateral-raise,-994,-262,-750
shoulders,lateral-raise,-992,-279,-832
shoulders,lateral-raise,-906,-344,-954
shoulders,lateral-raise,-882,-408,-975
shoulders,lateral-raise,-880,-450,-1017
shoulders,lateral-raise,-907,-469,-1031
shoulders,lateral-raise,-945,-479,-999
shoulders,lateral-raise,-965,-486,-1011
shoulders,lateral-raise,-987,-500,-1059
shoulders,lateral-raise,-1016,-474,-1066
shoulders,lateral-raise,-1036,-464,-958
shoulders,lateral-raise,-1046,-424,-954
shoulders,lateral-raise,-1042,-380,-1001
shoulders,lateral-raise,-1045,-357,-962
shoulders,lateral-raise,-1059,-320,-915
shoulders,lateral-raise,-1064,-284,-904
shoulders,lateral-raise,-1054,-267,-869
shoulders,lateral-raise,-1034,-245,-838
shoulders,lateral-raise,-1010,-213,-827
shoulders,lateral-raise,-978,-196,-770
shoulders,lateral-raise,-934,-188,-715
shoulders,lateral-raise,-887,-163,-725
shoulders,lateral-raise,-836,-132,-768
shoulders,lateral-raise,-781,-101,-769
shoulders,lateral-raise,-730,-69,-707
shoulders,lateral-raise,-662,-63,-625
shoulders,lateral-raise,-578,-79,-606
shoulders,lateral-raise,-501,-88,-593
shoulders,lateral-raise,-424,-64,-549
shoulders,lateral-raise,-367,-9,-602
shoulders,lateral-raise,-314,-3,-578
shoulders,lateral-raise,-246,-24,-547
shoulders,lateral-raise,-175,10,-529
shoulders,lateral-raise,-125,7,-505
shoulders,lateral-raise,-79,-1,-454
shoulders,lateral-raise,-22,48,-376
shoulders,lateral-raise,19,79,-411
shoulders,lateral-raise,68,102,-383
shoulders,lateral-raise,106,86,-452
shoulders,lateral-raise,85,31,-501
shoulders,lateral-raise,111,-16,-480
shoulders,lateral-raise,104,-11,-438
shoulders,lateral-raise,102,21,-483
shoulders,lateral-raise,87,-14,-501
shoulders,lateral-raise,78,-68,-471
shoulders,lateral-raise,46,-14,-462
shoulders,lateral-raise,16,23,-577
shoulders,lateral-raise,8,0,-599
shoulders,lateral-raise,-32,16,-529
shoulders,lateral-raise,-110,47,-474
shoulders,lateral-raise,-142,56,-601
shoulders,lateral-raise,-181,34,-608
shoulders,lateral-raise,-235,3,-564
shoulders,lateral-raise,-304,-14,-481
shoulders,lateral-raise,-382,19,-591
shoulders,lateral-raise,-453,31,-738
shoulders,lateral-raise,-484,-41,-773
shoulders,lateral-raise,-560,-30,-730
shoulders,lateral-raise,-646,20,-752
shoulders,lateral-raise,-695,32,-822
shoulders,lateral-raise,-734,32,-906
shoulders,lateral-raise,-803,20,-857
shoulders,lateral-raise,-841,5,-878
shoulders,lateral-raise,-865,22,-907
shoulders,lateral-raise,-915,27,-939
shoulders,lateral-raise,-962,-34,-873
shoulders,lateral-raise,-991,-49,-883
shoulders,lateral-raise,-1000,-45,-971
shoulders,lateral-raise,-971,-67,-1046
shoulders,lateral-raise,-966,-89,-1095
shoulders,lateral-raise,-963,-114,-1148
shoulders,lateral-raise,-939,-93,-1219
shoulders,lateral-raise,-932,-52,-1293
shoulders,lateral-raise,-948,-60,-1324
shoulders,lateral-raise,-952,-103,-1328
shoulders,lateral-raise,-937,-143,-1321
shoulders,lateral-raise,-935,-153,-1286
shoulders,lateral-raise,-951,-137,-1210
shoulders,lateral-raise,-963,-112,-1142
shoulders,lateral-raise,-962,-76,-1146
shoulders,lateral-raise,-958,-50,-1127
shoulders,lateral-raise,-968,-51,-1101
shoulders,lateral-raise,-973,-67,-1075
shoulders,lateral-raise,-986,-54,-1066
shoulders,lateral-raise,-987,-46,-1058
shoulders,lateral-raise,-976,-36,-1041
shoulders,lateral-raise,-976,-18,-1061
shoulders,lateral-raise,-971,7,-969
shoulders,lateral-raise,-945,34,-951
shoulders,lateral-raise,-916,43,-964
shoulders,lateral-raise,-888,60,-904
shoulders,lateral-raise,-841,84,-860
shoulders,lateral-raise,-795,106,-831
shoulders,lateral-raise,-753,117,-766
shoulders,lateral-raise,-690,88,-743
shoulders,lateral-raise,-620,89,-650
shoulders,lateral-raise,-555,95,-672
shoulders,lateral-raise,-462,72,-679
shoulders,lateral-raise,-400,72,-632
shoulders,lateral-raise,-352,88,-528
shoulders,lateral-raise,-267,104,-575
shoulders,lateral-raise,-188,150,-530
shoulders,lateral-raise,-139,152,-535
shoulders,lateral-raise,-114,159,-500
shoulders,lateral-raise,-98,124,-410
shoulders,lateral-raise,-54,113,-477
shoulders,lateral-raise,-14,71,-474
shoulders,lateral-raise,52,64,-452
shoulders,lateral-raise,84,57,-461
shoulders,lateral-raise,120,62,-445
shoulders,lateral-raise,109,52,-421
shoulders,lateral-raise,122,36,-416
shoulders,lateral-raise,146,8,-369
shoulders,lateral-raise,152,11,-392
shoulders,lateral-raise,124,27,-436
shoulders,lateral-raise,96,10,-464
shoulders,lateral-raise,67,0,-435
shoulders,lateral-raise,36,20,-467
shoulders,lateral-raise,19,2,-511
shoulders,lateral-raise,-3,-11,-515
shoulders,lateral-raise,-67,1,-577
shoulders,lateral-raise,-117,12,-620
shoulders,lateral-raise,-158,42,-638
shoulders,lateral-raise,-221,68,-652
shoulders,lateral-raise,-296,60,-696
shoulders,lateral-raise,-348,63,-805
shoulders,lateral-raise,-386,84,-835
shoulders,lateral-raise,-451,77,-788
shoulders,lateral-raise,-526,71,-801
shoulders,lateral-raise,-584,96,-837
shoulders,lateral-raise,-626,117,-850
shoulders,lateral-raise,-685,92,-843
shoulders,lateral-raise,-747,64,-832
shoulders,lateral-raise,-781,98,-810
shoulders,lateral-raise,-818,129,-876
shoulders,lateral-raise,-849,110,-967
shoulders,lateral-raise,-876,98,-938
shoulders,lateral-raise,-884,88,-910
shoulders,lateral-raise,-888,112,-900
shoulders,lateral-raise,-947,107,-970
shoulders,lateral-raise,-956,82,-991
shoulders,lateral-raise,-931,53,-1068
shoulders,lateral-raise,-904,40,-1127
shoulders,lateral-raise,-907,42,-1117
shoulders,lateral-raise,-929,53,-1092
shoulders,lateral-raise,-934,32,-1070
shoulders,lateral-raise,-913,30,-1219
shoulders,lateral-raise,-928,-1,-1264
shoulders,lateral-raise,-928,-24,-1273
shoulders,lateral-raise,-944,-16,-1311
shoulders,lateral-raise,-960,-16,-1201
shoulders,lateral-raise,-976,23,-1278
shoulders,lateral-raise,-991,24,-1318
shoulders,lateral-raise,-999,9,-1298
shoulders,lateral-raise,-1007,23,-1281
shoulders,lateral-raise,-1015,17,-1209
shoulders,lateral-raise,-1037,23,-1165
shoulders,lateral-raise,-1040,38,-1078
shoulders,lateral-raise,-1040,33,-1037
shoulders,lateral-raise,-1020,45,-1045
shoulders,lateral-raise,-997,35,-997
shoulders,lateral-raise,-980,57,-978
shoulders,lateral-raise,-934,64,-934
shoulders,lateral-raise,-902,64,-896
shoulders,lateral-raise,-862,70,-882
shoulders,lateral-raise,-820,78,-835
shoulders,lateral-raise,-759,112,-784
shoulders,lateral-raise,-694,123,-800
shoulders,lateral-raise,-626,89,-765
shoulders,lateral-raise,-556,82,-677
shoulders,lateral-raise,-485,112,-630
shoulders,lateral-raise,-414,105,-610
shoulders,lateral-raise,-326,84,-591
shoulders,lateral-raise,-228,110,-575
shoulders,lateral-raise,-159,132,-535
shoulders,lateral-raise,-112,112,-492
shoulders,lateral-raise,-61,81,-442
shoulders,lateral-raise,9,68,-404
shoulders,lateral-raise,77,65,-366
shoulders,lateral-raise,117,29,-346
shoulders,lateral-raise,162,-2,-386
shoulders,lateral-raise,212,17,-370
shoulders,lateral-raise,249,6,-314
shoulders,lateral-raise,277,-40,-235
shoulders,lateral-raise,280,-48,-214
shoulders,lateral-raise,296,-64,-179
shoulders,lateral-raise,294,-59,-254
shoulders,lateral-raise,280,-56,-336
shoulders,lateral-raise,254,-76,-364
shoulders,lateral-raise,243,-59,-376
shoulders,lateral-raise,222,-43,-373
shoulders,lateral-raise,206,-55,-351
shoulders,lateral-raise,143,-43,-317
shoulders,lateral-raise,49,-10,-370
shoulders,lateral-raise,5,24,-532
shoulders,lateral-raise,-24,22,-610
shoulders,lateral-raise,-96,14,-559
shoulders,lateral-raise,-180,75,-556
shoulders,lateral-raise,-244,119,-622
shoulders,lateral-raise,-322,94,-736
shoulders,lateral-raise,-384,40,-744
shoulders,lateral-raise,-456,128,-744
shoulders,lateral-raise,-534,190,-868
shoulders,lateral-raise,-589,108,-986
shoulders,lateral-raise,-659,74,-903
shoulders,lateral-raise,-737,174,-772
shoulders,lateral-raise,-773,220,-903
shoulders,lateral-raise,-839,175,-1011
shoulders,lateral-raise,-868,168,-915
shoulders,lateral-raise,-905,201,-969
shoulders,lateral-raise,-958,195,-873
shoulders,lateral-raise,-1006,198,-867
shoulders,lateral-raise,-1035,181,-866
shoulders,lateral-raise,-1046,164,-846
shoulders,lateral-raise,-1024,136,-969
shoulders,lateral-raise,-1027,180,-976
shoulders,lateral-raise,-1060,228,-1049
shoulders,lateral-raise,-1045,218,-1120
shoulders,lateral-raise,-1032,182,-1173
shoulders,lateral-raise,-1037,168,-1258
shoulders,lateral-raise,-1025,153,-1360
shoulders,lateral-raise,-987,130,-1438
shoulders,lateral-raise,-963,139,-1501
shoulders,lateral-raise,-978,116,-1492
shoulders,lateral-raise,-1009,79,-1455
shoulders,lateral-raise,-1036,80,-1427
shoulders,lateral-raise,-1060,76,-1384
shoulders,lateral-raise,-1080,95,-1314
shoulders,lateral-raise,-1106,154,-1264
shoulders,lateral-raise,-1128,195,-1264
shoulders,lateral-raise,-1138,205,-1237
shoulders,lateral-raise,-1162,203,-1149
shoulders,lateral-raise,-1188,211,-1041
shoulders,lateral-raise,-1202,201,-998
shoulders,lateral-raise,-1181,184,-981
shoulders,lateral-raise,-1144,197,-910
shoulders,lateral-raise,-1100,192,-865
shoulders,lateral-raise,-1054,190,-830
shoulders,lateral-raise,-987,186,-761
shoulders,lateral-raise,-916,198,-696
shoulders,lateral-raise,-858,214,-680
shoulders,lateral-raise,-768,206,-631
shoulders,lateral-raise,-677,193,-650
shoulders,lateral-raise,-545,153,-625
shoulders,lateral-raise,-459,119,-621
shoulders,lateral-raise,-372,113,-555
shoulders,lateral-raise,-281,119,-518
shoulders,lateral-raise,-215,107,-504
shoulders,lateral-raise,-113,52,-502
shoulders,lateral-raise,-14,0,-477
shoulders,lateral-raise,33,10,-413
shoulders,lateral-raise,64,72,-327
shoulders,lateral-raise,80,96,-249
shoulders,lateral-raise,119,73,-279
shoulders,lateral-raise,158,42,-310
shoulders,lateral-raise,197,33,-252
shoulders,lateral-raise,251,3,-197
shoulders,lateral-raise,256,-36,-228
shoulders,lateral-raise,235,-33,-246
shoulders,lateral-raise,212,-5,-255
shoulders,lateral-raise,201,20,-343
shoulders,lateral-raise,207,11,-432
shoulders,lateral-raise,227,-30,-372
shoulders,lateral-raise,257,-96,-234
shoulders,lateral-raise,264,-118,-188
shoulders,lateral-raise,246,-96,-237
shoulders,lateral-raise,200,-25,-348
shoulders,lateral-raise,167,6,-456
shoulders,lateral-raise,128,19,-488
shoulders,lateral-raise,70,71,-509
shoulders,lateral-raise,2,132,-515
shoulders,lateral-raise,-49,187,-596
shoulders,lateral-raise,-102,218,-768
shoulders,lateral-raise,-160,219,-876
shoulders,lateral-raise,-193,270,-887
shoulders,lateral-raise,-230,364,-871
shoulders,lateral-raise,-289,412,-926
shoulders,lateral-raise,-348,436,-1020
shoulders,lateral-raise,-418,471,-1048
shoulders,lateral-raise,-512,521,-1025
shoulders,lateral-raise,-586,574,-1050
shoulders,lateral-raise,-628,585,-1101
shoulders,lateral-raise,-656,586,-1106
shoulders,lateral-raise,-659,609,-1096
shoulders,lateral-raise,-673,630,-1044
shoulders,lateral-raise,-715,640,-1046
shoulders,lateral-raise,-773,643,-1047
shoulders,lateral-raise,-782,650,-933
shoulders,lateral-raise,-776,681,-888
shoulders,lateral-raise,-776,767,-945
shoulders,lateral-raise,-772,832,-976
shoulders,lateral-raise,-753,834,-906
shoulders,lateral-raise,-723,855,-806
shoulders,lateral-raise,-697,925,-716
shoulders,lateral-raise,-660,985,-776
shoulders,lateral-raise,-634,992,-801
shoulders,lateral-raise,-589,992,-689
shoulders,lateral-raise,-505,992,-529
shoulders,lateral-raise,-444,988,-541
shoulders,lateral-raise,-407,947,-586
shoulders,lateral-raise,-390,882,-498
shoulders,lateral-raise,-344,920,-376
shoulders,lateral-raise,-344,904,-392
