556,219,-740,lateral-raise,,,
587,201,-768,lateral-raise,,,
597,209,-777,lateral-raise,,,
626,185,-777,lateral-raise,,,
616,176,-778,lateral-raise,,,
614,185,-792,lateral-raise,,,
612,191,-769,lateral-raise,,,
628,146,-760,lateral-raise,,,
537,223,-665,lateral-raise,,,
1367,-928,-165,lateral-raise,,,
1600,146,-717,lateral-raise,,,
970,246,-740,lateral-raise,,,
389,142,-704,lateral-raise,,,
296,67,-597,lateral-raise,,,
664,-464,-446,lateral-raise,,,
199,-372,-418,lateral-raise,,,
-1168,-668,-200,lateral-raise,,,
-1347,999,-952,lateral-raise,,,
-134,1091,-747,lateral-raise,,,
1052,210,-341,lateral-raise,,,
888,-1,-518,lateral-raise,,,
672,-64,-635,lateral-raise,,,
816,93,-520,lateral-raise,,,
711,64,-475,lateral-raise,,,
666,106,-360,lateral-raise,,,
672,136,-352,lateral-raise,,,
687,109,-390,lateral-raise,,,
719,178,-294,lateral-raise,,,
739,311,-147,lateral-raise,,,
766,337,-149,lateral-raise,,,
786,284,-181,lateral-raise,,,
852,385,-118,lateral-raise,,,
882,482,-11,lateral-raise,,,
915,443,-46,lateral-raise,,,
983,465,-32,lateral-raise,,,
1066,480,-1,lateral-raise,,,
1108,442,109,lateral-raise,,,
1093,413,265,lateral-raise,,,
1112,408,208,lateral-raise,,,
1122,401,195,lateral-raise,,,
1128,344,56,lateral-raise,,,
1175,287,-48,lateral-raise,,,
1223,-54,-203,lateral-raise,,,
1295,114,61,lateral-raise,,,
1380,255,432,lateral-raise,,,
1405,251,349,lateral-raise,,,
1306,242,-208,lateral-raise,,,
1252,106,-424,lateral-raise,,,
1352,141,0,lateral-raise,,,
1407,156,280,lateral-raise,,,
1423,117,34,lateral-raise,,,
1364,78,-73,lateral-raise,,,
1312,99,-55,lateral-raise,,,
1270,262,-208,lateral-raise,,,
1179,301,-543,lateral-raise,,,
1095,296,-746,lateral-raise,,,
1036,296,-773,lateral-raise,,,
1008,345,-488,lateral-raise,,,
1028,251,-738,lateral-raise,,,
1047,247,-924,lateral-raise,,,
1178,171,-873,lateral-raise,,,
1266,169,-675,lateral-raise,,,
1285,208,-780,lateral-raise,,,
1324,166,-846,lateral-raise,,,
1337,205,-773,lateral-raise,,,
1279,234,-837,lateral-raise,,,
1269,181,-840,lateral-raise,,,
1232,172,-841,lateral-raise,,,
1164,230,-791,lateral-raise,,,
1097,181,-846,lateral-raise,,,
1020,157,-747,lateral-raise,,,
888,213,-722,lateral-raise,,,
768,104,-728,lateral-raise,,,
687,130,-739,lateral-raise,,,
574,132,-611,lateral-raise,,,
485,100,-533,lateral-raise,,,
388,88,-573,lateral-raise,,,
275,92,-507,lateral-raise,,,
173,75,-445,lateral-raise,,,
50,39,-440,lateral-raise,,,
-40,16,-334,lateral-raise,,,
-112,48,-304,lateral-raise,,,
-112,48,-304,lateral-raise,,,
-166,71,-226,lateral-raise,,,
-252,-4,-254,lateral-raise,,,
-293,-8,-174,lateral-raise,,,
-325,-15,-139,lateral-raise,,,
-378,-37,-172,lateral-raise,,,
-405,-26,-169,lateral-raise,,,
-442,-38,-209,lateral-raise,,,
-501,-67,-149,lateral-raise,,,
-551,-72,-182,lateral-raise,,,
-573,-78,-186,lateral-raise,,,
-595,-92,-209,lateral-raise,,,
-588,-108,-234,lateral-raise,,,
-602,-88,-269,lateral-raise,,,
-608,-91,-263,lateral-raise,,,
-591,-107,-239,lateral-raise,,,
-552,-101,-264,lateral-raise,,,
-515,-101,-322,lateral-raise,,,
-468,-114,-344,lateral-raise,,,
-423,-110,-403,lateral-raise,,,
-403,-99,-464,lateral-raise,,,
-400,-87,-485,lateral-raise,,,
-369,-67,-546,lateral-raise,,,
-344,-30,-614,lateral-raise,,,
-327,0,-715,lateral-raise,,,
-292,12,-828,lateral-raise,,,
-257,39,-845,lateral-raise,,,
-222,82,-865,lateral-raise,,,
-204,93,-933,lateral-raise,,,
-174,83,-967,lateral-raise,,,
-102,72,-934,lateral-raise,,,
-49,51,-945,lateral-raise,,,
-9,41,-1032,lateral-raise,,,
27,41,-954,lateral-raise,,,
76,75,-938,lateral-raise,,,
136,50,-973,lateral-raise,,,
147,63,-928,lateral-raise,,,
195,93,-943,lateral-raise,,,
266,118,-992,lateral-raise,,,
324,90,-989,lateral-raise,,,
352,101,-922,lateral-raise,,,
428,120,-1030,lateral-raise,,,
484,121,-1041,lateral-raise,,,
516,123,-979,lateral-raise,,,
587,95,-1030,lateral-raise,,,
612,97,-966,lateral-raise,,,
652,167,-1015,lateral-raise,,,
688,157,-1010,lateral-raise,,,
689,120,-1027,lateral-raise,,,
705,120,-935,lateral-raise,,,
736,112,-895,lateral-raise,,,
760,152,-817,lateral-raise,,,
768,90,-878,lateral-raise,,,
768,111,-956,lateral-raise,,,
783,149,-744,lateral-raise,,,
769,94,-823,lateral-raise,,,
804,124,-739,lateral-raise,,,
801,142,-742,lateral-raise,,,
807,103,-744,lateral-raise,,,
835,136,-671,lateral-raise,,,
833,151,-695,lateral-raise,,,
838,120,-628,lateral-raise,,,
852,118,-527,lateral-raise,,,
874,120,-595,lateral-raise,,,
868,132,-589,lateral-raise,,,
887,125,-553,lateral-raise,,,
896,103,-511,lateral-raise,,,
891,145,-523,lateral-raise,,,
883,152,-552,lateral-raise,,,
880,154,-524,lateral-raise,,,
875,135,-489,lateral-raise,,,
877,120,-537,lateral-raise,,,
889,111,-553,lateral-raise,,,
905,95,-536,lateral-raise,,,
925,88,-549,lateral-raise,,,
948,92,-564,lateral-raise,,,
968,84,-608,lateral-raise,,,
980,76,-709,lateral-raise,,,
995,87,-824,lateral-raise,,,
1008,100,-845,lateral-raise,,,
1008,104,-824,lateral-raise,,,
1008,91,-936,lateral-raise,,,
1014,69,-1035,lateral-raise,,,
1030,64,-991,lateral-raise,,,
1043,61,-987,lateral-raise,,,
1048,48,-1026,lateral-raise,,,
1055,30,-1076,lateral-raise,,,
1074,33,-1097,lateral-raise,,,
1076,56,-1046,lateral-raise,,,
1064,62,-952,lateral-raise,,,
1057,75,-948,lateral-raise,,,
1032,56,-934,lateral-raise,,,
1026,50,-924,lateral-raise,,,
996,25,-908,lateral-raise,,,
972,34,-922,lateral-raise,,,
948,45,-888,lateral-raise,,,
916,27,-888,lateral-raise,,,
872,52,-885,lateral-raise,,,
780,7,-858,lateral-raise,,,
726,0,-889,lateral-raise,,,
694,2,-899,lateral-raise,,,
616,80,-744,lateral-raise,,,
568,56,-720,lateral-raise,,,
498,64,-774,lateral-raise,,,
412,-12,-768,lateral-raise,,,
341,21,-790,lateral-raise,,,
285,2,-777,lateral-raise,,,
230,7,-762,lateral-raise,,,
133,29,-725,lateral-raise,,,
65,-2,-672,lateral-raise,,,
36,-15,-651,lateral-raise,,,
-1,4,-694,lateral-raise,,,
-59,-30,-590,lateral-raise,,,
-134,-9,-492,lateral-raise,,,
-158,-42,-563,lateral-raise,,,
-148,-62,-545,lateral-raise,,,
-230,-41,-448,lateral-raise,,,
-303,-60,-405,lateral-raise,,,
-320,-115,-422,lateral-raise,,,
-362,-115,-337,lateral-raise,,,
-389,-104,-385,lateral-raise,,,
-407,-89,-351,lateral-raise,,,
-449,-75,-353,lateral-raise,,,
-486,-104,-383,lateral-raise,,,
-505,-128,-345,lateral-raise,,,
-503,-106,-355,lateral-raise,,,
-508,-113,-388,lateral-raise,,,
-520,-112,-412,lateral-raise,,,
-520,-126,-413,lateral-raise,,,
-505,-150,-407,lateral-raise,,,
-499,-132,-445,lateral-raise,,,
-492,-149,-459,lateral-raise,,,
-451,-152,-456,lateral-raise,,,
-417,-146,-498,lateral-raise,,,
-389,-161,-543,lateral-raise,,,
-379,-136,-595,lateral-raise,,,
-352,-144,-645,lateral-raise,,,
-296,-167,-630,lateral-raise,,,
-245,-166,-638,lateral-raise,,,
-250,-126,-720,lateral-raise,,,
-210,-128,-734,lateral-raise,,,
-137,-91,-727,lateral-raise,,,
-109,-125,-821,lateral-raise,,,
-86,-113,-876,lateral-raise,,,
-35,-116,-884,lateral-raise,,,
-8,-92,-840,lateral-raise,,,
-1,-70,-934,lateral-raise,,,
53,-58,-933,lateral-raise,,,
97,-69,-1032,lateral-raise,,,
115,-40,-947,lateral-raise,,,
156,-40,-987,lateral-raise,,,
233,-40,-892,lateral-raise,,,
272,-32,-1016,lateral-raise,,,
296,-64,-992,lateral-raise,,,
350,-10,-1000,lateral-raise,,,
360,-61,-1038,lateral-raise,,,
405,-19,-995,lateral-raise,,,
466,-38,-904,lateral-raise,,,
529,-11,-839,lateral-raise,,,
550,27,-993,lateral-raise,,,
579,-16,-1132,lateral-raise,,,
657,3,-919,lateral-raise,,,
646,15,-872,lateral-raise,,,
697,-9,-847,lateral-raise,,,
681,-16,-877,lateral-raise,,,
696,14,-936,lateral-raise,,,
745,-5,-934,lateral-raise,,,
737,13,-882,lateral-raise,,,
756,13,-936,lateral-raise,,,
779,8,-822,lateral-raise,,,
826,34,-752,lateral-raise,,,
843,48,-783,lateral-raise,,,
850,33,-879,lateral-raise,,,
875,38,-751,lateral-raise,,,
874,62,-669,lateral-raise,,,
886,59,-745,lateral-raise,,,
895,22,-762,lateral-raise,,,
888,12,-673,lateral-raise,,,
888,48,-512,lateral-raise,,,
900,49,-547,lateral-raise,,,
923,42,-659,lateral-raise,,,
940,60,-564,lateral-raise,,,
927,49,-512,lateral-raise,,,
894,50,-589,lateral-raise,,,
883,67,-580,lateral-raise,,,
882,60,-433,lateral-raise,,,
875,56,-414,lateral-raise,,,
885,96,-487,lateral-raise,,,
894,107,-518,lateral-raise,,,
890,87,-456,lateral-raise,,,
894,66,-477,lateral-raise,,,
894,84,-438,lateral-raise,,,
907,113,-484,lateral-raise,,,
891,86,-480,lateral-raise,,,
903,77,-416,lateral-raise,,,
897,72,-413,lateral-raise,,,
908,108,-406,lateral-raise,,,
929,83,-449,lateral-raise,,,
937,48,-515,lateral-raise,,,
944,48,-543,lateral-raise,,,
949,44,-628,lateral-raise,,,
1016,-12,-782,lateral-raise,,,
1025,57,-743,lateral-raise,,,
1048,104,-976,lateral-raise,,,
1048,104,-1096,lateral-raise,,,
1064,50,-1018,lateral-raise,,,
1072,18,-894,lateral-raise,,,
1057,38,-933,lateral-raise,,,
1063,11,-965,lateral-raise,,,
1100,65,-1011,lateral-raise,,,
1118,79,-1023,lateral-raise,,,
1120,53,-1010,lateral-raise,,,
1107,21,-788,lateral-raise,,,
1104,49,-835,lateral-raise,,,
1091,31,-951,lateral-raise,,,
1069,55,-871,lateral-raise,,,
1046,46,-840,lateral-raise,,,
1011,52,-875,lateral-raise,,,
954,39,-877,lateral-raise,,,
925,32,-878,lateral-raise,,,
855,21,-902,lateral-raise,,,
803,16,-886,lateral-raise,,,
751,31,-857,lateral-raise,,,
684,15,-823,lateral-raise,,,
623,5,-779,lateral-raise,,,
568,-1,-765,lateral-raise,,,
513,-17,-746,lateral-raise,,,
449,-20,-750,lateral-raise,,,
379,-20,-751,lateral-raise,,,
304,-36,-744,lateral-raise,,,
226,-63,-698,lateral-raise,,,
177,-62,-647,lateral-raise,,,
136,9,-709,lateral-raise,,,
62,8,-776,lateral-raise,,,
-3,-70,-673,lateral-raise,,,
-35,-50,-529,lateral-raise,,,
-57,-57,-570,lateral-raise,,,
-104,-83,-613,lateral-raise,,,
-159,-95,-592,lateral-raise,,,
-225,-125,-514,lateral-raise,,,
-275,-66,-442,lateral-raise,,,
-310,-49,-536,lateral-raise,,,
-342,-102,-527,lateral-raise,,,
-389,-109,-447,lateral-raise,,,
-416,-79,-513,lateral-raise,,,
-449,-94,-480,lateral-raise,,,
-463,-60,-569,lateral-raise,,,
-496,-118,-490,lateral-raise,,,
-493,-103,-456,lateral-raise,,,
-469,-96,-463,lateral-raise,,,
-439,-100,-517,lateral-raise,,,
-435,-133,-483,lateral-raise,,,
-479,-99,-426,lateral-raise,,,
-465,-152,-620,lateral-raise,,,
-488,-152,-489,lateral-raise,,,
-520,-144,-559,lateral-raise,,,
-497,-160,-537,lateral-raise,,,
-450,-168,-475,lateral-raise,,,
-441,-161,-606,lateral-raise,,,
-447,-138,-572,lateral-raise,,,
-462,-86,-604,lateral-raise,,,
-401,-80,-566,lateral-raise,,,
-351,-80,-656,lateral-raise,,,
-311,-93,-685,lateral-raise,,,
-278,-116,-753,lateral-raise,,,
-266,-82,-793,lateral-raise,,,
-239,-97,-707,lateral-raise,,,
-196,-80,-662,lateral-raise,,,
-131,-72,-703,lateral-raise,,,
-118,-66,-783,lateral-raise,,,
-81,-70,-847,lateral-raise,,,
-32,-88,-886,lateral-raise,,,
-11,-43,-912,lateral-raise,,,
-8,-47,-930,lateral-raise,,,
-18,-39,-872,lateral-raise,,,
33,5,-894,lateral-raise,,,
109,24,-876,lateral-raise,,,
167,37,-899,lateral-raise,,,
227,18,-943,lateral-raise,,,
281,17,-928,lateral-raise,,,
312,40,-940,lateral-raise,,,
355,36,-918,lateral-raise,,,
392,58,-905,lateral-raise,,,
427,92,-972,lateral-raise,,,
475,62,-920,lateral-raise,,,
515,61,-842,lateral-raise,,,
580,97,-904,lateral-raise,,,
597,42,-933,lateral-raise,,,
606,46,-979,lateral-raise,,,
645,56,-945,lateral-raise,,,
674,53,-864,lateral-raise,,,
694,113,-831,lateral-raise,,,
736,90,-894,lateral-raise,,,
754,96,-845,lateral-raise,,,
749,145,-964,lateral-raise,,,
795,79,-858,lateral-raise,,,
808,140,-736,lateral-raise,,,
817,141,-828,lateral-raise,,,
868,49,-750,lateral-raise,,,
887,63,-657,lateral-raise,,,
882,106,-725,lateral-raise,,,
897,59,-761,lateral-raise,,,
904,89,-685,lateral-raise,,,
904,102,-640,lateral-raise,,,
904,65,-632,lateral-raise,,,
904,88,-624,lateral-raise,,,
904,64,-640,lateral-raise,,,
904,64,-640,lateral-raise,,,
920,41,-570,lateral-raise,,,
912,108,-515,lateral-raise,,,
912,90,-534,lateral-raise,,,
905,73,-667,lateral-raise,,,
933,65,-466,lateral-raise,,,
936,78,-384,lateral-raise,,,
956,73,-410,lateral-raise,,,
980,92,-503,lateral-raise,,,
984,89,-500,lateral-raise,,,
984,94,-439,lateral-raise,,,
972,115,-387,lateral-raise,,,
968,102,-400,lateral-raise,,,
968,114,-367,lateral-raise,,,
957,126,-369,lateral-raise,,,
946,106,-404,lateral-raise,,,
939,123,-362,lateral-raise,,,
925,136,-347,lateral-raise,,,
915,141,-357,lateral-raise,,,
917,144,-370,lateral-raise,,,
920,120,-362,lateral-raise,,,
920,118,-310,lateral-raise,,,
929,124,-289,lateral-raise,,,
945,103,-326,lateral-raise,,,
956,96,-352,lateral-raise,,,
960,84,-340,lateral-raise,,,
964,60,-370,lateral-raise,,,
964,63,-442,lateral-raise,,,
967,79,-497,lateral-raise,,,
989,81,-572,lateral-raise,,,
1021,98,-674,lateral-raise,,,
1043,118,-767,lateral-raise,,,
1060,82,-854,lateral-raise,,,
1088,56,-904,lateral-raise,,,
1117,34,-895,lateral-raise,,,
1146,41,-944,lateral-raise,,,
1159,10,-917,lateral-raise,,,
1184,22,-865,lateral-raise,,,
1210,40,-912,lateral-raise,,,
1214,54,-901,lateral-raise,,,
1218,99,-872,lateral-raise,,,
1252,79,-885,lateral-raise,,,
1236,73,-805,lateral-raise,,,
1250,88,-836,lateral-raise,,,
1210,134,-864,lateral-raise,,,
1166,117,-917,lateral-raise,,,
1145,97,-888,lateral-raise,,,
1070,111,-802,lateral-raise,,,
1036,104,-822,lateral-raise,,,
966,113,-775,lateral-raise,,,
888,143,-752,lateral-raise,,,
848,89,-736,lateral-raise,,,
778,88,-814,lateral-raise,,,
654,141,-801,lateral-raise,,,
551,77,-666,lateral-raise,,,
537,21,-707,lateral-raise,,,
465,73,-719,lateral-raise,,,
337,45,-762,lateral-raise,,,
279,67,-713,lateral-raise,,,
165,45,-684,lateral-raise,,,
92,40,-732,lateral-raise,,,
48,40,-668,lateral-raise,,,
21,-3,-611,lateral-raise,,,
-8,-16,-618,lateral-raise,,,
-57,-4,-577,lateral-raise,,,
-118,-63,-549,lateral-raise,,,
-158,-27,-533,lateral-raise,,,
-233,-32,-550,lateral-raise,,,
-280,-106,-476,lateral-raise,,,
-293,-80,-417,lateral-raise,,,
-321,-83,-448,lateral-raise,,,
-322,-90,-458,lateral-raise,,,
-354,-103,-471,lateral-raise,,,
-411,-151,-488,lateral-raise,,,
-454,-133,-471,lateral-raise,,,
-468,-117,-456,lateral-raise,,,
-472,-152,-400,lateral-raise,,,
-484,-156,-382,lateral-raise,,,
-495,-133,-446,lateral-raise,,,
-532,-116,-476,lateral-raise,,,
-551,-136,-527,lateral-raise,,,
-515,-158,-566,lateral-raise,,,
-502,-135,-513,lateral-raise,,,
-497,-143,-500,lateral-raise,,,
-469,-157,-509,lateral-raise,,,
-451,-112,-506,lateral-raise,,,
-419,-138,-539,lateral-raise,,,
-415,-142,-548,lateral-raise,,,
-419,-109,-611,lateral-raise,,,
-378,-144,-626,lateral-raise,,,
-355,-140,-609,lateral-raise,,,
-329,-128,-681,lateral-raise,,,
-301,-125,-628,lateral-raise,,,
-283,-113,-661,lateral-raise,,,
-250,-124,-742,lateral-raise,,,
-211,-138,-817,lateral-raise,,,
-173,-96,-774,lateral-raise,,,
-151,-95,-816,lateral-raise,,,
-131,-86,-746,lateral-raise,,,
-65,-64,-888,lateral-raise,,,
-77,-72,-883,lateral-raise,,,
8,-72,-968,lateral-raise,,,
72,-80,-920,lateral-raise,,,
41,-80,-897,lateral-raise,,,
70,-95,-911,lateral-raise,,,
132,-29,-1039,lateral-raise,,,
194,-75,-975,lateral-raise,,,
300,-23,-775,lateral-raise,,,
347,-23,-927,lateral-raise,,,
400,-65,-972,lateral-raise,,,
388,-39,-916,lateral-raise,,,
475,-32,-1002,lateral-raise,,,
502,6,-872,lateral-raise,,,
535,10,-925,lateral-raise,,,
610,-4,-892,lateral-raise,,,
620,10,-937,lateral-raise,,,
650,-18,-977,lateral-raise,,,
653,24,-923,lateral-raise,,,
659,59,-907,lateral-raise,,,
669,59,-880,lateral-raise,,,
718,112,-803,lateral-raise,,,
739,104,-882,lateral-raise,,,
784,80,-885,lateral-raise,,,
802,80,-798,lateral-raise,,,
823,76,-781,lateral-raise,,,
857,72,-757,lateral-raise,,,
860,60,-786,lateral-raise,,,
868,64,-708,lateral-raise,,,
892,95,-580,lateral-raise,,,
911,116,-687,lateral-raise,,,
909,85,-780,lateral-raise,,,
899,47,-670,lateral-raise,,,
904,85,-558,lateral-raise,,,
910,116,-544,lateral-raise,,,
920,113,-550,lateral-raise,,,
920,133,-546,lateral-raise,,,
925,117,-520,lateral-raise,,,
938,135,-537,lateral-raise,,,
935,132,-558,lateral-raise,,,
914,84,-491,lateral-raise,,,
920,102,-442,lateral-raise,,,
918,115,-468,lateral-raise,,,
915,98,-472,lateral-raise,,,
928,104,-517,lateral-raise,,,
933,105,-431,lateral-raise,,,
959,111,-416,lateral-raise,,,
955,107,-366,lateral-raise,,,
976,129,-362,lateral-raise,,,
975,131,-444,lateral-raise,,,
960,82,-400,lateral-raise,,,
960,112,-289,lateral-raise,,,
960,120,-305,lateral-raise,,,
952,104,-344,lateral-raise,,,
952,80,-312,lateral-raise,,,
960,103,-289,lateral-raise,,,
937,112,-296,lateral-raise,,,
943,105,-289,lateral-raise,,,
973,119,-295,lateral-raise,,,
962,120,-267,lateral-raise,,,
960,106,-306,lateral-raise,,,
980,97,-326,lateral-raise,,,
977,83,-335,lateral-raise,,,
976,80,-343,lateral-raise,,,
976,80,-382,lateral-raise,,,
976,86,-460,lateral-raise,,,
982,76,-486,lateral-raise,,,
1002,90,-559,lateral-raise,,,
1019,102,-704,lateral-raise,,,
1035,87,-791,lateral-raise,,,
1051,80,-840,lateral-raise,,,
1067,48,-830,lateral-raise,,,
1113,37,-806,lateral-raise,,,
1156,30,-854,lateral-raise,,,
1187,29,-821,lateral-raise,,,
1223,23,-771,lateral-raise,,,
1222,34,-840,lateral-raise,,,
1212,52,-861,lateral-raise,,,
1228,27,-820,lateral-raise,,,
1248,40,-860,lateral-raise,,,
1248,72,-920,lateral-raise,,,
1240,64,-895,lateral-raise,,,
1226,85,-874,lateral-raise,,,
1195,115,-903,lateral-raise,,,
1131,110,-861,lateral-raise,,,
1043,93,-775,lateral-raise,,,
991,82,-792,lateral-raise,,,
941,80,-856,lateral-raise,,,
863,91,-836,lateral-raise,,,
761,82,-758,lateral-raise,,,
708,74,-757,lateral-raise,,,
643,48,-789,lateral-raise,,,
586,64,-807,lateral-raise,,,
515,27,-685,lateral-raise,,,
480,-3,-701,lateral-raise,,,
406,38,-692,lateral-raise,,,
351,-15,-697,lateral-raise,,,
288,-37,-628,lateral-raise,,,
191,20,-658,lateral-raise,,,
176,-10,-719,lateral-raise,,,
107,-18,-647,lateral-raise,,,
52,47,-625,lateral-raise,,,
-2,27,-537,lateral-raise,,,
-52,-79,-559,lateral-raise,,,
-192,-40,-512,lateral-raise,,,
-216,-72,-592,lateral-raise,,,
-216,-72,-592,lateral-raise,,,
-232,-111,-639,lateral-raise,,,
-316,-112,-617,lateral-raise,,,
-335,-134,-556,lateral-raise,,,
-336,-114,-428,lateral-raise,,,
-415,-76,-352,lateral-raise,,,
-375,-156,-519,lateral-raise,,,
-382,-182,-435,lateral-raise,,,
-424,-117,-416,lateral-raise,,,
-465,-137,-488,lateral-raise,,,
-472,-163,-510,lateral-raise,,,
-522,-180,-462,lateral-raise,,,
-512,-190,-472,lateral-raise,,,
-486,-174,-445,lateral-raise,,,
-497,-157,-426,lateral-raise,,,
-487,-185,-469,lateral-raise,,,
-485,-189,-477,lateral-raise,,,
-472,-216,-509,lateral-raise,,,
-454,-212,-497,lateral-raise,,,
-458,-185,-505,lateral-raise,,,
-440,-200,-568,lateral-raise,,,
-415,-197,-572,lateral-raise,,,
-395,-197,-556,lateral-raise,,,
-358,-199,-603,lateral-raise,,,
-361,-180,-623,lateral-raise,,,
-360,-168,-680,lateral-raise,,,
-301,-160,-721,lateral-raise,,,
-249,-148,-681,lateral-raise,,,
-211,-158,-725,lateral-raise,,,
-174,-152,-772,lateral-raise,,,
-131,-114,-779,lateral-raise,,,
-76,-110,-792,lateral-raise,,,
-44,-117,-798,lateral-raise,,,
-8,-123,-934,lateral-raise,,,
34,-128,-924,lateral-raise,,,
78,-103,-875,lateral-raise,,,
133,-113,-913,lateral-raise,,,
159,-90,-873,lateral-raise,,,
212,-84,-926,lateral-raise,,,
253,-116,-935,lateral-raise,,,
290,-97,-932,lateral-raise,,,
357,-69,-1024,lateral-raise,,,
357,-56,-939,lateral-raise,,,
428,-61,-872,lateral-raise,,,
452,-77,-878,lateral-raise,,,
487,-3,-925,lateral-raise,,,
544,-31,-960,lateral-raise,,,
548,-17,-884,lateral-raise,,,
603,-32,-1041,lateral-raise,,,
656,-31,-911,lateral-raise,,,
641,16,-872,lateral-raise,,,
727,56,-872,lateral-raise,,,
712,-60,-981,lateral-raise,,,
727,20,-870,lateral-raise,,,
765,2,-916,lateral-raise,,,
804,29,-811,lateral-raise,,,
751,61,-736,lateral-raise,,,
807,15,-889,lateral-raise,,,
823,8,-776,lateral-raise,,,
824,48,-712,lateral-raise,,,
850,43,-815,lateral-raise,,,
862,27,-827,lateral-raise,,,
876,24,-681,lateral-raise,,,
880,54,-688,lateral-raise,,,
898,23,-728,lateral-raise,,,
910,37,-621,lateral-raise,,,
918,76,-565,lateral-raise,,,
915,56,-625,lateral-raise,,,
917,61,-582,lateral-raise,,,
920,77,-564,lateral-raise,,,
910,65,-561,lateral-raise,,,
914,113,-466,lateral-raise,,,
920,166,-491,lateral-raise,,,
929,118,-574,lateral-raise,,,
932,81,-506,lateral-raise,,,
936,109,-378,lateral-raise,,,
932,104,-388,lateral-raise,,,
928,84,-440,lateral-raise,,,
932,88,-406,lateral-raise,,,
924,116,-372,lateral-raise,,,
917,145,-378,lateral-raise,,,
922,120,-373,lateral-raise,,,
936,108,-329,lateral-raise,,,
939,134,-298,lateral-raise,,,
949,152,-318,lateral-raise,,,
965,145,-376,lateral-raise,,,
976,111,-359,lateral-raise,,,
969,144,-306,lateral-raise,,,
950,148,-270,lateral-raise,,,
950,158,-274,lateral-raise,,,
963,147,-302,lateral-raise,,,
946,136,-291,lateral-raise,,,
949,167,-265,lateral-raise,,,
933,160,-240,lateral-raise,,,
921,155,-282,lateral-raise,,,
927,127,-288,lateral-raise,,,
922,119,-235,lateral-raise,,,
940,108,-272,lateral-raise,,,
976,70,-441,lateral-raise,,,
977,48,-560,lateral-raise,,,
993,57,-572,lateral-raise,,,
1024,80,-688,lateral-raise,,,
1064,80,-816,lateral-raise,,,
1095,41,-886,lateral-raise,,,
1164,17,-858,lateral-raise,,,
1198,23,-856,lateral-raise,,,
1185,60,-958,lateral-raise,,,
1198,64,-1054,lateral-raise,,,
1214,43,-813,lateral-raise,,,
1209,54,-749,lateral-raise,,,
1228,69,-811,lateral-raise,,,
1239,59,-909,lateral-raise,,,
1221,50,-845,lateral-raise,,,
1222,42,-793,lateral-raise,,,
1212,58,-875,lateral-raise,,,
1196,40,-828,lateral-raise,,,
1152,49,-748,lateral-raise,,,
1142,62,-767,lateral-raise,,,
1095,75,-892,lateral-raise,,,
1035,64,-844,lateral-raise,,,
945,76,-726,lateral-raise,,,
874,68,-698,lateral-raise,,,
789,46,-723,lateral-raise,,,
693,54,-741,lateral-raise,,,
629,28,-717,lateral-raise,,,
561,30,-670,lateral-raise,,,
508,39,-702,lateral-raise,,,
456,16,-716,lateral-raise,,,
389,23,-619,lateral-raise,,,
327,22,-578,lateral-raise,,,
277,-25,-601,lateral-raise,,,
230,-56,-585,lateral-raise,,,
149,-37,-599,lateral-raise,,,
75,-20,-620,lateral-raise,,,
17,-60,-580,lateral-raise,,,
-43,-69,-517,lateral-raise,,,
-96,-19,-485,lateral-raise,,,
-128,-68,-516,lateral-raise,,,
-142,-143,-493,lateral-raise,,,
-199,-80,-515,lateral-raise,,,
-276,-78,-546,lateral-raise,,,
-310,-81,-547,lateral-raise,,,
-316,-122,-505,lateral-raise,,,
-357,-147,-435,lateral-raise,,,
-349,-91,-525,lateral-raise,,,
-375,-112,-558,lateral-raise,,,
-368,-171,-593,lateral-raise,,,
-369,-235,-602,lateral-raise,,,
-375,-133,-609,lateral-raise,,,
-362,-180,-534,lateral-raise,,,
-383,-128,-520,lateral-raise,,,
-361,-139,-671,lateral-raise,,,
-384,-224,-648,lateral-raise,,,
-368,-184,-672,lateral-raise,,,
-337,-176,-726,lateral-raise,,,
-328,-191,-553,lateral-raise,,,
-350,-132,-686,lateral-raise,,,
-279,-208,-616,lateral-raise,,,
-258,-173,-629,lateral-raise,,,
-284,-126,-660,lateral-raise,,,
-233,-168,-712,lateral-raise,,,
-191,-169,-727,lateral-raise,,,
-164,-129,-721,lateral-raise,,,
-141,-114,-771,lateral-raise,,,
-105,-149,-759,lateral-raise,,,
-84,-136,-855,lateral-raise,,,
-56,-134,-800,lateral-raise,,,
9,-102,-734,lateral-raise,,,
32,-82,-887,lateral-raise,,,
43,-107,-928,lateral-raise,,,
48,-99,-923,lateral-raise,,,
94,-103,-964,lateral-raise,,,
125,-107,-930,lateral-raise,,,
147,-61,-896,lateral-raise,,,
239,-64,-933,lateral-raise,,,
287,-97,-929,lateral-raise,,,
297,-104,-1029,lateral-raise,,,
354,-75,-991,lateral-raise,,,
396,-36,-800,lateral-raise,,,
415,-32,-844,lateral-raise,,,
461,-44,-926,lateral-raise,,,
496,-44,-921,lateral-raise,,,
520,-43,-935,lateral-raise,,,
562,-58,-935,lateral-raise,,,
576,-51,-925,lateral-raise,,,
602,-22,-868,lateral-raise,,,
659,-27,-883,lateral-raise,,,
667,-26,-864,lateral-raise,,,
664,-36,-867,lateral-raise,,,
727,-22,-885,lateral-raise,,,
748,-48,-810,lateral-raise,,,
756,-14,-794,lateral-raise,,,
757,16,-809,lateral-raise,,,
802,16,-817,lateral-raise,,,
807,20,-729,lateral-raise,,,
809,40,-740,lateral-raise,,,
854,39,-752,lateral-raise,,,
840,34,-693,lateral-raise,,,
840,52,-625,lateral-raise,,,
846,86,-692,lateral-raise,,,
911,63,-655,lateral-raise,,,
905,56,-638,lateral-raise,,,
920,64,-609,lateral-raise,,,
928,48,-632,lateral-raise,,,
936,72,-552,lateral-raise,,,
936,72,-552,lateral-raise,,,
944,95,-544,lateral-raise,,,
936,50,-552,lateral-raise,,,
958,93,-470,lateral-raise,,,
945,74,-552,lateral-raise,,,
958,58,-432,lateral-raise,,,
960,91,-353,lateral-raise,,,
960,116,-392,lateral-raise,,,
953,147,-507,lateral-raise,,,
978,100,-450,lateral-raise,,,
978,88,-330,lateral-raise,,,
982,94,-267,lateral-raise,,,
972,126,-353,lateral-raise,,,
968,148,-402,lateral-raise,,,
968,141,-379,lateral-raise,,,
974,136,-296,lateral-raise,,,
965,136,-237,lateral-raise,,,
960,141,-256,lateral-raise,,,
960,154,-267,lateral-raise,,,
960,135,-323,lateral-raise,,,
970,130,-312,lateral-raise,,,
985,159,-266,lateral-raise,,,
1001,163,-278,lateral-raise,,,
1004,156,-296,lateral-raise,,,
1000,160,-284,lateral-raise,,,
992,160,-256,lateral-raise,,,
976,156,-275,lateral-raise,,,
975,152,-301,lateral-raise,,,
973,141,-295,lateral-raise,,,
957,74,-341,lateral-raise,,,
949,39,-379,lateral-raise,,,
962,127,-430,lateral-raise,,,
1007,188,-550,lateral-raise,,,
1037,194,-590,lateral-raise,,,
1048,171,-661,lateral-raise,,,
1050,164,-744,lateral-raise,,,
1061,129,-888,lateral-raise,,,
1080,101,-911,lateral-raise,,,
1104,76,-840,lateral-raise,,,
1126,90,-800,lateral-raise,,,
1198,94,-892,lateral-raise,,,
1195,95,-813,lateral-raise,,,
1209,125,-817,lateral-raise,,,
1224,121,-896,lateral-raise,,,
1268,170,-834,lateral-raise,,,
1242,127,-733,lateral-raise,,,
1253,120,-707,lateral-raise,,,
1223,121,-739,lateral-raise,,,
1208,134,-776,lateral-raise,,,
1198,96,-783,lateral-raise,,,
1136,111,-752,lateral-raise,,,
1088,33,-776,lateral-raise,,,
1018,63,-792,lateral-raise,,,
963,18,-724,lateral-raise,,,
856,61,-660,lateral-raise,,,
797,28,-765,lateral-raise,,,
713,31,-769,lateral-raise,,,
599,11,-677,lateral-raise,,,
536,-40,-671,lateral-raise,,,
455,5,-659,lateral-raise,,,
407,-17,-682,lateral-raise,,,
343,-43,-548,lateral-raise,,,
297,-17,-555,lateral-raise,,,
252,-2,-653,lateral-raise,,,
181,-65,-762,lateral-raise,,,
131,-105,-758,lateral-raise,,,
53,-118,-672,lateral-raise,,,
8,-120,-640,lateral-raise,,,
-5,-120,-577,lateral-raise,,,
-79,-130,-529,lateral-raise,,,
-130,-92,-495,lateral-raise,,,
-155,-102,-513,lateral-raise,,,
-173,-77,-508,lateral-raise,,,
-189,-85,-537,lateral-raise,,,
-213,-172,-533,lateral-raise,,,
-232,-125,-504,lateral-raise,,,
-268,-108,-524,lateral-raise,,,
-311,-134,-521,lateral-raise,,,
-324,-129,-563,lateral-raise,,,
-338,-158,-561,lateral-raise,,,
-387,-136,-499,lateral-raise,,,
-411,-155,-523,lateral-raise,,,
-395,-163,-501,lateral-raise,,,
-383,-134,-580,lateral-raise,,,
-352,-160,-681,lateral-raise,,,
-352,-182,-561,lateral-raise,,,
-340,-155,-542,lateral-raise,,,
-307,-153,-641,lateral-raise,,,
-288,-178,-605,lateral-raise,,,
-248,-192,-579,lateral-raise,,,
-198,-209,-660,lateral-raise,,,
-195,-179,-669,lateral-raise,,,
-201,-164,-753,lateral-raise,,,
-157,-184,-753,lateral-raise,,,
-103,-177,-722,lateral-raise,,,
-88,-140,-749,lateral-raise,,,
-29,-169,-828,lateral-raise,,,
-6,-174,-733,lateral-raise,,,
20,-153,-784,lateral-raise,,,
73,-160,-782,lateral-raise,,,
96,-166,-740,lateral-raise,,,
112,-112,-872,lateral-raise,,,
136,-144,-920,lateral-raise,,,
198,-128,-943,lateral-raise,,,
253,-143,-959,lateral-raise,,,
293,-84,-818,lateral-raise,,,
296,-36,-998,lateral-raise,,,
375,-139,-930,lateral-raise,,,
440,-47,-801,lateral-raise,,,
530,-25,-927,lateral-raise,,,
564,-44,-872,lateral-raise,,,
555,-61,-934,lateral-raise,,,
628,-64,-901,lateral-raise,,,
660,-52,-925,lateral-raise,,,
688,-6,-954,lateral-raise,,,
731,-39,-948,lateral-raise,,,
733,-33,-881,lateral-raise,,,
728,15,-901,lateral-raise,,,
744,37,-850,lateral-raise,,,
799,14,-842,lateral-raise,,,
829,25,-825,lateral-raise,,,
842,35,-783,lateral-raise,,,
848,22,-744,lateral-raise,,,
862,48,-696,lateral-raise,,,
894,72,-717,lateral-raise,,,
925,63,-696,lateral-raise,,,
932,81,-577,lateral-raise,,,
920,100,-652,lateral-raise,,,
927,100,-704,lateral-raise,,,
944,115,-549,lateral-raise,,,
951,72,-501,lateral-raise,,,
960,30,-518,lateral-raise,,,
960,75,-504,lateral-raise,,,
969,77,-535,lateral-raise,,,
987,60,-555,lateral-raise,,,
984,48,-471,lateral-raise,,,
971,85,-418,lateral-raise,,,
971,126,-445,lateral-raise,,,
962,113,-461,lateral-raise,,,
966,81,-438,lateral-raise,,,
956,64,-328,lateral-raise,,,
951,134,-303,lateral-raise,,,
978,123,-400,lateral-raise,,,
985,98,-451,lateral-raise,,,
993,73,-372,lateral-raise,,,
999,80,-265,lateral-raise,,,
993,89,-234,lateral-raise,,,
997,155,-307,lateral-raise,,,
977,175,-339,lateral-raise,,,
991,157,-361,lateral-raise,,,
983,120,-258,lateral-raise,,,
968,112,-144,lateral-raise,,,
968,120,-153,lateral-raise,,,
984,136,-255,lateral-raise,,,
984,144,-272,lateral-raise,,,
984,136,-242,lateral-raise,,,
969,129,-195,lateral-raise,,,
961,121,-250,lateral-raise,,,
939,70,-363,lateral-raise,,,
943,64,-369,lateral-raise,,,
958,-25,-464,lateral-raise,,,
893,27,-453,lateral-raise,,,
1010,164,-565,lateral-raise,,,
1078,109,-687,lateral-raise,,,
1119,94,-780,lateral-raise,,,
1140,90,-824,lateral-raise,,,
1179,35,-838,lateral-raise,,,
1192,33,-851,lateral-raise,,,
1192,29,-956,lateral-raise,,,
1214,24,-919,lateral-raise,,,
1240,50,-838,lateral-raise,,,
1243,74,-908,lateral-raise,,,
1289,70,-930,lateral-raise,,,
1306,74,-749,lateral-raise,,,
1296,112,-668,lateral-raise,,,
1287,105,-728,lateral-raise,,,
1289,84,-786,lateral-raise,,,
1271,84,-766,lateral-raise,,,
1212,80,-736,lateral-raise,,,
1153,80,-740,lateral-raise,,,
1076,54,-714,lateral-raise,,,
977,38,-709,lateral-raise,,,
884,59,-733,lateral-raise,,,
795,61,-718,lateral-raise,,,
718,41,-707,lateral-raise,,,
635,7,-689,lateral-raise,,,
559,8,-651,lateral-raise,,,
486,22,-679,lateral-raise,,,
420,-26,-670,lateral-raise,,,
374,-48,-568,lateral-raise,,,
309,-46,-669,lateral-raise,,,
229,-38,-695,lateral-raise,,,
142,-25,-588,lateral-raise,,,
128,-5,-591,lateral-raise,,,
89,-17,-647,lateral-raise,,,
36,23,-629,lateral-raise,,,
-69,45,-583,lateral-raise,,,
-99,-19,-613,lateral-raise,,,
-123,-37,-539,lateral-raise,,,
-160,-21,-554,lateral-raise,,,
-239,-74,-493,lateral-raise,,,
-224,-95,-459,lateral-raise,,,
-226,-72,-517,lateral-raise,,,
-296,-80,-424,lateral-raise,,,
-320,-72,-352,lateral-raise,,,
-320,-72,-352,lateral-raise,,,
-273,-56,-554,lateral-raise,,,
-333,-124,-537,lateral-raise,,,
-388,-31,-424,lateral-raise,,,
-392,-39,-569,lateral-raise,,,
-399,-97,-563,lateral-raise,,,
-386,-111,-511,lateral-raise,,,
-404,-57,-620,lateral-raise,,,
-415,-141,-660,lateral-raise,,,
-390,-140,-618,lateral-raise,,,
-384,-136,-576,lateral-raise,,,
-353,-148,-618,lateral-raise,,,
-320,-134,-626,lateral-raise,,,
-312,-134,-677,lateral-raise,,,
-272,-153,-673,lateral-raise,,,
-211,-143,-631,lateral-raise,,,
-187,-109,-681,lateral-raise,,,
-163,-117,-738,lateral-raise,,,
-127,-118,-721,lateral-raise,,,
-112,-92,-699,lateral-raise,,,
-79,-90,-749,lateral-raise,,,
-33,-77,-765,lateral-raise,,,
2,-64,-815,lateral-raise,,,
16,-55,-817,lateral-raise,,,
58,-36,-797,lateral-raise,,,
120,-12,-828,lateral-raise,,,
129,-31,-909,lateral-raise,,,
127,-53,-936,lateral-raise,,,
183,-29,-876,lateral-raise,,,
252,-36,-916,lateral-raise,,,
286,-45,-957,lateral-raise,,,
330,-10,-956,lateral-raise,,,
407,-6,-968,lateral-raise,,,
445,-2,-945,lateral-raise,,,
466,8,-987,lateral-raise,,,
542,-5,-912,lateral-raise,,,
592,47,-890,lateral-raise,,,
607,56,-1001,lateral-raise,,,
656,24,-944,lateral-raise,,,
678,11,-882,lateral-raise,,,
687,45,-852,lateral-raise,,,
745,36,-927,lateral-raise,,,
756,63,-891,lateral-raise,,,
781,91,-756,lateral-raise,,,
811,66,-817,lateral-raise,,,
830,83,-773,lateral-raise,,,
817,109,-811,lateral-raise,,,
825,85,-748,lateral-raise,,,
832,159,-600,lateral-raise,,,
840,136,-751,lateral-raise,,,
848,152,-719,lateral-raise,,,
880,144,-641,lateral-raise,,,
872,167,-640,lateral-raise,,,
940,153,-663,lateral-raise,,,
937,100,-575,lateral-raise,,,
958,96,-480,lateral-raise,,,
981,132,-515,lateral-raise,,,
998,108,-520,lateral-raise,,,
993,104,-527,lateral-raise,,,
992,124,-461,lateral-raise,,,
972,115,-468,lateral-raise,,,
974,125,-466,lateral-raise,,,
982,122,-458,lateral-raise,,,
972,120,-426,lateral-raise,,,
974,114,-392,lateral-raise,,,
970,129,-378,lateral-raise,,,
985,142,-359,lateral-raise,,,
992,149,-303,lateral-raise,,,
971,120,-301,lateral-raise,,,
991,145,-322,lateral-raise,,,
983,158,-303,lateral-raise,,,
973,147,-278,lateral-raise,,,
976,130,-277,lateral-raise,,,
972,133,-262,lateral-raise,,,
964,157,-244,lateral-raise,,,
952,160,-236,lateral-raise,,,
948,144,-216,lateral-raise,,,
948,144,-204,lateral-raise,,,
948,159,-230,lateral-raise,,,
952,154,-235,lateral-raise,,,
952,149,-215,lateral-raise,,,
946,162,-230,lateral-raise,,,
939,146,-246,lateral-raise,,,
950,136,-244,lateral-raise,,,
963,136,-219,lateral-raise,,,
976,128,-244,lateral-raise,,,
994,110,-291,lateral-raise,,,
1002,102,-272,lateral-raise,,,
1004,83,-409,lateral-raise,,,
1002,58,-474,lateral-raise,,,
1037,93,-553,lateral-raise,,,
1063,105,-655,lateral-raise,,,
1089,80,-734,lateral-raise,,,
1101,72,-836,lateral-raise,,,
1137,39,-849,lateral-raise,,,
1193,77,-812,lateral-raise,,,
1205,56,-832,lateral-raise,,,
1247,62,-777,lateral-raise,,,
1243,117,-869,lateral-raise,,,
1286,82,-825,lateral-raise,,,
1256,112,-699,lateral-raise,,,
1256,96,-800,lateral-raise,,,
1272,152,-792,lateral-raise,,,
1264,144,-800,lateral-raise,,,
1211,167,-762,lateral-raise,,,
1171,146,-782,lateral-raise,,,
1161,166,-791,lateral-raise,,,
1096,132,-685,lateral-raise,,,
1011,121,-791,lateral-raise,,,
959,86,-808,lateral-raise,,,
905,87,-715,lateral-raise,,,
785,108,-689,lateral-raise,,,
716,74,-688,lateral-raise,,,
661,45,-688,lateral-raise,,,
606,4,-736,lateral-raise,,,
539,-2,-746,lateral-raise,,,
503,-29,-675,lateral-raise,,,
440,-85,-598,lateral-raise,,,
356,-50,-581,lateral-raise,,,
270,-45,-616,lateral-raise,,,
220,-81,-601,lateral-raise,,,
168,-86,-574,lateral-raise,,,
101,-61,-568,lateral-raise,,,
67,-76,-600,lateral-raise,,,
42,-96,-552,lateral-raise,,,
-54,-83,-539,lateral-raise,,,
-116,-93,-564,lateral-raise,,,
-116,-92,-524,lateral-raise,,,
-166,-80,-565,lateral-raise,,,
-234,-114,-596,lateral-raise,,,
-256,-133,-523,lateral-raise,,,
-246,-120,-516,lateral-raise,,,
-258,-120,-538,lateral-raise,,,
-299,-135,-546,lateral-raise,,,
-287,-175,-579,lateral-raise,,,
-256,-181,-548,lateral-raise,,,
-251,-154,-529,lateral-raise,,,
-250,-178,-615,lateral-raise,,,
-272,-189,-581,lateral-raise,,,
-268,-181,-569,lateral-raise,,,
-258,-132,-537,lateral-raise,,,
-255,-149,-635,lateral-raise,,,
-224,-170,-600,lateral-raise,,,
-224,-170,-546,lateral-raise,,,
-220,-145,-603,lateral-raise,,,
-192,-153,-657,lateral-raise,,,
-140,-158,-663,lateral-raise,,,
-108,-142,-658,lateral-raise,,,
-71,-126,-676,lateral-raise,,,
-52,-106,-712,lateral-raise,,,
8,-129,-717,lateral-raise,,,
1,-144,-813,lateral-raise,,,
24,-135,-721,lateral-raise,,,
48,-57,-783,lateral-raise,,,
87,-118,-869,lateral-raise,,,
118,-67,-750,lateral-raise,,,
187,-12,-930,lateral-raise,,,
228,-88,-908,lateral-raise,,,
261,-25,-840,lateral-raise,,,
327,-2,-895,lateral-raise,,,
404,0,-965,lateral-raise,,,
436,-7,-889,lateral-raise,,,
473,12,-918,lateral-raise,,,
531,48,-941,lateral-raise,,,
569,44,-944,lateral-raise,,,
594,22,-847,lateral-raise,,,
624,51,-810,lateral-raise,,,
689,53,-888,lateral-raise,,,
712,31,-887,lateral-raise,,,
734,56,-769,lateral-raise,,,
765,77,-788,lateral-raise,,,
766,70,-849,lateral-raise,,,
795,49,-800,lateral-raise,,,
821,69,-770,lateral-raise,,,
852,97,-725,lateral-raise,,,
885,91,-710,lateral-raise,,,
896,93,-732,lateral-raise,,,
921,104,-765,lateral-raise,,,
956,92,-740,lateral-raise,,,
960,99,-676,lateral-raise,,,
963,116,-631,lateral-raise,,,
980,105,-631,lateral-raise,,,
977,93,-663,lateral-raise,,,
974,82,-605,lateral-raise,,,
969,96,-509,lateral-raise,,,
956,142,-478,lateral-raise,,,
971,136,-552,lateral-raise,,,
970,99,-532,lateral-raise,,,
990,100,-434,lateral-raise,,,
984,137,-386,lateral-raise,,,
982,158,-417,lateral-raise,,,
980,150,-490,lateral-raise,,,
988,142,-465,lateral-raise,,,
974,138,-347,lateral-raise,,,
967,141,-306,lateral-raise,,,
963,131,-351,lateral-raise,,,
977,145,-344,lateral-raise,,,
983,151,-344,lateral-raise,,,
975,144,-339,lateral-raise,,,
969,145,-289,lateral-raise,,,
975,153,-215,lateral-raise,,,
968,167,-202,lateral-raise,,,
968,152,-248,lateral-raise,,,
976,144,-232,lateral-raise,,,
976,176,-192,lateral-raise,,,
976,176,-192,lateral-raise,,,
992,160,-231,lateral-raise,,,
977,168,-224,lateral-raise,,,
976,153,-209,lateral-raise,,,
976,174,-208,lateral-raise,,,
983,169,-215,lateral-raise,,,
977,189,-181,lateral-raise,,,
990,178,-285,lateral-raise,,,
999,149,-264,lateral-raise,,,
1020,124,-315,lateral-raise,,,
1011,56,-347,lateral-raise,,,
996,34,-358,lateral-raise,,,
1010,38,-372,lateral-raise,,,
1010,105,-364,lateral-raise,,,
997,128,-560,lateral-raise,,,
1020,128,-690,lateral-raise,,,
1064,112,-712,lateral-raise,,,
1048,99,-691,lateral-raise,,,
1078,60,-746,lateral-raise,,,
1129,65,-819,lateral-raise,,,
1149,90,-869,lateral-raise,,,
1184,73,-832,lateral-raise,,,
1217,69,-783,lateral-raise,,,
1241,76,-841,lateral-raise,,,
1273,84,-863,lateral-raise,,,
1244,96,-776,lateral-raise,,,
1235,108,-701,lateral-raise,,,
1257,146,-691,lateral-raise,,,
1212,162,-746,lateral-raise,,,
1176,147,-763,lateral-raise,,,
1163,142,-686,lateral-raise,,,
1116,140,-703,lateral-raise,,,
1052,148,-809,lateral-raise,,,
989,128,-824,lateral-raise,,,
915,123,-797,lateral-raise,,,
831,122,-803,lateral-raise,,,
720,137,-774,lateral-raise,,,
667,116,-700,lateral-raise,,,
618,108,-648,lateral-raise,,,
560,102,-733,lateral-raise,,,
489,35,-760,lateral-raise,,,
423,22,-672,lateral-raise,,,
375,52,-592,lateral-raise,,,
313,67,-712,lateral-raise,,,
221,29,-708,lateral-raise,,,
197,-45,-656,lateral-raise,,,
168,-19,-471,lateral-raise,,,
84,31,-629,lateral-raise,,,
22,12,-695,lateral-raise,,,
-10,-70,-676,lateral-raise,,,
-65,-16,-544,lateral-raise,,,
-135,16,-592,lateral-raise,,,
-136,-7,-677,lateral-raise,,,
-166,-130,-528,lateral-raise,,,
-272,-9,-431,lateral-raise,,,
-229,-58,-584,lateral-raise,,,
-238,-107,-500,lateral-raise,,,
-303,-91,-509,lateral-raise,,,
-271,-115,-553,lateral-raise,,,
-291,-133,-513,lateral-raise,,,
-335,-84,-537,lateral-raise,,,
-325,-148,-544,lateral-raise,,,
-314,-156,-476,lateral-raise,,,
-318,-80,-595,lateral-raise,,,
-326,-127,-622,lateral-raise,,,
-339,-146,-570,lateral-raise,,,
-322,-155,-585,lateral-raise,,,
-290,-144,-611,lateral-raise,,,
-269,-147,-621,lateral-raise,,,
-239,-142,-634,lateral-raise,,,
-224,-146,-586,lateral-raise,,,
-214,-123,-609,lateral-raise,,,
-180,-123,-676,lateral-raise,,,
-147,-109,-629,lateral-raise,,,
-106,-66,-688,lateral-raise,,,
-76,-81,-772,lateral-raise,,,
-40,-116,-728,lateral-raise,,,
15,-97,-723,lateral-raise,,,
55,-87,-756,lateral-raise,,,
61,-83,-771,lateral-raise,,,
85,-56,-835,lateral-raise,,,
142,-53,-875,lateral-raise,,,
164,-33,-850,lateral-raise,,,
207,-23,-915,lateral-raise,,,
251,-32,-943,lateral-raise,,,
274,-5,-937,lateral-raise,,,
324,-18,-1034,lateral-raise,,,
363,-13,-932,lateral-raise,,,
411,24,-842,lateral-raise,,,
478,32,-962,lateral-raise,,,
529,-3,-952,lateral-raise,,,
567,30,-893,lateral-raise,,,
599,1,-884,lateral-raise,,,
635,43,-909,lateral-raise,,,
657,54,-929,lateral-raise,,,
712,46,-876,lateral-raise,,,
717,82,-800,lateral-raise,,,
763,36,-860,lateral-raise,,,
793,78,-815,lateral-raise,,,
810,49,-809,lateral-raise,,,
840,73,-819,lateral-raise,,,
848,104,-664,lateral-raise,,,
848,88,-800,lateral-raise,,,
871,72,-769,lateral-raise,,,
895,72,-646,lateral-raise,,,
881,79,-759,lateral-raise,,,
902,116,-644,lateral-raise,,,
897,99,-703,lateral-raise,,,
924,89,-677,lateral-raise,,,
928,129,-576,lateral-raise,,,
928,129,-640,lateral-raise,,,
954,82,-571,lateral-raise,,,
973,91,-527,lateral-raise,,,
982,121,-508,lateral-raise,,,
990,140,-528,lateral-raise,,,
998,126,-530,lateral-raise,,,
989,120,-499,lateral-raise,,,
990,126,-410,lateral-raise,,,
976,117,-381,lateral-raise,,,
973,123,-389,lateral-raise,,,
971,133,-397,lateral-raise,,,
963,131,-375,lateral-raise,,,
950,133,-336,lateral-raise,,,
939,145,-311,lateral-raise,,,
927,148,-317,lateral-raise,,,
920,135,-341,lateral-raise,,,
928,120,-335,lateral-raise,,,
944,116,-260,lateral-raise,,,
948,135,-242,lateral-raise,,,
948,159,-299,lateral-raise,,,
963,168,-305,lateral-raise,,,
986,168,-293,lateral-raise,,,
1003,162,-269,lateral-raise,,,
1005,152,-225,lateral-raise,,,
994,149,-200,lateral-raise,,,
984,152,-189,lateral-raise,,,
984,165,-178,lateral-raise,,,
986,155,-190,lateral-raise,,,
990,144,-175,lateral-raise,,,
986,146,-194,lateral-raise,,,
990,146,-212,lateral-raise,,,
980,132,-246,lateral-raise,,,
971,134,-235,lateral-raise,,,
978,102,-219,lateral-raise,,,
949,129,-273,lateral-raise,,,
945,118,-484,lateral-raise,,,
1008,43,-499,lateral-raise,,,
1067,213,-497,lateral-raise,,,
1100,116,-785,lateral-raise,,,
1135,79,-947,lateral-raise,,,
1129,72,-784,lateral-raise,,,
1145,79,-937,lateral-raise,,,
1185,40,-975,lateral-raise,,,
1247,8,-857,lateral-raise,,,
1178,86,-701,lateral-raise,,,
1260,96,-749,lateral-raise,,,
1249,103,-707,lateral-raise,,,
1277,60,-675,lateral-raise,,,
1294,70,-658,lateral-raise,,,
1296,79,-803,lateral-raise,,,
1282,94,-776,lateral-raise,,,
1240,89,-741,lateral-raise,,,
1173,88,-703,lateral-raise,,,
1128,113,-760,lateral-raise,,,
1070,89,-671,lateral-raise,,,
1008,116,-700,lateral-raise,,,
951,87,-720,lateral-raise,,,
873,83,-691,lateral-raise,,,
792,88,-702,lateral-raise,,,
719,50,-707,lateral-raise,,,
638,85,-599,lateral-raise,,,
572,87,-651,lateral-raise,,,
498,62,-707,lateral-raise,,,
416,23,-675,lateral-raise,,,
347,0,-684,lateral-raise,,,
307,-27,-726,lateral-raise,,,
253,-39,-679,lateral-raise,,,
158,-36,-578,lateral-raise,,,
100,-48,-592,lateral-raise,,,
84,-41,-667,lateral-raise,,,
39,-46,-655,lateral-raise,,,
-14,-40,-567,lateral-raise,,,
-45,-3,-555,lateral-raise,,,
-70,-18,-592,lateral-raise,,,
-89,-56,-596,lateral-raise,,,
-119,-90,-628,lateral-raise,,,
-158,-64,-585,lateral-raise,,,
-189,-66,-667,lateral-raise,,,
-202,-126,-640,lateral-raise,,,
-217,-118,-635,lateral-raise,,,
-253,-127,-609,lateral-raise,,,
-284,-81,-550,lateral-raise,,,
-263,-164,-521,lateral-raise,,,
-239,-173,-610,lateral-raise,,,
-268,-147,-617,lateral-raise,,,
-287,-95,-633,lateral-raise,,,
-286,-124,-685,lateral-raise,,,
-317,-112,-706,lateral-raise,,,
-291,-161,-659,lateral-raise,,,
-247,-105,-612,lateral-raise,,,
-243,-118,-579,lateral-raise,,,
-278,-99,-631,lateral-raise,,,
-239,-152,-774,lateral-raise,,,
-216,-144,-696,lateral-raise,,,
-240,-112,-632,lateral-raise,,,
-170,-128,-632,lateral-raise,,,
-138,-143,-662,lateral-raise,,,
-84,-99,-739,lateral-raise,,,
-51,-111,-700,lateral-raise,,,
-34,-76,-675,lateral-raise,,,
38,-72,-707,lateral-raise,,,
82,-92,-732,lateral-raise,,,
101,-43,-716,lateral-raise,,,
137,-32,-803,lateral-raise,,,
144,-26,-830,lateral-raise,,,
175,32,-776,lateral-raise,,,
202,0,-784,lateral-raise,,,
214,25,-845,lateral-raise,,,
279,17,-904,lateral-raise,,,
349,2,-859,lateral-raise,,,
390,60,-935,lateral-raise,,,
421,30,-937,lateral-raise,,,
483,36,-820,lateral-raise,,,
507,76,-877,lateral-raise,,,
566,78,-911,lateral-raise,,,
603,104,-869,lateral-raise,,,
640,132,-878,lateral-raise,,,
668,127,-874,lateral-raise,,,
681,132,-848,lateral-raise,,,
736,148,-852,lateral-raise,,,
788,140,-860,lateral-raise,,,
818,146,-830,lateral-raise,,,
851,164,-779,lateral-raise,,,
867,163,-772,lateral-raise,,,
885,174,-829,lateral-raise,,,
907,153,-799,lateral-raise,,,
918,124,-636,lateral-raise,,,
942,163,-623,lateral-raise,,,
981,160,-723,lateral-raise,,,
1010,144,-668,lateral-raise,,,
1009,146,-626,lateral-raise,,,
994,154,-596,lateral-raise,,,
998,154,-592,lateral-raise,,,
988,136,-539,lateral-raise,,,
976,138,-513,lateral-raise,,,
979,138,-492,lateral-raise,,,
989,112,-516,lateral-raise,,,
977,113,-524,lateral-raise,,,
984,119,-445,lateral-raise,,,
983,113,-373,lateral-raise,,,
977,121,-415,lateral-raise,,,
985,136,-406,lateral-raise,,,
993,136,-380,lateral-raise,,,
1008,136,-312,lateral-raise,,,
1000,128,-312,lateral-raise,,,
1024,136,-304,lateral-raise,,,
1008,136,-312,lateral-raise,,,
993,121,-304,lateral-raise,,,
985,135,-267,lateral-raise,,,
969,129,-249,lateral-raise,,,
968,149,-241,lateral-raise,,,
968,124,-233,lateral-raise,,,
954,140,-205,lateral-raise,,,
965,151,-173,lateral-raise,,,
961,152,-220,lateral-raise,,,
973,127,-207,lateral-raise,,,
964,132,-188,lateral-raise,,,
972,148,-202,lateral-raise,,,
976,164,-196,lateral-raise,,,
976,174,-186,lateral-raise,,,
993,193,-217,lateral-raise,,,
1005,205,-205,lateral-raise,,,
1019,145,-213,lateral-raise,,,
1004,76,-199,lateral-raise,,,
992,71,-312,lateral-raise,,,
992,42,-445,lateral-raise,,,
997,72,-480,lateral-raise,,,
1004,108,-543,lateral-raise,,,
1021,117,-683,lateral-raise,,,
1049,111,-756,lateral-raise,,,
1080,80,-720,lateral-raise,,,
1134,64,-688,lateral-raise,,,
1194,75,-714,lateral-raise,,,
1216,81,-776,lateral-raise,,,
1233,75,-806,lateral-raise,,,
1250,70,-782,lateral-raise,,,
1240,56,-780,lateral-raise,,,
1255,65,-785,lateral-raise,,,
1280,85,-763,lateral-raise,,,
1288,96,-778,lateral-raise,,,
1309,94,-793,lateral-raise,,,
1311,93,-771,lateral-raise,,,
1271,112,-745,lateral-raise,,,
1220,134,-712,lateral-raise,,,
1183,126,-736,lateral-raise,,,
1083,120,-751,lateral-raise,,,
1016,120,-802,lateral-raise,,,
933,116,-769,lateral-raise,,,
867,95,-741,lateral-raise,,,
785,95,-758,lateral-raise,,,
727,141,-685,lateral-raise,,,
654,109,-676,lateral-raise,,,
627,77,-790,lateral-raise,,,
556,35,-660,lateral-raise,,,
477,87,-726,lateral-raise,,,
392,40,-648,lateral-raise,,,
328,0,-640,lateral-raise,,,
328,0,-640,lateral-raise,,,
266,8,-555,lateral-raise,,,
203,16,-620,lateral-raise,,,
140,23,-654,lateral-raise,,,
107,-49,-634,lateral-raise,,,
68,-106,-582,lateral-raise,,,
29,-35,-534,lateral-raise,,,
-44,-44,-521,lateral-raise,,,
-103,-61,-487,lateral-raise,,,
-105,-123,-545,lateral-raise,,,
-136,-104,-522,lateral-raise,,,
-231,-121,-518,lateral-raise,,,
-238,-122,-556,lateral-raise,,,
-256,-126,-527,lateral-raise,,,
-287,-145,-489,lateral-raise,,,
-279,-158,-519,lateral-raise,,,
-294,-144,-520,lateral-raise,,,
-330,-136,-607,lateral-raise,,,
-349,-182,-585,lateral-raise,,,
-352,-168,-579,lateral-raise,,,
-323,-163,-633,lateral-raise,,,
-323,-176,-587,lateral-raise,,,
-318,-167,-576,lateral-raise,,,
-304,-164,-612,lateral-raise,,,
-296,-180,-616,lateral-raise,,,
-296,-164,-636,lateral-raise,,,
-289,-140,-621,lateral-raise,,,
-268,-144,-562,lateral-raise,,,
-239,-133,-589,lateral-raise,,,
-195,-123,-646,lateral-raise,,,
-163,-122,-606,lateral-raise,,,
-129,-106,-583,lateral-raise,,,
-92,-90,-625,lateral-raise,,,
-58,-83,-689,lateral-raise,,,
-19,-85,-742,lateral-raise,,,
30,-65,-701,lateral-raise,,,
89,-25,-676,lateral-raise,,,
131,-14,-745,lateral-raise,,,
196,-28,-782,lateral-raise,,,
236,-11,-768,lateral-raise,,,
263,6,-817,lateral-raise,,,
329,-1,-791,lateral-raise,,,
373,4,-805,lateral-raise,,,
414,52,-914,lateral-raise,,,
500,-5,-909,lateral-raise,,,
533,75,-802,lateral-raise,,,
581,96,-1002,lateral-raise,,,
637,93,-857,lateral-raise,,,
714,46,-855,lateral-raise,,,
745,10,-687,lateral-raise,,,
792,72,-920,lateral-raise,,,
840,24,-928,lateral-raise,,,
824,102,-812,lateral-raise,,,
877,157,-831,lateral-raise,,,
910,108,-780,lateral-raise,,,
934,111,-820,lateral-raise,,,
950,119,-853,lateral-raise,,,
980,106,-716,lateral-raise,,,
998,124,-710,lateral-raise,,,
1007,108,-699,lateral-raise,,,
1021,104,-676,lateral-raise,,,
1037,129,-589,lateral-raise,,,
1052,130,-692,lateral-raise,,,
1056,116,-643,lateral-raise,,,
1027,118,-534,lateral-raise,,,
1022,114,-475,lateral-raise,,,
1030,118,-542,lateral-raise,,,
1032,104,-571,lateral-raise,,,
1016,107,-521,lateral-raise,,,
977,102,-460,lateral-raise,,,
955,121,-410,lateral-raise,,,
957,146,-387,lateral-raise,,,
974,147,-379,lateral-raise,,,
975,162,-358,lateral-raise,,,
972,163,-309,lateral-raise,,,
980,140,-276,lateral-raise,,,
980,128,-260,lateral-raise,,,
980,120,-252,lateral-raise,,,
969,119,-238,lateral-raise,,,
931,132,-205,lateral-raise,,,
891,136,-172,lateral-raise,,,
859,136,-141,lateral-raise,,,
837,133,-151,lateral-raise,,,
829,143,-179,lateral-raise,,,
810,168,-189,lateral-raise,,,
774,155,-164,lateral-raise,,,
752,126,-73,lateral-raise,,,
757,129,-60,lateral-raise,,,
772,150,-114,lateral-raise,,,
796,148,-112,lateral-raise,,,
827,162,-70,lateral-raise,,,
813,163,-10,lateral-raise,,,
841,145,-20,lateral-raise,,,
893,157,-49,lateral-raise,,,
966,184,-90,lateral-raise,,,
999,188,-46,lateral-raise,,,
997,210,15,lateral-raise,,,
1046,159,-56,lateral-raise,,,
1106,145,-55,lateral-raise,,,
1136,151,-46,lateral-raise,,,
1136,137,-15,lateral-raise,,,
1128,184,8,lateral-raise,,,
