shoulders,lateral-raise,556,219,-740
shoulders,lateral-raise,587,201,-768
shoulders,lateral-raise,597,209,-777
shoulders,lateral-raise,626,185,-777
shoulders,lateral-raise,616,176,-778
shoulders,lateral-raise,614,185,-792
shoulders,lateral-raise,612,191,-769
shoulders,lateral-raise,628,146,-760
shoulders,lateral-raise,537,223,-665
shoulders,lateral-raise,1367,-928,-165
shoulders,lateral-raise,1600,146,-717
shoulders,lateral-raise,970,246,-740
shoulders,lateral-raise,389,142,-704
shoulders,lateral-raise,296,67,-597
shoulders,lateral-raise,664,-464,-446
shoulders,lateral-raise,199,-372,-418
shoulders,lateral-raise,-1168,-668,-200
shoulders,lateral-raise,-1347,999,-952
shoulders,lateral-raise,-134,1091,-747
shoulders,lateral-raise,1052,210,-341
shoulders,lateral-raise,888,-1,-518
shoulders,lateral-raise,672,-64,-635
shoulders,lateral-raise,816,93,-520
shoulders,lateral-raise,711,64,-475
shoulders,lateral-raise,666,106,-360
shoulders,lateral-raise,672,136,-352
shoulders,lateral-raise,687,109,-390
shoulders,lateral-raise,719,178,-294
shoulders,lateral-raise,739,311,-147
shoulders,lateral-raise,766,337,-149
shoulders,lateral-raise,786,284,-181
shoulders,lateral-raise,852,385,-118
shoulders,lateral-raise,882,482,-11
shoulders,lateral-raise,915,443,-46
shoulders,lateral-raise,983,465,-32
shoulders,lateral-raise,1066,480,-1
shoulders,lateral-raise,1108,442,109
shoulders,lateral-raise,1093,413,265
shoulders,lateral-raise,1112,408,208
shoulders,lateral-raise,1122,401,195
shoulders,lateral-raise,1128,344,56
shoulders,lateral-raise,1175,287,-48
shoulders,lateral-raise,1223,-54,-203
shoulders,lateral-raise,1295,114,61
shoulders,lateral-raise,1380,255,432
shoulders,lateral-raise,1405,251,349
shoulders,lateral-raise,1306,242,-208
shoulders,lateral-raise,1252,106,-424
shoulders,lateral-raise,1352,141,0
shoulders,lateral-raise,1407,156,280
shoulders,lateral-raise,1423,117,34
shoulders,lateral-raise,1364,78,-73
shoulders,lateral-raise,1312,99,-55
shoulders,lateral-raise,1270,262,-208
shoulders,lateral-raise,1179,301,-543
shoulders,lateral-raise,1095,296,-746
shoulders,lateral-raise,1036,296,-773
shoulders,lateral-raise,1008,345,-488
shoulders,lateral-raise,1028,251,-738
shoulders,lateral-raise,1047,247,-924
shoulders,lateral-raise,1178,171,-873
shoulders,lateral-raise,1266,169,-675
shoulders,lateral-raise,1285,208,-780
shoulders,lateral-raise,1324,166,-846
shoulders,lateral-raise,1337,205,-773
shoulders,lateral-raise,1279,234,-837
shoulders,lateral-raise,1269,181,-840
shoulders,lateral-raise,1232,172,-841
shoulders,lateral-raise,1164,230,-791
shoulders,lateral-raise,1097,181,-846
shoulders,lateral-raise,1020,157,-747
shoulders,lateral-raise,888,213,-722
shoulders,lateral-raise,768,104,-728
shoulders,lateral-raise,687,130,-739
shoulders,lateral-raise,574,132,-611
shoulders,lateral-raise,485,100,-533
shoulders,lateral-raise,388,88,-573
shoulders,lateral-raise,275,92,-507
shoulders,lateral-raise,173,75,-445
shoulders,lateral-raise,50,39,-440
shoulders,lateral-raise,-40,16,-334
shoulders,lateral-raise,-112,48,-304
shoulders,lateral-raise,-112,48,-304
shoulders,lateral-raise,-166,71,-226
shoulders,lateral-raise,-252,-4,-254
shoulders,lateral-raise,-293,-8,-174
shoulders,lateral-raise,-325,-15,-139
shoulders,lateral-raise,-378,-37,-172
shoulders,lateral-raise,-405,-26,-169
shoulders,lateral-raise,-442,-38,-209
shoulders,lateral-raise,-501,-67,-149
shoulders,lateral-raise,-551,-72,-182
shoulders,lateral-raise,-573,-78,-186
shoulders,lateral-raise,-595,-92,-209
shoulders,lateral-raise,-588,-108,-234
shoulders,lateral-raise,-602,-88,-269
shoulders,lateral-raise,-608,-91,-263
shoulders,lateral-raise,-591,-107,-239
shoulders,lateral-raise,-552,-101,-264
shoulders,lateral-raise,-515,-101,-322
shoulders,lateral-raise,-468,-114,-344
shoulders,lateral-raise,-423,-110,-403
shoulders,lateral-raise,-403,-99,-464
shoulders,lateral-raise,-400,-87,-485
shoulders,lateral-raise,-369,-67,-546
shoulders,lateral-raise,-344,-30,-614
shoulders,lateral-raise,-327,0,-715
shoulders,lateral-raise,-292,12,-828
shoulders,lateral-raise,-257,39,-845
shoulders,lateral-raise,-222,82,-865
shoulders,lateral-raise,-204,93,-933
shoulders,lateral-raise,-174,83,-967
shoulders,lateral-raise,-102,72,-934
shoulders,lateral-raise,-49,51,-945
shoulders,lateral-raise,-9,41,-1032
shoulders,lateral-raise,27,41,-954
shoulders,lateral-raise,76,75,-938
shoulders,lateral-raise,136,50,-973
shoulders,lateral-raise,147,63,-928
shoulders,lateral-raise,195,93,-943
shoulders,lateral-raise,266,118,-992
shoulders,lateral-raise,324,90,-989
shoulders,lateral-raise,352,101,-922
shoulders,lateral-raise,428,120,-1030
shoulders,lateral-raise,484,121,-1041
shoulders,lateral-raise,516,123,-979
shoulders,lateral-raise,587,95,-1030
shoulders,lateral-raise,612,97,-966
shoulders,lateral-raise,652,167,-1015
shoulders,lateral-raise,688,157,-1010
shoulders,lateral-raise,689,120,-1027
shoulders,lateral-raise,705,120,-935
shoulders,lateral-raise,736,112,-895
shoulders,lateral-raise,760,152,-817
shoulders,lateral-raise,768,90,-878
shoulders,lateral-raise,768,111,-956
shoulders,lateral-raise,783,149,-744
shoulders,lateral-raise,769,94,-823
shoulders,lateral-raise,804,124,-739
shoulders,lateral-raise,801,142,-742
shoulders,lateral-raise,807,103,-744
shoulders,lateral-raise,835,136,-671
shoulders,lateral-raise,833,151,-695
shoulders,lateral-raise,838,120,-628
shoulders,lateral-raise,852,118,-527
shoulders,lateral-raise,874,120,-595
shoulders,lateral-raise,868,132,-589
shoulders,lateral-raise,887,125,-553
shoulders,lateral-raise,896,103,-511
shoulders,lateral-raise,891,145,-523
shoulders,lateral-raise,883,152,-552
shoulders,lateral-raise,880,154,-524
shoulders,lateral-raise,875,135,-489
shoulders,lateral-raise,877,120,-537
shoulders,lateral-raise,889,111,-553
shoulders,lateral-raise,905,95,-536
shoulders,lateral-raise,925,88,-549
shoulders,lateral-raise,948,92,-564
shoulders,lateral-raise,968,84,-608
shoulders,lateral-raise,980,76,-709
shoulders,lateral-raise,995,87,-824
shoulders,lateral-raise,1008,100,-845
shoulders,lateral-raise,1008,104,-824
shoulders,lateral-raise,1008,91,-936
shoulders,lateral-raise,1014,69,-1035
shoulders,lateral-raise,1030,64,-991
shoulders,lateral-raise,1043,61,-987
shoulders,lateral-raise,1048,48,-1026
shoulders,lateral-raise,1055,30,-1076
shoulders,lateral-raise,1074,33,-1097
shoulders,lateral-raise,1076,56,-1046
shoulders,lateral-raise,1064,62,-952
shoulders,lateral-raise,1057,75,-948
shoulders,lateral-raise,1032,56,-934
shoulders,lateral-raise,1026,50,-924
shoulders,lateral-raise,996,25,-908
shoulders,lateral-raise,972,34,-922
shoulders,lateral-raise,948,45,-888
shoulders,lateral-raise,916,27,-888
shoulders,lateral-raise,872,52,-885
shoulders,lateral-raise,780,7,-858
shoulders,lateral-raise,726,0,-889
shoulders,lateral-raise,694,2,-899
shoulders,lateral-raise,616,80,-744
shoulders,lateral-raise,568,56,-720
shoulders,lateral-raise,498,64,-774
shoulders,lateral-raise,412,-12,-768
shoulders,lateral-raise,341,21,-790
shoulders,lateral-raise,285,2,-777
shoulders,lateral-raise,230,7,-762
shoulders,lateral-raise,133,29,-725
shoulders,lateral-raise,65,-2,-672
shoulders,lateral-raise,36,-15,-651
shoulders,lateral-raise,-1,4,-694
shoulders,lateral-raise,-59,-30,-590
shoulders,lateral-raise,-134,-9,-492
shoulders,lateral-raise,-158,-42,-563
shoulders,lateral-raise,-148,-62,-545
shoulders,lateral-raise,-230,-41,-448
shoulders,lateral-raise,-303,-60,-405
shoulders,lateral-raise,-320,-115,-422
shoulders,lateral-raise,-362,-115,-337
shoulders,lateral-raise,-389,-104,-385
shoulders,lateral-raise,-407,-89,-351
shoulders,lateral-raise,-449,-75,-353
shoulders,lateral-raise,-486,-104,-383
shoulders,lateral-raise,-505,-128,-345
shoulders,lateral-raise,-503,-106,-355
shoulders,lateral-raise,-508,-113,-388
shoulders,lateral-raise,-520,-112,-412
shoulders,lateral-raise,-520,-126,-413
shoulders,lateral-raise,-505,-150,-407
shoulders,lateral-raise,-499,-132,-445
shoulders,lateral-raise,-492,-149,-459
shoulders,lateral-raise,-451,-152,-456
shoulders,lateral-raise,-417,-146,-498
shoulders,lateral-raise,-389,-161,-543
shoulders,lateral-raise,-379,-136,-595
shoulders,lateral-raise,-352,-144,-645
shoulders,lateral-raise,-296,-167,-630
shoulders,lateral-raise,-245,-166,-638
shoulders,lateral-raise,-250,-126,-720
shoulders,lateral-raise,-210,-128,-734
shoulders,lateral-raise,-137,-91,-727
shoulders,lateral-raise,-109,-125,-821
shoulders,lateral-raise,-86,-113,-876
shoulders,lateral-raise,-35,-116,-884
shoulders,lateral-raise,-8,-92,-840
shoulders,lateral-raise,-1,-70,-934
shoulders,lateral-raise,53,-58,-933
shoulders,lateral-raise,97,-69,-1032
shoulders,lateral-raise,115,-40,-947
shoulders,lateral-raise,156,-40,-987
shoulders,lateral-raise,233,-40,-892
shoulders,lateral-raise,272,-32,-1016
shoulders,lateral-raise,296,-64,-992
shoulders,lateral-raise,350,-10,-1000
shoulders,lateral-raise,360,-61,-1038
shoulders,lateral-raise,405,-19,-995
shoulders,lateral-raise,466,-38,-904
shoulders,lateral-raise,529,-11,-839
shoulders,lateral-raise,550,27,-993
shoulders,lateral-raise,579,-16,-1132
shoulders,lateral-raise,657,3,-919
shoulders,lateral-raise,646,15,-872
shoulders,lateral-raise,697,-9,-847
shoulders,lateral-raise,681,-16,-877
shoulders,lateral-raise,696,14,-936
shoulders,lateral-raise,745,-5,-934
shoulders,lateral-raise,737,13,-882
shoulders,lateral-raise,756,13,-936
shoulders,lateral-raise,779,8,-822
shoulders,lateral-raise,826,34,-752
shoulders,lateral-raise,843,48,-783
shoulders,lateral-raise,850,33,-879
shoulders,lateral-raise,875,38,-751
shoulders,lateral-raise,874,62,-669
shoulders,lateral-raise,886,59,-745
shoulders,lateral-raise,895,22,-762
shoulders,lateral-raise,888,12,-673
shoulders,lateral-raise,888,48,-512
shoulders,lateral-raise,900,49,-547
shoulders,lateral-raise,923,42,-659
shoulders,lateral-raise,940,60,-564
shoulders,lateral-raise,927,49,-512
shoulders,lateral-raise,894,50,-589
shoulders,lateral-raise,883,67,-580
shoulders,lateral-raise,882,60,-433
shoulders,lateral-raise,875,56,-414
shoulders,lateral-raise,885,96,-487
shoulders,lateral-raise,894,107,-518
shoulders,lateral-raise,890,87,-456
shoulders,lateral-raise,894,66,-477
shoulders,lateral-raise,894,84,-438
shoulders,lateral-raise,907,113,-484
shoulders,lateral-raise,891,86,-480
shoulders,lateral-raise,903,77,-416
shoulders,lateral-raise,897,72,-413
shoulders,lateral-raise,908,108,-406
shoulders,lateral-raise,929,83,-449
shoulders,lateral-raise,937,48,-515
shoulders,lateral-raise,944,48,-543
shoulders,lateral-raise,949,44,-628
shoulders,lateral-raise,1016,-12,-782
shoulders,lateral-raise,1025,57,-743
shoulders,lateral-raise,1048,104,-976
shoulders,lateral-raise,1048,104,-1096
shoulders,lateral-raise,1064,50,-1018
shoulders,lateral-raise,1072,18,-894
shoulders,lateral-raise,1057,38,-933
shoulders,lateral-raise,1063,11,-965
shoulders,lateral-raise,1100,65,-1011
shoulders,lateral-raise,1118,79,-1023
shoulders,lateral-raise,1120,53,-1010
shoulders,lateral-raise,1107,21,-788
shoulders,lateral-raise,1104,49,-835
shoulders,lateral-raise,1091,31,-951
shoulders,lateral-raise,1069,55,-871
shoulders,lateral-raise,1046,46,-840
shoulders,lateral-raise,1011,52,-875
shoulders,lateral-raise,954,39,-877
shoulders,lateral-raise,925,32,-878
shoulders,lateral-raise,855,21,-902
shoulders,lateral-raise,803,16,-886
shoulders,lateral-raise,751,31,-857
shoulders,lateral-raise,684,15,-823
shoulders,lateral-raise,623,5,-779
shoulders,lateral-raise,568,-1,-765
shoulders,lateral-raise,513,-17,-746
shoulders,lateral-raise,449,-20,-750
shoulders,lateral-raise,379,-20,-751
shoulders,lateral-raise,304,-36,-744
shoulders,lateral-raise,226,-63,-698
shoulders,lateral-raise,177,-62,-647
shoulders,lateral-raise,136,9,-709
shoulders,lateral-raise,62,8,-776
shoulders,lateral-raise,-3,-70,-673
shoulders,lateral-raise,-35,-50,-529
shoulders,lateral-raise,-57,-57,-570
shoulders,lateral-raise,-104,-83,-613
shoulders,lateral-raise,-159,-95,-592
shoulders,lateral-raise,-225,-125,-514
shoulders,lateral-raise,-275,-66,-442
shoulders,lateral-raise,-310,-49,-536
shoulders,lateral-raise,-342,-102,-527
shoulders,lateral-raise,-389,-109,-447
shoulders,lateral-raise,-416,-79,-513
shoulders,lateral-raise,-449,-94,-480
shoulders,lateral-raise,-463,-60,-569
shoulders,lateral-raise,-496,-118,-490
shoulders,lateral-raise,-493,-103,-456
shoulders,lateral-raise,-469,-96,-463
shoulders,lateral-raise,-439,-100,-517
shoulders,lateral-raise,-435,-133,-483
shoulders,lateral-raise,-479,-99,-426
shoulders,lateral-raise,-465,-152,-620
shoulders,lateral-raise,-488,-152,-489
shoulders,lateral-raise,-520,-144,-559
shoulders,lateral-raise,-497,-160,-537
shoulders,lateral-raise,-450,-168,-475
shoulders,lateral-raise,-441,-161,-606
shoulders,lateral-raise,-447,-138,-572
shoulders,lateral-raise,-462,-86,-604
shoulders,lateral-raise,-401,-80,-566
shoulders,lateral-raise,-351,-80,-656
shoulders,lateral-raise,-311,-93,-685
shoulders,lateral-raise,-278,-116,-753
shoulders,lateral-raise,-266,-82,-793
shoulders,lateral-raise,-239,-97,-707
shoulders,lateral-raise,-196,-80,-662
shoulders,lateral-raise,-131,-72,-703
shoulders,lateral-raise,-118,-66,-783
shoulders,lateral-raise,-81,-70,-847
shoulders,lateral-raise,-32,-88,-886
shoulders,lateral-raise,-11,-43,-912
shoulders,lateral-raise,-8,-47,-930
shoulders,lateral-raise,-18,-39,-872
shoulders,lateral-raise,33,5,-894
shoulders,lateral-raise,109,24,-876
shoulders,lateral-raise,167,37,-899
shoulders,lateral-raise,227,18,-943
shoulders,lateral-raise,281,17,-928
shoulders,lateral-raise,312,40,-940
shoulders,lateral-raise,355,36,-918
shoulders,lateral-raise,392,58,-905
shoulders,lateral-raise,427,92,-972
shoulders,lateral-raise,475,62,-920
shoulders,lateral-raise,515,61,-842
shoulders,lateral-raise,580,97,-904
shoulders,lateral-raise,597,42,-933
shoulders,lateral-raise,606,46,-979
shoulders,lateral-raise,645,56,-945
shoulders,lateral-raise,674,53,-864
shoulders,lateral-raise,694,113,-831
shoulders,lateral-raise,736,90,-894
shoulders,lateral-raise,754,96,-845
shoulders,lateral-raise,749,145,-964
shoulders,lateral-raise,795,79,-858
shoulders,lateral-raise,808,140,-736
shoulders,lateral-raise,817,141,-828
shoulders,lateral-raise,868,49,-750
shoulders,lateral-raise,887,63,-657
shoulders,lateral-raise,882,106,-725
shoulders,lateral-raise,897,59,-761
shoulders,lateral-raise,904,89,-685
shoulders,lateral-raise,904,102,-640
shoulders,lateral-raise,904,65,-632
shoulders,lateral-raise,904,88,-624
shoulders,lateral-raise,904,64,-640
shoulders,lateral-raise,904,64,-640
shoulders,lateral-raise,920,41,-570
shoulders,lateral-raise,912,108,-515
shoulders,lateral-raise,912,90,-534
shoulders,lateral-raise,905,73,-667
shoulders,lateral-raise,933,65,-466
shoulders,lateral-raise,936,78,-384
shoulders,lateral-raise,956,73,-410
shoulders,lateral-raise,980,92,-503
shoulders,lateral-raise,984,89,-500
shoulders,lateral-raise,984,94,-439
shoulders,lateral-raise,972,115,-387
shoulders,lateral-raise,968,102,-400
shoulders,lateral-raise,968,114,-367
shoulders,lateral-raise,957,126,-369
shoulders,lateral-raise,946,106,-404
shoulders,lateral-raise,939,123,-362
shoulders,lateral-raise,925,136,-347
shoulders,lateral-raise,915,141,-357
shoulders,lateral-raise,917,144,-370
shoulders,lateral-raise,920,120,-362
shoulders,lateral-raise,920,118,-310
shoulders,lateral-raise,929,124,-289
shoulders,lateral-raise,945,103,-326
shoulders,lateral-raise,956,96,-352
shoulders,lateral-raise,960,84,-340
shoulders,lateral-raise,964,60,-370
shoulders,lateral-raise,964,63,-442
shoulders,lateral-raise,967,79,-497
shoulders,lateral-raise,989,81,-572
shoulders,lateral-raise,1021,98,-674
shoulders,lateral-raise,1043,118,-767
shoulders,lateral-raise,1060,82,-854
shoulders,lateral-raise,1088,56,-904
shoulders,lateral-raise,1117,34,-895
shoulders,lateral-raise,1146,41,-944
shoulders,lateral-raise,1159,10,-917
shoulders,lateral-raise,1184,22,-865
shoulders,lateral-raise,1210,40,-912
shoulders,lateral-raise,1214,54,-901
shoulders,lateral-raise,1218,99,-872
shoulders,lateral-raise,1252,79,-885
shoulders,lateral-raise,1236,73,-805
shoulders,lateral-raise,1250,88,-836
shoulders,lateral-raise,1210,134,-864
shoulders,lateral-raise,1166,117,-917
shoulders,lateral-raise,1145,97,-888
shoulders,lateral-raise,1070,111,-802
shoulders,lateral-raise,1036,104,-822
shoulders,lateral-raise,966,113,-775
shoulders,lateral-raise,888,143,-752
shoulders,lateral-raise,848,89,-736
shoulders,lateral-raise,778,88,-814
shoulders,lateral-raise,654,141,-801
shoulders,lateral-raise,551,77,-666
shoulders,lateral-raise,537,21,-707
shoulders,lateral-raise,465,73,-719
shoulders,lateral-raise,337,45,-762
shoulders,lateral-raise,279,67,-713
shoulders,lateral-raise,165,45,-684
shoulders,lateral-raise,92,40,-732
shoulders,lateral-raise,48,40,-668
shoulders,lateral-raise,21,-3,-611
shoulders,lateral-raise,-8,-16,-618
shoulders,lateral-raise,-57,-4,-577
shoulders,lateral-raise,-118,-63,-549
shoulders,lateral-raise,-158,-27,-533
shoulders,lateral-raise,-233,-32,-550
shoulders,lateral-raise,-280,-106,-476
shoulders,lateral-raise,-293,-80,-417
shoulders,lateral-raise,-321,-83,-448
shoulders,lateral-raise,-322,-90,-458
shoulders,lateral-raise,-354,-103,-471
shoulders,lateral-raise,-411,-151,-488
shoulders,lateral-raise,-454,-133,-471
shoulders,lateral-raise,-468,-117,-456
shoulders,lateral-raise,-472,-152,-400
shoulders,lateral-raise,-484,-156,-382
shoulders,lateral-raise,-495,-133,-446
shoulders,lateral-raise,-532,-116,-476
shoulders,lateral-raise,-551,-136,-527
shoulders,lateral-raise,-515,-158,-566
shoulders,lateral-raise,-502,-135,-513
shoulders,lateral-raise,-497,-143,-500
shoulders,lateral-raise,-469,-157,-509
shoulders,lateral-raise,-451,-112,-506
shoulders,lateral-raise,-419,-138,-539
shoulders,lateral-raise,-415,-142,-548
shoulders,lateral-raise,-419,-109,-611
shoulders,lateral-raise,-378,-144,-626
shoulders,lateral-raise,-355,-140,-609
shoulders,lateral-raise,-329,-128,-681
shoulders,lateral-raise,-301,-125,-628
shoulders,lateral-raise,-283,-113,-661
shoulders,lateral-raise,-250,-124,-742
shoulders,lateral-raise,-211,-138,-817
shoulders,lateral-raise,-173,-96,-774
shoulders,lateral-raise,-151,-95,-816
shoulders,lateral-raise,-131,-86,-746
shoulders,lateral-raise,-65,-64,-888
shoulders,lateral-raise,-77,-72,-883
shoulders,lateral-raise,8,-72,-968
shoulders,lateral-raise,72,-80,-920
shoulders,lateral-raise,41,-80,-897
shoulders,lateral-raise,70,-95,-911
shoulders,lateral-raise,132,-29,-1039
shoulders,lateral-raise,194,-75,-975
shoulders,lateral-raise,300,-23,-775
shoulders,lateral-raise,347,-23,-927
shoulders,lateral-raise,400,-65,-972
shoulders,lateral-raise,388,-39,-916
shoulders,lateral-raise,475,-32,-1002
shoulders,lateral-raise,502,6,-872
shoulders,lateral-raise,535,10,-925
shoulders,lateral-raise,610,-4,-892
shoulders,lateral-raise,620,10,-937
shoulders,lateral-raise,650,-18,-977
shoulders,lateral-raise,653,24,-923
shoulders,lateral-raise,659,59,-907
shoulders,lateral-raise,669,59,-880
shoulders,lateral-raise,718,112,-803
shoulders,lateral-raise,739,104,-882
shoulders,lateral-raise,784,80,-885
shoulders,lateral-raise,802,80,-798
shoulders,lateral-raise,823,76,-781
shoulders,lateral-raise,857,72,-757
shoulders,lateral-raise,860,60,-786
shoulders,lateral-raise,868,64,-708
shoulders,lateral-raise,892,95,-580
shoulders,lateral-raise,911,116,-687
shoulders,lateral-raise,909,85,-780
shoulders,lateral-raise,899,47,-670
shoulders,lateral-raise,904,85,-558
shoulders,lateral-raise,910,116,-544
shoulders,lateral-raise,920,113,-550
shoulders,lateral-raise,920,133,-546
shoulders,lateral-raise,925,117,-520
shoulders,lateral-raise,938,135,-537
shoulders,lateral-raise,935,132,-558
shoulders,lateral-raise,914,84,-491
shoulders,lateral-raise,920,102,-442
shoulders,lateral-raise,918,115,-468
shoulders,lateral-raise,915,98,-472
shoulders,lateral-raise,928,104,-517
shoulders,lateral-raise,933,105,-431
shoulders,lateral-raise,959,111,-416
shoulders,lateral-raise,955,107,-366
shoulders,lateral-raise,976,129,-362
shoulders,lateral-raise,975,131,-444
shoulders,lateral-raise,960,82,-400
shoulders,lateral-raise,960,112,-289
shoulders,lateral-raise,960,120,-305
shoulders,lateral-raise,952,104,-344
shoulders,lateral-raise,952,80,-312
shoulders,lateral-raise,960,103,-289
shoulders,lateral-raise,937,112,-296
shoulders,lateral-raise,943,105,-289
shoulders,lateral-raise,973,119,-295
shoulders,lateral-raise,962,120,-267
shoulders,lateral-raise,960,106,-306
shoulders,lateral-raise,980,97,-326
shoulders,lateral-raise,977,83,-335
shoulders,lateral-raise,976,80,-343
shoulders,lateral-raise,976,80,-382
shoulders,lateral-raise,976,86,-460
shoulders,lateral-raise,982,76,-486
shoulders,lateral-raise,1002,90,-559
shoulders,lateral-raise,1019,102,-704
shoulders,lateral-raise,1035,87,-791
shoulders,lateral-raise,1051,80,-840
shoulders,lateral-raise,1067,48,-830
shoulders,lateral-raise,1113,37,-806
shoulders,lateral-raise,1156,30,-854
shoulders,lateral-raise,1187,29,-821
shoulders,lateral-raise,1223,23,-771
shoulders,lateral-raise,1222,34,-840
shoulders,lateral-raise,1212,52,-861
shoulders,lateral-raise,1228,27,-820
shoulders,lateral-raise,1248,40,-860
shoulders,lateral-raise,1248,72,-920
shoulders,lateral-raise,1240,64,-895
shoulders,lateral-raise,1226,85,-874
shoulders,lateral-raise,1195,115,-903
shoulders,lateral-raise,1131,110,-861
shoulders,lateral-raise,1043,93,-775
shoulders,lateral-raise,991,82,-792
shoulders,lateral-raise,941,80,-856
shoulders,lateral-raise,863,91,-836
shoulders,lateral-raise,761,82,-758
shoulders,lateral-raise,708,74,-757
shoulders,lateral-raise,643,48,-789
shoulders,lateral-raise,586,64,-807
shoulders,lateral-raise,515,27,-685
shoulders,lateral-raise,480,-3,-701
shoulders,lateral-raise,406,38,-692
shoulders,lateral-raise,351,-15,-697
shoulders,lateral-raise,288,-37,-628
shoulders,lateral-raise,191,20,-658
shoulders,lateral-raise,176,-10,-719
shoulders,lateral-raise,107,-18,-647
shoulders,lateral-raise,52,47,-625
shoulders,lateral-raise,-2,27,-537
shoulders,lateral-raise,-52,-79,-559
shoulders,lateral-raise,-192,-40,-512
shoulders,lateral-raise,-216,-72,-592
shoulders,lateral-raise,-216,-72,-592
shoulders,lateral-raise,-232,-111,-639
shoulders,lateral-raise,-316,-112,-617
shoulders,lateral-raise,-335,-134,-556
shoulders,lateral-raise,-336,-114,-428
shoulders,lateral-raise,-415,-76,-352
shoulders,lateral-raise,-375,-156,-519
shoulders,lateral-raise,-382,-182,-435
shoulders,lateral-raise,-424,-117,-416
shoulders,lateral-raise,-465,-137,-488
shoulders,lateral-raise,-472,-163,-510
shoulders,lateral-raise,-522,-180,-462
shoulders,lateral-raise,-512,-190,-472
shoulders,lateral-raise,-486,-174,-445
shoulders,lateral-raise,-497,-157,-426
shoulders,lateral-raise,-487,-185,-469
shoulders,lateral-raise,-485,-189,-477
shoulders,lateral-raise,-472,-216,-509
shoulders,lateral-raise,-454,-212,-497
shoulders,lateral-raise,-458,-185,-505
shoulders,lateral-raise,-440,-200,-568
shoulders,lateral-raise,-415,-197,-572
shoulders,lateral-raise,-395,-197,-556
shoulders,lateral-raise,-358,-199,-603
shoulders,lateral-raise,-361,-180,-623
shoulders,lateral-raise,-360,-168,-680
shoulders,lateral-raise,-301,-160,-721
shoulders,lateral-raise,-249,-148,-681
shoulders,lateral-raise,-211,-158,-725
shoulders,lateral-raise,-174,-152,-772
shoulders,lateral-raise,-131,-114,-779
shoulders,lateral-raise,-76,-110,-792
shoulders,lateral-raise,-44,-117,-798
shoulders,lateral-raise,-8,-123,-934
shoulders,lateral-raise,34,-128,-924
shoulders,lateral-raise,78,-103,-875
shoulders,lateral-raise,133,-113,-913
shoulders,lateral-raise,159,-90,-873
shoulders,lateral-raise,212,-84,-926
shoulders,lateral-raise,253,-116,-935
shoulders,lateral-raise,290,-97,-932
shoulders,lateral-raise,357,-69,-1024
shoulders,lateral-raise,357,-56,-939
shoulders,lateral-raise,428,-61,-872
shoulders,lateral-raise,452,-77,-878
shoulders,lateral-raise,487,-3,-925
shoulders,lateral-raise,544,-31,-960
shoulders,lateral-raise,548,-17,-884
shoulders,lateral-raise,603,-32,-1041
shoulders,lateral-raise,656,-31,-911
shoulders,lateral-raise,641,16,-872
shoulders,lateral-raise,727,56,-872
shoulders,lateral-raise,712,-60,-981
shoulders,lateral-raise,727,20,-870
shoulders,lateral-raise,765,2,-916
shoulders,lateral-raise,804,29,-811
shoulders,lateral-raise,751,61,-736
shoulders,lateral-raise,807,15,-889
shoulders,lateral-raise,823,8,-776
shoulders,lateral-raise,824,48,-712
shoulders,lateral-raise,850,43,-815
shoulders,lateral-raise,862,27,-827
shoulders,lateral-raise,876,24,-681
shoulders,lateral-raise,880,54,-688
shoulders,lateral-raise,898,23,-728
shoulders,lateral-raise,910,37,-621
shoulders,lateral-raise,918,76,-565
shoulders,lateral-raise,915,56,-625
shoulders,lateral-raise,917,61,-582
shoulders,lateral-raise,920,77,-564
shoulders,lateral-raise,910,65,-561
shoulders,lateral-raise,914,113,-466
shoulders,lateral-raise,920,166,-491
shoulders,lateral-raise,929,118,-574
shoulders,lateral-raise,932,81,-506
shoulders,lateral-raise,936,109,-378
shoulders,lateral-raise,932,104,-388
shoulders,lateral-raise,928,84,-440
shoulders,lateral-raise,932,88,-406
shoulders,lateral-raise,924,116,-372
shoulders,lateral-raise,917,145,-378
shoulders,lateral-raise,922,120,-373
shoulders,lateral-raise,936,108,-329
shoulders,lateral-raise,939,134,-298
shoulders,lateral-raise,949,152,-318
shoulders,lateral-raise,965,145,-376
shoulders,lateral-raise,976,111,-359
shoulders,lateral-raise,969,144,-306
shoulders,lateral-raise,950,148,-270
shoulders,lateral-raise,950,158,-274
shoulders,lateral-raise,963,147,-302
shoulders,lateral-raise,946,136,-291
shoulders,lateral-raise,949,167,-265
shoulders,lateral-raise,933,160,-240
shoulders,lateral-raise,921,155,-282
shoulders,lateral-raise,927,127,-288
shoulders,lateral-raise,922,119,-235
shoulders,lateral-raise,940,108,-272
shoulders,lateral-raise,976,70,-441
shoulders,lateral-raise,977,48,-560
shoulders,lateral-raise,993,57,-572
shoulders,lateral-raise,1024,80,-688
shoulders,lateral-raise,1064,80,-816
shoulders,lateral-raise,1095,41,-886
shoulders,lateral-raise,1164,17,-858
shoulders,lateral-raise,1198,23,-856
shoulders,lateral-raise,1185,60,-958
shoulders,lateral-raise,1198,64,-1054
shoulders,lateral-raise,1214,43,-813
shoulders,lateral-raise,1209,54,-749
shoulders,lateral-raise,1228,69,-811
shoulders,lateral-raise,1239,59,-909
shoulders,lateral-raise,1221,50,-845
shoulders,lateral-raise,1222,42,-793
shoulders,lateral-raise,1212,58,-875
shoulders,lateral-raise,1196,40,-828
shoulders,lateral-raise,1152,49,-748
shoulders,lateral-raise,1142,62,-767
shoulders,lateral-raise,1095,75,-892
shoulders,lateral-raise,1035,64,-844
shoulders,lateral-raise,945,76,-726
shoulders,lateral-raise,874,68,-698
shoulders,lateral-raise,789,46,-723
shoulders,lateral-raise,693,54,-741
shoulders,lateral-raise,629,28,-717
shoulders,lateral-raise,561,30,-670
shoulders,lateral-raise,508,39,-702
shoulders,lateral-raise,456,16,-716
shoulders,lateral-raise,389,23,-619
shoulders,lateral-raise,327,22,-578
shoulders,lateral-raise,277,-25,-601
shoulders,lateral-raise,230,-56,-585
shoulders,lateral-raise,149,-37,-599
shoulders,lateral-raise,75,-20,-620
shoulders,lateral-raise,17,-60,-580
shoulders,lateral-raise,-43,-69,-517
shoulders,lateral-raise,-96,-19,-485
shoulders,lateral-raise,-128,-68,-516
shoulders,lateral-raise,-142,-143,-493
shoulders,lateral-raise,-199,-80,-515
shoulders,lateral-raise,-276,-78,-546
shoulders,lateral-raise,-310,-81,-547
shoulders,lateral-raise,-316,-122,-505
shoulders,lateral-raise,-357,-147,-435
shoulders,lateral-raise,-349,-91,-525
shoulders,lateral-raise,-375,-112,-558
shoulders,lateral-raise,-368,-171,-593
shoulders,lateral-raise,-369,-235,-602
shoulders,lateral-raise,-375,-133,-609
shoulders,lateral-raise,-362,-180,-534
shoulders,lateral-raise,-383,-128,-520
shoulders,lateral-raise,-361,-139,-671
shoulders,lateral-raise,-384,-224,-648
shoulders,lateral-raise,-368,-184,-672
shoulders,lateral-raise,-337,-176,-726
shoulders,lateral-raise,-328,-191,-553
shoulders,lateral-raise,-350,-132,-686
shoulders,lateral-raise,-279,-208,-616
shoulders,lateral-raise,-258,-173,-629
shoulders,lateral-raise,-284,-126,-660
shoulders,lateral-raise,-233,-168,-712
shoulders,lateral-raise,-191,-169,-727
shoulders,lateral-raise,-164,-129,-721
shoulders,lateral-raise,-141,-114,-771
shoulders,lateral-raise,-105,-149,-759
shoulders,lateral-raise,-84,-136,-855
shoulders,lateral-raise,-56,-134,-800
shoulders,lateral-raise,9,-102,-734
shoulders,lateral-raise,32,-82,-887
shoulders,lateral-raise,43,-107,-928
shoulders,lateral-raise,48,-99,-923
shoulders,lateral-raise,94,-103,-964
shoulders,lateral-raise,125,-107,-930
shoulders,lateral-raise,147,-61,-896
shoulders,lateral-raise,239,-64,-933
shoulders,lateral-raise,287,-97,-929
shoulders,lateral-raise,297,-104,-1029
shoulders,lateral-raise,354,-75,-991
shoulders,lateral-raise,396,-36,-800
shoulders,lateral-raise,415,-32,-844
shoulders,lateral-raise,461,-44,-926
shoulders,lateral-raise,496,-44,-921
shoulders,lateral-raise,520,-43,-935
shoulders,lateral-raise,562,-58,-935
shoulders,lateral-raise,576,-51,-925
shoulders,lateral-raise,602,-22,-868
shoulders,lateral-raise,659,-27,-883
shoulders,lateral-raise,667,-26,-864
shoulders,lateral-raise,664,-36,-867
shoulders,lateral-raise,727,-22,-885
shoulders,lateral-raise,748,-48,-810
shoulders,lateral-raise,756,-14,-794
shoulders,lateral-raise,757,16,-809
shoulders,lateral-raise,802,16,-817
shoulders,lateral-raise,807,20,-729
shoulders,lateral-raise,809,40,-740
shoulders,lateral-raise,854,39,-752
shoulders,lateral-raise,840,34,-693
shoulders,lateral-raise,840,52,-625
shoulders,lateral-raise,846,86,-692
shoulders,lateral-raise,911,63,-655
shoulders,lateral-raise,905,56,-638
shoulders,lateral-raise,920,64,-609
shoulders,lateral-raise,928,48,-632
shoulders,lateral-raise,936,72,-552
shoulders,lateral-raise,936,72,-552
shoulders,lateral-raise,944,95,-544
shoulders,lateral-raise,936,50,-552
shoulders,lateral-raise,958,93,-470
shoulders,lateral-raise,945,74,-552
shoulders,lateral-raise,958,58,-432
shoulders,lateral-raise,960,91,-353
shoulders,lateral-raise,960,116,-392
shoulders,lateral-raise,953,147,-507
shoulders,lateral-raise,978,100,-450
shoulders,lateral-raise,978,88,-330
shoulders,lateral-raise,982,94,-267
shoulders,lateral-raise,972,126,-353
shoulders,lateral-raise,968,148,-402
shoulders,lateral-raise,968,141,-379
shoulders,lateral-raise,974,136,-296
shoulders,lateral-raise,965,136,-237
shoulders,lateral-raise,960,141,-256
shoulders,lateral-raise,960,154,-267
shoulders,lateral-raise,960,135,-323
shoulders,lateral-raise,970,130,-312
shoulders,lateral-raise,985,159,-266
shoulders,lateral-raise,1001,163,-278
shoulders,lateral-raise,1004,156,-296
shoulders,lateral-raise,1000,160,-284
shoulders,lateral-raise,992,160,-256
shoulders,lateral-raise,976,156,-275
shoulders,lateral-raise,975,152,-301
shoulders,lateral-raise,973,141,-295
shoulders,lateral-raise,957,74,-341
shoulders,lateral-raise,949,39,-379
shoulders,lateral-raise,962,127,-430
shoulders,lateral-raise,1007,188,-550
shoulders,lateral-raise,1037,194,-590
shoulders,lateral-raise,1048,171,-661
shoulders,lateral-raise,1050,164,-744
shoulders,lateral-raise,1061,129,-888
shoulders,lateral-raise,1080,101,-911
shoulders,lateral-raise,1104,76,-840
shoulders,lateral-raise,1126,90,-800
shoulders,lateral-raise,1198,94,-892
shoulders,lateral-raise,1195,95,-813
shoulders,lateral-raise,1209,125,-817
shoulders,lateral-raise,1224,121,-896
shoulders,lateral-raise,1268,170,-834
shoulders,lateral-raise,1242,127,-733
shoulders,lateral-raise,1253,120,-707
shoulders,lateral-raise,1223,121,-739
shoulders,lateral-raise,1208,134,-776
shoulders,lateral-raise,1198,96,-783
shoulders,lateral-raise,1136,111,-752
shoulders,lateral-raise,1088,33,-776
shoulders,lateral-raise,1018,63,-792
shoulders,lateral-raise,963,18,-724
shoulders,lateral-raise,856,61,-660
shoulders,lateral-raise,797,28,-765
shoulders,lateral-raise,713,31,-769
shoulders,lateral-raise,599,11,-677
shoulders,lateral-raise,536,-40,-671
shoulders,lateral-raise,455,5,-659
shoulders,lateral-raise,407,-17,-682
shoulders,lateral-raise,343,-43,-548
shoulders,lateral-raise,297,-17,-555
shoulders,lateral-raise,252,-2,-653
shoulders,lateral-raise,181,-65,-762
shoulders,lateral-raise,131,-105,-758
shoulders,lateral-raise,53,-118,-672
shoulders,lateral-raise,8,-120,-640
shoulders,lateral-raise,-5,-120,-577
shoulders,lateral-raise,-79,-130,-529
shoulders,lateral-raise,-130,-92,-495
shoulders,lateral-raise,-155,-102,-513
shoulders,lateral-raise,-173,-77,-508
shoulders,lateral-raise,-189,-85,-537
shoulders,lateral-raise,-213,-172,-533
shoulders,lateral-raise,-232,-125,-504
shoulders,lateral-raise,-268,-108,-524
shoulders,lateral-raise,-311,-134,-521
shoulders,lateral-raise,-324,-129,-563
shoulders,lateral-raise,-338,-158,-561
shoulders,lateral-raise,-387,-136,-499
shoulders,lateral-raise,-411,-155,-523
shoulders,lateral-raise,-395,-163,-501
shoulders,lateral-raise,-383,-134,-580
shoulders,lateral-raise,-352,-160,-681
shoulders,lateral-raise,-352,-182,-561
shoulders,lateral-raise,-340,-155,-542
shoulders,lateral-raise,-307,-153,-641
shoulders,lateral-raise,-288,-178,-605
shoulders,lateral-raise,-248,-192,-579
shoulders,lateral-raise,-198,-209,-660
shoulders,lateral-raise,-195,-179,-669
shoulders,lateral-raise,-201,-164,-753
shoulders,lateral-raise,-157,-184,-753
shoulders,lateral-raise,-103,-177,-722
shoulders,lateral-raise,-88,-140,-749
shoulders,lateral-raise,-29,-169,-828
shoulders,lateral-raise,-6,-174,-733
shoulders,lateral-raise,20,-153,-784
shoulders,lateral-raise,73,-160,-782
shoulders,lateral-raise,96,-166,-740
shoulders,lateral-raise,112,-112,-872
shoulders,lateral-raise,136,-144,-920
shoulders,lateral-raise,198,-128,-943
shoulders,lateral-raise,253,-143,-959
shoulders,lateral-raise,293,-84,-818
shoulders,lateral-raise,296,-36,-998
shoulders,lateral-raise,375,-139,-930
shoulders,lateral-raise,440,-47,-801
shoulders,lateral-raise,530,-25,-927
shoulders,lateral-raise,564,-44,-872
shoulders,lateral-raise,555,-61,-934
shoulders,lateral-raise,628,-64,-901
shoulders,lateral-raise,660,-52,-925
shoulders,lateral-raise,688,-6,-954
shoulders,lateral-raise,731,-39,-948
shoulders,lateral-raise,733,-33,-881
shoulders,lateral-raise,728,15,-901
shoulders,lateral-raise,744,37,-850
shoulders,lateral-raise,799,14,-842
shoulders,lateral-raise,829,25,-825
shoulders,lateral-raise,842,35,-783
shoulders,lateral-raise,848,22,-744
shoulders,lateral-raise,862,48,-696
shoulders,lateral-raise,894,72,-717
shoulders,lateral-raise,925,63,-696
shoulders,lateral-raise,932,81,-577
shoulders,lateral-raise,920,100,-652
shoulders,lateral-raise,927,100,-704
shoulders,lateral-raise,944,115,-549
shoulders,lateral-raise,951,72,-501
shoulders,lateral-raise,960,30,-518
shoulders,lateral-raise,960,75,-504
shoulders,lateral-raise,969,77,-535
shoulders,lateral-raise,987,60,-555
shoulders,lateral-raise,984,48,-471
shoulders,lateral-raise,971,85,-418
shoulders,lateral-raise,971,126,-445
shoulders,lateral-raise,962,113,-461
shoulders,lateral-raise,966,81,-438
shoulders,lateral-raise,956,64,-328
shoulders,lateral-raise,951,134,-303
shoulders,lateral-raise,978,123,-400
shoulders,lateral-raise,985,98,-451
shoulders,lateral-raise,993,73,-372
shoulders,lateral-raise,999,80,-265
shoulders,lateral-raise,993,89,-234
shoulders,lateral-raise,997,155,-307
shoulders,lateral-raise,977,175,-339
shoulders,lateral-raise,991,157,-361
shoulders,lateral-raise,983,120,-258
shoulders,lateral-raise,968,112,-144
shoulders,lateral-raise,968,120,-153
shoulders,lateral-raise,984,136,-255
shoulders,lateral-raise,984,144,-272
shoulders,lateral-raise,984,136,-242
shoulders,lateral-raise,969,129,-195
shoulders,lateral-raise,961,121,-250
shoulders,lateral-raise,939,70,-363
shoulders,lateral-raise,943,64,-369
shoulders,lateral-raise,958,-25,-464
shoulders,lateral-raise,893,27,-453
shoulders,lateral-raise,1010,164,-565
shoulders,lateral-raise,1078,109,-687
shoulders,lateral-raise,1119,94,-780
shoulders,lateral-raise,1140,90,-824
shoulders,lateral-raise,1179,35,-838
shoulders,lateral-raise,1192,33,-851
shoulders,lateral-raise,1192,29,-956
shoulders,lateral-raise,1214,24,-919
shoulders,lateral-raise,1240,50,-838
shoulders,lateral-raise,1243,74,-908
shoulders,lateral-raise,1289,70,-930
shoulders,lateral-raise,1306,74,-749
shoulders,lateral-raise,1296,112,-668
shoulders,lateral-raise,1287,105,-728
shoulders,lateral-raise,1289,84,-786
shoulders,lateral-raise,1271,84,-766
shoulders,lateral-raise,1212,80,-736
shoulders,lateral-raise,1153,80,-740
shoulders,lateral-raise,1076,54,-714
shoulders,lateral-raise,977,38,-709
shoulders,lateral-raise,884,59,-733
shoulders,lateral-raise,795,61,-718
shoulders,lateral-raise,718,41,-707
shoulders,lateral-raise,635,7,-689
shoulders,lateral-raise,559,8,-651
shoulders,lateral-raise,486,22,-679
shoulders,lateral-raise,420,-26,-670
shoulders,lateral-raise,374,-48,-568
shoulders,lateral-raise,309,-46,-669
shoulders,lateral-raise,229,-38,-695
shoulders,lateral-raise,142,-25,-588
shoulders,lateral-raise,128,-5,-591
shoulders,lateral-raise,89,-17,-647
shoulders,lateral-raise,36,23,-629
shoulders,lateral-raise,-69,45,-583
shoulders,lateral-raise,-99,-19,-613
shoulders,lateral-raise,-123,-37,-539
shoulders,lateral-raise,-160,-21,-554
shoulders,lateral-raise,-239,-74,-493
shoulders,lateral-raise,-224,-95,-459
shoulders,lateral-raise,-226,-72,-517
shoulders,lateral-raise,-296,-80,-424
shoulders,lateral-raise,-320,-72,-352
shoulders,lateral-raise,-320,-72,-352
shoulders,lateral-raise,-273,-56,-554
shoulders,lateral-raise,-333,-124,-537
shoulders,lateral-raise,-388,-31,-424
shoulders,lateral-raise,-392,-39,-569
shoulders,lateral-raise,-399,-97,-563
shoulders,lateral-raise,-386,-111,-511
shoulders,lateral-raise,-404,-57,-620
shoulders,lateral-raise,-415,-141,-660
shoulders,lateral-raise,-390,-140,-618
shoulders,lateral-raise,-384,-136,-576
shoulders,lateral-raise,-353,-148,-618
shoulders,lateral-raise,-320,-134,-626
shoulders,lateral-raise,-312,-134,-677
shoulders,lateral-raise,-272,-153,-673
shoulders,lateral-raise,-211,-143,-631
shoulders,lateral-raise,-187,-109,-681
shoulders,lateral-raise,-163,-117,-738
shoulders,lateral-raise,-127,-118,-721
shoulders,lateral-raise,-112,-92,-699
shoulders,lateral-raise,-79,-90,-749
shoulders,lateral-raise,-33,-77,-765
shoulders,lateral-raise,2,-64,-815
shoulders,lateral-raise,16,-55,-817
shoulders,lateral-raise,58,-36,-797
shoulders,lateral-raise,120,-12,-828
shoulders,lateral-raise,129,-31,-909
shoulders,lateral-raise,127,-53,-936
shoulders,lateral-raise,183,-29,-876
shoulders,lateral-raise,252,-36,-916
shoulders,lateral-raise,286,-45,-957
shoulders,lateral-raise,330,-10,-956
shoulders,lateral-raise,407,-6,-968
shoulders,lateral-raise,445,-2,-945
shoulders,lateral-raise,466,8,-987
shoulders,lateral-raise,542,-5,-912
shoulders,lateral-raise,592,47,-890
shoulders,lateral-raise,607,56,-1001
shoulders,lateral-raise,656,24,-944
shoulders,lateral-raise,678,11,-882
shoulders,lateral-raise,687,45,-852
shoulders,lateral-raise,745,36,-927
shoulders,lateral-raise,756,63,-891
shoulders,lateral-raise,781,91,-756
shoulders,lateral-raise,811,66,-817
shoulders,lateral-raise,830,83,-773
shoulders,lateral-raise,817,109,-811
shoulders,lateral-raise,825,85,-748
shoulders,lateral-raise,832,159,-600
shoulders,lateral-raise,840,136,-751
shoulders,lateral-raise,848,152,-719
shoulders,lateral-raise,880,144,-641
shoulders,lateral-raise,872,167,-640
shoulders,lateral-raise,940,153,-663
shoulders,lateral-raise,937,100,-575
shoulders,lateral-raise,958,96,-480
shoulders,lateral-raise,981,132,-515
shoulders,lateral-raise,998,108,-520
shoulders,lateral-raise,993,104,-527
shoulders,lateral-raise,992,124,-461
shoulders,lateral-raise,972,115,-468
shoulders,lateral-raise,974,125,-466
shoulders,lateral-raise,982,122,-458
shoulders,lateral-raise,972,120,-426
shoulders,lateral-raise,974,114,-392
shoulders,lateral-raise,970,129,-378
shoulders,lateral-raise,985,142,-359
shoulders,lateral-raise,992,149,-303
shoulders,lateral-raise,971,120,-301
shoulders,lateral-raise,991,145,-322
shoulders,lateral-raise,983,158,-303
shoulders,lateral-raise,973,147,-278
shoulders,lateral-raise,976,130,-277
shoulders,lateral-raise,972,133,-262
shoulders,lateral-raise,964,157,-244
shoulders,lateral-raise,952,160,-236
shoulders,lateral-raise,948,144,-216
shoulders,lateral-raise,948,144,-204
shoulders,lateral-raise,948,159,-230
shoulders,lateral-raise,952,154,-235
shoulders,lateral-raise,952,149,-215
shoulders,lateral-raise,946,162,-230
shoulders,lateral-raise,939,146,-246
shoulders,lateral-raise,950,136,-244
shoulders,lateral-raise,963,136,-219
shoulders,lateral-raise,976,128,-244
shoulders,lateral-raise,994,110,-291
shoulders,lateral-raise,1002,102,-272
shoulders,lateral-raise,1004,83,-409
shoulders,lateral-raise,1002,58,-474
shoulders,lateral-raise,1037,93,-553
shoulders,lateral-raise,1063,105,-655
shoulders,lateral-raise,1089,80,-734
shoulders,lateral-raise,1101,72,-836
shoulders,lateral-raise,1137,39,-849
shoulders,lateral-raise,1193,77,-812
shoulders,lateral-raise,1205,56,-832
shoulders,lateral-raise,1247,62,-777
shoulders,lateral-raise,1243,117,-869
shoulders,lateral-raise,1286,82,-825
shoulders,lateral-raise,1256,112,-699
shoulders,lateral-raise,1256,96,-800
shoulders,lateral-raise,1272,152,-792
shoulders,lateral-raise,1264,144,-800
shoulders,lateral-raise,1211,167,-762
shoulders,lateral-raise,1171,146,-782
shoulders,lateral-raise,1161,166,-791
shoulders,lateral-raise,1096,132,-685
shoulders,lateral-raise,1011,121,-791
shoulders,lateral-raise,959,86,-808
shoulders,lateral-raise,905,87,-715
shoulders,lateral-raise,785,108,-689
shoulders,lateral-raise,716,74,-688
shoulders,lateral-raise,661,45,-688
shoulders,lateral-raise,606,4,-736
shoulders,lateral-raise,539,-2,-746
shoulders,lateral-raise,503,-29,-675
shoulders,lateral-raise,440,-85,-598
shoulders,lateral-raise,356,-50,-581
shoulders,lateral-raise,270,-45,-616
shoulders,lateral-raise,220,-81,-601
shoulders,lateral-raise,168,-86,-574
shoulders,lateral-raise,101,-61,-568
shoulders,lateral-raise,67,-76,-600
shoulders,lateral-raise,42,-96,-552
shoulders,lateral-raise,-54,-83,-539
shoulders,lateral-raise,-116,-93,-564
shoulders,lateral-raise,-116,-92,-524
shoulders,lateral-raise,-166,-80,-565
shoulders,lateral-raise,-234,-114,-596
shoulders,lateral-raise,-256,-133,-523
shoulders,lateral-raise,-246,-120,-516
shoulders,lateral-raise,-258,-120,-538
shoulders,lateral-raise,-299,-135,-546
shoulders,lateral-raise,-287,-175,-579
shoulders,lateral-raise,-256,-181,-548
shoulders,lateral-raise,-251,-154,-529
shoulders,lateral-raise,-250,-178,-615
shoulders,lateral-raise,-272,-189,-581
shoulders,lateral-raise,-268,-181,-569
shoulders,lateral-raise,-258,-132,-537
shoulders,lateral-raise,-255,-149,-635
shoulders,lateral-raise,-224,-170,-600
shoulders,lateral-raise,-224,-170,-546
shoulders,lateral-raise,-220,-145,-603
shoulders,lateral-raise,-192,-153,-657
shoulders,lateral-raise,-140,-158,-663
shoulders,lateral-raise,-108,-142,-658
shoulders,lateral-raise,-71,-126,-676
shoulders,lateral-raise,-52,-106,-712
shoulders,lateral-raise,8,-129,-717
shoulders,lateral-raise,1,-144,-813
shoulders,lateral-raise,24,-135,-721
shoulders,lateral-raise,48,-57,-783
shoulders,lateral-raise,87,-118,-869
shoulders,lateral-raise,118,-67,-750
shoulders,lateral-raise,187,-12,-930
shoulders,lateral-raise,228,-88,-908
shoulders,lateral-raise,261,-25,-840
shoulders,lateral-raise,327,-2,-895
shoulders,lateral-raise,404,0,-965
shoulders,lateral-raise,436,-7,-889
shoulders,lateral-raise,473,12,-918
shoulders,lateral-raise,531,48,-941
shoulders,lateral-raise,569,44,-944
shoulders,lateral-raise,594,22,-847
shoulders,lateral-raise,624,51,-810
shoulders,lateral-raise,689,53,-888
shoulders,lateral-raise,712,31,-887
shoulders,lateral-raise,734,56,-769
shoulders,lateral-raise,765,77,-788
shoulders,lateral-raise,766,70,-849
shoulders,lateral-raise,795,49,-800
shoulders,lateral-raise,821,69,-770
shoulders,lateral-raise,852,97,-725
shoulders,lateral-raise,885,91,-710
shoulders,lateral-raise,896,93,-732
shoulders,lateral-raise,921,104,-765
shoulders,lateral-raise,956,92,-740
shoulders,lateral-raise,960,99,-676
shoulders,lateral-raise,963,116,-631
shoulders,lateral-raise,980,105,-631
shoulders,lateral-raise,977,93,-663
shoulders,lateral-raise,974,82,-605
shoulders,lateral-raise,969,96,-509
shoulders,lateral-raise,956,142,-478
shoulders,lateral-raise,971,136,-552
shoulders,lateral-raise,970,99,-532
shoulders,lateral-raise,990,100,-434
shoulders,lateral-raise,984,137,-386
shoulders,lateral-raise,982,158,-417
shoulders,lateral-raise,980,150,-490
shoulders,lateral-raise,988,142,-465
shoulders,lateral-raise,974,138,-347
shoulders,lateral-raise,967,141,-306
shoulders,lateral-raise,963,131,-351
shoulders,lateral-raise,977,145,-344
shoulders,lateral-raise,983,151,-344
shoulders,lateral-raise,975,144,-339
shoulders,lateral-raise,969,145,-289
shoulders,lateral-raise,975,153,-215
shoulders,lateral-raise,968,167,-202
shoulders,lateral-raise,968,152,-248
shoulders,lateral-raise,976,144,-232
shoulders,lateral-raise,976,176,-192
shoulders,lateral-raise,976,176,-192
shoulders,lateral-raise,992,160,-231
shoulders,lateral-raise,977,168,-224
shoulders,lateral-raise,976,153,-209
shoulders,lateral-raise,976,174,-208
shoulders,lateral-raise,983,169,-215
shoulders,lateral-raise,977,189,-181
shoulders,lateral-raise,990,178,-285
shoulders,lateral-raise,999,149,-264
shoulders,lateral-raise,1020,124,-315
shoulders,lateral-raise,1011,56,-347
shoulders,lateral-raise,996,34,-358
shoulders,lateral-raise,1010,38,-372
shoulders,lateral-raise,1010,105,-364
shoulders,lateral-raise,997,128,-560
shoulders,lateral-raise,1020,128,-690
shoulders,lateral-raise,1064,112,-712
shoulders,lateral-raise,1048,99,-691
shoulders,lateral-raise,1078,60,-746
shoulders,lateral-raise,1129,65,-819
shoulders,lateral-raise,1149,90,-869
shoulders,lateral-raise,1184,73,-832
shoulders,lateral-raise,1217,69,-783
shoulders,lateral-raise,1241,76,-841
shoulders,lateral-raise,1273,84,-863
shoulders,lateral-raise,1244,96,-776
shoulders,lateral-raise,1235,108,-701
shoulders,lateral-raise,1257,146,-691
shoulders,lateral-raise,1212,162,-746
shoulders,lateral-raise,1176,147,-763
shoulders,lateral-raise,1163,142,-686
shoulders,lateral-raise,1116,140,-703
shoulders,lateral-raise,1052,148,-809
shoulders,lateral-raise,989,128,-824
shoulders,lateral-raise,915,123,-797
shoulders,lateral-raise,831,122,-803
shoulders,lateral-raise,720,137,-774
shoulders,lateral-raise,667,116,-700
shoulders,lateral-raise,618,108,-648
shoulders,lateral-raise,560,102,-733
shoulders,lateral-raise,489,35,-760
shoulders,lateral-raise,423,22,-672
shoulders,lateral-raise,375,52,-592
shoulders,lateral-raise,313,67,-712
shoulders,lateral-raise,221,29,-708
shoulders,lateral-raise,197,-45,-656
shoulders,lateral-raise,168,-19,-471
shoulders,lateral-raise,84,31,-629
shoulders,lateral-raise,22,12,-695
shoulders,lateral-raise,-10,-70,-676
shoulders,lateral-raise,-65,-16,-544
shoulders,lateral-raise,-135,16,-592
shoulders,lateral-raise,-136,-7,-677
shoulders,lateral-raise,-166,-130,-528
shoulders,lateral-raise,-272,-9,-431
shoulders,lateral-raise,-229,-58,-584
shoulders,lateral-raise,-238,-107,-500
shoulders,lateral-raise,-303,-91,-509
shoulders,lateral-raise,-271,-115,-553
shoulders,lateral-raise,-291,-133,-513
shoulders,lateral-raise,-335,-84,-537
shoulders,lateral-raise,-325,-148,-544
shoulders,lateral-raise,-314,-156,-476
shoulders,lateral-raise,-318,-80,-595
shoulders,lateral-raise,-326,-127,-622
shoulders,lateral-raise,-339,-146,-570
shoulders,lateral-raise,-322,-155,-585
shoulders,lateral-raise,-290,-144,-611
shoulders,lateral-raise,-269,-147,-621
shoulders,lateral-raise,-239,-142,-634
shoulders,lateral-raise,-224,-146,-586
shoulders,lateral-raise,-214,-123,-609
shoulders,lateral-raise,-180,-123,-676
shoulders,lateral-raise,-147,-109,-629
shoulders,lateral-raise,-106,-66,-688
shoulders,lateral-raise,-76,-81,-772
shoulders,lateral-raise,-40,-116,-728
shoulders,lateral-raise,15,-97,-723
shoulders,lateral-raise,55,-87,-756
shoulders,lateral-raise,61,-83,-771
shoulders,lateral-raise,85,-56,-835
shoulders,lateral-raise,142,-53,-875
shoulders,lateral-raise,164,-33,-850
shoulders,lateral-raise,207,-23,-915
shoulders,lateral-raise,251,-32,-943
shoulders,lateral-raise,274,-5,-937
shoulders,lateral-raise,324,-18,-1034
shoulders,lateral-raise,363,-13,-932
shoulders,lateral-raise,411,24,-842
shoulders,lateral-raise,478,32,-962
shoulders,lateral-raise,529,-3,-952
shoulders,lateral-raise,567,30,-893
shoulders,lateral-raise,599,1,-884
shoulders,lateral-raise,635,43,-909
shoulders,lateral-raise,657,54,-929
shoulders,lateral-raise,712,46,-876
shoulders,lateral-raise,717,82,-800
shoulders,lateral-raise,763,36,-860
shoulders,lateral-raise,793,78,-815
shoulders,lateral-raise,810,49,-809
shoulders,lateral-raise,840,73,-819
shoulders,lateral-raise,848,104,-664
shoulders,lateral-raise,848,88,-800
shoulders,lateral-raise,871,72,-769
shoulders,lateral-raise,895,72,-646
shoulders,lateral-raise,881,79,-759
shoulders,lateral-raise,902,116,-644
shoulders,lateral-raise,897,99,-703
shoulders,lateral-raise,924,89,-677
shoulders,lateral-raise,928,129,-576
shoulders,lateral-raise,928,129,-640
shoulders,lateral-raise,954,82,-571
shoulders,lateral-raise,973,91,-527
shoulders,lateral-raise,982,121,-508
shoulders,lateral-raise,990,140,-528
shoulders,lateral-raise,998,126,-530
shoulders,lateral-raise,989,120,-499
shoulders,lateral-raise,990,126,-410
shoulders,lateral-raise,976,117,-381
shoulders,lateral-raise,973,123,-389
shoulders,lateral-raise,971,133,-397
shoulders,lateral-raise,963,131,-375
shoulders,lateral-raise,950,133,-336
shoulders,lateral-raise,939,145,-311
shoulders,lateral-raise,927,148,-317
shoulders,lateral-raise,920,135,-341
shoulders,lateral-raise,928,120,-335
shoulders,lateral-raise,944,116,-260
shoulders,lateral-raise,948,135,-242
shoulders,lateral-raise,948,159,-299
shoulders,lateral-raise,963,168,-305
shoulders,lateral-raise,986,168,-293
shoulders,lateral-raise,1003,162,-269
shoulders,lateral-raise,1005,152,-225
shoulders,lateral-raise,994,149,-200
shoulders,lateral-raise,984,152,-189
shoulders,lateral-raise,984,165,-178
shoulders,lateral-raise,986,155,-190
shoulders,lateral-raise,990,144,-175
shoulders,lateral-raise,986,146,-194
shoulders,lateral-raise,990,146,-212
shoulders,lateral-raise,980,132,-246
shoulders,lateral-raise,971,134,-235
shoulders,lateral-raise,978,102,-219
shoulders,lateral-raise,949,129,-273
shoulders,lateral-raise,945,118,-484
shoulders,lateral-raise,1008,43,-499
shoulders,lateral-raise,1067,213,-497
shoulders,lateral-raise,1100,116,-785
shoulders,lateral-raise,1135,79,-947
shoulders,lateral-raise,1129,72,-784
shoulders,lateral-raise,1145,79,-937
shoulders,lateral-raise,1185,40,-975
shoulders,lateral-raise,1247,8,-857
shoulders,lateral-raise,1178,86,-701
shoulders,lateral-raise,1260,96,-749
shoulders,lateral-raise,1249,103,-707
shoulders,lateral-raise,1277,60,-675
shoulders,lateral-raise,1294,70,-658
shoulders,lateral-raise,1296,79,-803
shoulders,lateral-raise,1282,94,-776
shoulders,lateral-raise,1240,89,-741
shoulders,lateral-raise,1173,88,-703
shoulders,lateral-raise,1128,113,-760
shoulders,lateral-raise,1070,89,-671
shoulders,lateral-raise,1008,116,-700
shoulders,lateral-raise,951,87,-720
shoulders,lateral-raise,873,83,-691
shoulders,lateral-raise,792,88,-702
shoulders,lateral-raise,719,50,-707
shoulders,lateral-raise,638,85,-599
shoulders,lateral-raise,572,87,-651
shoulders,lateral-raise,498,62,-707
shoulders,lateral-raise,416,23,-675
shoulders,lateral-raise,347,0,-684
shoulders,lateral-raise,307,-27,-726
shoulders,lateral-raise,253,-39,-679
shoulders,lateral-raise,158,-36,-578
shoulders,lateral-raise,100,-48,-592
shoulders,lateral-raise,84,-41,-667
shoulders,lateral-raise,39,-46,-655
shoulders,lateral-raise,-14,-40,-567
shoulders,lateral-raise,-45,-3,-555
shoulders,lateral-raise,-70,-18,-592
shoulders,lateral-raise,-89,-56,-596
shoulders,lateral-raise,-119,-90,-628
shoulders,lateral-raise,-158,-64,-585
shoulders,lateral-raise,-189,-66,-667
shoulders,lateral-raise,-202,-126,-640
shoulders,lateral-raise,-217,-118,-635
shoulders,lateral-raise,-253,-127,-609
shoulders,lateral-raise,-284,-81,-550
shoulders,lateral-raise,-263,-164,-521
shoulders,lateral-raise,-239,-173,-610
shoulders,lateral-raise,-268,-147,-617
shoulders,lateral-raise,-287,-95,-633
shoulders,lateral-raise,-286,-124,-685
shoulders,lateral-raise,-317,-112,-706
shoulders,lateral-raise,-291,-161,-659
shoulders,lateral-raise,-247,-105,-612
shoulders,lateral-raise,-243,-118,-579
shoulders,lateral-raise,-278,-99,-631
shoulders,lateral-raise,-239,-152,-774
shoulders,lateral-raise,-216,-144,-696
shoulders,lateral-raise,-240,-112,-632
shoulders,lateral-raise,-170,-128,-632
shoulders,lateral-raise,-138,-143,-662
shoulders,lateral-raise,-84,-99,-739
shoulders,lateral-raise,-51,-111,-700
shoulders,lateral-raise,-34,-76,-675
shoulders,lateral-raise,38,-72,-707
shoulders,lateral-raise,82,-92,-732
shoulders,lateral-raise,101,-43,-716
shoulders,lateral-raise,137,-32,-803
shoulders,lateral-raise,144,-26,-830
shoulders,lateral-raise,175,32,-776
shoulders,lateral-raise,202,0,-784
shoulders,lateral-raise,214,25,-845
shoulders,lateral-raise,279,17,-904
shoulders,lateral-raise,349,2,-859
shoulders,lateral-raise,390,60,-935
shoulders,lateral-raise,421,30,-937
shoulders,lateral-raise,483,36,-820
shoulders,lateral-raise,507,76,-877
shoulders,lateral-raise,566,78,-911
shoulders,lateral-raise,603,104,-869
shoulders,lateral-raise,640,132,-878
shoulders,lateral-raise,668,127,-874
shoulders,lateral-raise,681,132,-848
shoulders,lateral-raise,736,148,-852
shoulders,lateral-raise,788,140,-860
shoulders,lateral-raise,818,146,-830
shoulders,lateral-raise,851,164,-779
shoulders,lateral-raise,867,163,-772
shoulders,lateral-raise,885,174,-829
shoulders,lateral-raise,907,153,-799
shoulders,lateral-raise,918,124,-636
shoulders,lateral-raise,942,163,-623
shoulders,lateral-raise,981,160,-723
shoulders,lateral-raise,1010,144,-668
shoulders,lateral-raise,1009,146,-626
shoulders,lateral-raise,994,154,-596
shoulders,lateral-raise,998,154,-592
shoulders,lateral-raise,988,136,-539
shoulders,lateral-raise,976,138,-513
shoulders,lateral-raise,979,138,-492
shoulders,lateral-raise,989,112,-516
shoulders,lateral-raise,977,113,-524
shoulders,lateral-raise,984,119,-445
shoulders,lateral-raise,983,113,-373
shoulders,lateral-raise,977,121,-415
shoulders,lateral-raise,985,136,-406
shoulders,lateral-raise,993,136,-380
shoulders,lateral-raise,1008,136,-312
shoulders,lateral-raise,1000,128,-312
shoulders,lateral-raise,1024,136,-304
shoulders,lateral-raise,1008,136,-312
shoulders,lateral-raise,993,121,-304
shoulders,lateral-raise,985,135,-267
shoulders,lateral-raise,969,129,-249
shoulders,lateral-raise,968,149,-241
shoulders,lateral-raise,968,124,-233
shoulders,lateral-raise,954,140,-205
shoulders,lateral-raise,965,151,-173
shoulders,lateral-raise,961,152,-220
shoulders,lateral-raise,973,127,-207
shoulders,lateral-raise,964,132,-188
shoulders,lateral-raise,972,148,-202
shoulders,lateral-raise,976,164,-196
shoulders,lateral-raise,976,174,-186
shoulders,lateral-raise,993,193,-217
shoulders,lateral-raise,1005,205,-205
shoulders,lateral-raise,1019,145,-213
shoulders,lateral-raise,1004,76,-199
shoulders,lateral-raise,992,71,-312
shoulders,lateral-raise,992,42,-445
shoulders,lateral-raise,997,72,-480
shoulders,lateral-raise,1004,108,-543
shoulders,lateral-raise,1021,117,-683
shoulders,lateral-raise,1049,111,-756
shoulders,lateral-raise,1080,80,-720
shoulders,lateral-raise,1134,64,-688
shoulders,lateral-raise,1194,75,-714
shoulders,lateral-raise,1216,81,-776
shoulders,lateral-raise,1233,75,-806
shoulders,lateral-raise,1250,70,-782
shoulders,lateral-raise,1240,56,-780
shoulders,lateral-raise,1255,65,-785
shoulders,lateral-raise,1280,85,-763
shoulders,lateral-raise,1288,96,-778
shoulders,lateral-raise,1309,94,-793
shoulders,lateral-raise,1311,93,-771
shoulders,lateral-raise,1271,112,-745
shoulders,lateral-raise,1220,134,-712
shoulders,lateral-raise,1183,126,-736
shoulders,lateral-raise,1083,120,-751
shoulders,lateral-raise,1016,120,-802
shoulders,lateral-raise,933,116,-769
shoulders,lateral-raise,867,95,-741
shoulders,lateral-raise,785,95,-758
shoulders,lateral-raise,727,141,-685
shoulders,lateral-raise,654,109,-676
shoulders,lateral-raise,627,77,-790
shoulders,lateral-raise,556,35,-660
shoulders,lateral-raise,477,87,-726
shoulders,lateral-raise,392,40,-648
shoulders,lateral-raise,328,0,-640
shoulders,lateral-raise,328,0,-640
shoulders,lateral-raise,266,8,-555
shoulders,lateral-raise,203,16,-620
shoulders,lateral-raise,140,23,-654
shoulders,lateral-raise,107,-49,-634
shoulders,lateral-raise,68,-106,-582
shoulders,lateral-raise,29,-35,-534
shoulders,lateral-raise,-44,-44,-521
shoulders,lateral-raise,-103,-61,-487
shoulders,lateral-raise,-105,-123,-545
shoulders,lateral-raise,-136,-104,-522
shoulders,lateral-raise,-231,-121,-518
shoulders,lateral-raise,-238,-122,-556
shoulders,lateral-raise,-256,-126,-527
shoulders,lateral-raise,-287,-145,-489
shoulders,lateral-raise,-279,-158,-519
shoulders,lateral-raise,-294,-144,-520
shoulders,lateral-raise,-330,-136,-607
shoulders,lateral-raise,-349,-182,-585
shoulders,lateral-raise,-352,-168,-579
shoulders,lateral-raise,-323,-163,-633
shoulders,lateral-raise,-323,-176,-587
shoulders,lateral-raise,-318,-167,-576
shoulders,lateral-raise,-304,-164,-612
shoulders,lateral-raise,-296,-180,-616
shoulders,lateral-raise,-296,-164,-636
shoulders,lateral-raise,-289,-140,-621
shoulders,lateral-raise,-268,-144,-562
shoulders,lateral-raise,-239,-133,-589
shoulders,lateral-raise,-195,-123,-646
shoulders,lateral-raise,-163,-122,-606
shoulders,lateral-raise,-129,-106,-583
shoulders,lateral-raise,-92,-90,-625
shoulders,lateral-raise,-58,-83,-689
shoulders,lateral-raise,-19,-85,-742
shoulders,lateral-raise,30,-65,-701
shoulders,lateral-raise,89,-25,-676
shoulders,lateral-raise,131,-14,-745
shoulders,lateral-raise,196,-28,-782
shoulders,lateral-raise,236,-11,-768
shoulders,lateral-raise,263,6,-817
shoulders,lateral-raise,329,-1,-791
shoulders,lateral-raise,373,4,-805
shoulders,lateral-raise,414,52,-914
shoulders,lateral-raise,500,-5,-909
shoulders,lateral-raise,533,75,-802
shoulders,lateral-raise,581,96,-1002
shoulders,lateral-raise,637,93,-857
shoulders,lateral-raise,714,46,-855
shoulders,lateral-raise,745,10,-687
shoulders,lateral-raise,792,72,-920
shoulders,lateral-raise,840,24,-928
shoulders,lateral-raise,824,102,-812
shoulders,lateral-raise,877,157,-831
shoulders,lateral-raise,910,108,-780
shoulders,lateral-raise,934,111,-820
shoulders,lateral-raise,950,119,-853
shoulders,lateral-raise,980,106,-716
shoulders,lateral-raise,998,124,-710
shoulders,lateral-raise,1007,108,-699
shoulders,lateral-raise,1021,104,-676
shoulders,lateral-raise,1037,129,-589
shoulders,lateral-raise,1052,130,-692
shoulders,lateral-raise,1056,116,-643
shoulders,lateral-raise,1027,118,-534
shoulders,lateral-raise,1022,114,-475
shoulders,lateral-raise,1030,118,-542
shoulders,lateral-raise,1032,104,-571
shoulders,lateral-raise,1016,107,-521
shoulders,lateral-raise,977,102,-460
shoulders,lateral-raise,955,121,-410
shoulders,lateral-raise,957,146,-387
shoulders,lateral-raise,974,147,-379
shoulders,lateral-raise,975,162,-358
shoulders,lateral-raise,972,163,-309
shoulders,lateral-raise,980,140,-276
shoulders,lateral-raise,980,128,-260
shoulders,lateral-raise,980,120,-252
shoulders,lateral-raise,969,119,-238
shoulders,lateral-raise,931,132,-205
shoulders,lateral-raise,891,136,-172
shoulders,lateral-raise,859,136,-141
shoulders,lateral-raise,837,133,-151
shoulders,lateral-raise,829,143,-179
shoulders,lateral-raise,810,168,-189
shoulders,lateral-raise,774,155,-164
shoulders,lateral-raise,752,126,-73
shoulders,lateral-raise,757,129,-60
shoulders,lateral-raise,772,150,-114
shoulders,lateral-raise,796,148,-112
shoulders,lateral-raise,827,162,-70
shoulders,lateral-raise,813,163,-10
shoulders,lateral-raise,841,145,-20
shoulders,lateral-raise,893,157,-49
shoulders,lateral-raise,966,184,-90
shoulders,lateral-raise,999,188,-46
shoulders,lateral-raise,997,210,15
shoulders,lateral-raise,1046,159,-56
shoulders,lateral-raise,1106,145,-55
shoulders,lateral-raise,1136,151,-46
shoulders,lateral-raise,1136,137,-15
shoulders,lateral-raise,1128,184,8
