-968,608,-208,biceps-curl,,,
-828,569,-22,biceps-curl,,,
-695,591,-100,biceps-curl,,,
-681,592,-126,biceps-curl,,,
-614,636,-135,biceps-curl,,,
-544,661,-150,biceps-curl,,,
-445,594,29,biceps-curl,,,
-377,570,-12,biceps-curl,,,
-361,608,-144,biceps-curl,,,
-380,642,-155,biceps-curl,,,
-390,642,-114,biceps-curl,,,
-423,621,-154,biceps-curl,,,
-462,628,-240,biceps-curl,,,
-507,597,-176,biceps-curl,,,
-566,584,-35,biceps-curl,,,
-673,617,-148,biceps-curl,,,
-809,605,-243,biceps-curl,,,
-935,576,-224,biceps-curl,,,
-1027,573,-269,biceps-curl,,,
-1125,551,-319,biceps-curl,,,
-1225,526,-342,biceps-curl,,,
-1273,497,-389,biceps-curl,,,
-1267,467,-429,biceps-curl,,,
-1239,430,-466,biceps-curl,,,
-1212,416,-488,biceps-curl,,,
-1184,444,-460,biceps-curl,,,
-1156,476,-444,biceps-curl,,,
-1118,503,-456,biceps-curl,,,
-1070,534,-403,biceps-curl,,,
-1031,559,-302,biceps-curl,,,
-1008,584,-240,biceps-curl,,,
-1014,614,-213,biceps-curl,,,
-1024,653,-179,biceps-curl,,,
-1019,731,-95,biceps-curl,,,
-1003,812,12,biceps-curl,,,
-977,882,123,biceps-curl,,,
-930,936,191,biceps-curl,,,
-885,1014,290,biceps-curl,,,
-846,1006,424,biceps-curl,,,
-802,996,486,biceps-curl,,,
-734,977,526,biceps-curl,,,
-643,955,485,biceps-curl,,,
-539,961,475,biceps-curl,,,
-459,915,486,biceps-curl,,,
-379,835,461,biceps-curl,,,
-339,795,384,biceps-curl,,,
-291,751,381,biceps-curl,,,
-235,742,349,biceps-curl,,,
-165,708,305,biceps-curl,,,
-110,620,326,biceps-curl,,,
-39,479,247,biceps-curl,,,
39,401,121,biceps-curl,,,
79,377,174,biceps-curl,,,
103,391,168,biceps-curl,,,
119,355,228,biceps-curl,,,
142,345,254,biceps-curl,,,
158,423,299,biceps-curl,,,
160,502,276,biceps-curl,,,
167,492,361,biceps-curl,,,
161,521,316,biceps-curl,,,
101,600,102,biceps-curl,,,
37,699,183,biceps-curl,,,
-1,683,371,biceps-curl,,,
-87,751,223,biceps-curl,,,
-153,823,-40,biceps-curl,,,
-214,725,-43,biceps-curl,,,
-360,786,-166,biceps-curl,,,
-476,908,-167,biceps-curl,,,
-530,792,-168,biceps-curl,,,
-631,666,-357,biceps-curl,,,
-744,744,-387,biceps-curl,,,
-803,712,-272,biceps-curl,,,
-895,634,-307,biceps-curl,,,
-988,673,-372,biceps-curl,,,
-1025,660,-372,biceps-curl,,,
-1065,554,-418,biceps-curl,,,
-1156,528,-452,biceps-curl,,,
-1239,568,-425,biceps-curl,,,
-1268,617,-426,biceps-curl,,,
-1279,671,-469,biceps-curl,,,
-1291,663,-506,biceps-curl,,,
-1267,608,-501,biceps-curl,,,
-1212,526,-503,biceps-curl,,,
-1177,469,-546,biceps-curl,,,
-1138,469,-495,biceps-curl,,,
-1109,506,-385,biceps-curl,,,
-1106,575,-320,biceps-curl,,,
-1114,599,-325,biceps-curl,,,
-1120,576,-340,biceps-curl,,,
-1122,603,-330,biceps-curl,,,
-1123,699,-250,biceps-curl,,,
-1089,748,-187,biceps-curl,,,
-1017,796,-139,biceps-curl,,,
-933,807,-133,biceps-curl,,,
-820,753,-26,biceps-curl,,,
-688,725,67,biceps-curl,,,
-567,826,155,biceps-curl,,,
-484,913,252,biceps-curl,,,
-434,926,294,biceps-curl,,,
-349,894,278,biceps-curl,,,
-287,855,391,biceps-curl,,,
-248,824,352,biceps-curl,,,
-192,832,328,biceps-curl,,,
-161,832,328,biceps-curl,,,
-122,802,214,biceps-curl,,,
-83,755,156,biceps-curl,,,
-44,708,137,biceps-curl,,,
-4,640,150,biceps-curl,,,
56,541,243,biceps-curl,,,
112,419,195,biceps-curl,,,
140,380,251,biceps-curl,,,
151,415,264,biceps-curl,,,
158,443,270,biceps-curl,,,
179,423,297,biceps-curl,,,
184,482,334,biceps-curl,,,
166,563,350,biceps-curl,,,
149,550,289,biceps-curl,,,
105,536,169,biceps-curl,,,
66,558,160,biceps-curl,,,
-2,642,202,biceps-curl,,,
-78,767,267,biceps-curl,,,
-144,831,172,biceps-curl,,,
-173,821,-100,biceps-curl,,,
-195,766,-190,biceps-curl,,,
-302,830,-111,biceps-curl,,,
-480,960,-132,biceps-curl,,,
-597,954,-246,biceps-curl,,,
-648,896,-424,biceps-curl,,,
-684,834,-525,biceps-curl,,,
-777,783,-445,biceps-curl,,,
-911,813,-365,biceps-curl,,,
-970,783,-436,biceps-curl,,,
-978,624,-552,biceps-curl,,,
-992,480,-503,biceps-curl,,,
-1055,466,-398,biceps-curl,,,
-1107,537,-401,biceps-curl,,,
-1133,561,-499,biceps-curl,,,
-1134,514,-472,biceps-curl,,,
-1101,543,-400,biceps-curl,,,
-1057,602,-425,biceps-curl,,,
-1004,608,-490,biceps-curl,,,
-959,613,-463,biceps-curl,,,
-925,635,-430,biceps-curl,,,
-912,635,-427,biceps-curl,,,
-916,585,-436,biceps-curl,,,
-937,639,-416,biceps-curl,,,
-947,678,-420,biceps-curl,,,
-971,663,-447,biceps-curl,,,
-993,660,-436,biceps-curl,,,
-1008,695,-387,biceps-curl,,,
-1009,688,-322,biceps-curl,,,
-1024,695,-353,biceps-curl,,,
-1007,672,-399,biceps-curl,,,
-937,704,-313,biceps-curl,,,
-866,751,-188,biceps-curl,,,
-834,813,-108,biceps-curl,,,
-765,838,-126,biceps-curl,,,
-694,818,-40,biceps-curl,,,
-602,787,11,biceps-curl,,,
-501,784,100,biceps-curl,,,
-420,893,221,biceps-curl,,,
-375,952,200,biceps-curl,,,
-290,908,225,biceps-curl,,,
-228,896,315,biceps-curl,,,
-166,865,280,biceps-curl,,,
-98,814,234,biceps-curl,,,
-27,794,212,biceps-curl,,,
21,826,277,biceps-curl,,,
26,940,310,biceps-curl,,,
35,876,263,biceps-curl,,,
61,703,198,biceps-curl,,,
113,564,191,biceps-curl,,,
146,480,220,biceps-curl,,,
152,461,265,biceps-curl,,,
157,469,334,biceps-curl,,,
178,436,346,biceps-curl,,,
188,443,341,biceps-curl,,,
180,543,352,biceps-curl,,,
160,660,340,biceps-curl,,,
140,654,297,biceps-curl,,,
129,625,220,biceps-curl,,,
102,728,147,biceps-curl,,,
67,788,140,biceps-curl,,,
0,734,110,biceps-curl,,,
-106,763,3,biceps-curl,,,
-180,907,-52,biceps-curl,,,
-216,869,-107,biceps-curl,,,
-252,618,-216,biceps-curl,,,
-364,527,-363,biceps-curl,,,
-500,657,-334,biceps-curl,,,
-666,779,-303,biceps-curl,,,
-782,842,-352,biceps-curl,,,
-861,861,-360,biceps-curl,,,
-919,811,-302,biceps-curl,,,
-988,764,-317,biceps-curl,,,
-1048,801,-401,biceps-curl,,,
-1086,873,-376,biceps-curl,,,
-1068,765,-431,biceps-curl,,,
-1040,629,-477,biceps-curl,,,
-1038,610,-452,biceps-curl,,,
-1015,629,-419,biceps-curl,,,
-1003,590,-458,biceps-curl,,,
-1057,560,-489,biceps-curl,,,
-1080,552,-536,biceps-curl,,,
-1048,560,-472,biceps-curl,,,
-1048,560,-472,biceps-curl,,,
-1017,529,-449,biceps-curl,,,
-986,558,-478,biceps-curl,,,
-984,575,-413,biceps-curl,,,
-969,561,-444,biceps-curl,,,
-947,517,-412,biceps-curl,,,
-923,484,-254,biceps-curl,,,
-906,548,-150,biceps-curl,,,
-904,680,44,biceps-curl,,,
-904,763,178,biceps-curl,,,
-872,833,162,biceps-curl,,,
-821,904,171,biceps-curl,,,
-754,926,255,biceps-curl,,,
-677,957,315,biceps-curl,,,
-604,1008,339,biceps-curl,,,
-567,1046,366,biceps-curl,,,
-533,1051,398,biceps-curl,,,
-478,1011,408,biceps-curl,,,
-425,997,423,biceps-curl,,,
-378,975,447,biceps-curl,,,
-312,927,403,biceps-curl,,,
-238,890,368,biceps-curl,,,
-181,849,377,biceps-curl,,,
-134,802,345,biceps-curl,,,
-87,755,291,biceps-curl,,,
-40,684,232,biceps-curl,,,
-1,590,238,biceps-curl,,,
45,507,273,biceps-curl,,,
105,461,231,biceps-curl,,,
153,461,251,biceps-curl,,,
179,474,343,biceps-curl,,,
187,485,361,biceps-curl,,,
198,514,336,biceps-curl,,,
205,518,350,biceps-curl,,,
192,585,386,biceps-curl,,,
176,672,396,biceps-curl,,,
174,674,309,biceps-curl,,,
160,678,143,biceps-curl,,,
120,684,139,biceps-curl,,,
58,752,274,biceps-curl,,,
-4,852,224,biceps-curl,,,
-52,771,-47,biceps-curl,,,
-84,609,-292,biceps-curl,,,
-163,637,-281,biceps-curl,,,
-285,761,-121,biceps-curl,,,
-384,752,-271,biceps-curl,,,
-455,616,-530,biceps-curl,,,
-536,540,-547,biceps-curl,,,
-655,604,-474,biceps-curl,,,
-787,672,-356,biceps-curl,,,
-889,688,-473,biceps-curl,,,
-943,648,-583,biceps-curl,,,
-1014,726,-530,biceps-curl,,,
-1024,736,-482,biceps-curl,,,
-1024,669,-502,biceps-curl,,,
-1024,642,-548,biceps-curl,,,
-1045,711,-552,biceps-curl,,,
-1048,741,-482,biceps-curl,,,
-1048,758,-492,biceps-curl,,,
-1048,693,-556,biceps-curl,,,
-1048,621,-522,biceps-curl,,,
-1029,614,-518,biceps-curl,,,
-999,641,-526,biceps-curl,,,
-968,660,-540,biceps-curl,,,
-942,693,-473,biceps-curl,,,
-942,710,-414,biceps-curl,,,
-938,729,-450,biceps-curl,,,
-936,709,-477,biceps-curl,,,
-931,691,-469,biceps-curl,,,
-908,754,-377,biceps-curl,,,
-876,836,-259,biceps-curl,,,
-840,859,-226,biceps-curl,,,
-787,879,-227,biceps-curl,,,
-751,865,-170,biceps-curl,,,
-692,793,-115,biceps-curl,,,
-594,760,-58,biceps-curl,,,
-500,832,20,biceps-curl,,,
-421,908,121,biceps-curl,,,
-366,942,174,biceps-curl,,,
-305,947,170,biceps-curl,,,
-229,880,216,biceps-curl,,,
-163,811,287,biceps-curl,,,
-99,795,356,biceps-curl,,,
-49,835,335,biceps-curl,,,
-5,888,267,biceps-curl,,,
55,831,267,biceps-curl,,,
119,712,254,biceps-curl,,,
152,647,259,biceps-curl,,,
150,672,269,biceps-curl,,,
144,690,204,biceps-curl,,,
149,659,166,biceps-curl,,,
175,606,173,biceps-curl,,,
197,565,231,biceps-curl,,,
180,561,271,biceps-curl,,,
160,615,306,biceps-curl,,,
161,657,327,biceps-curl,,,
171,663,371,biceps-curl,,,
191,653,321,biceps-curl,,,
181,629,247,biceps-curl,,,
133,710,228,biceps-curl,,,
70,832,152,biceps-curl,,,
16,848,144,biceps-curl,,,
-48,912,-40,biceps-curl,,,
-87,935,-219,biceps-curl,,,
-88,860,-300,biceps-curl,,,
-148,774,-393,biceps-curl,,,
-269,717,-305,biceps-curl,,,
-351,748,-346,biceps-curl,,,
-395,619,-540,biceps-curl,,,
-475,511,-616,biceps-curl,,,
-588,556,-517,biceps-curl,,,
-693,620,-444,biceps-curl,,,
-731,638,-476,biceps-curl,,,
-786,572,-587,biceps-curl,,,
-879,546,-664,biceps-curl,,,
-939,620,-662,biceps-curl,,,
-963,625,-639,biceps-curl,,,
-968,571,-638,biceps-curl,,,
-957,574,-618,biceps-curl,,,
-936,589,-582,biceps-curl,,,
-923,582,-583,biceps-curl,,,
-945,591,-622,biceps-curl,,,
-970,638,-607,biceps-curl,,,
-990,683,-570,biceps-curl,,,
-1000,727,-569,biceps-curl,,,
-1004,756,-623,biceps-curl,,,
-996,752,-676,biceps-curl,,,
-980,740,-660,biceps-curl,,,
-957,728,-609,biceps-curl,,,
-925,731,-551,biceps-curl,,,
-887,758,-505,biceps-curl,,,
-846,803,-479,biceps-curl,,,
-819,875,-437,biceps-curl,,,
-782,928,-384,biceps-curl,,,
-737,925,-306,biceps-curl,,,
-693,906,-248,biceps-curl,,,
-625,872,-233,biceps-curl,,,
-541,863,-151,biceps-curl,,,
-476,875,-103,biceps-curl,,,
-407,864,-61,biceps-curl,,,
-344,860,10,biceps-curl,,,
-282,841,80,biceps-curl,,,
-222,813,138,biceps-curl,,,
-169,790,150,biceps-curl,,,
-93,751,165,biceps-curl,,,
-31,780,110,biceps-curl,,,
28,756,93,biceps-curl,,,
61,722,62,biceps-curl,,,
108,668,-25,biceps-curl,,,
146,623,-30,biceps-curl,,,
170,616,-6,biceps-curl,,,
200,607,25,biceps-curl,,,
216,576,64,biceps-curl,,,
232,576,112,biceps-curl,,,
248,615,190,biceps-curl,,,
240,646,207,biceps-curl,,,
247,670,260,biceps-curl,,,
233,679,228,biceps-curl,,,
203,709,174,biceps-curl,,,
179,754,119,biceps-curl,,,
121,780,119,biceps-curl,,,
79,857,100,biceps-curl,,,
46,846,37,biceps-curl,,,
8,757,-173,biceps-curl,,,
-81,761,-305,biceps-curl,,,
-164,798,-304,biceps-curl,,,
-219,802,-243,biceps-curl,,,
-289,731,-316,biceps-curl,,,
-362,665,-508,biceps-curl,,,
-471,583,-592,biceps-curl,,,
-559,563,-547,biceps-curl,,,
-640,614,-530,biceps-curl,,,
-716,645,-566,biceps-curl,,,
-816,629,-617,biceps-curl,,,
-887,635,-645,biceps-curl,,,
-900,635,-612,biceps-curl,,,
-896,611,-606,biceps-curl,,,
-929,604,-653,biceps-curl,,,
-1012,664,-708,biceps-curl,,,
-1083,743,-694,biceps-curl,,,
-1104,761,-655,biceps-curl,,,
-1076,734,-678,biceps-curl,,,
-1013,705,-689,biceps-curl,,,
-947,677,-696,biceps-curl,,,
-889,645,-692,biceps-curl,,,
-855,657,-639,biceps-curl,,,
-845,696,-613,biceps-curl,,,
-856,728,-579,biceps-curl,,,
-856,760,-550,biceps-curl,,,
-851,749,-530,biceps-curl,,,
-834,733,-500,biceps-curl,,,
-808,776,-485,biceps-curl,,,
-773,814,-384,biceps-curl,,,
-724,872,-315,biceps-curl,,,
-667,907,-261,biceps-curl,,,
-597,917,-255,biceps-curl,,,
-531,893,-270,biceps-curl,,,
-446,831,-153,biceps-curl,,,
-368,830,-45,biceps-curl,,,
-298,879,-20,biceps-curl,,,
-228,866,23,biceps-curl,,,
-166,895,113,biceps-curl,,,
-127,880,134,biceps-curl,,,
-88,872,80,biceps-curl,,,
-32,792,96,biceps-curl,,,
-32,792,96,biceps-curl,,,
46,753,57,biceps-curl,,,
101,722,147,biceps-curl,,,
141,750,189,biceps-curl,,,
144,745,192,biceps-curl,,,
144,694,128,biceps-curl,,,
172,653,141,biceps-curl,,,
190,607,144,biceps-curl,,,
239,600,191,biceps-curl,,,
255,659,259,biceps-curl,,,
269,704,285,biceps-curl,,,
278,743,226,biceps-curl,,,
280,740,172,biceps-curl,,,
256,760,166,biceps-curl,,,
214,802,214,biceps-curl,,,
155,861,249,biceps-curl,,,
114,891,175,biceps-curl,,,
88,854,73,biceps-curl,,,
80,771,-36,biceps-curl,,,
40,701,-65,biceps-curl,,,
-32,766,-37,biceps-curl,,,
-120,824,-112,biceps-curl,,,
-187,788,-261,biceps-curl,,,
-217,730,-337,biceps-curl,,,
-261,687,-356,biceps-curl,,,
-340,676,-396,biceps-curl,,,
-415,684,-451,biceps-curl,,,
-481,662,-502,biceps-curl,,,
-538,646,-539,biceps-curl,,,
-594,640,-559,biceps-curl,,,
-659,585,-558,biceps-curl,,,
-703,552,-544,biceps-curl,,,
-751,537,-570,biceps-curl,,,
-814,539,-627,biceps-curl,,,
-874,587,-653,biceps-curl,,,
-936,569,-666,biceps-curl,,,
-1006,561,-663,biceps-curl,,,
-1040,573,-634,biceps-curl,,,
-1034,532,-628,biceps-curl,,,
-1012,496,-668,biceps-curl,,,
-1005,504,-673,biceps-curl,,,
-1031,542,-639,biceps-curl,,,
-1060,565,-600,biceps-curl,,,
-1033,551,-605,biceps-curl,,,
-984,543,-634,biceps-curl,,,
-925,539,-648,biceps-curl,,,
-897,566,-637,biceps-curl,,,
-905,635,-523,biceps-curl,,,
-912,681,-450,biceps-curl,,,
-903,697,-496,biceps-curl,,,
-872,729,-488,biceps-curl,,,
-840,791,-448,biceps-curl,,,
-793,862,-339,biceps-curl,,,
-746,917,-344,biceps-curl,,,
-707,920,-292,biceps-curl,,,
-638,913,-295,biceps-curl,,,
-575,883,-232,biceps-curl,,,
-505,894,-161,biceps-curl,,,
-421,916,-118,biceps-curl,,,
-355,907,-52,biceps-curl,,,
-292,911,6,biceps-curl,,,
-229,880,35,biceps-curl,,,
-166,816,96,biceps-curl,,,
-104,776,118,biceps-curl,,,
-47,756,179,biceps-curl,,,
20,735,171,biceps-curl,,,
96,739,205,biceps-curl,,,
147,749,186,biceps-curl,,,
181,726,147,biceps-curl,,,
202,676,116,biceps-curl,,,
233,631,109,biceps-curl,,,
272,621,107,biceps-curl,,,
320,629,132,biceps-curl,,,
340,592,161,biceps-curl,,,
340,530,177,biceps-curl,,,
352,512,230,biceps-curl,,,
344,548,276,biceps-curl,,,
316,595,272,biceps-curl,,,
289,627,235,biceps-curl,,,
258,658,186,biceps-curl,,,
220,697,155,biceps-curl,,,
195,710,110,biceps-curl,,,
160,702,38,biceps-curl,,,
58,744,-36,biceps-curl,,,
-30,786,-58,biceps-curl,,,
-90,750,-120,biceps-curl,,,
-152,726,-348,biceps-curl,,,
-226,711,-414,biceps-curl,,,
-321,686,-339,biceps-curl,,,
-483,680,-411,biceps-curl,,,
-575,653,-539,biceps-curl,,,
-616,552,-520,biceps-curl,,,
-711,542,-550,biceps-curl,,,
-865,641,-681,biceps-curl,,,
-958,629,-676,biceps-curl,,,
-996,521,-596,biceps-curl,,,
-1027,535,-518,biceps-curl,,,
-1047,595,-571,biceps-curl,,,
-1042,621,-599,biceps-curl,,,
-1064,577,-586,biceps-curl,,,
-1071,600,-614,biceps-curl,,,
-1040,592,-560,biceps-curl,,,
-1008,584,-528,biceps-curl,,,
-985,600,-551,biceps-curl,,,
-999,600,-659,biceps-curl,,,
-1022,615,-664,biceps-curl,,,
-1009,609,-591,biceps-curl,,,
-979,615,-520,biceps-curl,,,
-955,658,-526,biceps-curl,,,
-932,671,-576,biceps-curl,,,
-928,692,-591,biceps-curl,,,
-928,657,-553,biceps-curl,,,
-934,667,-512,biceps-curl,,,
-942,703,-504,biceps-curl,,,
-938,730,-468,biceps-curl,,,
-907,783,-438,biceps-curl,,,
-873,840,-415,biceps-curl,,,
-819,856,-358,biceps-curl,,,
-757,824,-358,biceps-curl,,,
-668,750,-284,biceps-curl,,,
-571,735,-138,biceps-curl,,,
-496,793,-26,biceps-curl,,,
-424,834,-2,biceps-curl,,,
-346,821,48,biceps-curl,,,
-254,790,128,biceps-curl,,,
-161,750,177,biceps-curl,,,
-83,732,217,biceps-curl,,,
-20,712,244,biceps-curl,,,
27,692,244,biceps-curl,,,
63,692,177,biceps-curl,,,
98,677,108,biceps-curl,,,
140,657,146,biceps-curl,,,
181,629,182,biceps-curl,,,
209,591,171,biceps-curl,,,
233,570,196,biceps-curl,,,
248,565,246,biceps-curl,,,
248,597,275,biceps-curl,,,
248,650,292,biceps-curl,,,
243,672,338,biceps-curl,,,
228,691,352,biceps-curl,,,
204,764,231,biceps-curl,,,
164,822,141,biceps-curl,,,
142,816,197,biceps-curl,,,
97,817,217,biceps-curl,,,
53,815,61,biceps-curl,,,
-11,766,-43,biceps-curl,,,
-81,758,-102,biceps-curl,,,
-153,801,-103,biceps-curl,,,
-232,802,-237,biceps-curl,,,
-318,743,-378,biceps-curl,,,
-403,732,-413,biceps-curl,,,
-460,656,-505,biceps-curl,,,
-577,672,-544,biceps-curl,,,
-663,680,-520,biceps-curl,,,
-718,540,-520,biceps-curl,,,
-750,422,-596,biceps-curl,,,
-856,416,-622,biceps-curl,,,
-944,504,-595,biceps-curl,,,
-988,548,-649,biceps-curl,,,
-1034,552,-621,biceps-curl,,,
-1040,545,-630,biceps-curl,,,
-1040,584,-632,biceps-curl,,,
-1027,612,-625,biceps-curl,,,
-992,552,-618,biceps-curl,,,
-978,511,-659,biceps-curl,,,
-970,516,-612,biceps-curl,,,
-962,526,-580,biceps-curl,,,
-954,511,-610,biceps-curl,,,
-935,498,-618,biceps-curl,,,
-917,491,-643,biceps-curl,,,
-901,493,-630,biceps-curl,,,
-901,501,-616,biceps-curl,,,
-909,514,-616,biceps-curl,,,
-912,525,-606,biceps-curl,,,
-898,537,-586,biceps-curl,,,
-879,566,-545,biceps-curl,,,
-850,623,-520,biceps-curl,,,
-820,685,-470,biceps-curl,,,
-800,732,-420,biceps-curl,,,
-780,764,-401,biceps-curl,,,
-753,798,-358,biceps-curl,,,
-704,820,-296,biceps-curl,,,
-634,826,-222,biceps-curl,,,
-566,837,-153,biceps-curl,,,
-494,829,-68,biceps-curl,,,
-408,841,48,biceps-curl,,,
-336,877,134,biceps-curl,,,
-281,867,205,biceps-curl,,,
-208,826,237,biceps-curl,,,
-136,830,275,biceps-curl,,,
-88,832,344,biceps-curl,,,
-56,856,326,biceps-curl,,,
-25,854,272,biceps-curl,,,
8,835,259,biceps-curl,,,
50,777,215,biceps-curl,,,
97,737,245,biceps-curl,,,
112,702,234,biceps-curl,,,
166,676,247,biceps-curl,,,
212,584,242,biceps-curl,,,
248,516,257,biceps-curl,,,
249,482,269,biceps-curl,,,
255,516,344,biceps-curl,,,
232,585,344,biceps-curl,,,
216,624,352,biceps-curl,,,
200,624,320,biceps-curl,,,
208,663,235,biceps-curl,,,
162,725,202,biceps-curl,,,
100,758,304,biceps-curl,,,
52,826,290,biceps-curl,,,
34,868,124,biceps-curl,,,
-10,907,83,biceps-curl,,,
-50,816,128,biceps-curl,,,
-129,760,-24,biceps-curl,,,
-222,830,-173,biceps-curl,,,
-284,842,-219,biceps-curl,,,
-364,908,-119,biceps-curl,,,
-438,904,-203,biceps-curl,,,
-480,778,-358,biceps-curl,,,
-540,644,-429,biceps-curl,,,
-593,602,-418,biceps-curl,,,
-689,622,-457,biceps-curl,,,
-807,658,-469,biceps-curl,,,
-909,641,-449,biceps-curl,,,
-964,550,-499,biceps-curl,,,
-990,437,-593,biceps-curl,,,
-1014,438,-581,biceps-curl,,,
-1020,512,-562,biceps-curl,,,
-1025,540,-554,biceps-curl,,,
-1036,540,-557,biceps-curl,,,
-1028,540,-564,biceps-curl,,,
-1004,521,-544,biceps-curl,,,
-988,504,-529,biceps-curl,,,
-977,508,-527,biceps-curl,,,
-961,502,-536,biceps-curl,,,
-949,475,-513,biceps-curl,,,
-941,456,-486,biceps-curl,,,
-948,465,-484,biceps-curl,,,
-971,485,-459,biceps-curl,,,
-976,519,-443,biceps-curl,,,
-978,570,-439,biceps-curl,,,
-982,571,-461,biceps-curl,,,
-968,573,-476,biceps-curl,,,
-940,626,-474,biceps-curl,,,
-921,687,-436,biceps-curl,,,
-888,712,-443,biceps-curl,,,
-846,716,-418,biceps-curl,,,
-793,729,-388,biceps-curl,,,
-754,705,-349,biceps-curl,,,
-716,768,-236,biceps-curl,,,
-685,826,-206,biceps-curl,,,
-650,840,-187,biceps-curl,,,
-588,840,-128,biceps-curl,,,
-534,840,-21,biceps-curl,,,
-486,831,34,biceps-curl,,,
-407,800,89,biceps-curl,,,
-321,784,159,biceps-curl,,,
-235,831,284,biceps-curl,,,
-186,840,296,biceps-curl,,,
-132,870,303,biceps-curl,,,
-92,857,260,biceps-curl,,,
-38,827,206,biceps-curl,,,
-4,796,193,biceps-curl,,,
20,785,206,biceps-curl,,,
51,737,235,biceps-curl,,,
89,676,240,biceps-curl,,,
109,613,234,biceps-curl,,,
131,550,263,biceps-curl,,,
142,518,308,biceps-curl,,,
138,541,373,biceps-curl,,,
125,592,409,biceps-curl,,,
109,614,360,biceps-curl,,,
104,621,276,biceps-curl,,,
93,619,227,biceps-curl,,,
57,672,191,biceps-curl,,,
5,753,196,biceps-curl,,,
-40,808,151,biceps-curl,,,
-75,792,24,biceps-curl,,,
-92,723,-27,biceps-curl,,,
-152,701,-51,biceps-curl,,,
-271,729,-88,biceps-curl,,,
-396,800,-160,biceps-curl,,,
-502,891,-259,biceps-curl,,,
-596,913,-340,biceps-curl,,,
-662,871,-406,biceps-curl,,,
-710,806,-414,biceps-curl,,,
-778,750,-410,biceps-curl,,,
-850,718,-448,biceps-curl,,,
-916,659,-549,biceps-curl,,,
-939,564,-629,biceps-curl,,,
-949,480,-537,biceps-curl,,,
-965,475,-463,biceps-curl,,,
-983,480,-487,biceps-curl,,,
-998,518,-510,biceps-curl,,,
-986,496,-538,biceps-curl,,,
-964,446,-555,biceps-curl,,,
-955,445,-507,biceps-curl,,,
-968,474,-501,biceps-curl,,,
-969,513,-561,biceps-curl,,,
-975,479,-567,biceps-curl,,,
-969,472,-557,biceps-curl,,,
-975,468,-537,biceps-curl,,,
-969,429,-543,biceps-curl,,,
-975,402,-537,biceps-curl,,,
-968,433,-543,biceps-curl,,,
-960,457,-528,biceps-curl,,,
-952,496,-512,biceps-curl,,,
-936,496,-488,biceps-curl,,,
-936,496,-488,biceps-curl,,,
-905,496,-480,biceps-curl,,,
-866,542,-419,biceps-curl,,,
-857,589,-356,biceps-curl,,,
-841,694,-294,biceps-curl,,,
-819,747,-317,biceps-curl,,,
-781,780,-299,biceps-curl,,,
-735,825,-153,biceps-curl,,,
-681,885,-101,biceps-curl,,,
-646,955,-44,biceps-curl,,,
-589,974,-19,biceps-curl,,,
-520,970,15,biceps-curl,,,
-462,968,139,biceps-curl,,,
-407,980,200,biceps-curl,,,
-352,961,225,biceps-curl,,,
-286,896,260,biceps-curl,,,
-232,883,294,biceps-curl,,,
-190,856,357,biceps-curl,,,
-140,830,369,biceps-curl,,,
-95,794,350,biceps-curl,,,
-51,728,320,biceps-curl,,,
-4,673,281,biceps-curl,,,
38,643,260,biceps-curl,,,
73,628,282,biceps-curl,,,
105,587,267,biceps-curl,,,
140,524,204,biceps-curl,,,
168,469,222,biceps-curl,,,
176,455,294,biceps-curl,,,
165,514,362,biceps-curl,,,
149,595,409,biceps-curl,,,
144,642,368,biceps-curl,,,
138,656,262,biceps-curl,,,
122,665,209,biceps-curl,,,
101,727,266,biceps-curl,,,
62,860,219,biceps-curl,,,
12,925,164,biceps-curl,,,
-25,866,75,biceps-curl,,,
-61,866,-76,biceps-curl,,,
-114,836,-60,biceps-curl,,,
-199,813,-79,biceps-curl,,,
-324,871,-200,biceps-curl,,,
-410,928,-263,biceps-curl,,,
-460,913,-279,biceps-curl,,,
-484,818,-399,biceps-curl,,,
-518,679,-436,biceps-curl,,,
-625,615,-411,biceps-curl,,,
-702,606,-438,biceps-curl,,,
-763,580,-504,biceps-curl,,,
-812,530,-612,biceps-curl,,,
-881,560,-545,biceps-curl,,,
-928,568,-575,biceps-curl,,,
-960,520,-505,biceps-curl,,,
-937,466,-551,biceps-curl,,,
-928,456,-620,biceps-curl,,,
-950,493,-594,biceps-curl,,,
-959,511,-526,biceps-curl,,,
-989,505,-527,biceps-curl,,,
-978,518,-507,biceps-curl,,,
-983,513,-490,biceps-curl,,,
-977,512,-515,biceps-curl,,,
-976,532,-533,biceps-curl,,,
-970,530,-568,biceps-curl,,,
-949,522,-570,biceps-curl,,,
-938,514,-544,biceps-curl,,,
-924,541,-524,biceps-curl,,,
-914,563,-486,biceps-curl,,,
-906,596,-466,biceps-curl,,,
-909,635,-496,biceps-curl,,,
-923,622,-523,biceps-curl,,,
-933,628,-533,biceps-curl,,,
-931,660,-442,biceps-curl,,,
-914,705,-346,biceps-curl,,,
-881,756,-306,biceps-curl,,,
-842,780,-287,biceps-curl,,,
-781,788,-237,biceps-curl,,,
-690,800,-171,biceps-curl,,,
-608,824,-64,biceps-curl,,,
-545,852,12,biceps-curl,,,
-483,886,60,biceps-curl,,,
-427,919,155,biceps-curl,,,
-370,898,176,biceps-curl,,,
-296,840,163,biceps-curl,,,
-214,819,235,biceps-curl,,,
-145,841,319,biceps-curl,,,
-112,891,328,biceps-curl,,,
-83,905,270,biceps-curl,,,
-44,827,201,biceps-curl,,,
-9,742,179,biceps-curl,,,
4,681,231,biceps-curl,,,
4,636,290,biceps-curl,,,
49,617,265,biceps-curl,,,
88,584,250,biceps-curl,,,
124,548,288,biceps-curl,,,
144,532,296,biceps-curl,,,
143,558,336,biceps-curl,,,
139,590,341,biceps-curl,,,
157,579,370,biceps-curl,,,
134,612,313,biceps-curl,,,
109,650,237,biceps-curl,,,
61,685,204,biceps-curl,,,
7,777,269,biceps-curl,,,
-16,824,176,biceps-curl,,,
-64,832,72,biceps-curl,,,
-103,747,-68,biceps-curl,,,
-203,729,-102,biceps-curl,,,
-335,840,-134,biceps-curl,,,
-380,841,-187,biceps-curl,,,
-427,826,-292,biceps-curl,,,
-523,838,-367,biceps-curl,,,
-584,799,-383,biceps-curl,,,
-619,732,-397,biceps-curl,,,
-683,642,-439,biceps-curl,,,
-740,592,-562,biceps-curl,,,
-839,510,-549,biceps-curl,,,
-930,470,-524,biceps-curl,,,
-981,452,-502,biceps-curl,,,
-1026,425,-467,biceps-curl,,,
-1073,433,-489,biceps-curl,,,
-1088,451,-509,biceps-curl,,,
-1083,472,-554,biceps-curl,,,
-1070,475,-540,biceps-curl,,,
-1049,497,-520,biceps-curl,,,
-1026,536,-515,biceps-curl,,,
-1002,543,-521,biceps-curl,,,
-970,554,-550,biceps-curl,,,
-943,559,-542,biceps-curl,,,
-936,535,-516,biceps-curl,,,
-936,512,-516,biceps-curl,,,
-940,489,-535,biceps-curl,,,
-944,479,-534,biceps-curl,,,
-940,499,-516,biceps-curl,,,
-943,509,-507,biceps-curl,,,
-949,514,-488,biceps-curl,,,
-947,543,-488,biceps-curl,,,
-943,585,-491,biceps-curl,,,
-928,630,-471,biceps-curl,,,
-910,666,-408,biceps-curl,,,
-857,705,-357,biceps-curl,,,
-815,769,-303,biceps-curl,,,
-784,830,-274,biceps-curl,,,
-742,814,-232,biceps-curl,,,
-668,788,-126,biceps-curl,,,
-590,808,2,biceps-curl,,,
-542,849,34,biceps-curl,,,
-487,891,13,biceps-curl,,,
-433,905,74,biceps-curl,,,
-386,918,262,biceps-curl,,,
-335,955,183,biceps-curl,,,
-258,910,120,biceps-curl,,,
-188,890,211,biceps-curl,,,
-134,912,255,biceps-curl,,,
-102,903,232,biceps-curl,,,
-47,855,232,biceps-curl,,,
7,729,184,biceps-curl,,,
55,681,223,biceps-curl,,,
86,650,262,biceps-curl,,,
125,588,264,biceps-curl,,,
150,533,286,biceps-curl,,,
181,492,259,biceps-curl,,,
191,453,298,biceps-curl,,,
192,489,338,biceps-curl,,,
185,549,384,biceps-curl,,,
177,599,385,biceps-curl,,,
170,640,340,biceps-curl,,,
156,629,229,biceps-curl,,,
104,660,200,biceps-curl,,,
53,748,241,biceps-curl,,,
0,845,233,biceps-curl,,,
-16,805,107,biceps-curl,,,
-70,765,40,biceps-curl,,,
-143,786,6,biceps-curl,,,
-250,805,-130,biceps-curl,,,
-345,823,-284,biceps-curl,,,
-429,842,-341,biceps-curl,,,
-496,885,-335,biceps-curl,,,
-538,854,-355,biceps-curl,,,
-574,713,-475,biceps-curl,,,
-642,644,-543,biceps-curl,,,
-756,728,-532,biceps-curl,,,
-836,781,-505,biceps-curl,,,
-844,697,-509,biceps-curl,,,
-847,550,-538,biceps-curl,,,
-859,422,-483,biceps-curl,,,
-887,392,-448,biceps-curl,,,
-941,431,-512,biceps-curl,,,
-991,473,-585,biceps-curl,,,
-1011,496,-564,biceps-curl,,,
-990,477,-483,biceps-curl,,,
-961,474,-456,biceps-curl,,,
-946,478,-470,biceps-curl,,,
-956,474,-512,biceps-curl,,,
-968,482,-528,biceps-curl,,,
-968,497,-509,biceps-curl,,,
-965,530,-520,biceps-curl,,,
-946,533,-488,biceps-curl,,,
-916,519,-488,biceps-curl,,,
-894,514,-493,biceps-curl,,,
-880,528,-517,biceps-curl,,,
-884,531,-493,biceps-curl,,,
-922,564,-466,biceps-curl,,,
-946,599,-487,biceps-curl,,,
-976,595,-480,biceps-curl,,,
-984,649,-472,biceps-curl,,,
-992,688,-464,biceps-curl,,,
-976,672,-496,biceps-curl,,,
-976,672,-496,biceps-curl,,,
-922,672,-348,biceps-curl,,,
-920,748,-268,biceps-curl,,,
-905,774,-234,biceps-curl,,,
-831,812,-203,biceps-curl,,,
-703,845,-100,biceps-curl,,,
-639,883,-67,biceps-curl,,,
-557,895,-64,biceps-curl,,,
-477,863,76,biceps-curl,,,
-399,902,208,biceps-curl,,,
-308,988,238,biceps-curl,,,
-251,1020,327,biceps-curl,,,
-198,1006,267,biceps-curl,,,
-113,1012,216,biceps-curl,,,
-54,924,231,biceps-curl,,,
-18,849,195,biceps-curl,,,
3,789,57,biceps-curl,,,
19,705,100,biceps-curl,,,
39,616,172,biceps-curl,,,
78,520,209,biceps-curl,,,
125,418,219,biceps-curl,,,
172,348,225,biceps-curl,,,
196,324,268,biceps-curl,,,
213,324,318,biceps-curl,,,
228,336,332,biceps-curl,,,
232,388,328,biceps-curl,,,
224,482,332,biceps-curl,,,
209,565,295,biceps-curl,,,
186,625,223,biceps-curl,,,
151,680,172,biceps-curl,,,
105,747,125,biceps-curl,,,
51,855,136,biceps-curl,,,
-1,929,159,biceps-curl,,,
-48,901,50,biceps-curl,,,
-106,891,-99,biceps-curl,,,
-170,885,-246,biceps-curl,,,
-226,932,-190,biceps-curl,,,
-346,1030,-108,biceps-curl,,,
-440,1023,-193,biceps-curl,,,
-451,910,-432,biceps-curl,,,
-490,794,-486,biceps-curl,,,
-518,813,-456,biceps-curl,,,
-631,887,-369,biceps-curl,,,
-711,934,-470,biceps-curl,,,
-750,748,-543,biceps-curl,,,
-739,501,-482,biceps-curl,,,
-774,482,-500,biceps-curl,,,
-843,579,-537,biceps-curl,,,
-881,508,-542,biceps-curl,,,
-904,433,-504,biceps-curl,,,
-920,473,-521,biceps-curl,,,
-944,559,-591,biceps-curl,,,
-944,529,-468,biceps-curl,,,
-982,505,-494,biceps-curl,,,
-999,467,-533,biceps-curl,,,
-1022,486,-580,biceps-curl,,,
-1024,474,-541,biceps-curl,,,
-1045,500,-501,biceps-curl,,,
-1028,559,-482,biceps-curl,,,
-1024,595,-493,biceps-curl,,,
-1017,613,-496,biceps-curl,,,
-997,597,-464,biceps-curl,,,
-967,580,-487,biceps-curl,,,
-918,606,-472,biceps-curl,,,
-875,634,-446,biceps-curl,,,
-830,680,-406,biceps-curl,,,
-783,690,-386,biceps-curl,,,
-725,666,-427,biceps-curl,,,
-683,651,-464,biceps-curl,,,
-652,638,-416,biceps-curl,,,
-600,652,-325,biceps-curl,,,
-562,650,-355,biceps-curl,,,
-533,635,-409,biceps-curl,,,
-489,610,-429,biceps-curl,,,
-451,588,-410,biceps-curl,,,
-428,488,-405,biceps-curl,,,
-392,436,-428,biceps-curl,,,
-376,476,-486,biceps-curl,,,
-384,491,-570,biceps-curl,,,
-370,550,-639,biceps-curl,,,
-335,608,-742,biceps-curl,,,
-302,637,-800,biceps-curl,,,
-276,686,-733,biceps-curl,,,
-285,612,-696,biceps-curl,,,
-328,384,-730,biceps-curl,,,
-307,289,-693,biceps-curl,,,
-296,425,-738,biceps-curl,,,
-294,498,-809,biceps-curl,,,
-284,597,-796,biceps-curl,,,
-268,624,-800,biceps-curl,,,
-247,609,-763,biceps-curl,,,
-209,652,-733,biceps-curl,,,
-181,696,-808,biceps-curl,,,
-160,685,-912,biceps-curl,,,
-112,624,-901,biceps-curl,,,
-61,568,-835,biceps-curl,,,
-41,504,-800,biceps-curl,,,
-49,433,-803,biceps-curl,,,
-57,354,-831,biceps-curl,,,
-64,268,-822,biceps-curl,,,
-56,191,-783,biceps-curl,,,
-64,160,-736,biceps-curl,,,
