360,88,-768,biceps-curl,,,
344,220,-877,biceps-curl,,,
276,422,-720,biceps-curl,,,
183,648,-734,biceps-curl,,,
132,824,-619,biceps-curl,,,
149,1033,-529,biceps-curl,,,
187,1189,-548,biceps-curl,,,
233,1112,-518,biceps-curl,,,
287,1123,-312,biceps-curl,,,
348,1076,-298,biceps-curl,,,
443,994,-329,biceps-curl,,,
520,920,-268,biceps-curl,,,
596,892,-157,biceps-curl,,,
698,864,-204,biceps-curl,,,
768,827,-278,biceps-curl,,,
778,794,-313,biceps-curl,,,
765,692,-260,biceps-curl,,,
771,795,-264,biceps-curl,,,
791,882,-260,biceps-curl,,,
795,824,-317,biceps-curl,,,
797,712,-207,biceps-curl,,,
828,613,-210,biceps-curl,,,
879,634,-342,biceps-curl,,,
921,680,-380,biceps-curl,,,
919,701,-314,biceps-curl,,,
848,728,-184,biceps-curl,,,
765,736,-131,biceps-curl,,,
710,754,-156,biceps-curl,,,
659,769,-121,biceps-curl,,,
602,753,-62,biceps-curl,,,
544,757,-54,biceps-curl,,,
492,709,-18,biceps-curl,,,
431,629,50,biceps-curl,,,
381,666,67,biceps-curl,,,
336,648,133,biceps-curl,,,
335,674,148,biceps-curl,,,
386,696,109,biceps-curl,,,
430,690,103,biceps-curl,,,
430,672,211,biceps-curl,,,
457,683,360,biceps-curl,,,
513,718,401,biceps-curl,,,
618,705,316,biceps-curl,,,
673,675,204,biceps-curl,,,
725,690,286,biceps-curl,,,
761,701,403,biceps-curl,,,
829,674,304,biceps-curl,,,
875,620,234,biceps-curl,,,
907,586,169,biceps-curl,,,
945,616,177,biceps-curl,,,
969,607,198,biceps-curl,,,
992,583,127,biceps-curl,,,
1016,529,33,biceps-curl,,,
1008,505,32,biceps-curl,,,
1008,542,78,biceps-curl,,,
1001,551,102,biceps-curl,,,
993,537,104,biceps-curl,,,
992,529,18,biceps-curl,,,
964,535,-34,biceps-curl,,,
946,556,-13,biceps-curl,,,
944,580,72,biceps-curl,,,
924,519,140,biceps-curl,,,
939,498,50,biceps-curl,,,
963,508,98,biceps-curl,,,
968,524,150,biceps-curl,,,
956,581,266,biceps-curl,,,
941,640,344,biceps-curl,,,
936,667,343,biceps-curl,,,
920,672,320,biceps-curl,,,
896,688,365,biceps-curl,,,
873,716,402,biceps-curl,,,
854,713,452,biceps-curl,,,
834,694,461,biceps-curl,,,
819,674,476,biceps-curl,,,
798,686,514,biceps-curl,,,
771,695,537,biceps-curl,,,
752,700,527,biceps-curl,,,
716,728,536,biceps-curl,,,
669,732,552,biceps-curl,,,
644,702,573,biceps-curl,,,
605,705,643,biceps-curl,,,
547,699,617,biceps-curl,,,
499,667,578,biceps-curl,,,
428,720,716,biceps-curl,,,
372,766,707,biceps-curl,,,
344,754,558,biceps-curl,,,
325,728,625,biceps-curl,,,
310,765,673,biceps-curl,,,
261,781,570,biceps-curl,,,
173,786,559,biceps-curl,,,
108,764,624,biceps-curl,,,
67,747,626,biceps-curl,,,
35,718,634,biceps-curl,,,
-31,677,634,biceps-curl,,,
-100,657,599,biceps-curl,,,
-129,613,540,biceps-curl,,,
-190,548,467,biceps-curl,,,
-235,521,443,biceps-curl,,,
-256,526,525,biceps-curl,,,
-255,502,403,biceps-curl,,,
-241,470,329,biceps-curl,,,
-257,424,349,biceps-curl,,,
-280,432,512,biceps-curl,,,
-224,432,416,biceps-curl,,,
-224,432,416,biceps-curl,,,
-201,432,362,biceps-curl,,,
-154,447,292,biceps-curl,,,
-100,441,295,biceps-curl,,,
-52,520,559,biceps-curl,,,
-19,549,720,biceps-curl,,,
19,566,687,biceps-curl,,,
72,609,680,biceps-curl,,,
93,616,640,biceps-curl,,,
135,662,652,biceps-curl,,,
182,723,783,biceps-curl,,,
273,742,766,biceps-curl,,,
326,738,649,biceps-curl,,,
365,748,551,biceps-curl,,,
428,786,660,biceps-curl,,,
493,811,768,biceps-curl,,,
550,821,722,biceps-curl,,,
589,787,530,biceps-curl,,,
620,768,417,biceps-curl,,,
672,783,553,biceps-curl,,,
753,787,595,biceps-curl,,,
783,765,532,biceps-curl,,,
794,725,400,biceps-curl,,,
812,687,312,biceps-curl,,,
828,684,366,biceps-curl,,,
860,684,420,biceps-curl,,,
876,645,366,biceps-curl,,,
879,598,278,biceps-curl,,,
902,569,230,biceps-curl,,,
930,560,225,biceps-curl,,,
944,550,254,biceps-curl,,,
941,527,252,biceps-curl,,,
939,503,186,biceps-curl,,,
949,491,109,biceps-curl,,,
960,493,112,biceps-curl,,,
958,493,115,biceps-curl,,,
950,499,160,biceps-curl,,,
946,488,152,biceps-curl,,,
954,488,142,biceps-curl,,,
958,490,164,biceps-curl,,,
952,499,108,biceps-curl,,,
952,516,162,biceps-curl,,,
952,539,213,biceps-curl,,,
951,557,244,biceps-curl,,,
943,584,266,biceps-curl,,,
938,584,280,biceps-curl,,,
951,585,278,biceps-curl,,,
936,602,261,biceps-curl,,,
936,626,332,biceps-curl,,,
944,664,415,biceps-curl,,,
936,664,376,biceps-curl,,,
928,672,352,biceps-curl,,,
897,703,430,biceps-curl,,,
896,719,440,biceps-curl,,,
866,750,500,biceps-curl,,,
842,759,460,biceps-curl,,,
797,739,485,biceps-curl,,,
743,736,530,biceps-curl,,,
695,756,584,biceps-curl,,,
661,773,619,biceps-curl,,,
610,769,552,biceps-curl,,,
549,749,530,biceps-curl,,,
468,732,609,biceps-curl,,,
442,746,662,biceps-curl,,,
411,728,672,biceps-curl,,,
366,703,661,biceps-curl,,,
313,729,712,biceps-curl,,,
258,733,704,biceps-curl,,,
182,723,720,biceps-curl,,,
111,730,736,biceps-curl,,,
44,696,672,biceps-curl,,,
-22,648,575,biceps-curl,,,
-80,623,545,biceps-curl,,,
-149,607,539,biceps-curl,,,
-206,604,511,biceps-curl,,,
-241,596,421,biceps-curl,,,
-268,568,316,biceps-curl,,,
-292,525,288,biceps-curl,,,
-311,492,355,biceps-curl,,,
-331,481,413,biceps-curl,,,
-347,452,397,biceps-curl,,,
-352,421,369,biceps-curl,,,
-343,422,339,biceps-curl,,,
-319,432,379,biceps-curl,,,
-296,437,429,biceps-curl,,,
-264,445,392,biceps-curl,,,
-220,445,379,biceps-curl,,,
-190,470,481,biceps-curl,,,
-173,508,628,biceps-curl,,,
-134,524,628,biceps-curl,,,
-90,550,565,biceps-curl,,,
-27,607,488,biceps-curl,,,
36,647,594,biceps-curl,,,
100,716,773,biceps-curl,,,
171,738,751,biceps-curl,,,
237,751,698,biceps-curl,,,
281,749,710,biceps-curl,,,
366,794,698,biceps-curl,,,
426,815,723,biceps-curl,,,
458,800,751,biceps-curl,,,
505,792,574,biceps-curl,,,
552,792,520,biceps-curl,,,
592,840,608,biceps-curl,,,
670,863,624,biceps-curl,,,
695,856,540,biceps-curl,,,
689,804,469,biceps-curl,,,
695,778,479,biceps-curl,,,
739,712,466,biceps-curl,,,
751,711,422,biceps-curl,,,
786,678,314,biceps-curl,,,
825,665,323,biceps-curl,,,
871,638,374,biceps-curl,,,
905,613,308,biceps-curl,,,
912,602,282,biceps-curl,,,
918,582,238,biceps-curl,,,
926,558,195,biceps-curl,,,
957,552,190,biceps-curl,,,
968,530,237,biceps-curl,,,
968,509,218,biceps-curl,,,
984,509,163,biceps-curl,,,
992,481,134,biceps-curl,,,
987,474,138,biceps-curl,,,
970,480,158,biceps-curl,,,
951,480,187,biceps-curl,,,
935,502,182,biceps-curl,,,
919,520,159,biceps-curl,,,
908,524,164,biceps-curl,,,
904,544,224,biceps-curl,,,
916,560,280,biceps-curl,,,
943,560,277,biceps-curl,,,
960,571,282,biceps-curl,,,
953,584,304,biceps-curl,,,
938,600,346,biceps-curl,,,
925,630,399,biceps-curl,,,
914,652,399,biceps-curl,,,
893,675,429,biceps-curl,,,
862,685,445,biceps-curl,,,
833,703,466,biceps-curl,,,
807,725,502,biceps-curl,,,
780,738,538,biceps-curl,,,
758,744,544,biceps-curl,,,
719,748,549,biceps-curl,,,
680,767,580,biceps-curl,,,
641,792,620,biceps-curl,,,
599,788,605,biceps-curl,,,
545,775,638,biceps-curl,,,
498,811,682,biceps-curl,,,
451,779,752,biceps-curl,,,
404,800,749,biceps-curl,,,
355,798,717,biceps-curl,,,
284,775,675,biceps-curl,,,
207,760,726,biceps-curl,,,
175,768,672,biceps-curl,,,
97,728,648,biceps-curl,,,
26,689,640,biceps-curl,,,
-44,688,655,biceps-curl,,,
-78,666,619,biceps-curl,,,
-124,613,528,biceps-curl,,,
-192,551,499,biceps-curl,,,
-242,537,496,biceps-curl,,,
-262,522,435,biceps-curl,,,
-284,493,437,biceps-curl,,,
-308,442,407,biceps-curl,,,
-325,394,381,biceps-curl,,,
-334,378,364,biceps-curl,,,
-336,394,402,biceps-curl,,,
-342,394,428,biceps-curl,,,
-344,398,409,biceps-curl,,,
-333,417,422,biceps-curl,,,
-323,429,443,biceps-curl,,,
-304,453,490,biceps-curl,,,
-281,479,507,biceps-curl,,,
-247,488,420,biceps-curl,,,
-213,512,497,biceps-curl,,,
-172,565,640,biceps-curl,,,
-112,610,595,biceps-curl,,,
-63,628,515,biceps-curl,,,
-31,644,620,biceps-curl,,,
28,668,740,biceps-curl,,,
103,688,691,biceps-curl,,,
169,718,646,biceps-curl,,,
236,769,707,biceps-curl,,,
323,793,745,biceps-curl,,,
415,781,730,biceps-curl,,,
476,776,689,biceps-curl,,,
543,788,669,biceps-curl,,,
592,813,693,biceps-curl,,,
626,824,622,biceps-curl,,,
676,812,572,biceps-curl,,,
702,782,537,biceps-curl,,,
698,765,505,biceps-curl,,,
704,738,460,biceps-curl,,,
715,735,446,biceps-curl,,,
760,696,433,biceps-curl,,,
801,660,409,biceps-curl,,,
849,633,413,biceps-curl,,,
900,598,392,biceps-curl,,,
922,583,344,biceps-curl,,,
938,573,338,biceps-curl,,,
951,541,284,biceps-curl,,,
945,510,245,biceps-curl,,,
960,488,209,biceps-curl,,,
969,480,223,biceps-curl,,,
992,464,200,biceps-curl,,,
992,440,176,biceps-curl,,,
992,440,176,biceps-curl,,,
984,424,176,biceps-curl,,,
1007,439,168,biceps-curl,,,
1001,425,175,biceps-curl,,,
993,417,161,biceps-curl,,,
971,402,196,biceps-curl,,,
961,442,270,biceps-curl,,,
967,455,239,biceps-curl,,,
955,483,239,biceps-curl,,,
965,514,273,biceps-curl,,,
981,526,280,biceps-curl,,,
996,565,317,biceps-curl,,,
1000,594,346,biceps-curl,,,
994,624,370,biceps-curl,,,
975,649,405,biceps-curl,,,
957,650,410,biceps-curl,,,
930,670,462,biceps-curl,,,
904,696,499,biceps-curl,,,
886,714,494,biceps-curl,,,
870,715,478,biceps-curl,,,
840,717,482,biceps-curl,,,
810,729,534,biceps-curl,,,
782,740,577,biceps-curl,,,
751,735,584,biceps-curl,,,
728,728,592,biceps-curl,,,
696,736,628,biceps-curl,,,
641,740,637,biceps-curl,,,
575,725,631,biceps-curl,,,
518,723,652,biceps-curl,,,
459,729,653,biceps-curl,,,
379,720,661,biceps-curl,,,
312,717,680,biceps-curl,,,
257,709,680,biceps-curl,,,
210,707,691,biceps-curl,,,
147,717,691,biceps-curl,,,
85,716,643,biceps-curl,,,
20,672,618,biceps-curl,,,
-49,621,571,biceps-curl,,,
-112,586,538,biceps-curl,,,
-167,557,526,biceps-curl,,,
-200,508,448,biceps-curl,,,
-239,455,381,biceps-curl,,,
-275,412,361,biceps-curl,,,
-292,388,316,biceps-curl,,,
-315,369,249,biceps-curl,,,
-334,379,259,biceps-curl,,,
-321,410,289,biceps-curl,,,
-327,435,307,biceps-curl,,,
-311,474,349,biceps-curl,,,
-288,513,440,biceps-curl,,,
-272,560,448,biceps-curl,,,
-264,576,488,biceps-curl,,,
-210,592,472,biceps-curl,,,
-162,584,533,biceps-curl,,,
-115,629,551,biceps-curl,,,
-54,654,581,biceps-curl,,,
2,663,648,biceps-curl,,,
64,692,712,biceps-curl,,,
120,723,631,biceps-curl,,,
168,741,683,biceps-curl,,,
228,770,729,biceps-curl,,,
310,814,723,biceps-curl,,,
378,805,689,biceps-curl,,,
416,794,656,biceps-curl,,,
465,798,613,biceps-curl,,,
497,829,606,biceps-curl,,,
554,818,575,biceps-curl,,,
592,776,495,biceps-curl,,,
637,755,517,biceps-curl,,,
681,742,600,biceps-curl,,,
716,716,543,biceps-curl,,,
747,694,407,biceps-curl,,,
774,679,412,biceps-curl,,,
802,672,456,biceps-curl,,,
838,668,430,biceps-curl,,,
877,656,383,biceps-curl,,,
900,640,396,biceps-curl,,,
908,609,397,biceps-curl,,,
927,577,308,biceps-curl,,,
948,568,259,biceps-curl,,,
952,565,282,biceps-curl,,,
958,557,293,biceps-curl,,,
965,546,257,biceps-curl,,,
969,542,223,biceps-curl,,,
976,549,248,biceps-curl,,,
963,549,256,biceps-curl,,,
968,565,272,biceps-curl,,,
973,583,279,biceps-curl,,,
982,602,307,biceps-curl,,,
978,610,338,biceps-curl,,,
982,623,357,biceps-curl,,,
976,650,403,biceps-curl,,,
970,659,419,biceps-curl,,,
941,672,435,biceps-curl,,,
926,677,447,biceps-curl,,,
912,706,445,biceps-curl,,,
913,722,483,biceps-curl,,,
918,739,517,biceps-curl,,,
895,767,568,biceps-curl,,,
877,760,564,biceps-curl,,,
814,752,481,biceps-curl,,,
744,760,504,biceps-curl,,,
680,792,560,biceps-curl,,,
626,776,537,biceps-curl,,,
563,730,528,biceps-curl,,,
530,728,521,biceps-curl,,,
484,743,586,biceps-curl,,,
430,737,571,biceps-curl,,,
382,729,638,biceps-curl,,,
335,708,641,biceps-curl,,,
268,704,667,biceps-curl,,,
217,704,652,biceps-curl,,,
144,685,642,biceps-curl,,,
78,661,597,biceps-curl,,,
4,638,584,biceps-curl,,,
-69,620,549,biceps-curl,,,
-105,587,513,biceps-curl,,,
-162,565,510,biceps-curl,,,
-216,533,480,biceps-curl,,,
-258,499,438,biceps-curl,,,
-297,488,393,biceps-curl,,,
-312,493,317,biceps-curl,,,
-302,491,237,biceps-curl,,,
-291,474,227,biceps-curl,,,
-284,455,298,biceps-curl,,,
-276,439,353,biceps-curl,,,
-268,444,389,biceps-curl,,,
-244,464,420,biceps-curl,,,
-201,484,443,biceps-curl,,,
-165,507,512,biceps-curl,,,
-131,531,582,biceps-curl,,,
-84,557,546,biceps-curl,,,
-33,589,482,biceps-curl,,,
21,629,576,biceps-curl,,,
71,681,759,biceps-curl,,,
118,717,790,biceps-curl,,,
178,728,643,biceps-curl,,,
228,745,690,biceps-curl,,,
276,793,873,biceps-curl,,,
353,814,763,biceps-curl,,,
432,804,596,biceps-curl,,,
465,792,583,biceps-curl,,,
506,789,749,biceps-curl,,,
557,779,744,biceps-curl,,,
627,788,623,biceps-curl,,,
685,760,530,biceps-curl,,,
719,709,500,biceps-curl,,,
773,689,531,biceps-curl,,,
817,695,546,biceps-curl,,,
834,687,473,biceps-curl,,,
865,671,382,biceps-curl,,,
880,655,352,biceps-curl,,,
872,632,360,biceps-curl,,,
872,632,360,biceps-curl,,,
903,601,267,biceps-curl,,,
934,570,241,biceps-curl,,,
943,523,262,biceps-curl,,,
959,513,235,biceps-curl,,,
981,483,261,biceps-curl,,,
984,494,278,biceps-curl,,,
998,496,294,biceps-curl,,,
1000,483,223,biceps-curl,,,
993,487,169,biceps-curl,,,
986,482,217,biceps-curl,,,
978,505,275,biceps-curl,,,
976,524,264,biceps-curl,,,
970,528,227,biceps-curl,,,
951,557,279,biceps-curl,,,
966,574,321,biceps-curl,,,
960,598,366,biceps-curl,,,
952,613,405,biceps-curl,,,
947,621,421,biceps-curl,,,
939,639,444,biceps-curl,,,
926,643,470,biceps-curl,,,
911,654,480,biceps-curl,,,
900,682,502,biceps-curl,,,
896,705,542,biceps-curl,,,
871,720,564,biceps-curl,,,
828,724,568,biceps-curl,,,
789,728,610,biceps-curl,,,
746,751,641,biceps-curl,,,
699,757,628,biceps-curl,,,
652,741,639,biceps-curl,,,
598,746,693,biceps-curl,,,
542,751,739,biceps-curl,,,
495,736,716,biceps-curl,,,
442,736,717,biceps-curl,,,
374,720,659,biceps-curl,,,
301,683,650,biceps-curl,,,
245,674,694,biceps-curl,,,
199,676,616,biceps-curl,,,
134,652,646,biceps-curl,,,
66,611,641,biceps-curl,,,
3,589,553,biceps-curl,,,
-58,572,525,biceps-curl,,,
-112,549,504,biceps-curl,,,
-157,531,458,biceps-curl,,,
-189,498,411,biceps-curl,,,
-227,452,317,biceps-curl,,,
-257,415,296,biceps-curl,,,
-273,402,293,biceps-curl,,,
-281,424,255,biceps-curl,,,
-304,416,233,biceps-curl,,,
-312,432,256,biceps-curl,,,
-288,464,320,biceps-curl,,,
-288,464,320,biceps-curl,,,
-280,503,506,biceps-curl,,,
-234,512,451,biceps-curl,,,
-210,505,314,biceps-curl,,,
-164,533,457,biceps-curl,,,
-117,572,565,biceps-curl,,,
-42,618,569,biceps-curl,,,
-5,624,527,biceps-curl,,,
40,611,553,biceps-curl,,,
139,693,827,biceps-curl,,,
185,744,793,biceps-curl,,,
248,727,625,biceps-curl,,,
349,726,584,biceps-curl,,,
417,775,737,biceps-curl,,,
484,809,798,biceps-curl,,,
560,827,700,biceps-curl,,,
606,810,521,biceps-curl,,,
632,789,503,biceps-curl,,,
671,815,661,biceps-curl,,,
708,817,632,biceps-curl,,,
749,770,424,biceps-curl,,,
782,744,370,biceps-curl,,,
801,735,445,biceps-curl,,,
830,719,463,biceps-curl,,,
865,691,381,biceps-curl,,,
888,652,296,biceps-curl,,,
908,605,249,biceps-curl,,,
924,580,228,biceps-curl,,,
939,588,221,biceps-curl,,,
965,582,178,biceps-curl,,,
990,558,133,biceps-curl,,,
1006,538,122,biceps-curl,,,
1013,525,106,biceps-curl,,,
1005,515,121,biceps-curl,,,
995,499,171,biceps-curl,,,
977,486,157,biceps-curl,,,
962,485,112,biceps-curl,,,
962,500,110,biceps-curl,,,
944,510,118,biceps-curl,,,
944,513,165,biceps-curl,,,
946,544,184,biceps-curl,,,
956,545,181,biceps-curl,,,
975,556,176,biceps-curl,,,
968,581,223,biceps-curl,,,
971,610,262,biceps-curl,,,
991,627,249,biceps-curl,,,
983,659,257,biceps-curl,,,
975,689,276,biceps-curl,,,
959,697,326,biceps-curl,,,
944,713,296,biceps-curl,,,
936,736,313,biceps-curl,,,
904,760,415,biceps-curl,,,
896,783,416,biceps-curl,,,
858,792,439,biceps-curl,,,
834,799,455,biceps-curl,,,
796,807,471,biceps-curl,,,
742,808,472,biceps-curl,,,
687,822,500,biceps-curl,,,
639,831,538,biceps-curl,,,
572,839,544,biceps-curl,,,
521,814,531,biceps-curl,,,
429,814,592,biceps-curl,,,
377,841,676,biceps-curl,,,
308,818,605,biceps-curl,,,
223,784,541,biceps-curl,,,
148,770,557,biceps-curl,,,
95,740,557,biceps-curl,,,
53,679,471,biceps-curl,,,
-7,635,427,biceps-curl,,,
-73,599,404,biceps-curl,,,
-121,574,372,biceps-curl,,,
-146,544,322,biceps-curl,,,
-166,519,296,biceps-curl,,,
-185,508,269,biceps-curl,,,
-205,482,213,biceps-curl,,,
-228,452,205,biceps-curl,,,
-240,428,228,biceps-curl,,,
-236,431,267,biceps-curl,,,
-228,455,326,biceps-curl,,,
-210,475,334,biceps-curl,,,
-182,491,305,biceps-curl,,,
-136,512,338,biceps-curl,,,
-76,557,428,biceps-curl,,,
-47,598,469,biceps-curl,,,
-10,608,428,biceps-curl,,,
53,629,399,biceps-curl,,,
115,696,538,biceps-curl,,,
185,752,672,biceps-curl,,,
267,760,668,biceps-curl,,,
340,792,627,biceps-curl,,,
432,829,552,biceps-curl,,,
547,885,621,biceps-curl,,,
567,924,657,biceps-curl,,,
611,869,569,biceps-curl,,,
668,857,455,biceps-curl,,,
695,867,460,biceps-curl,,,
747,885,534,biceps-curl,,,
780,850,440,biceps-curl,,,
827,790,359,biceps-curl,,,
872,768,348,biceps-curl,,,
873,759,413,biceps-curl,,,
896,728,320,biceps-curl,,,
888,680,248,biceps-curl,,,
888,649,201,biceps-curl,,,
888,640,177,biceps-curl,,,
895,610,243,biceps-curl,,,
918,579,241,biceps-curl,,,
956,555,133,biceps-curl,,,
988,552,64,biceps-curl,,,
999,532,104,biceps-curl,,,
1000,535,192,biceps-curl,,,
1013,516,201,biceps-curl,,,
1010,506,162,biceps-curl,,,
989,516,158,biceps-curl,,,
972,550,196,biceps-curl,,,
956,601,220,biceps-curl,,,
935,616,235,biceps-curl,,,
934,638,273,biceps-curl,,,
941,670,310,biceps-curl,,,
965,675,325,biceps-curl,,,
971,692,369,biceps-curl,,,
983,719,348,biceps-curl,,,
982,728,368,biceps-curl,,,
971,737,419,biceps-curl,,,
941,753,432,biceps-curl,,,
920,769,479,biceps-curl,,,
908,780,503,biceps-curl,,,
868,776,488,biceps-curl,,,
809,772,500,biceps-curl,,,
754,787,527,biceps-curl,,,
707,807,537,biceps-curl,,,
663,803,511,biceps-curl,,,
611,778,501,biceps-curl,,,
553,771,544,biceps-curl,,,
505,776,587,biceps-curl,,,
450,776,595,biceps-curl,,,
398,768,595,biceps-curl,,,
325,757,599,biceps-curl,,,
264,763,618,biceps-curl,,,
201,744,565,biceps-curl,,,
120,720,522,biceps-curl,,,
58,715,550,biceps-curl,,,
-8,691,536,biceps-curl,,,
-85,656,507,biceps-curl,,,
-151,576,501,biceps-curl,,,
-195,530,386,biceps-curl,,,
-257,496,258,biceps-curl,,,
-264,494,264,biceps-curl,,,
-265,479,194,biceps-curl,,,
-278,462,131,biceps-curl,,,
-254,440,179,biceps-curl,,,
-223,433,233,biceps-curl,,,
-200,456,272,biceps-curl,,,
-168,464,272,biceps-curl,,,
-145,464,241,biceps-curl,,,
-114,502,286,biceps-curl,,,
-60,526,392,biceps-curl,,,
2,586,502,biceps-curl,,,
65,621,426,biceps-curl,,,
114,624,444,biceps-curl,,,
147,665,571,biceps-curl,,,
219,745,685,biceps-curl,,,
310,793,652,biceps-curl,,,
372,787,551,biceps-curl,,,
471,790,522,biceps-curl,,,
550,846,768,biceps-curl,,,
627,882,807,biceps-curl,,,
671,871,597,biceps-curl,,,
691,808,403,biceps-curl,,,
718,789,525,biceps-curl,,,
765,813,566,biceps-curl,,,
825,809,437,biceps-curl,,,
858,775,371,biceps-curl,,,
897,760,435,biceps-curl,,,
929,751,452,biceps-curl,,,
932,744,374,biceps-curl,,,
937,709,263,biceps-curl,,,
952,659,200,biceps-curl,,,
952,636,236,biceps-curl,,,
952,617,280,biceps-curl,,,
949,574,225,biceps-curl,,,
932,544,132,biceps-curl,,,
935,541,109,biceps-curl,,,
938,536,138,biceps-curl,,,
940,533,155,biceps-curl,,,
963,505,140,biceps-curl,,,
965,464,123,biceps-curl,,,
960,474,170,biceps-curl,,,
958,498,190,biceps-curl,,,
952,513,179,biceps-curl,,,
954,538,162,biceps-curl,,,
958,552,160,biceps-curl,,,
961,583,210,biceps-curl,,,
994,613,224,biceps-curl,,,
1000,638,266,biceps-curl,,,
1000,667,323,biceps-curl,,,
995,685,377,biceps-curl,,,
966,715,385,biceps-curl,,,
949,738,395,biceps-curl,,,
918,753,417,biceps-curl,,,
893,759,434,biceps-curl,,,
846,745,465,biceps-curl,,,
815,760,480,biceps-curl,,,
792,768,496,biceps-curl,,,
752,768,472,biceps-curl,,,
729,752,472,biceps-curl,,,
675,760,510,biceps-curl,,,
627,753,490,biceps-curl,,,
558,745,517,biceps-curl,,,
516,751,606,biceps-curl,,,
477,773,588,biceps-curl,,,
445,796,550,biceps-curl,,,
360,767,564,biceps-curl,,,
298,747,561,biceps-curl,,,
237,744,579,biceps-curl,,,
174,756,572,biceps-curl,,,
136,736,586,biceps-curl,,,
81,734,598,biceps-curl,,,
30,713,548,biceps-curl,,,
-40,682,545,biceps-curl,,,
-107,667,530,biceps-curl,,,
-160,653,499,biceps-curl,,,
-201,638,422,biceps-curl,,,
-246,607,349,biceps-curl,,,
-288,578,318,biceps-curl,,,
-309,554,270,biceps-curl,,,
-321,540,276,biceps-curl,,,
-332,514,313,biceps-curl,,,
-332,488,253,biceps-curl,,,
-316,496,192,biceps-curl,,,
-289,527,261,biceps-curl,,,
-261,544,358,biceps-curl,,,
-244,533,373,biceps-curl,,,
-213,533,340,biceps-curl,,,
-166,562,331,biceps-curl,,,
-137,573,357,biceps-curl,,,
-95,585,413,biceps-curl,,,
-42,632,517,biceps-curl,,,
23,677,499,biceps-curl,,,
94,704,491,biceps-curl,,,
160,729,602,biceps-curl,,,
230,807,766,biceps-curl,,,
334,856,727,biceps-curl,,,
400,882,613,biceps-curl,,,
410,893,599,biceps-curl,,,
460,913,664,biceps-curl,,,
519,916,540,biceps-curl,,,
556,894,447,biceps-curl,,,
584,883,506,biceps-curl,,,
644,902,618,biceps-curl,,,
686,884,495,biceps-curl,,,
745,837,399,biceps-curl,,,
752,800,387,biceps-curl,,,
752,792,438,biceps-curl,,,
752,784,359,biceps-curl,,,
752,800,305,biceps-curl,,,
783,715,304,biceps-curl,,,
814,682,266,biceps-curl,,,
846,687,294,biceps-curl,,,
870,659,252,biceps-curl,,,
901,635,219,biceps-curl,,,
876,625,202,biceps-curl,,,
879,583,125,biceps-curl,,,
887,556,119,biceps-curl,,,
901,526,107,biceps-curl,,,
923,514,91,biceps-curl,,,
934,493,162,biceps-curl,,,
942,500,178,biceps-curl,,,
968,492,117,biceps-curl,,,
976,477,85,biceps-curl,,,
982,472,113,biceps-curl,,,
973,494,160,biceps-curl,,,
979,515,165,biceps-curl,,,
979,535,129,biceps-curl,,,
961,569,152,biceps-curl,,,
947,598,229,biceps-curl,,,
949,631,250,biceps-curl,,,
956,661,258,biceps-curl,,,
956,676,281,biceps-curl,,,
948,697,317,biceps-curl,,,
944,712,344,biceps-curl,,,
932,720,363,biceps-curl,,,
913,728,388,biceps-curl,,,
893,735,396,biceps-curl,,,
873,754,410,biceps-curl,,,
851,765,430,biceps-curl,,,
829,772,455,biceps-curl,,,
815,786,497,biceps-curl,,,
786,784,506,biceps-curl,,,
737,808,474,biceps-curl,,,
673,817,515,biceps-curl,,,
624,809,558,biceps-curl,,,
567,830,548,biceps-curl,,,
504,814,538,biceps-curl,,,
440,780,546,biceps-curl,,,
379,771,560,biceps-curl,,,
348,783,589,biceps-curl,,,
285,779,579,biceps-curl,,,
221,790,584,biceps-curl,,,
155,773,532,biceps-curl,,,
115,754,507,biceps-curl,,,
68,767,527,biceps-curl,,,
29,750,520,biceps-curl,,,
-10,726,518,biceps-curl,,,
-59,687,472,biceps-curl,,,
-152,648,456,biceps-curl,,,
-208,592,328,biceps-curl,,,
-208,592,328,biceps-curl,,,
-278,545,328,biceps-curl,,,
-295,529,260,biceps-curl,,,
-326,521,286,biceps-curl,,,
-335,491,208,biceps-curl,,,
-343,481,243,biceps-curl,,,
-344,452,248,biceps-curl,,,
-337,468,330,biceps-curl,,,
-309,505,377,biceps-curl,,,
-311,525,319,biceps-curl,,,
-287,547,374,biceps-curl,,,
-249,552,423,biceps-curl,,,
-198,588,444,biceps-curl,,,
-125,641,483,biceps-curl,,,
-64,685,479,biceps-curl,,,
-26,679,444,biceps-curl,,,
6,699,519,biceps-curl,,,
58,770,586,biceps-curl,,,
131,810,575,biceps-curl,,,
170,801,550,biceps-curl,,,
209,802,592,biceps-curl,,,
288,799,573,biceps-curl,,,
355,832,545,biceps-curl,,,
419,855,526,biceps-curl,,,
493,860,483,biceps-curl,,,
556,864,480,biceps-curl,,,
603,856,504,biceps-curl,,,
642,845,460,biceps-curl,,,
657,818,372,biceps-curl,,,
661,787,346,biceps-curl,,,
699,784,415,biceps-curl,,,
762,784,410,biceps-curl,,,
833,712,231,biceps-curl,,,
886,648,185,biceps-curl,,,
925,640,276,biceps-curl,,,
922,656,344,biceps-curl,,,
937,647,254,biceps-curl,,,
966,624,157,biceps-curl,,,
994,632,140,biceps-curl,,,
1029,654,178,biceps-curl,,,
1050,651,181,biceps-curl,,,
1056,660,161,biceps-curl,,,
1049,640,132,biceps-curl,,,
1012,640,164,biceps-curl,,,
989,649,233,biceps-curl,,,
965,713,245,biceps-curl,,,
937,719,284,biceps-curl,,,
944,703,245,biceps-curl,,,
942,690,207,biceps-curl,,,
904,737,185,biceps-curl,,,
888,777,217,biceps-curl,,,
896,911,295,biceps-curl,,,
873,827,257,biceps-curl,,,
781,740,271,biceps-curl,,,
709,781,272,biceps-curl,,,
682,835,316,biceps-curl,,,
687,919,291,biceps-curl,,,
639,837,309,biceps-curl,,,
530,715,230,biceps-curl,,,
452,816,243,biceps-curl,,,
473,853,189,biceps-curl,,,
512,907,68,biceps-curl,,,
514,877,189,biceps-curl,,,
403,713,232,biceps-curl,,,
333,711,238,biceps-curl,,,
337,785,34,biceps-curl,,,
355,802,-126,biceps-curl,,,
322,746,-155,biceps-curl,,,
241,662,-52,biceps-curl,,,
239,683,-173,biceps-curl,,,
261,677,-178,biceps-curl,,,
269,723,-101,biceps-curl,,,
272,731,-148,biceps-curl,,,
281,677,-192,biceps-curl,,,
288,656,-201,biceps-curl,,,
309,702,-266,biceps-curl,,,
340,744,-348,biceps-curl,,,
364,775,-357,biceps-curl,,,
394,826,-358,biceps-curl,,,
448,862,-409,biceps-curl,,,
491,856,-416,biceps-curl,,,
509,818,-400,biceps-curl,,,
522,814,-400,biceps-curl,,,
521,830,-372,biceps-curl,,,
531,837,-408,biceps-curl,,,
517,842,-427,biceps-curl,,,
512,854,-415,biceps-curl,,,
507,830,-487,biceps-curl,,,
498,813,-550,biceps-curl,,,
492,794,-442,biceps-curl,,,
456,828,-402,biceps-curl,,,
449,820,-403,biceps-curl,,,
418,747,-378,biceps-curl,,,
395,757,-363,biceps-curl,,,
412,757,-408,biceps-curl,,,
432,827,-363,biceps-curl,,,
431,790,-387,biceps-curl,,,
425,779,-418,biceps-curl,,,
433,805,-439,biceps-curl,,,
439,758,-424,biceps-curl,,,
424,728,-416,biceps-curl,,,
408,736,-432,biceps-curl,,,
