shoulders,lateral-raise,-2256,-136,-240
shoulders,lateral-raise,-2473,1409,-1257
shoulders,lateral-raise,-2077,1943,-1143
shoulders,lateral-raise,-596,992,198
shoulders,lateral-raise,-291,1022,-149
shoulders,lateral-raise,-229,611,-28
shoulders,lateral-raise,-210,490,13
shoulders,lateral-raise,-413,630,-39
shoulders,lateral-raise,-421,663,12
shoulders,lateral-raise,-449,657,57
shoulders,lateral-raise,-481,662,96
shoulders,lateral-raise,-519,639,85
shoulders,lateral-raise,-564,614,80
shoulders,lateral-raise,-600,579,109
shoulders,lateral-raise,-614,522,126
shoulders,lateral-raise,-638,476,106
shoulders,lateral-raise,-648,437,96
shoulders,lateral-raise,-695,413,38
shoulders,lateral-raise,-812,342,64
shoulders,lateral-raise,-938,319,160
shoulders,lateral-raise,-1046,361,176
shoulders,lateral-raise,-1144,384,146
shoulders,lateral-raise,-1188,406,181
shoulders,lateral-raise,-1183,441,212
shoulders,lateral-raise,-1155,477,237
shoulders,lateral-raise,-1124,520,256
shoulders,lateral-raise,-1120,556,248
shoulders,lateral-raise,-1121,494,101
shoulders,lateral-raise,-1119,412,-33
shoulders,lateral-raise,-1135,382,-11
shoulders,lateral-raise,-1138,381,36
shoulders,lateral-raise,-1143,469,160
shoulders,lateral-raise,-1183,472,87
shoulders,lateral-raise,-1197,317,4
shoulders,lateral-raise,-1184,330,192
shoulders,lateral-raise,-1195,679,291
shoulders,lateral-raise,-1207,494,19
shoulders,lateral-raise,-1287,412,61
shoulders,lateral-raise,-1354,302,212
shoulders,lateral-raise,-1355,272,192
shoulders,lateral-raise,-1334,284,67
shoulders,lateral-raise,-1322,327,12
shoulders,lateral-raise,-1288,344,25
shoulders,lateral-raise,-1243,460,188
shoulders,lateral-raise,-1211,425,156
shoulders,lateral-raise,-1169,319,85
shoulders,lateral-raise,-1108,313,191
shoulders,lateral-raise,-1060,321,181
shoulders,lateral-raise,-1005,330,124
shoulders,lateral-raise,-952,216,-111
shoulders,lateral-raise,-961,231,-71
shoulders,lateral-raise,-1015,97,55
shoulders,lateral-raise,-837,282,180
shoulders,lateral-raise,-786,258,131
shoulders,lateral-raise,-762,241,98
shoulders,lateral-raise,-753,291,38
shoulders,lateral-raise,-759,303,-82
shoulders,lateral-raise,-746,304,-26
shoulders,lateral-raise,-751,324,-16
shoulders,lateral-raise,-745,275,4
shoulders,lateral-raise,-737,277,93
shoulders,lateral-raise,-768,274,48
shoulders,lateral-raise,-782,278,32
shoulders,lateral-raise,-826,292,32
shoulders,lateral-raise,-852,272,-27
shoulders,lateral-raise,-885,224,-134
shoulders,lateral-raise,-857,191,-118
shoulders,lateral-raise,-851,292,-264
shoulders,lateral-raise,-877,328,-428
shoulders,lateral-raise,-929,396,-497
shoulders,lateral-raise,-1011,410,-591
shoulders,lateral-raise,-1072,411,-693
shoulders,lateral-raise,-1144,405,-816
shoulders,lateral-raise,-1238,419,-813
shoulders,lateral-raise,-1319,457,-807
shoulders,lateral-raise,-1385,447,-915
shoulders,lateral-raise,-1428,452,-968
shoulders,lateral-raise,-1459,457,-937
shoulders,lateral-raise,-1487,436,-871
shoulders,lateral-raise,-1489,436,-866
shoulders,lateral-raise,-1470,439,-903
shoulders,lateral-raise,-1443,448,-854
shoulders,lateral-raise,-1403,451,-847
shoulders,lateral-raise,-1342,441,-823
shoulders,lateral-raise,-1277,408,-704
shoulders,lateral-raise,-1224,397,-717
shoulders,lateral-raise,-1170,423,-714
shoulders,lateral-raise,-1106,433,-734
shoulders,lateral-raise,-1049,380,-749
shoulders,lateral-raise,-957,394,-694
shoulders,lateral-raise,-856,373,-686
shoulders,lateral-raise,-785,288,-644
shoulders,lateral-raise,-709,317,-500
shoulders,lateral-raise,-609,301,-481
shoulders,lateral-raise,-520,283,-488
shoulders,lateral-raise,-409,252,-488
shoulders,lateral-raise,-294,225,-480
shoulders,lateral-raise,-200,225,-406
shoulders,lateral-raise,-104,151,-302
shoulders,lateral-raise,3,138,-272
shoulders,lateral-raise,66,175,-271
shoulders,lateral-raise,136,128,-232
shoulders,lateral-raise,232,80,-168
shoulders,lateral-raise,286,88,-222
shoulders,lateral-raise,334,35,-285
shoulders,lateral-raise,418,10,-236
shoulders,lateral-raise,482,37,-239
shoulders,lateral-raise,524,4,-269
shoulders,lateral-raise,563,-28,-251
shoulders,lateral-raise,616,-66,-234
shoulders,lateral-raise,637,-65,-319
shoulders,lateral-raise,647,-51,-323
shoulders,lateral-raise,654,-42,-377
shoulders,lateral-raise,656,-40,-448
shoulders,lateral-raise,668,-46,-404
shoulders,lateral-raise,648,-95,-396
shoulders,lateral-raise,623,-89,-434
shoulders,lateral-raise,610,-69,-426
shoulders,lateral-raise,603,-75,-454
shoulders,lateral-raise,584,-69,-472
shoulders,lateral-raise,561,-64,-482
shoulders,lateral-raise,547,-39,-478
shoulders,lateral-raise,515,-14,-472
shoulders,lateral-raise,491,-8,-495
shoulders,lateral-raise,466,-4,-615
shoulders,lateral-raise,439,4,-653
shoulders,lateral-raise,420,29,-599
shoulders,lateral-raise,384,40,-604
shoulders,lateral-raise,348,55,-624
shoulders,lateral-raise,310,80,-665
shoulders,lateral-raise,266,91,-779
shoulders,lateral-raise,235,111,-847
shoulders,lateral-raise,203,104,-805
shoulders,lateral-raise,169,114,-794
shoulders,lateral-raise,124,142,-859
shoulders,lateral-raise,72,121,-895
shoulders,lateral-raise,35,181,-869
shoulders,lateral-raise,19,191,-917
shoulders,lateral-raise,-6,163,-935
shoulders,lateral-raise,-55,200,-967
shoulders,lateral-raise,-100,224,-992
shoulders,lateral-raise,-132,219,-937
shoulders,lateral-raise,-207,212,-935
shoulders,lateral-raise,-238,250,-1028
shoulders,lateral-raise,-267,235,-1021
shoulders,lateral-raise,-295,286,-904
shoulders,lateral-raise,-383,279,-983
shoulders,lateral-raise,-382,324,-871
shoulders,lateral-raise,-439,292,-926
shoulders,lateral-raise,-514,325,-905
shoulders,lateral-raise,-538,289,-910
shoulders,lateral-raise,-578,304,-881
shoulders,lateral-raise,-640,296,-903
shoulders,lateral-raise,-664,320,-769
shoulders,lateral-raise,-641,304,-877
shoulders,lateral-raise,-678,281,-918
shoulders,lateral-raise,-665,287,-838
shoulders,lateral-raise,-700,317,-803
shoulders,lateral-raise,-740,320,-879
shoulders,lateral-raise,-765,313,-769
shoulders,lateral-raise,-788,339,-738
shoulders,lateral-raise,-792,331,-809
shoulders,lateral-raise,-812,341,-811
shoulders,lateral-raise,-822,350,-668
shoulders,lateral-raise,-812,315,-700
shoulders,lateral-raise,-814,340,-696
shoulders,lateral-raise,-810,328,-641
shoulders,lateral-raise,-819,303,-595
shoulders,lateral-raise,-824,335,-606
shoulders,lateral-raise,-835,330,-654
shoulders,lateral-raise,-861,288,-593
shoulders,lateral-raise,-877,292,-537
shoulders,lateral-raise,-880,284,-553
shoulders,lateral-raise,-885,277,-530
shoulders,lateral-raise,-874,275,-495
shoulders,lateral-raise,-868,276,-470
shoulders,lateral-raise,-894,302,-447
shoulders,lateral-raise,-904,312,-511
shoulders,lateral-raise,-908,296,-492
shoulders,lateral-raise,-920,284,-373
shoulders,lateral-raise,-916,291,-347
shoulders,lateral-raise,-908,311,-420
shoulders,lateral-raise,-904,313,-452
shoulders,lateral-raise,-901,301,-357
shoulders,lateral-raise,-905,293,-301
shoulders,lateral-raise,-920,294,-305
shoulders,lateral-raise,-920,304,-336
shoulders,lateral-raise,-925,301,-358
shoulders,lateral-raise,-941,296,-321
shoulders,lateral-raise,-945,296,-293
shoulders,lateral-raise,-928,294,-312
shoulders,lateral-raise,-930,288,-340
shoulders,lateral-raise,-936,290,-348
shoulders,lateral-raise,-936,293,-329
shoulders,lateral-raise,-936,279,-301
shoulders,lateral-raise,-936,276,-293
shoulders,lateral-raise,-938,296,-318
shoulders,lateral-raise,-951,297,-295
shoulders,lateral-raise,-946,302,-235
shoulders,lateral-raise,-958,289,-256
shoulders,lateral-raise,-936,295,-260
shoulders,lateral-raise,-934,280,-322
shoulders,lateral-raise,-903,281,-370
shoulders,lateral-raise,-880,304,-432
shoulders,lateral-raise,-872,320,-640
shoulders,lateral-raise,-926,328,-539
shoulders,lateral-raise,-1042,412,-551
shoulders,lateral-raise,-1115,349,-761
shoulders,lateral-raise,-1142,366,-915
shoulders,lateral-raise,-1151,339,-942
shoulders,lateral-raise,-1166,336,-1000
shoulders,lateral-raise,-1161,336,-988
shoulders,lateral-raise,-1167,329,-857
shoulders,lateral-raise,-1168,367,-760
shoulders,lateral-raise,-1162,351,-839
shoulders,lateral-raise,-1172,344,-852
shoulders,lateral-raise,-1176,362,-878
shoulders,lateral-raise,-1176,362,-853
shoulders,lateral-raise,-1176,371,-800
shoulders,lateral-raise,-1170,354,-790
shoulders,lateral-raise,-1136,376,-797
shoulders,lateral-raise,-1094,360,-763
shoulders,lateral-raise,-1055,324,-795
shoulders,lateral-raise,-1010,312,-824
shoulders,lateral-raise,-963,336,-795
shoulders,lateral-raise,-925,315,-795
shoulders,lateral-raise,-881,284,-714
shoulders,lateral-raise,-813,297,-644
shoulders,lateral-raise,-747,312,-739
shoulders,lateral-raise,-668,276,-764
shoulders,lateral-raise,-574,244,-639
shoulders,lateral-raise,-499,259,-627
shoulders,lateral-raise,-425,290,-671
shoulders,lateral-raise,-339,265,-640
shoulders,lateral-raise,-272,226,-637
shoulders,lateral-raise,-208,264,-638
shoulders,lateral-raise,-121,226,-648
shoulders,lateral-raise,-55,168,-623
shoulders,lateral-raise,10,187,-535
shoulders,lateral-raise,55,190,-455
shoulders,lateral-raise,81,177,-447
shoulders,lateral-raise,136,164,-405
shoulders,lateral-raise,228,151,-493
shoulders,lateral-raise,251,79,-546
shoulders,lateral-raise,295,102,-429
shoulders,lateral-raise,324,93,-458
shoulders,lateral-raise,363,87,-376
shoulders,lateral-raise,461,106,-454
shoulders,lateral-raise,488,33,-443
shoulders,lateral-raise,490,95,-461
shoulders,lateral-raise,505,87,-441
shoulders,lateral-raise,520,78,-457
shoulders,lateral-raise,521,58,-473
shoulders,lateral-raise,536,96,-494
shoulders,lateral-raise,528,88,-433
shoulders,lateral-raise,544,96,-487
shoulders,lateral-raise,521,65,-472
shoulders,lateral-raise,520,87,-472
shoulders,lateral-raise,520,103,-569
shoulders,lateral-raise,527,68,-554
shoulders,lateral-raise,528,100,-559
shoulders,lateral-raise,521,83,-595
shoulders,lateral-raise,500,141,-607
shoulders,lateral-raise,456,152,-608
shoulders,lateral-raise,435,132,-621
shoulders,lateral-raise,445,172,-681
shoulders,lateral-raise,411,147,-721
shoulders,lateral-raise,400,178,-674
shoulders,lateral-raise,371,180,-715
shoulders,lateral-raise,331,193,-713
shoulders,lateral-raise,298,183,-715
shoulders,lateral-raise,239,181,-704
shoulders,lateral-raise,211,195,-796
shoulders,lateral-raise,177,200,-828
shoulders,lateral-raise,155,210,-821
shoulders,lateral-raise,138,192,-862
shoulders,lateral-raise,119,213,-832
shoulders,lateral-raise,90,240,-823
shoulders,lateral-raise,46,253,-848
shoulders,lateral-raise,24,264,-865
shoulders,lateral-raise,16,272,-900
shoulders,lateral-raise,4,276,-924
shoulders,lateral-raise,-33,276,-869
shoulders,lateral-raise,-97,269,-821
shoulders,lateral-raise,-158,269,-838
shoulders,lateral-raise,-197,307,-843
shoulders,lateral-raise,-207,327,-900
shoulders,lateral-raise,-241,300,-950
shoulders,lateral-raise,-267,299,-913
shoulders,lateral-raise,-311,320,-855
shoulders,lateral-raise,-370,286,-881
shoulders,lateral-raise,-394,300,-831
shoulders,lateral-raise,-419,335,-934
shoulders,lateral-raise,-482,290,-942
shoulders,lateral-raise,-514,309,-923
shoulders,lateral-raise,-523,337,-953
shoulders,lateral-raise,-539,293,-916
shoulders,lateral-raise,-559,355,-887
shoulders,lateral-raise,-594,355,-982
shoulders,lateral-raise,-616,284,-865
shoulders,lateral-raise,-675,313,-769
shoulders,lateral-raise,-701,324,-858
shoulders,lateral-raise,-675,353,-948
shoulders,lateral-raise,-721,258,-783
shoulders,lateral-raise,-737,304,-620
shoulders,lateral-raise,-776,320,-768
shoulders,lateral-raise,-744,352,-784
shoulders,lateral-raise,-744,352,-784
shoulders,lateral-raise,-760,336,-761
shoulders,lateral-raise,-775,306,-661
shoulders,lateral-raise,-798,289,-529
shoulders,lateral-raise,-793,295,-629
shoulders,lateral-raise,-799,267,-754
shoulders,lateral-raise,-814,299,-663
shoulders,lateral-raise,-816,318,-566
shoulders,lateral-raise,-843,287,-545
shoulders,lateral-raise,-855,300,-472
shoulders,lateral-raise,-869,323,-608
shoulders,lateral-raise,-884,297,-586
shoulders,lateral-raise,-894,276,-477
shoulders,lateral-raise,-896,296,-489
shoulders,lateral-raise,-885,304,-487
shoulders,lateral-raise,-880,287,-497
shoulders,lateral-raise,-891,280,-423
shoulders,lateral-raise,-901,269,-331
shoulders,lateral-raise,-889,269,-304
shoulders,lateral-raise,-875,302,-432
shoulders,lateral-raise,-867,320,-526
shoulders,lateral-raise,-887,325,-406
shoulders,lateral-raise,-913,297,-272
shoulders,lateral-raise,-929,276,-305
shoulders,lateral-raise,-940,292,-360
shoulders,lateral-raise,-956,296,-380
shoulders,lateral-raise,-956,280,-365
shoulders,lateral-raise,-944,276,-287
shoulders,lateral-raise,-940,273,-240
shoulders,lateral-raise,-929,264,-264
shoulders,lateral-raise,-920,267,-296
shoulders,lateral-raise,-917,275,-299
shoulders,lateral-raise,-915,292,-295
shoulders,lateral-raise,-923,301,-277
shoulders,lateral-raise,-933,280,-269
shoulders,lateral-raise,-949,282,-271
shoulders,lateral-raise,-960,288,-299
shoulders,lateral-raise,-960,288,-332
shoulders,lateral-raise,-954,290,-342
shoulders,lateral-raise,-931,296,-349
shoulders,lateral-raise,-907,303,-389
shoulders,lateral-raise,-889,334,-398
shoulders,lateral-raise,-900,356,-515
shoulders,lateral-raise,-925,344,-612
shoulders,lateral-raise,-958,384,-625
shoulders,lateral-raise,-1001,331,-578
shoulders,lateral-raise,-1013,354,-611
shoulders,lateral-raise,-1067,376,-812
shoulders,lateral-raise,-1112,379,-859
shoulders,lateral-raise,-1113,430,-753
shoulders,lateral-raise,-1144,360,-792
shoulders,lateral-raise,-1120,376,-752
shoulders,lateral-raise,-1143,454,-837
shoulders,lateral-raise,-1174,418,-825
shoulders,lateral-raise,-1139,423,-772
shoulders,lateral-raise,-1151,424,-768
shoulders,lateral-raise,-1173,410,-761
shoulders,lateral-raise,-1176,401,-767
shoulders,lateral-raise,-1156,434,-713
shoulders,lateral-raise,-1139,427,-751
shoulders,lateral-raise,-1110,417,-753
shoulders,lateral-raise,-1072,467,-758
shoulders,lateral-raise,-1014,443,-766
shoulders,lateral-raise,-958,402,-768
shoulders,lateral-raise,-891,410,-715
shoulders,lateral-raise,-832,399,-690
shoulders,lateral-raise,-788,359,-710
shoulders,lateral-raise,-716,409,-763
shoulders,lateral-raise,-641,408,-752
shoulders,lateral-raise,-575,341,-736
shoulders,lateral-raise,-517,342,-746
shoulders,lateral-raise,-439,298,-594
shoulders,lateral-raise,-354,353,-525
shoulders,lateral-raise,-289,330,-677
shoulders,lateral-raise,-238,273,-716
shoulders,lateral-raise,-195,251,-593
shoulders,lateral-raise,-128,240,-604
shoulders,lateral-raise,-65,279,-680
shoulders,lateral-raise,-22,303,-658
shoulders,lateral-raise,33,259,-628
shoulders,lateral-raise,71,179,-587
shoulders,lateral-raise,115,186,-507
shoulders,lateral-raise,171,200,-516
shoulders,lateral-raise,176,145,-603
shoulders,lateral-raise,214,123,-548
shoulders,lateral-raise,291,138,-448
shoulders,lateral-raise,308,131,-485
shoulders,lateral-raise,363,82,-519
shoulders,lateral-raise,430,130,-559
shoulders,lateral-raise,432,95,-502
shoulders,lateral-raise,458,4,-472
shoulders,lateral-raise,466,113,-477
shoulders,lateral-raise,471,55,-509
shoulders,lateral-raise,472,63,-556
shoulders,lateral-raise,514,117,-520
shoulders,lateral-raise,528,14,-638
shoulders,lateral-raise,535,59,-521
shoulders,lateral-raise,588,85,-586
shoulders,lateral-raise,544,57,-527
shoulders,lateral-raise,545,73,-521
shoulders,lateral-raise,559,96,-539
shoulders,lateral-raise,528,88,-640
shoulders,lateral-raise,512,88,-592
shoulders,lateral-raise,535,96,-522
shoulders,lateral-raise,513,96,-566
shoulders,lateral-raise,467,81,-598
shoulders,lateral-raise,413,146,-571
shoulders,lateral-raise,394,88,-647
shoulders,lateral-raise,413,143,-628
shoulders,lateral-raise,389,132,-692
shoulders,lateral-raise,364,121,-684
shoulders,lateral-raise,360,146,-634
shoulders,lateral-raise,322,152,-649
shoulders,lateral-raise,293,140,-644
shoulders,lateral-raise,270,172,-737
shoulders,lateral-raise,229,149,-786
shoulders,lateral-raise,205,165,-729
shoulders,lateral-raise,172,176,-721
shoulders,lateral-raise,138,165,-863
shoulders,lateral-raise,102,197,-802
shoulders,lateral-raise,47,201,-767
shoulders,lateral-raise,14,202,-794
shoulders,lateral-raise,-16,194,-786
shoulders,lateral-raise,-51,193,-855
shoulders,lateral-raise,-86,267,-943
shoulders,lateral-raise,-130,281,-1015
shoulders,lateral-raise,-173,269,-894
shoulders,lateral-raise,-220,240,-764
shoulders,lateral-raise,-267,196,-772
shoulders,lateral-raise,-310,237,-885
shoulders,lateral-raise,-347,262,-947
shoulders,lateral-raise,-384,280,-904
shoulders,lateral-raise,-419,313,-973
shoulders,lateral-raise,-439,271,-880
shoulders,lateral-raise,-481,262,-825
shoulders,lateral-raise,-520,291,-909
shoulders,lateral-raise,-539,336,-886
shoulders,lateral-raise,-566,342,-899
shoulders,lateral-raise,-616,293,-950
shoulders,lateral-raise,-620,266,-801
shoulders,lateral-raise,-642,359,-852
shoulders,lateral-raise,-683,266,-841
shoulders,lateral-raise,-722,234,-775
shoulders,lateral-raise,-731,292,-825
shoulders,lateral-raise,-751,243,-776
shoulders,lateral-raise,-786,271,-717
shoulders,lateral-raise,-798,351,-825
shoulders,lateral-raise,-789,286,-708
shoulders,lateral-raise,-833,278,-619
shoulders,lateral-raise,-848,333,-731
shoulders,lateral-raise,-848,290,-664
shoulders,lateral-raise,-841,320,-654
shoulders,lateral-raise,-888,312,-577
shoulders,lateral-raise,-864,288,-671
shoulders,lateral-raise,-856,280,-633
shoulders,lateral-raise,-879,341,-586
shoulders,lateral-raise,-887,329,-539
shoulders,lateral-raise,-917,306,-536
shoulders,lateral-raise,-899,333,-436
shoulders,lateral-raise,-938,322,-508
shoulders,lateral-raise,-930,279,-547
shoulders,lateral-raise,-955,285,-399
shoulders,lateral-raise,-967,314,-401
shoulders,lateral-raise,-949,314,-491
shoulders,lateral-raise,-932,300,-537
shoulders,lateral-raise,-940,266,-393
shoulders,lateral-raise,-944,250,-197
shoulders,lateral-raise,-927,271,-327
shoulders,lateral-raise,-920,302,-422
shoulders,lateral-raise,-909,307,-383
shoulders,lateral-raise,-925,257,-281
shoulders,lateral-raise,-956,252,-230
shoulders,lateral-raise,-968,284,-249
shoulders,lateral-raise,-968,282,-326
shoulders,lateral-raise,-963,258,-340
shoulders,lateral-raise,-956,266,-280
shoulders,lateral-raise,-956,263,-209
shoulders,lateral-raise,-960,244,-184
shoulders,lateral-raise,-948,240,-208
shoulders,lateral-raise,-936,263,-232
shoulders,lateral-raise,-943,281,-244
shoulders,lateral-raise,-948,268,-234
shoulders,lateral-raise,-934,271,-213
shoulders,lateral-raise,-923,267,-205
shoulders,lateral-raise,-931,248,-206
shoulders,lateral-raise,-942,257,-225
shoulders,lateral-raise,-955,267,-245
shoulders,lateral-raise,-968,266,-261
shoulders,lateral-raise,-989,293,-294
shoulders,lateral-raise,-986,299,-392
shoulders,lateral-raise,-967,277,-504
shoulders,lateral-raise,-1006,250,-474
shoulders,lateral-raise,-1004,270,-456
shoulders,lateral-raise,-1014,308,-474
shoulders,lateral-raise,-1011,276,-563
shoulders,lateral-raise,-1027,319,-663
shoulders,lateral-raise,-1044,283,-729
shoulders,lateral-raise,-1069,347,-707
shoulders,lateral-raise,-1110,361,-833
shoulders,lateral-raise,-1162,309,-778
shoulders,lateral-raise,-1184,360,-798
shoulders,lateral-raise,-1185,360,-774
shoulders,lateral-raise,-1207,363,-738
shoulders,lateral-raise,-1184,456,-808
shoulders,lateral-raise,-1224,296,-784
shoulders,lateral-raise,-1224,296,-784
shoulders,lateral-raise,-1193,436,-737
shoulders,lateral-raise,-1177,364,-736
shoulders,lateral-raise,-1183,390,-751
shoulders,lateral-raise,-1162,399,-730
shoulders,lateral-raise,-1146,400,-821
shoulders,lateral-raise,-1109,379,-741
shoulders,lateral-raise,-1056,390,-728
shoulders,lateral-raise,-1001,332,-675
shoulders,lateral-raise,-927,392,-742
shoulders,lateral-raise,-868,395,-754
shoulders,lateral-raise,-800,342,-709
shoulders,lateral-raise,-718,304,-630
shoulders,lateral-raise,-643,296,-679
shoulders,lateral-raise,-578,302,-727
shoulders,lateral-raise,-488,282,-664
shoulders,lateral-raise,-424,277,-697
shoulders,lateral-raise,-350,296,-770
shoulders,lateral-raise,-305,238,-726
shoulders,lateral-raise,-261,160,-629
shoulders,lateral-raise,-192,198,-568
shoulders,lateral-raise,-128,309,-547
shoulders,lateral-raise,-64,186,-620
shoulders,lateral-raise,-32,100,-633
shoulders,lateral-raise,10,194,-538
shoulders,lateral-raise,68,132,-528
shoulders,lateral-raise,107,62,-564
shoulders,lateral-raise,139,86,-586
shoulders,lateral-raise,166,75,-637
shoulders,lateral-raise,211,88,-694
shoulders,lateral-raise,274,46,-662
shoulders,lateral-raise,333,39,-558
shoulders,lateral-raise,368,87,-571
shoulders,lateral-raise,393,41,-513
shoulders,lateral-raise,427,54,-446
shoulders,lateral-raise,419,18,-548
shoulders,lateral-raise,462,64,-543
shoulders,lateral-raise,454,-14,-594
shoulders,lateral-raise,456,-4,-580
shoulders,lateral-raise,482,-12,-615
shoulders,lateral-raise,485,-70,-645
shoulders,lateral-raise,473,-29,-469
shoulders,lateral-raise,483,-24,-577
shoulders,lateral-raise,502,-60,-663
shoulders,lateral-raise,536,-48,-657
shoulders,lateral-raise,536,-96,-665
shoulders,lateral-raise,530,-36,-663
shoulders,lateral-raise,471,-81,-564
shoulders,lateral-raise,455,-84,-513
shoulders,lateral-raise,432,-17,-540
shoulders,lateral-raise,416,-64,-655
shoulders,lateral-raise,408,-24,-553
shoulders,lateral-raise,361,-47,-653
shoulders,lateral-raise,390,-33,-603
shoulders,lateral-raise,370,13,-652
shoulders,lateral-raise,346,-35,-663
shoulders,lateral-raise,308,-11,-614
shoulders,lateral-raise,297,20,-727
shoulders,lateral-raise,255,-51,-758
shoulders,lateral-raise,235,3,-667
shoulders,lateral-raise,180,29,-765
shoulders,lateral-raise,155,76,-824
shoulders,lateral-raise,146,76,-838
shoulders,lateral-raise,114,90,-876
shoulders,lateral-raise,86,108,-929
shoulders,lateral-raise,46,83,-841
shoulders,lateral-raise,-1,111,-800
shoulders,lateral-raise,-48,112,-887
shoulders,lateral-raise,-90,125,-833
shoulders,lateral-raise,-124,141,-896
shoulders,lateral-raise,-156,159,-965
shoulders,lateral-raise,-168,182,-949
shoulders,lateral-raise,-228,187,-968
shoulders,lateral-raise,-299,144,-889
shoulders,lateral-raise,-350,155,-799
shoulders,lateral-raise,-422,155,-829
shoulders,lateral-raise,-432,180,-904
shoulders,lateral-raise,-446,213,-975
shoulders,lateral-raise,-511,199,-975
shoulders,lateral-raise,-521,230,-929
shoulders,lateral-raise,-536,228,-880
shoulders,lateral-raise,-591,210,-795
shoulders,lateral-raise,-624,252,-819
shoulders,lateral-raise,-647,281,-925
shoulders,lateral-raise,-693,264,-846
shoulders,lateral-raise,-720,288,-784
shoulders,lateral-raise,-759,309,-928
shoulders,lateral-raise,-776,318,-870
shoulders,lateral-raise,-789,299,-841
shoulders,lateral-raise,-824,262,-758
shoulders,lateral-raise,-822,265,-715
shoulders,lateral-raise,-826,293,-762
shoulders,lateral-raise,-860,283,-773
shoulders,lateral-raise,-839,300,-661
shoulders,lateral-raise,-834,314,-684
shoulders,lateral-raise,-849,278,-654
shoulders,lateral-raise,-856,269,-577
shoulders,lateral-raise,-858,311,-520
shoulders,lateral-raise,-881,297,-523
shoulders,lateral-raise,-895,312,-570
shoulders,lateral-raise,-880,312,-605
shoulders,lateral-raise,-896,304,-520
shoulders,lateral-raise,-904,304,-400
shoulders,lateral-raise,-920,273,-478
shoulders,lateral-raise,-920,310,-518
shoulders,lateral-raise,-927,305,-468
shoulders,lateral-raise,-935,297,-479
shoulders,lateral-raise,-936,310,-423
shoulders,lateral-raise,-929,291,-381
shoulders,lateral-raise,-942,302,-383
shoulders,lateral-raise,-944,304,-391
shoulders,lateral-raise,-944,297,-412
shoulders,lateral-raise,-938,283,-346
shoulders,lateral-raise,-930,274,-309
shoulders,lateral-raise,-934,266,-292
shoulders,lateral-raise,-936,276,-288
shoulders,lateral-raise,-936,297,-340
shoulders,lateral-raise,-936,276,-343
shoulders,lateral-raise,-936,269,-287
shoulders,lateral-raise,-936,251,-238
shoulders,lateral-raise,-941,240,-280
shoulders,lateral-raise,-934,260,-327
shoulders,lateral-raise,-933,262,-322
shoulders,lateral-raise,-936,261,-270
shoulders,lateral-raise,-945,255,-236
shoulders,lateral-raise,-952,257,-254
shoulders,lateral-raise,-952,252,-276
shoulders,lateral-raise,-956,232,-256
shoulders,lateral-raise,-952,228,-247
shoulders,lateral-raise,-937,217,-242
shoulders,lateral-raise,-924,218,-230
shoulders,lateral-raise,-927,240,-292
shoulders,lateral-raise,-933,230,-416
shoulders,lateral-raise,-928,228,-509
shoulders,lateral-raise,-940,292,-579
shoulders,lateral-raise,-985,338,-707
shoulders,lateral-raise,-1042,283,-675
shoulders,lateral-raise,-1081,283,-690
shoulders,lateral-raise,-1131,272,-826
shoulders,lateral-raise,-1173,274,-840
shoulders,lateral-raise,-1208,296,-874
shoulders,lateral-raise,-1212,324,-886
shoulders,lateral-raise,-1219,266,-829
shoulders,lateral-raise,-1203,295,-857
shoulders,lateral-raise,-1211,260,-884
shoulders,lateral-raise,-1188,278,-825
shoulders,lateral-raise,-1208,266,-831
shoulders,lateral-raise,-1205,283,-813
shoulders,lateral-raise,-1175,307,-721
shoulders,lateral-raise,-1166,258,-731
shoulders,lateral-raise,-1141,280,-769
shoulders,lateral-raise,-1087,288,-785
shoulders,lateral-raise,-1064,296,-823
shoulders,lateral-raise,-1032,272,-753
shoulders,lateral-raise,-970,334,-744
shoulders,lateral-raise,-938,328,-797
shoulders,lateral-raise,-839,306,-725
shoulders,lateral-raise,-803,224,-713
shoulders,lateral-raise,-750,195,-669
shoulders,lateral-raise,-632,248,-720
shoulders,lateral-raise,-589,208,-783
shoulders,lateral-raise,-517,227,-705
shoulders,lateral-raise,-445,212,-616
shoulders,lateral-raise,-375,170,-644
shoulders,lateral-raise,-298,160,-625
shoulders,lateral-raise,-220,178,-616
shoulders,lateral-raise,-153,137,-675
shoulders,lateral-raise,-90,131,-639
shoulders,lateral-raise,-27,175,-538
shoulders,lateral-raise,-3,149,-542
shoulders,lateral-raise,21,91,-544
shoulders,lateral-raise,98,138,-546
shoulders,lateral-raise,126,112,-616
shoulders,lateral-raise,173,58,-618
shoulders,lateral-raise,236,39,-490
shoulders,lateral-raise,247,54,-470
shoulders,lateral-raise,262,25,-482
shoulders,lateral-raise,305,42,-473
shoulders,lateral-raise,348,36,-504
shoulders,lateral-raise,380,-16,-489
shoulders,lateral-raise,410,18,-471
shoulders,lateral-raise,432,-1,-502
shoulders,lateral-raise,445,-37,-483
shoulders,lateral-raise,458,-26,-471
shoulders,lateral-raise,460,-43,-525
shoulders,lateral-raise,486,-28,-532
shoulders,lateral-raise,501,-50,-579
shoulders,lateral-raise,509,-24,-619
shoulders,lateral-raise,499,-56,-565
shoulders,lateral-raise,490,-87,-522
shoulders,lateral-raise,494,-9,-587
shoulders,lateral-raise,482,-66,-616
shoulders,lateral-raise,457,-24,-567
shoulders,lateral-raise,430,-24,-655
shoulders,lateral-raise,423,-17,-665
shoulders,lateral-raise,411,12,-623
shoulders,lateral-raise,382,1,-717
shoulders,lateral-raise,364,58,-617
shoulders,lateral-raise,332,70,-684
shoulders,lateral-raise,294,57,-710
shoulders,lateral-raise,267,66,-620
shoulders,lateral-raise,199,87,-780
shoulders,lateral-raise,184,72,-694
shoulders,lateral-raise,168,72,-616
shoulders,lateral-raise,112,104,-768
shoulders,lateral-raise,112,104,-768
shoulders,lateral-raise,112,112,-884
shoulders,lateral-raise,66,120,-804
shoulders,lateral-raise,42,127,-755
shoulders,lateral-raise,4,157,-803
shoulders,lateral-raise,-57,153,-894
shoulders,lateral-raise,-106,152,-876
shoulders,lateral-raise,-119,193,-783
shoulders,lateral-raise,-173,180,-881
shoulders,lateral-raise,-243,202,-826
shoulders,lateral-raise,-243,265,-878
shoulders,lateral-raise,-308,224,-946
shoulders,lateral-raise,-346,262,-863
shoulders,lateral-raise,-399,262,-861
shoulders,lateral-raise,-450,239,-809
shoulders,lateral-raise,-492,271,-851
shoulders,lateral-raise,-536,304,-929
shoulders,lateral-raise,-599,280,-852
shoulders,lateral-raise,-624,300,-785
shoulders,lateral-raise,-649,315,-825
shoulders,lateral-raise,-697,307,-870
shoulders,lateral-raise,-734,318,-806
shoulders,lateral-raise,-780,315,-788
shoulders,lateral-raise,-834,304,-708
shoulders,lateral-raise,-873,350,-737
shoulders,lateral-raise,-916,360,-792
shoulders,lateral-raise,-936,347,-724
shoulders,lateral-raise,-939,375,-697
shoulders,lateral-raise,-952,359,-645
shoulders,lateral-raise,-955,352,-597
shoulders,lateral-raise,-957,368,-624
shoulders,lateral-raise,-946,332,-648
shoulders,lateral-raise,-945,329,-562
shoulders,lateral-raise,-963,363,-529
shoulders,lateral-raise,-976,355,-598
shoulders,lateral-raise,-987,326,-508
shoulders,lateral-raise,-978,336,-465
shoulders,lateral-raise,-988,363,-549
shoulders,lateral-raise,-1010,324,-471
shoulders,lateral-raise,-1042,303,-372
shoulders,lateral-raise,-1045,274,-330
shoulders,lateral-raise,-1028,286,-435
shoulders,lateral-raise,-1009,307,-432
shoulders,lateral-raise,-1015,276,-334
shoulders,lateral-raise,-1008,257,-224
shoulders,lateral-raise,-1005,267,-183
shoulders,lateral-raise,-975,297,-306
shoulders,lateral-raise,-962,310,-323
shoulders,lateral-raise,-983,288,-252
shoulders,lateral-raise,-960,296,-167
shoulders,lateral-raise,-960,288,-136
shoulders,lateral-raise,-952,256,-168
shoulders,lateral-raise,-944,264,-292
shoulders,lateral-raise,-936,272,-205
shoulders,lateral-raise,-943,272,-193
shoulders,lateral-raise,-959,265,-236
shoulders,lateral-raise,-960,250,-254
shoulders,lateral-raise,-953,255,-326
shoulders,lateral-raise,-938,276,-425
shoulders,lateral-raise,-889,240,-540
shoulders,lateral-raise,-887,356,-560
shoulders,lateral-raise,-920,359,-560
shoulders,lateral-raise,-971,352,-479
shoulders,lateral-raise,-1038,328,-589
shoulders,lateral-raise,-1097,302,-691
shoulders,lateral-raise,-1169,348,-792
shoulders,lateral-raise,-1203,374,-869
shoulders,lateral-raise,-1224,403,-856
shoulders,lateral-raise,-1248,369,-798
shoulders,lateral-raise,-1241,369,-745
shoulders,lateral-raise,-1232,394,-738
shoulders,lateral-raise,-1232,410,-763
shoulders,lateral-raise,-1227,388,-771
shoulders,lateral-raise,-1233,390,-750
shoulders,lateral-raise,-1253,378,-771
shoulders,lateral-raise,-1247,373,-779
shoulders,lateral-raise,-1212,388,-804
shoulders,lateral-raise,-1180,376,-852
shoulders,lateral-raise,-1146,361,-790
shoulders,lateral-raise,-1095,377,-677
shoulders,lateral-raise,-1044,395,-642
shoulders,lateral-raise,-1000,389,-685
shoulders,lateral-raise,-952,402,-743
shoulders,lateral-raise,-897,383,-756
shoulders,lateral-raise,-847,360,-722
shoulders,lateral-raise,-772,347,-686
shoulders,lateral-raise,-685,354,-693
shoulders,lateral-raise,-599,335,-742
shoulders,lateral-raise,-517,297,-692
shoulders,lateral-raise,-442,350,-680
shoulders,lateral-raise,-360,291,-675
shoulders,lateral-raise,-296,262,-649
shoulders,lateral-raise,-248,215,-600
shoulders,lateral-raise,-169,201,-531
shoulders,lateral-raise,-121,300,-698
shoulders,lateral-raise,-31,138,-644
shoulders,lateral-raise,-21,156,-509
shoulders,lateral-raise,9,190,-549
shoulders,lateral-raise,104,166,-518
shoulders,lateral-raise,104,140,-486
shoulders,lateral-raise,114,65,-456
shoulders,lateral-raise,176,104,-456
shoulders,lateral-raise,216,56,-456
shoulders,lateral-raise,301,165,-534
shoulders,lateral-raise,350,46,-513
shoulders,lateral-raise,374,40,-363
shoulders,lateral-raise,420,40,-359
shoulders,lateral-raise,417,40,-389
shoulders,lateral-raise,479,-9,-455
shoulders,lateral-raise,508,-9,-334
shoulders,lateral-raise,492,-1,-485
shoulders,lateral-raise,501,7,-527
shoulders,lateral-raise,491,-5,-458
shoulders,lateral-raise,482,11,-446
shoulders,lateral-raise,492,34,-539
shoulders,lateral-raise,490,11,-544
shoulders,lateral-raise,465,0,-536
shoulders,lateral-raise,450,0,-558
shoulders,lateral-raise,426,38,-600
shoulders,lateral-raise,411,19,-632
shoulders,lateral-raise,377,25,-604
shoulders,lateral-raise,350,60,-658
shoulders,lateral-raise,325,43,-723
shoulders,lateral-raise,280,38,-704
shoulders,lateral-raise,238,84,-725
shoulders,lateral-raise,202,82,-756
shoulders,lateral-raise,167,93,-752
shoulders,lateral-raise,148,116,-764
shoulders,lateral-raise,117,119,-811
shoulders,lateral-raise,62,151,-870
shoulders,lateral-raise,14,175,-907
shoulders,lateral-raise,-45,167,-890
shoulders,lateral-raise,-102,170,-829
shoulders,lateral-raise,-149,193,-852
shoulders,lateral-raise,-211,162,-895
shoulders,lateral-raise,-221,174,-846
shoulders,lateral-raise,-253,211,-901
shoulders,lateral-raise,-291,205,-899
shoulders,lateral-raise,-294,225,-852
shoulders,lateral-raise,-345,235,-896
shoulders,lateral-raise,-392,212,-870
shoulders,lateral-raise,-403,268,-864
shoulders,lateral-raise,-447,315,-885
shoulders,lateral-raise,-473,239,-937
shoulders,lateral-raise,-489,280,-811
shoulders,lateral-raise,-543,314,-878
shoulders,lateral-raise,-588,282,-947
shoulders,lateral-raise,-619,304,-856
shoulders,lateral-raise,-646,359,-857
shoulders,lateral-raise,-706,266,-857
shoulders,lateral-raise,-728,291,-767
shoulders,lateral-raise,-730,350,-893
shoulders,lateral-raise,-792,288,-808
shoulders,lateral-raise,-784,328,-832
shoulders,lateral-raise,-807,328,-801
shoulders,lateral-raise,-838,275,-739
shoulders,lateral-raise,-825,332,-788
shoulders,lateral-raise,-875,321,-697
shoulders,lateral-raise,-880,291,-724
shoulders,lateral-raise,-880,288,-658
shoulders,lateral-raise,-880,329,-703
shoulders,lateral-raise,-893,316,-639
shoulders,lateral-raise,-909,286,-578
shoulders,lateral-raise,-912,312,-549
shoulders,lateral-raise,-924,301,-538
shoulders,lateral-raise,-922,290,-572
shoulders,lateral-raise,-920,294,-525
shoulders,lateral-raise,-926,285,-447
shoulders,lateral-raise,-922,286,-474
shoulders,lateral-raise,-925,304,-426
shoulders,lateral-raise,-933,301,-387
shoulders,lateral-raise,-926,296,-384
shoulders,lateral-raise,-920,306,-424
shoulders,lateral-raise,-930,279,-381
shoulders,lateral-raise,-936,265,-271
shoulders,lateral-raise,-945,268,-246
shoulders,lateral-raise,-961,264,-273
shoulders,lateral-raise,-976,272,-326
shoulders,lateral-raise,-972,288,-348
shoulders,lateral-raise,-964,288,-278
shoulders,lateral-raise,-961,265,-209
shoulders,lateral-raise,-956,244,-188
shoulders,lateral-raise,-963,240,-194
shoulders,lateral-raise,-968,253,-224
shoulders,lateral-raise,-965,272,-254
shoulders,lateral-raise,-963,263,-255
shoulders,lateral-raise,-965,248,-218
shoulders,lateral-raise,-957,251,-186
shoulders,lateral-raise,-957,251,-191
shoulders,lateral-raise,-973,242,-202
shoulders,lateral-raise,-986,254,-345
shoulders,lateral-raise,-998,264,-408
shoulders,lateral-raise,-1011,254,-431
shoulders,lateral-raise,-992,302,-379
shoulders,lateral-raise,-993,297,-540
shoulders,lateral-raise,-1005,313,-647
shoulders,lateral-raise,-1033,355,-566
shoulders,lateral-raise,-1042,331,-619
shoulders,lateral-raise,-1057,355,-745
shoulders,lateral-raise,-1072,388,-686
shoulders,lateral-raise,-1154,433,-669
shoulders,lateral-raise,-1179,436,-749
shoulders,lateral-raise,-1240,371,-853
shoulders,lateral-raise,-1224,456,-744
shoulders,lateral-raise,-1240,416,-712
shoulders,lateral-raise,-1240,416,-712
shoulders,lateral-raise,-1232,432,-642
shoulders,lateral-raise,-1224,432,-762
shoulders,lateral-raise,-1246,395,-768
shoulders,lateral-raise,-1233,414,-732
shoulders,lateral-raise,-1225,437,-821
shoulders,lateral-raise,-1161,489,-685
shoulders,lateral-raise,-1172,455,-684
shoulders,lateral-raise,-1143,508,-675
shoulders,lateral-raise,-1077,416,-679
shoulders,lateral-raise,-1032,462,-737
shoulders,lateral-raise,-956,430,-709
shoulders,lateral-raise,-857,440,-690
shoulders,lateral-raise,-767,401,-676
shoulders,lateral-raise,-670,395,-712
shoulders,lateral-raise,-612,333,-617
shoulders,lateral-raise,-557,347,-676
shoulders,lateral-raise,-489,268,-654
shoulders,lateral-raise,-408,262,-534
shoulders,lateral-raise,-346,278,-641
shoulders,lateral-raise,-309,215,-717
shoulders,lateral-raise,-277,171,-667
shoulders,lateral-raise,-188,226,-564
shoulders,lateral-raise,-111,268,-638
shoulders,lateral-raise,-84,202,-706
shoulders,lateral-raise,-48,144,-540
shoulders,lateral-raise,7,140,-493
shoulders,lateral-raise,88,140,-679
shoulders,lateral-raise,165,112,-729
shoulders,lateral-raise,202,92,-579
shoulders,lateral-raise,219,20,-477
shoulders,lateral-raise,239,-61,-405
shoulders,lateral-raise,281,54,-385
shoulders,lateral-raise,331,37,-505
shoulders,lateral-raise,378,-19,-540
shoulders,lateral-raise,398,-31,-473
shoulders,lateral-raise,392,-50,-442
shoulders,lateral-raise,403,-54,-402
shoulders,lateral-raise,430,-40,-415
shoulders,lateral-raise,426,-21,-499
shoulders,lateral-raise,439,-38,-436
shoulders,lateral-raise,461,-36,-399
shoulders,lateral-raise,453,-49,-556
shoulders,lateral-raise,481,-20,-488
shoulders,lateral-raise,488,-37,-448
shoulders,lateral-raise,491,-17,-504
shoulders,lateral-raise,512,-23,-510
shoulders,lateral-raise,510,-10,-567
shoulders,lateral-raise,486,-38,-557
shoulders,lateral-raise,456,-8,-500
shoulders,lateral-raise,440,8,-632
shoulders,lateral-raise,416,-8,-632
shoulders,lateral-raise,377,0,-601
shoulders,lateral-raise,346,38,-653
shoulders,lateral-raise,322,25,-656
shoulders,lateral-raise,298,46,-649
shoulders,lateral-raise,232,62,-776
shoulders,lateral-raise,203,78,-771
shoulders,lateral-raise,173,107,-802
shoulders,lateral-raise,121,145,-841
shoulders,lateral-raise,60,132,-809
shoulders,lateral-raise,29,172,-775
shoulders,lateral-raise,-26,190,-898
shoulders,lateral-raise,-64,168,-882
shoulders,lateral-raise,-90,225,-870
shoulders,lateral-raise,-148,208,-929
shoulders,lateral-raise,-185,214,-896
shoulders,lateral-raise,-224,246,-921
shoulders,lateral-raise,-272,267,-965
shoulders,lateral-raise,-303,257,-900
shoulders,lateral-raise,-347,292,-900
shoulders,lateral-raise,-397,296,-909
shoulders,lateral-raise,-439,294,-850
shoulders,lateral-raise,-465,286,-861
shoulders,lateral-raise,-485,311,-939
shoulders,lateral-raise,-504,352,-988
shoulders,lateral-raise,-536,348,-868
shoulders,lateral-raise,-583,348,-767
shoulders,lateral-raise,-619,345,-837
shoulders,lateral-raise,-643,342,-862
shoulders,lateral-raise,-676,360,-891
shoulders,lateral-raise,-707,360,-934
shoulders,lateral-raise,-715,360,-856
shoulders,lateral-raise,-726,351,-748
shoulders,lateral-raise,-750,325,-686
shoulders,lateral-raise,-773,332,-743
shoulders,lateral-raise,-792,390,-781
shoulders,lateral-raise,-841,377,-722
shoulders,lateral-raise,-822,354,-696
shoulders,lateral-raise,-822,338,-614
shoulders,lateral-raise,-844,353,-650
shoulders,lateral-raise,-853,376,-699
shoulders,lateral-raise,-844,341,-629
shoulders,lateral-raise,-875,329,-544
shoulders,lateral-raise,-923,336,-543
shoulders,lateral-raise,-898,337,-534
shoulders,lateral-raise,-913,346,-519
shoulders,lateral-raise,-919,359,-516
shoulders,lateral-raise,-913,342,-547
shoulders,lateral-raise,-920,320,-470
shoulders,lateral-raise,-913,327,-438
shoulders,lateral-raise,-936,304,-376
shoulders,lateral-raise,-928,320,-400
shoulders,lateral-raise,-951,320,-408
shoulders,lateral-raise,-967,312,-408
shoulders,lateral-raise,-961,312,-378
shoulders,lateral-raise,-953,290,-303
shoulders,lateral-raise,-973,288,-325
shoulders,lateral-raise,-969,302,-356
shoulders,lateral-raise,-968,304,-305
shoulders,lateral-raise,-981,291,-309
shoulders,lateral-raise,-977,268,-273
shoulders,lateral-raise,-970,302,-264
shoulders,lateral-raise,-980,281,-276
shoulders,lateral-raise,-960,284,-280
shoulders,lateral-raise,-952,282,-268
shoulders,lateral-raise,-946,257,-253
shoulders,lateral-raise,-950,265,-259
shoulders,lateral-raise,-952,277,-329
shoulders,lateral-raise,-957,259,-360
shoulders,lateral-raise,-960,258,-375
shoulders,lateral-raise,-950,274,-453
shoulders,lateral-raise,-949,256,-553
shoulders,lateral-raise,-957,291,-573
shoulders,lateral-raise,-982,319,-564
shoulders,lateral-raise,-1035,277,-581
shoulders,lateral-raise,-1064,294,-642
shoulders,lateral-raise,-1096,344,-780
shoulders,lateral-raise,-1132,340,-853
shoulders,lateral-raise,-1132,332,-777
shoulders,lateral-raise,-1142,378,-772
shoulders,lateral-raise,-1157,395,-831
shoulders,lateral-raise,-1158,395,-776
shoulders,lateral-raise,-1189,441,-777
shoulders,lateral-raise,-1224,409,-850
shoulders,lateral-raise,-1238,426,-829
shoulders,lateral-raise,-1256,405,-821
shoulders,lateral-raise,-1250,431,-860
shoulders,lateral-raise,-1258,455,-874
shoulders,lateral-raise,-1220,428,-808
shoulders,lateral-raise,-1188,416,-724
shoulders,lateral-raise,-1121,400,-745
shoulders,lateral-raise,-1080,354,-773
shoulders,lateral-raise,-1006,383,-770
shoulders,lateral-raise,-940,345,-796
shoulders,lateral-raise,-822,347,-683
shoulders,lateral-raise,-716,313,-617
shoulders,lateral-raise,-679,265,-677
shoulders,lateral-raise,-602,277,-669
shoulders,lateral-raise,-532,322,-793
shoulders,lateral-raise,-468,240,-686
shoulders,lateral-raise,-399,240,-501
shoulders,lateral-raise,-367,223,-655
shoulders,lateral-raise,-305,105,-593
shoulders,lateral-raise,-219,244,-662
shoulders,lateral-raise,-163,119,-618
shoulders,lateral-raise,-78,134,-489
shoulders,lateral-raise,-28,100,-619
shoulders,lateral-raise,40,96,-546
shoulders,lateral-raise,97,61,-480
shoulders,lateral-raise,111,36,-527
shoulders,lateral-raise,139,5,-536
shoulders,lateral-raise,203,26,-334
shoulders,lateral-raise,260,32,-466
shoulders,lateral-raise,303,1,-506
shoulders,lateral-raise,348,10,-450
shoulders,lateral-raise,348,-13,-414
shoulders,lateral-raise,396,-24,-391
shoulders,lateral-raise,416,-35,-434
shoulders,lateral-raise,448,-24,-494
shoulders,lateral-raise,475,-37,-507
shoulders,lateral-raise,480,-48,-479
shoulders,lateral-raise,490,-28,-489
shoulders,lateral-raise,482,-59,-509
shoulders,lateral-raise,463,-60,-480
shoulders,lateral-raise,469,-36,-532
shoulders,lateral-raise,480,-49,-592
shoulders,lateral-raise,472,-60,-559
shoulders,lateral-raise,444,-48,-560
shoulders,lateral-raise,420,-28,-604
shoulders,lateral-raise,412,-12,-575
shoulders,lateral-raise,394,3,-606
shoulders,lateral-raise,369,19,-711
shoulders,lateral-raise,344,34,-717
shoulders,lateral-raise,302,39,-691
shoulders,lateral-raise,278,47,-656
shoulders,lateral-raise,261,91,-738
shoulders,lateral-raise,185,96,-839
shoulders,lateral-raise,129,101,-737
shoulders,lateral-raise,96,110,-796
shoulders,lateral-raise,45,96,-831
shoulders,lateral-raise,18,90,-790
shoulders,lateral-raise,13,139,-821
shoulders,lateral-raise,-24,132,-866
shoulders,lateral-raise,-31,180,-879
shoulders,lateral-raise,-72,197,-917
shoulders,lateral-raise,-116,192,-926
shoulders,lateral-raise,-143,237,-825
shoulders,lateral-raise,-199,221,-850
shoulders,lateral-raise,-257,258,-997
shoulders,lateral-raise,-273,207,-957
shoulders,lateral-raise,-291,294,-818
shoulders,lateral-raise,-353,263,-1006
shoulders,lateral-raise,-384,240,-936
shoulders,lateral-raise,-384,296,-936
shoulders,lateral-raise,-415,288,-952
shoulders,lateral-raise,-477,288,-982
shoulders,lateral-raise,-510,325,-857
shoulders,lateral-raise,-527,270,-819
shoulders,lateral-raise,-592,293,-737
shoulders,lateral-raise,-621,324,-896
shoulders,lateral-raise,-638,321,-900
shoulders,lateral-raise,-633,347,-803
shoulders,lateral-raise,-665,332,-810
shoulders,lateral-raise,-704,334,-733
shoulders,lateral-raise,-737,373,-749
shoulders,lateral-raise,-762,372,-808
shoulders,lateral-raise,-774,368,-665
shoulders,lateral-raise,-799,374,-597
shoulders,lateral-raise,-814,359,-659
shoulders,lateral-raise,-821,374,-672
shoulders,lateral-raise,-840,395,-711
shoulders,lateral-raise,-858,349,-695
shoulders,lateral-raise,-864,330,-628
shoulders,lateral-raise,-864,326,-595
shoulders,lateral-raise,-878,325,-573
shoulders,lateral-raise,-901,332,-556
shoulders,lateral-raise,-925,332,-552
shoulders,lateral-raise,-932,332,-544
shoulders,lateral-raise,-928,340,-532
shoulders,lateral-raise,-932,325,-490
shoulders,lateral-raise,-940,311,-459
shoulders,lateral-raise,-948,306,-458
shoulders,lateral-raise,-952,295,-430
shoulders,lateral-raise,-949,307,-400
shoulders,lateral-raise,-932,321,-400
shoulders,lateral-raise,-918,333,-457
shoulders,lateral-raise,-933,312,-439
shoulders,lateral-raise,-947,272,-318
shoulders,lateral-raise,-957,254,-274
shoulders,lateral-raise,-968,255,-301
shoulders,lateral-raise,-968,276,-327
shoulders,lateral-raise,-968,286,-362
shoulders,lateral-raise,-968,278,-326
shoulders,lateral-raise,-966,267,-259
shoulders,lateral-raise,-960,247,-243
shoulders,lateral-raise,-961,239,-265
shoulders,lateral-raise,-967,236,-303
shoulders,lateral-raise,-962,255,-248
shoulders,lateral-raise,-977,245,-246
shoulders,lateral-raise,-981,229,-236
shoulders,lateral-raise,-951,278,-283
shoulders,lateral-raise,-946,247,-319
shoulders,lateral-raise,-976,231,-297
shoulders,lateral-raise,-960,192,-345
shoulders,lateral-raise,-944,224,-407
shoulders,lateral-raise,-928,216,-618
shoulders,lateral-raise,-936,239,-639
shoulders,lateral-raise,-973,382,-521
shoulders,lateral-raise,-1064,253,-570
shoulders,lateral-raise,-1079,233,-719
shoulders,lateral-raise,-1115,302,-834
shoulders,lateral-raise,-1188,332,-944
shoulders,lateral-raise,-1187,363,-940
shoulders,lateral-raise,-1210,329,-832
shoulders,lateral-raise,-1229,396,-770
shoulders,lateral-raise,-1238,329,-872
shoulders,lateral-raise,-1228,370,-789
shoulders,lateral-raise,-1259,333,-758
shoulders,lateral-raise,-1295,301,-726
shoulders,lateral-raise,-1287,307,-762
shoulders,lateral-raise,-1248,312,-795
shoulders,lateral-raise,-1211,317,-758
shoulders,lateral-raise,-1159,310,-761
shoulders,lateral-raise,-1106,299,-736
shoulders,lateral-raise,-1078,277,-726
shoulders,lateral-raise,-1003,310,-708
shoulders,lateral-raise,-912,308,-710
shoulders,lateral-raise,-858,267,-775
shoulders,lateral-raise,-803,235,-741
shoulders,lateral-raise,-720,236,-692
shoulders,lateral-raise,-637,233,-708
shoulders,lateral-raise,-559,226,-678
shoulders,lateral-raise,-487,216,-659
shoulders,lateral-raise,-419,183,-638
shoulders,lateral-raise,-333,189,-631
shoulders,lateral-raise,-268,166,-703
shoulders,lateral-raise,-228,133,-696
shoulders,lateral-raise,-170,125,-637
shoulders,lateral-raise,-115,112,-601
shoulders,lateral-raise,-69,106,-575
shoulders,lateral-raise,-17,110,-659
shoulders,lateral-raise,15,64,-637
shoulders,lateral-raise,74,74,-592
shoulders,lateral-raise,135,97,-560
shoulders,lateral-raise,163,64,-591
shoulders,lateral-raise,189,38,-492
shoulders,lateral-raise,252,60,-475
shoulders,lateral-raise,276,35,-496
shoulders,lateral-raise,302,6,-534
shoulders,lateral-raise,348,1,-468
shoulders,lateral-raise,387,60,-508
shoulders,lateral-raise,417,-59,-539
shoulders,lateral-raise,431,15,-369
shoulders,lateral-raise,416,-8,-543
shoulders,lateral-raise,432,-16,-504
shoulders,lateral-raise,464,-48,-408
shoulders,lateral-raise,464,-48,-408
shoulders,lateral-raise,417,-40,-602
shoulders,lateral-raise,439,-40,-509
shoulders,lateral-raise,462,-62,-556
shoulders,lateral-raise,435,2,-560
shoulders,lateral-raise,446,-42,-517
shoulders,lateral-raise,413,-34,-575
shoulders,lateral-raise,415,2,-570
shoulders,lateral-raise,403,-5,-608
shoulders,lateral-raise,367,5,-649
shoulders,lateral-raise,335,8,-643
shoulders,lateral-raise,322,64,-683
shoulders,lateral-raise,290,44,-714
shoulders,lateral-raise,251,44,-685
shoulders,lateral-raise,217,54,-735
shoulders,lateral-raise,175,62,-777
shoulders,lateral-raise,144,75,-692
shoulders,lateral-raise,110,96,-769
shoulders,lateral-raise,76,99,-837
shoulders,lateral-raise,49,106,-815
shoulders,lateral-raise,26,126,-800
shoulders,lateral-raise,7,150,-819
shoulders,lateral-raise,-27,147,-819
shoulders,lateral-raise,-78,158,-860
shoulders,lateral-raise,-129,205,-933
shoulders,lateral-raise,-164,200,-920
shoulders,lateral-raise,-199,183,-865
shoulders,lateral-raise,-246,207,-903
shoulders,lateral-raise,-290,223,-926
shoulders,lateral-raise,-329,256,-916
shoulders,lateral-raise,-375,265,-992
shoulders,lateral-raise,-414,263,-970
shoulders,lateral-raise,-441,303,-928
shoulders,lateral-raise,-483,280,-940
shoulders,lateral-raise,-517,261,-820
shoulders,lateral-raise,-554,263,-763
shoulders,lateral-raise,-587,262,-840
shoulders,lateral-raise,-612,252,-924
shoulders,lateral-raise,-610,346,-922
shoulders,lateral-raise,-644,319,-857
shoulders,lateral-raise,-666,288,-776
shoulders,lateral-raise,-708,294,-780
shoulders,lateral-raise,-735,315,-809
shoulders,lateral-raise,-769,297,-835
shoulders,lateral-raise,-778,348,-720
shoulders,lateral-raise,-794,321,-779
shoulders,lateral-raise,-812,327,-792
shoulders,lateral-raise,-848,319,-699
shoulders,lateral-raise,-852,303,-632
shoulders,lateral-raise,-920,290,-635
shoulders,lateral-raise,-920,368,-743
shoulders,lateral-raise,-936,320,-633
shoulders,lateral-raise,-944,266,-547
shoulders,lateral-raise,-921,310,-574
shoulders,lateral-raise,-927,305,-613
shoulders,lateral-raise,-921,304,-550
shoulders,lateral-raise,-899,304,-530
shoulders,lateral-raise,-903,297,-612
shoulders,lateral-raise,-918,269,-494
shoulders,lateral-raise,-933,277,-372
shoulders,lateral-raise,-943,280,-482
shoulders,lateral-raise,-931,293,-468
shoulders,lateral-raise,-928,308,-444
shoulders,lateral-raise,-940,312,-380
shoulders,lateral-raise,-938,300,-389
shoulders,lateral-raise,-930,273,-411
shoulders,lateral-raise,-939,281,-355
shoulders,lateral-raise,-955,272,-306
shoulders,lateral-raise,-971,264,-264
shoulders,lateral-raise,-966,274,-294
shoulders,lateral-raise,-975,275,-330
shoulders,lateral-raise,-974,262,-274
shoulders,lateral-raise,-963,261,-237
shoulders,lateral-raise,-951,246,-253
shoulders,lateral-raise,-944,232,-264
shoulders,lateral-raise,-944,244,-260
shoulders,lateral-raise,-936,248,-244
shoulders,lateral-raise,-932,236,-228
shoulders,lateral-raise,-932,236,-235
shoulders,lateral-raise,-939,244,-290
shoulders,lateral-raise,-952,241,-347
shoulders,lateral-raise,-975,238,-407
shoulders,lateral-raise,-1002,285,-494
shoulders,lateral-raise,-998,309,-542
shoulders,lateral-raise,-1013,300,-583
shoulders,lateral-raise,-1045,366,-588
shoulders,lateral-raise,-1098,311,-747
shoulders,lateral-raise,-1125,358,-834
shoulders,lateral-raise,-1134,377,-788
shoulders,lateral-raise,-1142,340,-856
shoulders,lateral-raise,-1182,368,-852
shoulders,lateral-raise,-1183,414,-902
shoulders,lateral-raise,-1215,382,-819
shoulders,lateral-raise,-1253,405,-763
shoulders,lateral-raise,-1281,394,-771
shoulders,lateral-raise,-1290,406,-758
shoulders,lateral-raise,-1304,390,-847
shoulders,lateral-raise,-1300,377,-758
shoulders,lateral-raise,-1253,395,-662
shoulders,lateral-raise,-1212,430,-741
shoulders,lateral-raise,-1127,384,-680
shoulders,lateral-raise,-1088,376,-688
shoulders,lateral-raise,-1064,328,-648
shoulders,lateral-raise,-986,336,-819
shoulders,lateral-raise,-923,298,-786
shoulders,lateral-raise,-823,356,-724
shoulders,lateral-raise,-750,302,-625
shoulders,lateral-raise,-680,310,-630
shoulders,lateral-raise,-630,291,-716
shoulders,lateral-raise,-528,254,-687
shoulders,lateral-raise,-439,215,-600
shoulders,lateral-raise,-404,195,-623
shoulders,lateral-raise,-317,230,-638
shoulders,lateral-raise,-271,159,-584
shoulders,lateral-raise,-204,148,-526
shoulders,lateral-raise,-131,152,-547
shoulders,lateral-raise,-72,112,-589
shoulders,lateral-raise,-23,51,-539
shoulders,lateral-raise,35,113,-588
shoulders,lateral-raise,93,84,-545
shoulders,lateral-raise,132,99,-540
shoulders,lateral-raise,179,133,-545
shoulders,lateral-raise,229,69,-536
shoulders,lateral-raise,257,15,-517
shoulders,lateral-raise,277,-5,-508
shoulders,lateral-raise,301,-7,-538
shoulders,lateral-raise,341,17,-577
shoulders,lateral-raise,384,-20,-540
shoulders,lateral-raise,408,-91,-450
shoulders,lateral-raise,427,-46,-471
shoulders,lateral-raise,447,-49,-562
shoulders,lateral-raise,463,-128,-506
shoulders,lateral-raise,469,-77,-435
shoulders,lateral-raise,470,-63,-512
shoulders,lateral-raise,477,-88,-526
shoulders,lateral-raise,469,-77,-494
shoulders,lateral-raise,459,-69,-523
shoulders,lateral-raise,443,-84,-533
shoulders,lateral-raise,432,-51,-553
shoulders,lateral-raise,430,-46,-582
shoulders,lateral-raise,418,-62,-592
shoulders,lateral-raise,395,-58,-561
shoulders,lateral-raise,369,-59,-551
shoulders,lateral-raise,343,-34,-611
shoulders,lateral-raise,331,-12,-621
shoulders,lateral-raise,299,-26,-624
shoulders,lateral-raise,271,12,-724
shoulders,lateral-raise,259,37,-751
shoulders,lateral-raise,209,11,-748
shoulders,lateral-raise,133,42,-782
shoulders,lateral-raise,94,69,-757
shoulders,lateral-raise,63,158,-849
shoulders,lateral-raise,32,88,-872
shoulders,lateral-raise,-8,128,-880
shoulders,lateral-raise,-39,136,-841
shoulders,lateral-raise,-93,174,-878
shoulders,lateral-raise,-141,146,-843
shoulders,lateral-raise,-144,195,-935
shoulders,lateral-raise,-208,186,-901
shoulders,lateral-raise,-244,233,-889
shoulders,lateral-raise,-289,213,-970
shoulders,lateral-raise,-329,235,-951
shoulders,lateral-raise,-349,220,-905
shoulders,lateral-raise,-396,273,-902
shoulders,lateral-raise,-439,251,-923
shoulders,lateral-raise,-466,252,-856
shoulders,lateral-raise,-519,262,-891
shoulders,lateral-raise,-536,298,-923
shoulders,lateral-raise,-569,295,-900
shoulders,lateral-raise,-600,277,-893
shoulders,lateral-raise,-629,277,-833
shoulders,lateral-raise,-671,295,-831
shoulders,lateral-raise,-698,274,-848
shoulders,lateral-raise,-718,256,-819
shoulders,lateral-raise,-737,256,-809
shoulders,lateral-raise,-762,278,-785
shoulders,lateral-raise,-789,287,-799
shoulders,lateral-raise,-808,272,-807
shoulders,lateral-raise,-812,272,-740
shoulders,lateral-raise,-835,272,-681
shoulders,lateral-raise,-864,275,-682
shoulders,lateral-raise,-868,274,-676
shoulders,lateral-raise,-879,276,-643
shoulders,lateral-raise,-891,285,-629
shoulders,lateral-raise,-902,259,-582
shoulders,lateral-raise,-924,273,-549
shoulders,lateral-raise,-947,274,-563
shoulders,lateral-raise,-947,256,-584
shoulders,lateral-raise,-941,270,-530
shoulders,lateral-raise,-950,269,-469
shoulders,lateral-raise,-948,276,-459
shoulders,lateral-raise,-964,262,-502
shoulders,lateral-raise,-971,258,-456
shoulders,lateral-raise,-954,266,-397
shoulders,lateral-raise,-961,269,-390
shoulders,lateral-raise,-967,253,-408
shoulders,lateral-raise,-962,247,-369
shoulders,lateral-raise,-980,285,-367
shoulders,lateral-raise,-1007,265,-303
shoulders,lateral-raise,-999,273,-296
shoulders,lateral-raise,-984,277,-298
shoulders,lateral-raise,-984,241,-318
shoulders,lateral-raise,-984,263,-280
shoulders,lateral-raise,-992,240,-288
shoulders,lateral-raise,-1000,232,-248
shoulders,lateral-raise,-1000,232,-248
shoulders,lateral-raise,-984,248,-264
shoulders,lateral-raise,-984,233,-249
shoulders,lateral-raise,-969,239,-270
shoulders,lateral-raise,-975,247,-257
shoulders,lateral-raise,-969,234,-242
shoulders,lateral-raise,-996,204,-261
shoulders,lateral-raise,-980,200,-284
shoulders,lateral-raise,-969,180,-335
shoulders,lateral-raise,-981,169,-383
shoulders,lateral-raise,-978,206,-405
shoulders,lateral-raise,-970,253,-427
shoulders,lateral-raise,-974,222,-408
shoulders,lateral-raise,-982,249,-406
shoulders,lateral-raise,-1007,298,-597
shoulders,lateral-raise,-1072,256,-672
shoulders,lateral-raise,-1134,254,-585
shoulders,lateral-raise,-1141,285,-691
shoulders,lateral-raise,-1167,291,-737
shoulders,lateral-raise,-1184,268,-695
shoulders,lateral-raise,-1194,309,-780
shoulders,lateral-raise,-1223,363,-885
shoulders,lateral-raise,-1262,380,-840
shoulders,lateral-raise,-1280,414,-719
shoulders,lateral-raise,-1284,411,-701
shoulders,lateral-raise,-1312,376,-748
shoulders,lateral-raise,-1348,353,-729
shoulders,lateral-raise,-1342,354,-667
shoulders,lateral-raise,-1295,358,-710
shoulders,lateral-raise,-1237,366,-805
shoulders,lateral-raise,-1181,402,-784
shoulders,lateral-raise,-1137,383,-766
shoulders,lateral-raise,-1051,345,-750
shoulders,lateral-raise,-922,337,-740
shoulders,lateral-raise,-867,348,-772
shoulders,lateral-raise,-818,245,-660
shoulders,lateral-raise,-750,258,-601
shoulders,lateral-raise,-689,258,-651
shoulders,lateral-raise,-617,250,-628
shoulders,lateral-raise,-507,255,-664
shoulders,lateral-raise,-452,166,-656
shoulders,lateral-raise,-386,163,-627
shoulders,lateral-raise,-280,157,-616
shoulders,lateral-raise,-232,65,-495
shoulders,lateral-raise,-169,92,-503
shoulders,lateral-raise,-63,208,-600
shoulders,lateral-raise,-52,9,-516
shoulders,lateral-raise,-11,28,-308
shoulders,lateral-raise,58,86,-374
shoulders,lateral-raise,105,38,-486
shoulders,lateral-raise,144,-32,-432
shoulders,lateral-raise,168,0,-456
shoulders,lateral-raise,238,-16,-340
shoulders,lateral-raise,255,-8,-427
shoulders,lateral-raise,286,-23,-402
shoulders,lateral-raise,346,5,-393
shoulders,lateral-raise,345,-49,-556
shoulders,lateral-raise,386,-42,-534
shoulders,lateral-raise,399,-156,-494
shoulders,lateral-raise,400,37,-548
shoulders,lateral-raise,407,-109,-593
shoulders,lateral-raise,414,-88,-587
shoulders,lateral-raise,397,-60,-584
shoulders,lateral-raise,374,-68,-650
shoulders,lateral-raise,374,-84,-596
shoulders,lateral-raise,387,-25,-568
shoulders,lateral-raise,353,-39,-657
shoulders,lateral-raise,325,-45,-647
shoulders,lateral-raise,331,-35,-561
shoulders,lateral-raise,290,4,-650
shoulders,lateral-raise,239,19,-646
shoulders,lateral-raise,214,40,-629
shoulders,lateral-raise,185,24,-643
shoulders,lateral-raise,141,49,-662
shoulders,lateral-raise,111,88,-719
shoulders,lateral-raise,87,59,-710
shoulders,lateral-raise,40,40,-692
shoulders,lateral-raise,-7,79,-750
shoulders,lateral-raise,-42,94,-770
shoulders,lateral-raise,-75,100,-740
shoulders,lateral-raise,-101,146,-793
shoulders,lateral-raise,-130,163,-853
shoulders,lateral-raise,-153,199,-827
shoulders,lateral-raise,-197,233,-878
shoulders,lateral-raise,-262,211,-935
shoulders,lateral-raise,-304,234,-880
shoulders,lateral-raise,-365,282,-893
shoulders,lateral-raise,-450,290,-960
shoulders,lateral-raise,-502,277,-930
shoulders,lateral-raise,-530,334,-868
shoulders,lateral-raise,-567,319,-935
shoulders,lateral-raise,-597,278,-932
shoulders,lateral-raise,-619,253,-839
shoulders,lateral-raise,-635,309,-905
shoulders,lateral-raise,-654,303,-906
shoulders,lateral-raise,-691,337,-863
shoulders,lateral-raise,-715,291,-797
shoulders,lateral-raise,-745,322,-769
shoulders,lateral-raise,-762,416,-786
shoulders,lateral-raise,-793,311,-810
shoulders,lateral-raise,-809,297,-695
shoulders,lateral-raise,-856,336,-664
shoulders,lateral-raise,-848,344,-688
shoulders,lateral-raise,-864,290,-603
shoulders,lateral-raise,-879,318,-554
shoulders,lateral-raise,-880,402,-537
shoulders,lateral-raise,-946,342,-624
shoulders,lateral-raise,-923,372,-582
shoulders,lateral-raise,-934,369,-548
shoulders,lateral-raise,-963,341,-524
shoulders,lateral-raise,-968,336,-507
shoulders,lateral-raise,-975,343,-484
shoulders,lateral-raise,-976,357,-474
shoulders,lateral-raise,-988,360,-447
shoulders,lateral-raise,-998,348,-422
shoulders,lateral-raise,-988,338,-381
shoulders,lateral-raise,-973,353,-402
shoulders,lateral-raise,-968,343,-394
shoulders,lateral-raise,-968,320,-357
shoulders,lateral-raise,-979,301,-312
shoulders,lateral-raise,-974,316,-337
shoulders,lateral-raise,-963,338,-306
shoulders,lateral-raise,-955,339,-282
shoulders,lateral-raise,-961,327,-265
shoulders,lateral-raise,-964,307,-244
shoulders,lateral-raise,-969,292,-240
shoulders,lateral-raise,-984,292,-240
shoulders,lateral-raise,-992,284,-248
shoulders,lateral-raise,-996,264,-248
shoulders,lateral-raise,-993,263,-229
shoulders,lateral-raise,-977,276,-212
shoulders,lateral-raise,-965,263,-205
shoulders,lateral-raise,-950,240,-203
shoulders,lateral-raise,-933,243,-217
shoulders,lateral-raise,-937,254,-244
shoulders,lateral-raise,-955,278,-286
shoulders,lateral-raise,-968,294,-351
shoulders,lateral-raise,-974,262,-383
shoulders,lateral-raise,-957,265,-378
shoulders,lateral-raise,-972,313,-475
shoulders,lateral-raise,-994,282,-518
shoulders,lateral-raise,-1028,314,-555
shoulders,lateral-raise,-1053,320,-548
shoulders,lateral-raise,-1108,333,-613
shoulders,lateral-raise,-1136,383,-703
shoulders,lateral-raise,-1183,341,-707
shoulders,lateral-raise,-1224,372,-767
shoulders,lateral-raise,-1228,397,-761
shoulders,lateral-raise,-1265,378,-779
shoulders,lateral-raise,-1280,401,-874
shoulders,lateral-raise,-1283,408,-684
shoulders,lateral-raise,-1336,400,-750
shoulders,lateral-raise,-1328,384,-688
shoulders,lateral-raise,-1304,368,-672
shoulders,lateral-raise,-1257,360,-610
shoulders,lateral-raise,-1233,398,-692
shoulders,lateral-raise,-1187,400,-726
shoulders,lateral-raise,-1140,385,-743
shoulders,lateral-raise,-1086,363,-737
shoulders,lateral-raise,-1038,381,-708
shoulders,lateral-raise,-977,357,-684
shoulders,lateral-raise,-868,372,-720
shoulders,lateral-raise,-841,330,-761
shoulders,lateral-raise,-757,333,-698
shoulders,lateral-raise,-693,293,-674
shoulders,lateral-raise,-620,274,-624
shoulders,lateral-raise,-553,237,-632
shoulders,lateral-raise,-473,241,-629
shoulders,lateral-raise,-387,220,-585
shoulders,lateral-raise,-322,186,-573
shoulders,lateral-raise,-257,176,-592
shoulders,lateral-raise,-196,176,-554
shoulders,lateral-raise,-132,156,-528
shoulders,lateral-raise,-66,144,-533
shoulders,lateral-raise,6,144,-573
shoulders,lateral-raise,67,117,-537
shoulders,lateral-raise,110,100,-453
shoulders,lateral-raise,161,108,-461
shoulders,lateral-raise,196,68,-472
shoulders,lateral-raise,219,59,-463
shoulders,lateral-raise,266,70,-491
shoulders,lateral-raise,303,36,-476
shoulders,lateral-raise,322,32,-406
shoulders,lateral-raise,355,42,-415
shoulders,lateral-raise,378,32,-462
shoulders,lateral-raise,385,1,-385
shoulders,lateral-raise,411,19,-410
shoulders,lateral-raise,408,21,-495
shoulders,lateral-raise,412,16,-398
shoulders,lateral-raise,386,11,-410
shoulders,lateral-raise,396,-2,-496
shoulders,lateral-raise,406,-10,-488
shoulders,lateral-raise,396,-12,-466
shoulders,lateral-raise,381,3,-475
shoulders,lateral-raise,365,16,-491
shoulders,lateral-raise,345,19,-505
shoulders,lateral-raise,308,36,-521
shoulders,lateral-raise,283,60,-580
shoulders,lateral-raise,243,87,-610
shoulders,lateral-raise,195,82,-623
shoulders,lateral-raise,141,106,-609
shoulders,lateral-raise,100,128,-619
shoulders,lateral-raise,31,120,-673
shoulders,lateral-raise,-8,136,-696
shoulders,lateral-raise,-48,224,-616
shoulders,lateral-raise,-48,224,-616
shoulders,lateral-raise,-133,216,-725
shoulders,lateral-raise,-166,254,-713
shoulders,lateral-raise,-228,286,-742
shoulders,lateral-raise,-283,295,-890
shoulders,lateral-raise,-331,275,-840
shoulders,lateral-raise,-364,293,-769
shoulders,lateral-raise,-409,310,-808
shoulders,lateral-raise,-443,325,-896
shoulders,lateral-raise,-500,328,-919
shoulders,lateral-raise,-569,347,-863
shoulders,lateral-raise,-627,346,-792
shoulders,lateral-raise,-706,320,-867
shoulders,lateral-raise,-757,359,-790
shoulders,lateral-raise,-802,376,-924
shoulders,lateral-raise,-849,359,-886
shoulders,lateral-raise,-875,363,-748
shoulders,lateral-raise,-880,384,-762
shoulders,lateral-raise,-905,387,-756
shoulders,lateral-raise,-925,389,-756
shoulders,lateral-raise,-957,373,-715
shoulders,lateral-raise,-971,365,-685
shoulders,lateral-raise,-986,386,-652
shoulders,lateral-raise,-1000,391,-594
shoulders,lateral-raise,-996,372,-547
shoulders,lateral-raise,-1020,352,-504
shoulders,lateral-raise,-1052,336,-449
shoulders,lateral-raise,-1067,324,-409
shoulders,lateral-raise,-1087,324,-428
shoulders,lateral-raise,-1079,331,-464
shoulders,lateral-raise,-1050,342,-441
shoulders,lateral-raise,-1052,340,-365
shoulders,lateral-raise,-1069,320,-293
shoulders,lateral-raise,-1061,320,-296
shoulders,lateral-raise,-1043,325,-340
shoulders,lateral-raise,-1016,329,-378
shoulders,lateral-raise,-1014,319,-328
shoulders,lateral-raise,-1006,336,-332
shoulders,lateral-raise,-996,340,-330
shoulders,lateral-raise,-988,354,-288
shoulders,lateral-raise,-998,358,-283
shoulders,lateral-raise,-991,355,-260
shoulders,lateral-raise,-980,367,-245
shoulders,lateral-raise,-955,359,-266
shoulders,lateral-raise,-922,351,-224
shoulders,lateral-raise,-877,342,-165
shoulders,lateral-raise,-852,328,-141
shoulders,lateral-raise,-815,326,-109
shoulders,lateral-raise,-799,305,-62
shoulders,lateral-raise,-784,320,-24
shoulders,lateral-raise,-800,328,-16
shoulders,lateral-raise,-816,328,0
shoulders,lateral-raise,-839,320,23
shoulders,lateral-raise,-886,267,39
shoulders,lateral-raise,-895,271,85
shoulders,lateral-raise,-918,243,44
shoulders,lateral-raise,-934,247,90
shoulders,lateral-raise,-943,241,33
shoulders,lateral-raise,-910,226,58
shoulders,lateral-raise,-891,191,91
shoulders,lateral-raise,-862,171,31
shoulders,lateral-raise,-856,174,-35
shoulders,lateral-raise,-868,188,-11
shoulders,lateral-raise,-866,210,36
shoulders,lateral-raise,-882,222,7
shoulders,lateral-raise,-934,207,3
shoulders,lateral-raise,-963,200,8
shoulders,lateral-raise,-979,205,30
shoulders,lateral-raise,-989,197,72
shoulders,lateral-raise,-1038,187,47
shoulders,lateral-raise,-1054,204,4
shoulders,lateral-raise,-1058,230,-22
shoulders,lateral-raise,-1073,221,-23
shoulders,lateral-raise,-1084,212,-3
shoulders,lateral-raise,-1088,177,43
shoulders,lateral-raise,-1080,169,64
shoulders,lateral-raise,-1072,220,52
shoulders,lateral-raise,-1064,256,13
shoulders,lateral-raise,-1060,260,17
shoulders,lateral-raise,-1060,252,71
shoulders,lateral-raise,-1053,241,50
shoulders,lateral-raise,-1042,242,14
shoulders,lateral-raise,-1029,262,36
shoulders,lateral-raise,-1018,266,50
shoulders,lateral-raise,-1003,253,35
shoulders,lateral-raise,-995,243,37
shoulders,lateral-raise,-1000,230,57
shoulders,lateral-raise,-1002,224,31
shoulders,lateral-raise,-1006,224,36
shoulders,lateral-raise,-1002,220,110
shoulders,lateral-raise,-1008,213,99
shoulders,lateral-raise,-1006,222,82
shoulders,lateral-raise,-1000,193,95
shoulders,lateral-raise,-1001,236,128
shoulders,lateral-raise,-1008,256,123
shoulders,lateral-raise,-1013,261,109
shoulders,lateral-raise,-1050,292,196
shoulders,lateral-raise,-1056,258,153
shoulders,lateral-raise,-969,283,84
shoulders,lateral-raise,-985,319,147
shoulders,lateral-raise,-1166,296,200
shoulders,lateral-raise,-1088,280,208
