407,-583,-607,lateral-raise,,,
397,-568,-673,lateral-raise,,,
359,-571,-718,lateral-raise,,,
343,-571,-656,lateral-raise,,,
339,-527,-651,lateral-raise,,,
400,-502,-697,lateral-raise,,,
444,-479,-667,lateral-raise,,,
484,-494,-692,lateral-raise,,,
337,-584,-728,lateral-raise,,,
2034,-332,-1094,lateral-raise,,,
1144,590,-1074,lateral-raise,,,
742,304,-699,lateral-raise,,,
417,47,-691,lateral-raise,,,
40,-352,-404,lateral-raise,,,
16,244,-685,lateral-raise,,,
95,-499,355,lateral-raise,,,
194,-2170,1149,lateral-raise,,,
-903,285,-481,lateral-raise,,,
196,552,-300,lateral-raise,,,
216,-607,757,lateral-raise,,,
477,-142,-142,lateral-raise,,,
881,244,-144,lateral-raise,,,
789,322,39,lateral-raise,,,
1005,301,36,lateral-raise,,,
1106,372,58,lateral-raise,,,
1207,510,48,lateral-raise,,,
1251,599,-77,lateral-raise,,,
1399,613,-690,lateral-raise,,,
1639,611,-1174,lateral-raise,,,
1785,528,-1099,lateral-raise,,,
1778,462,-1136,lateral-raise,,,
1648,439,-1221,lateral-raise,,,
1480,384,-1186,lateral-raise,,,
1329,298,-955,lateral-raise,,,
1228,215,-860,lateral-raise,,,
1171,218,-826,lateral-raise,,,
1148,262,-924,lateral-raise,,,
1184,286,-1156,lateral-raise,,,
1241,190,-1176,lateral-raise,,,
1280,97,-1171,lateral-raise,,,
1300,48,-1164,lateral-raise,,,
1290,16,-1093,lateral-raise,,,
1272,-8,-1002,lateral-raise,,,
1204,-3,-1025,lateral-raise,,,
1103,30,-961,lateral-raise,,,
1050,86,-885,lateral-raise,,,
924,104,-778,lateral-raise,,,
816,167,-695,lateral-raise,,,
735,235,-631,lateral-raise,,,
602,309,-596,lateral-raise,,,
471,287,-469,lateral-raise,,,
349,240,-311,lateral-raise,,,
169,240,-87,lateral-raise,,,
-27,222,-10,lateral-raise,,,
-182,177,-11,lateral-raise,,,
-322,128,-30,lateral-raise,,,
-452,118,74,lateral-raise,,,
-559,92,36,lateral-raise,,,
-637,20,-53,lateral-raise,,,
-702,-38,-57,lateral-raise,,,
-747,-42,-71,lateral-raise,,,
-792,-72,-184,lateral-raise,,,
-808,-125,-248,lateral-raise,,,
-795,-150,-119,lateral-raise,,,
-814,-121,-14,lateral-raise,,,
-797,8,124,lateral-raise,,,
-787,74,174,lateral-raise,,,
-777,47,251,lateral-raise,,,
-721,30,195,lateral-raise,,,
-610,22,80,lateral-raise,,,
-508,106,-28,lateral-raise,,,
-396,117,-24,lateral-raise,,,
-296,88,-32,lateral-raise,,,
-197,10,-103,lateral-raise,,,
-21,34,-334,lateral-raise,,,
171,114,-235,lateral-raise,,,
352,-53,-310,lateral-raise,,,
531,-5,-647,lateral-raise,,,
642,25,-450,lateral-raise,,,
965,-112,-586,lateral-raise,,,
1078,-48,-908,lateral-raise,,,
1088,-72,-872,lateral-raise,,,
1220,-266,-825,lateral-raise,,,
1414,-333,-999,lateral-raise,,,
1387,-232,-948,lateral-raise,,,
1369,-188,-922,lateral-raise,,,
1411,-98,-1098,lateral-raise,,,
1535,-25,-1155,lateral-raise,,,
1545,-50,-1194,lateral-raise,,,
1477,-109,-1147,lateral-raise,,,
1412,-87,-1318,lateral-raise,,,
1406,-23,-1227,lateral-raise,,,
1365,-2,-1056,lateral-raise,,,
1292,6,-883,lateral-raise,,,
1248,-16,-875,lateral-raise,,,
1211,28,-917,lateral-raise,,,
1167,48,-906,lateral-raise,,,
1141,26,-912,lateral-raise,,,
1125,-37,-909,lateral-raise,,,
1115,-100,-853,lateral-raise,,,
1082,-130,-775,lateral-raise,,,
1050,-112,-730,lateral-raise,,,
1026,-64,-623,lateral-raise,,,
998,-36,-507,lateral-raise,,,
975,-28,-459,lateral-raise,,,
964,-20,-440,lateral-raise,,,
960,0,-480,lateral-raise,,,
968,20,-613,lateral-raise,,,
998,24,-789,lateral-raise,,,
1042,13,-948,lateral-raise,,,
1101,-3,-1058,lateral-raise,,,
1165,-27,-1098,lateral-raise,,,
1187,-62,-1125,lateral-raise,,,
1192,-63,-1158,lateral-raise,,,
1197,-43,-1096,lateral-raise,,,
1213,-29,-1090,lateral-raise,,,
1231,-24,-1139,lateral-raise,,,
1246,-29,-1130,lateral-raise,,,
1238,-40,-1140,lateral-raise,,,
1232,-46,-1130,lateral-raise,,,
1219,-75,-1041,lateral-raise,,,
1161,-112,-950,lateral-raise,,,
1094,-108,-908,lateral-raise,,,
1036,-84,-883,lateral-raise,,,
965,-66,-834,lateral-raise,,,
893,-82,-694,lateral-raise,,,
805,-95,-617,lateral-raise,,,
703,-87,-554,lateral-raise,,,
600,-70,-494,lateral-raise,,,
483,-38,-464,lateral-raise,,,
389,-7,-472,lateral-raise,,,
279,24,-463,lateral-raise,,,
161,32,-361,lateral-raise,,,
51,48,-306,lateral-raise,,,
-89,56,-228,lateral-raise,,,
-163,101,-179,lateral-raise,,,
-270,97,-110,lateral-raise,,,
-387,96,-83,lateral-raise,,,
-463,117,-80,lateral-raise,,,
-513,147,-46,lateral-raise,,,
-520,119,7,lateral-raise,,,
-559,99,-49,lateral-raise,,,
-657,96,-178,lateral-raise,,,
-748,71,-220,lateral-raise,,,
-762,52,-182,lateral-raise,,,
-725,-5,-127,lateral-raise,,,
-758,-47,-152,lateral-raise,,,
-793,-6,-224,lateral-raise,,,
-784,32,-194,lateral-raise,,,
-750,56,-126,lateral-raise,,,
-721,79,-22,lateral-raise,,,
-702,103,19,lateral-raise,,,
-686,117,6,lateral-raise,,,
-652,166,-5,lateral-raise,,,
-578,213,28,lateral-raise,,,
-484,181,108,lateral-raise,,,
-378,90,131,lateral-raise,,,
-248,64,24,lateral-raise,,,
-118,111,-102,lateral-raise,,,
-4,158,-229,lateral-raise,,,
88,145,-310,lateral-raise,,,
148,89,-345,lateral-raise,,,
253,48,-527,lateral-raise,,,
457,3,-646,lateral-raise,,,
661,37,-551,lateral-raise,,,
820,80,-571,lateral-raise,,,
855,142,-904,lateral-raise,,,
744,294,-1053,lateral-raise,,,
825,211,-599,lateral-raise,,,
924,14,-619,lateral-raise,,,
1026,-43,-870,lateral-raise,,,
1070,169,-896,lateral-raise,,,
1221,254,-735,lateral-raise,,,
1350,251,-668,lateral-raise,,,
1561,281,-800,lateral-raise,,,
1612,363,-869,lateral-raise,,,
1627,319,-1036,lateral-raise,,,
1583,201,-1029,lateral-raise,,,
1521,212,-1196,lateral-raise,,,
1616,254,-1155,lateral-raise,,,
1610,221,-1208,lateral-raise,,,
1484,169,-1370,lateral-raise,,,
1360,216,-1424,lateral-raise,,,
1336,152,-1464,lateral-raise,,,
1336,152,-1464,lateral-raise,,,
1344,67,-1448,lateral-raise,,,
1283,26,-1418,lateral-raise,,,
1265,-13,-1289,lateral-raise,,,
1279,20,-1171,lateral-raise,,,
1280,45,-1017,lateral-raise,,,
1280,76,-930,lateral-raise,,,
1287,66,-913,lateral-raise,,,
1275,64,-859,lateral-raise,,,
1279,38,-900,lateral-raise,,,
1280,26,-874,lateral-raise,,,
1280,24,-864,lateral-raise,,,
1280,30,-876,lateral-raise,,,
1298,61,-915,lateral-raise,,,
1304,61,-934,lateral-raise,,,
1265,45,-947,lateral-raise,,,
1237,13,-925,lateral-raise,,,
1206,0,-870,lateral-raise,,,
1146,10,-833,lateral-raise,,,
1090,36,-780,lateral-raise,,,
1029,38,-714,lateral-raise,,,
931,41,-679,lateral-raise,,,
826,61,-676,lateral-raise,,,
745,72,-615,lateral-raise,,,
654,76,-548,lateral-raise,,,
544,76,-520,lateral-raise,,,
438,64,-458,lateral-raise,,,
329,45,-379,lateral-raise,,,
211,28,-372,lateral-raise,,,
104,34,-415,lateral-raise,,,
9,54,-398,lateral-raise,,,
-85,70,-317,lateral-raise,,,
-167,89,-271,lateral-raise,,,
-235,107,-298,lateral-raise,,,
-319,117,-264,lateral-raise,,,
-399,133,-224,lateral-raise,,,
-446,146,-154,lateral-raise,,,
-495,141,-109,lateral-raise,,,
-544,110,-49,lateral-raise,,,
-586,84,80,lateral-raise,,,
-669,11,200,lateral-raise,,,
-752,5,223,lateral-raise,,,
-744,64,165,lateral-raise,,,
-703,53,66,lateral-raise,,,
-695,-16,31,lateral-raise,,,
-681,-74,19,lateral-raise,,,
-618,-87,-35,lateral-raise,,,
-556,-77,-151,lateral-raise,,,
-493,-40,-240,lateral-raise,,,
-438,-48,-246,lateral-raise,,,
-367,-64,-185,lateral-raise,,,
-281,-56,-279,lateral-raise,,,
-179,6,-272,lateral-raise,,,
-85,23,-219,lateral-raise,,,
-5,2,-484,lateral-raise,,,
109,95,-643,lateral-raise,,,
199,104,-463,lateral-raise,,,
348,62,-635,lateral-raise,,,
504,97,-773,lateral-raise,,,
588,64,-672,lateral-raise,,,
711,-29,-596,lateral-raise,,,
901,-29,-825,lateral-raise,,,
907,119,-801,lateral-raise,,,
944,112,-637,lateral-raise,,,
1054,-16,-574,lateral-raise,,,
1203,-39,-786,lateral-raise,,,
1259,63,-833,lateral-raise,,,
1264,77,-654,lateral-raise,,,
1296,64,-408,lateral-raise,,,
1501,49,-244,lateral-raise,,,
1588,149,-501,lateral-raise,,,
1552,312,-717,lateral-raise,,,
1508,302,-602,lateral-raise,,,
1501,150,-446,lateral-raise,,,
1577,59,-568,lateral-raise,,,
1557,156,-991,lateral-raise,,,
1488,284,-1360,lateral-raise,,,
1469,247,-1649,lateral-raise,,,
1444,139,-1836,lateral-raise,,,
1422,61,-1807,lateral-raise,,,
1373,13,-1685,lateral-raise,,,
1320,37,-1415,lateral-raise,,,
1272,120,-1105,lateral-raise,,,
1220,210,-914,lateral-raise,,,
1203,259,-859,lateral-raise,,,
1218,254,-883,lateral-raise,,,
1255,222,-883,lateral-raise,,,
1306,191,-870,lateral-raise,,,
1363,160,-870,lateral-raise,,,
1394,134,-925,lateral-raise,,,
1396,135,-1056,lateral-raise,,,
1392,150,-1099,lateral-raise,,,
1434,108,-1054,lateral-raise,,,
1480,95,-1080,lateral-raise,,,
1480,133,-1072,lateral-raise,,,
1473,160,-997,lateral-raise,,,
1419,162,-799,lateral-raise,,,
1369,182,-650,lateral-raise,,,
1288,249,-577,lateral-raise,,,
1169,255,-475,lateral-raise,,,
1020,231,-373,lateral-raise,,,
896,200,-280,lateral-raise,,,
744,224,-256,lateral-raise,,,
604,208,-171,lateral-raise,,,
433,223,-69,lateral-raise,,,
290,202,-57,lateral-raise,,,
178,149,-41,lateral-raise,,,
25,144,-161,lateral-raise,,,
-125,158,-183,lateral-raise,,,
-185,126,-191,lateral-raise,,,
-232,140,-285,lateral-raise,,,
-305,98,-311,lateral-raise,,,
-384,56,-306,lateral-raise,,,
-425,48,-168,lateral-raise,,,
-450,30,-134,lateral-raise,,,
-485,42,-65,lateral-raise,,,
-513,77,6,lateral-raise,,,
-520,94,35,lateral-raise,,,
-482,112,-25,lateral-raise,,,
-438,152,-88,lateral-raise,,,
-409,163,-99,lateral-raise,,,
-370,125,-56,lateral-raise,,,
-304,104,-37,lateral-raise,,,
-212,90,-8,lateral-raise,,,
-110,44,-11,lateral-raise,,,
-8,16,-71,lateral-raise,,,
136,20,-183,lateral-raise,,,
292,48,-284,lateral-raise,,,
414,60,-270,lateral-raise,,,
564,44,-154,lateral-raise,,,
841,51,-97,lateral-raise,,,
1100,71,-239,lateral-raise,,,
1250,64,-431,lateral-raise,,,
1366,55,-626,lateral-raise,,,
1362,121,-778,lateral-raise,,,
1441,178,-651,lateral-raise,,,
1569,98,-632,lateral-raise,,,
1694,-1,-704,lateral-raise,,,
1686,80,-877,lateral-raise,,,
1714,211,-816,lateral-raise,,,
1692,220,-791,lateral-raise,,,
1664,144,-676,lateral-raise,,,
1598,91,-802,lateral-raise,,,
1569,114,-888,lateral-raise,,,
1605,148,-1329,lateral-raise,,,
1593,66,-1781,lateral-raise,,,
1604,-101,-1817,lateral-raise,,,
1633,-366,-1867,lateral-raise,,,
1634,-473,-1728,lateral-raise,,,
1569,-394,-1382,lateral-raise,,,
1478,-305,-1137,lateral-raise,,,
1448,-173,-991,lateral-raise,,,
1456,-63,-951,lateral-raise,,,
1504,-1,-825,lateral-raise,,,
1527,47,-793,lateral-raise,,,
1520,78,-937,lateral-raise,,,
1557,73,-914,lateral-raise,,,
1596,21,-883,lateral-raise,,,
1629,37,-794,lateral-raise,,,
1660,75,-756,lateral-raise,,,
1637,141,-820,lateral-raise,,,
1599,145,-792,lateral-raise,,,
1553,164,-699,lateral-raise,,,
1500,155,-674,lateral-raise,,,
1426,171,-622,lateral-raise,,,
1329,164,-608,lateral-raise,,,
1228,142,-602,lateral-raise,,,
1114,125,-583,lateral-raise,,,
1008,126,-626,lateral-raise,,,
911,128,-643,lateral-raise,,,
806,123,-551,lateral-raise,,,
697,105,-387,lateral-raise,,,
567,96,-236,lateral-raise,,,
407,82,-107,lateral-raise,,,
225,72,55,lateral-raise,,,
55,103,172,lateral-raise,,,
-94,119,204,lateral-raise,,,
-214,87,241,lateral-raise,,,
-316,24,264,lateral-raise,,,
-406,3,264,lateral-raise,,,
-477,31,257,lateral-raise,,,
-523,22,212,lateral-raise,,,
-543,7,119,lateral-raise,,,
-549,39,27,lateral-raise,,,
-538,84,17,lateral-raise,,,
-516,113,-9,lateral-raise,,,
-463,136,-140,lateral-raise,,,
-369,168,-246,lateral-raise,,,
-280,190,-183,lateral-raise,,,
-192,134,-83,lateral-raise,,,
-82,46,-110,lateral-raise,,,
22,52,-212,lateral-raise,,,
117,93,-182,lateral-raise,,,
279,96,-188,lateral-raise,,,
530,53,-438,lateral-raise,,,
584,151,-384,lateral-raise,,,
656,170,-357,lateral-raise,,,
881,58,-426,lateral-raise,,,
1163,-143,-415,lateral-raise,,,
1196,-126,-659,lateral-raise,,,
1242,-21,-519,lateral-raise,,,
1381,23,-422,lateral-raise,,,
1473,12,-993,lateral-raise,,,
1504,160,-760,lateral-raise,,,
1600,120,-608,lateral-raise,,,
1600,120,-608,lateral-raise,,,
1647,50,-771,lateral-raise,,,
1625,18,-1004,lateral-raise,,,
1617,23,-807,lateral-raise,,,
1587,-12,-756,lateral-raise,,,
1555,-9,-652,lateral-raise,,,
1615,13,-710,lateral-raise,,,
1563,77,-1020,lateral-raise,,,
1512,128,-1299,lateral-raise,,,
1452,77,-1513,lateral-raise,,,
1389,-6,-1469,lateral-raise,,,
1345,-86,-1268,lateral-raise,,,
1354,-116,-1180,lateral-raise,,,
1354,-132,-1074,lateral-raise,,,
1323,-119,-1011,lateral-raise,,,
1301,-56,-989,lateral-raise,,,
1328,11,-995,lateral-raise,,,
1381,69,-958,lateral-raise,,,
1425,98,-967,lateral-raise,,,
1475,104,-989,lateral-raise,,,
1529,114,-992,lateral-raise,,,
1584,120,-983,lateral-raise,,,
1617,124,-936,lateral-raise,,,
1624,124,-818,lateral-raise,,,
1607,141,-736,lateral-raise,,,
1560,176,-696,lateral-raise,,,
1493,200,-637,lateral-raise,,,
1423,204,-564,lateral-raise,,,
1342,193,-487,lateral-raise,,,
1244,191,-459,lateral-raise,,,
1136,197,-474,lateral-raise,,,
1021,189,-497,lateral-raise,,,
903,178,-515,lateral-raise,,,
783,165,-550,lateral-raise,,,
684,163,-590,lateral-raise,,,
576,153,-562,lateral-raise,,,
477,111,-575,lateral-raise,,,
376,88,-563,lateral-raise,,,
261,102,-594,lateral-raise,,,
154,142,-568,lateral-raise,,,
62,148,-440,lateral-raise,,,
-12,202,-343,lateral-raise,,,
-47,253,-179,lateral-raise,,,
-144,280,-76,lateral-raise,,,
-291,267,-96,lateral-raise,,,
-375,162,-93,lateral-raise,,,
-437,41,-60,lateral-raise,,,
-493,-35,-7,lateral-raise,,,
-560,-82,123,lateral-raise,,,
-561,-112,181,lateral-raise,,,
-608,-104,87,lateral-raise,,,
-640,-64,9,lateral-raise,,,
-609,-25,62,lateral-raise,,,
-600,-62,56,lateral-raise,,,
-585,-79,4,lateral-raise,,,
-533,-58,-80,lateral-raise,,,
-464,-27,-167,lateral-raise,,,
-386,-3,-162,lateral-raise,,,
-315,14,-146,lateral-raise,,,
-217,49,-277,lateral-raise,,,
-109,69,-297,lateral-raise,,,
-5,40,-271,lateral-raise,,,
128,-5,-481,lateral-raise,,,
263,99,-623,lateral-raise,,,
343,112,-472,lateral-raise,,,
452,12,-419,lateral-raise,,,
633,-18,-736,lateral-raise,,,
685,108,-856,lateral-raise,,,
738,115,-743,lateral-raise,,,
839,-4,-632,lateral-raise,,,
1043,-115,-808,lateral-raise,,,
1087,-47,-936,lateral-raise,,,
1108,-4,-945,lateral-raise,,,
1107,-69,-867,lateral-raise,,,
1141,-121,-809,lateral-raise,,,
1246,-24,-766,lateral-raise,,,
1312,108,-696,lateral-raise,,,
1336,109,-626,lateral-raise,,,
1373,98,-554,lateral-raise,,,
1437,134,-549,lateral-raise,,,
1447,169,-600,lateral-raise,,,
1418,211,-638,lateral-raise,,,
1402,237,-691,lateral-raise,,,
1398,220,-888,lateral-raise,,,
1394,197,-1301,lateral-raise,,,
1360,164,-1747,lateral-raise,,,
1349,70,-1969,lateral-raise,,,
1367,-40,-2078,lateral-raise,,,
1392,-122,-2002,lateral-raise,,,
1420,-108,-1749,lateral-raise,,,
1437,-19,-1512,lateral-raise,,,
1458,98,-1287,lateral-raise,,,
1465,180,-1173,lateral-raise,,,
1483,239,-1228,lateral-raise,,,
1544,271,-1213,lateral-raise,,,
1603,262,-1232,lateral-raise,,,
1687,246,-1161,lateral-raise,,,
1745,228,-1040,lateral-raise,,,
1759,193,-1031,lateral-raise,,,
1751,203,-906,lateral-raise,,,
1733,264,-780,lateral-raise,,,
1648,272,-664,lateral-raise,,,
1520,296,-640,lateral-raise,,,
1372,288,-601,lateral-raise,,,
1246,273,-547,lateral-raise,,,
1106,227,-365,lateral-raise,,,
965,188,-272,lateral-raise,,,
809,163,-214,lateral-raise,,,
631,132,-131,lateral-raise,,,
472,101,-79,lateral-raise,,,
295,56,1,lateral-raise,,,
108,41,55,lateral-raise,,,
-30,53,-50,lateral-raise,,,
-155,68,-6,lateral-raise,,,
-263,54,22,lateral-raise,,,
-370,36,53,lateral-raise,,,
-469,61,127,lateral-raise,,,
-541,33,236,lateral-raise,,,
-614,-71,218,lateral-raise,,,
-677,-107,150,lateral-raise,,,
-691,-84,113,lateral-raise,,,
-683,-92,89,lateral-raise,,,
-666,-114,75,lateral-raise,,,
-656,-120,40,lateral-raise,,,
-629,-98,29,lateral-raise,,,
-578,-84,87,lateral-raise,,,
-523,-84,111,lateral-raise,,,
-456,-64,56,lateral-raise,,,
-381,-25,8,lateral-raise,,,
-315,-7,33,lateral-raise,,,
-216,-34,19,lateral-raise,,,
-69,-39,-115,lateral-raise,,,
98,7,-269,lateral-raise,,,
266,40,-363,lateral-raise,,,
424,-4,-342,lateral-raise,,,
610,-50,-378,lateral-raise,,,
778,21,-533,lateral-raise,,,
881,24,-557,lateral-raise,,,
1031,-30,-683,lateral-raise,,,
1149,-11,-741,lateral-raise,,,
1247,26,-547,lateral-raise,,,
1388,23,-797,lateral-raise,,,
1461,-6,-997,lateral-raise,,,
1476,-1,-845,lateral-raise,,,
1476,-19,-772,lateral-raise,,,
1594,-65,-827,lateral-raise,,,
1686,-4,-808,lateral-raise,,,
1612,135,-857,lateral-raise,,,
1578,122,-813,lateral-raise,,,
1601,56,-973,lateral-raise,,,
1603,-52,-1263,lateral-raise,,,
1511,30,-1403,lateral-raise,,,
1480,-41,-1496,lateral-raise,,,
1432,-95,-1528,lateral-raise,,,
1393,-205,-1800,lateral-raise,,,
1369,-269,-1785,lateral-raise,,,
1361,-302,-1672,lateral-raise,,,
1382,-275,-1525,lateral-raise,,,
1405,-229,-1384,lateral-raise,,,
1436,-182,-1305,lateral-raise,,,
1474,-135,-1207,lateral-raise,,,
1520,-101,-1239,lateral-raise,,,
1593,-89,-1268,lateral-raise,,,
1652,-88,-1221,lateral-raise,,,
1707,-51,-1233,lateral-raise,,,
1744,8,-1192,lateral-raise,,,
1770,42,-1035,lateral-raise,,,
1759,105,-950,lateral-raise,,,
1730,178,-864,lateral-raise,,,
1688,211,-708,lateral-raise,,,
1598,242,-627,lateral-raise,,,
1463,287,-601,lateral-raise,,,
1324,309,-548,lateral-raise,,,
1186,288,-477,lateral-raise,,,
1035,249,-397,lateral-raise,,,
896,183,-364,lateral-raise,,,
741,79,-269,lateral-raise,,,
560,-9,-88,lateral-raise,,,
360,-56,40,lateral-raise,,,
156,-68,165,lateral-raise,,,
-14,-42,285,lateral-raise,,,
-160,-16,366,lateral-raise,,,
-301,-29,502,lateral-raise,,,
-432,-58,643,lateral-raise,,,
-544,-84,681,lateral-raise,,,
-625,-119,581,lateral-raise,,,
-645,-169,459,lateral-raise,,,
-621,-226,475,lateral-raise,,,
-604,-258,369,lateral-raise,,,
-576,-282,86,lateral-raise,,,
-572,-286,-55,lateral-raise,,,
-560,-282,0,lateral-raise,,,
-535,-281,-61,lateral-raise,,,
-422,-244,-130,lateral-raise,,,
-307,-184,-245,lateral-raise,,,
-229,-104,-317,lateral-raise,,,
-118,-51,-399,lateral-raise,,,
-6,34,-486,lateral-raise,,,
76,107,-473,lateral-raise,,,
179,124,-500,lateral-raise,,,
225,90,-696,lateral-raise,,,
466,110,-574,lateral-raise,,,
662,62,-383,lateral-raise,,,
856,8,-608,lateral-raise,,,
856,96,-768,lateral-raise,,,
856,96,-768,lateral-raise,,,
895,96,-706,lateral-raise,,,
964,35,-537,lateral-raise,,,
1251,-43,-677,lateral-raise,,,
1257,98,-936,lateral-raise,,,
1327,133,-717,lateral-raise,,,
1371,101,-527,lateral-raise,,,
1458,62,-484,lateral-raise,,,
1452,156,-960,lateral-raise,,,
1461,287,-867,lateral-raise,,,
1502,217,-729,lateral-raise,,,
1549,105,-698,lateral-raise,,,
1596,1,-756,lateral-raise,,,
1579,0,-941,lateral-raise,,,
1511,65,-931,lateral-raise,,,
1449,82,-949,lateral-raise,,,
1400,80,-1006,lateral-raise,,,
1347,122,-1050,lateral-raise,,,
1297,190,-1018,lateral-raise,,,
1280,162,-1012,lateral-raise,,,
1328,23,-1043,lateral-raise,,,
1323,-104,-1079,lateral-raise,,,
1274,-153,-1002,lateral-raise,,,
1256,-138,-967,lateral-raise,,,
1273,-66,-925,lateral-raise,,,
1300,24,-856,lateral-raise,,,
1339,68,-910,lateral-raise,,,
1390,79,-946,lateral-raise,,,
1423,84,-931,lateral-raise,,,
1449,117,-971,lateral-raise,,,
1495,168,-1021,lateral-raise,,,
1543,162,-1034,lateral-raise,,,
1580,158,-1033,lateral-raise,,,
1619,193,-1034,lateral-raise,,,
1659,237,-987,lateral-raise,,,
1666,234,-946,lateral-raise,,,
1674,240,-957,lateral-raise,,,
1672,242,-970,lateral-raise,,,
1634,254,-962,lateral-raise,,,
1578,258,-920,lateral-raise,,,
1510,198,-900,lateral-raise,,,
1425,156,-788,lateral-raise,,,
1336,133,-605,lateral-raise,,,
1194,122,-453,lateral-raise,,,
1042,139,-324,lateral-raise,,,
866,166,-160,lateral-raise,,,
671,216,59,lateral-raise,,,
482,215,253,lateral-raise,,,
278,200,219,lateral-raise,,,
83,198,276,lateral-raise,,,
-73,144,394,lateral-raise,,,
-223,104,582,lateral-raise,,,
-379,50,662,lateral-raise,,,
-498,-5,489,lateral-raise,,,
-541,22,502,lateral-raise,,,
-573,24,446,lateral-raise,,,
-583,-19,483,lateral-raise,,,
-731,-66,125,lateral-raise,,,
-752,-58,147,lateral-raise,,,
-612,-43,147,lateral-raise,,,
-506,-1,1,lateral-raise,,,
-450,33,-32,lateral-raise,,,
-353,28,5,lateral-raise,,,
-207,12,-93,lateral-raise,,,
-121,8,-146,lateral-raise,,,
-58,-9,-112,lateral-raise,,,
60,-77,-185,lateral-raise,,,
261,-104,-365,lateral-raise,,,
436,-115,-516,lateral-raise,,,
564,-176,-489,lateral-raise,,,
682,-252,-606,lateral-raise,,,
814,-294,-800,lateral-raise,,,
877,-318,-734,lateral-raise,,,
1032,-328,-640,lateral-raise,,,
1294,-371,-765,lateral-raise,,,
1370,-333,-955,lateral-raise,,,
1344,-256,-908,lateral-raise,,,
1414,-309,-942,lateral-raise,,,
1476,-383,-1189,lateral-raise,,,
1459,-388,-1354,lateral-raise,,,
1435,-438,-1526,lateral-raise,,,
1440,-586,-1690,lateral-raise,,,
1422,-782,-1843,lateral-raise,,,
1366,-952,-1940,lateral-raise,,,
1306,-986,-1832,lateral-raise,,,
1262,-910,-1592,lateral-raise,,,
1209,-808,-1384,lateral-raise,,,
1169,-706,-1224,lateral-raise,,,
1141,-609,-1121,lateral-raise,,,
1110,-532,-1046,lateral-raise,,,
1106,-492,-994,lateral-raise,,,
1109,-472,-936,lateral-raise,,,
1096,-436,-1012,lateral-raise,,,
1099,-413,-1065,lateral-raise,,,
1114,-401,-1072,lateral-raise,,,
1127,-409,-1067,lateral-raise,,,
1118,-411,-1040,lateral-raise,,,
1103,-362,-1105,lateral-raise,,,
1094,-303,-1108,lateral-raise,,,
1070,-295,-1051,lateral-raise,,,
1022,-271,-944,lateral-raise,,,
960,-240,-936,lateral-raise,,,
888,-192,-880,lateral-raise,,,
810,-130,-771,lateral-raise,,,
724,-113,-669,lateral-raise,,,
616,-45,-493,lateral-raise,,,
499,-11,-509,lateral-raise,,,
424,13,-519,lateral-raise,,,
318,58,-401,lateral-raise,,,
181,71,-227,lateral-raise,,,
33,65,-113,lateral-raise,,,
-83,64,-129,lateral-raise,,,
-206,96,-123,lateral-raise,,,
-288,116,60,lateral-raise,,,
-370,96,215,lateral-raise,,,
-457,35,295,lateral-raise,,,
-560,-24,289,lateral-raise,,,
-625,-34,247,lateral-raise,,,
-667,-37,259,lateral-raise,,,
-675,-103,251,lateral-raise,,,
-657,-151,194,lateral-raise,,,
-633,-165,94,lateral-raise,,,
-610,-168,43,lateral-raise,,,
-563,-159,8,lateral-raise,,,
-496,-165,-119,lateral-raise,,,
-438,-172,-243,lateral-raise,,,
-383,-164,-284,lateral-raise,,,
-308,-172,-332,lateral-raise,,,
-226,-180,-411,lateral-raise,,,
-147,-161,-496,lateral-raise,,,
-62,-137,-605,lateral-raise,,,
39,-125,-692,lateral-raise,,,
146,-94,-717,lateral-raise,,,
248,-59,-736,lateral-raise,,,
341,-84,-788,lateral-raise,,,
414,-142,-813,lateral-raise,,,
451,-179,-902,lateral-raise,,,
479,-146,-1020,lateral-raise,,,
623,-101,-872,lateral-raise,,,
773,-123,-879,lateral-raise,,,
798,-115,-1297,lateral-raise,,,
784,23,-1521,lateral-raise,,,
858,69,-1606,lateral-raise,,,
924,-107,-1581,lateral-raise,,,
897,-301,-1447,lateral-raise,,,
855,-308,-1162,lateral-raise,,,
797,-170,-966,lateral-raise,,,
776,6,-1132,lateral-raise,,,
776,191,-1251,lateral-raise,,,
778,169,-1452,lateral-raise,,,
810,-40,-1515,lateral-raise,,,
840,-193,-1570,lateral-raise,,,
832,-224,-1633,lateral-raise,,,
832,-176,-1687,lateral-raise,,,
848,-98,-1843,lateral-raise,,,
924,-96,-1810,lateral-raise,,,
973,-185,-1771,lateral-raise,,,
998,-258,-1753,lateral-raise,,,
1014,-278,-1609,lateral-raise,,,
1030,-266,-1445,lateral-raise,,,
1032,-244,-1260,lateral-raise,,,
985,-193,-1232,lateral-raise,,,
989,-125,-1121,lateral-raise,,,
960,-87,-1045,lateral-raise,,,
890,-74,-902,lateral-raise,,,
812,-66,-888,lateral-raise,,,
710,-64,-843,lateral-raise,,,
623,-58,-738,lateral-raise,,,
533,-28,-648,lateral-raise,,,
439,-16,-564,lateral-raise,,,
324,-5,-473,lateral-raise,,,
193,-10,-404,lateral-raise,,,
65,-6,-310,lateral-raise,,,
-41,5,-178,lateral-raise,,,
-145,-1,-78,lateral-raise,,,
-268,5,6,lateral-raise,,,
-380,25,126,lateral-raise,,,
-457,28,184,lateral-raise,,,
-524,12,208,lateral-raise,,,
-591,-12,286,lateral-raise,,,
-628,-35,369,lateral-raise,,,
-660,-62,429,lateral-raise,,,
-716,-100,429,lateral-raise,,,
-734,-131,357,lateral-raise,,,
-692,-148,261,lateral-raise,,,
-631,-180,172,lateral-raise,,,
-584,-205,100,lateral-raise,,,
-521,-219,-15,lateral-raise,,,
-424,-224,-141,lateral-raise,,,
-336,-208,-215,lateral-raise,,,
-290,-157,-236,lateral-raise,,,
-239,-122,-275,lateral-raise,,,
-96,-108,-436,lateral-raise,,,
56,-105,-709,lateral-raise,,,
124,-49,-738,lateral-raise,,,
159,-67,-655,lateral-raise,,,
259,-129,-787,lateral-raise,,,
423,-181,-1091,lateral-raise,,,
476,-159,-814,lateral-raise,,,
524,-148,-644,lateral-raise,,,
651,-101,-1093,lateral-raise,,,
692,46,-1060,lateral-raise,,,
769,11,-1130,lateral-raise,,,
816,-160,-1208,lateral-raise,,,
912,-232,-1280,lateral-raise,,,
912,-232,-1280,lateral-raise,,,
920,-255,-1342,lateral-raise,,,
950,-279,-1367,lateral-raise,,,
937,-235,-1480,lateral-raise,,,
929,-239,-1707,lateral-raise,,,
949,-319,-1807,lateral-raise,,,
987,-475,-2011,lateral-raise,,,
972,-578,-2183,lateral-raise,,,
1001,-632,-2195,lateral-raise,,,
1028,-581,-2081,lateral-raise,,,
1038,-536,-1942,lateral-raise,,,
1059,-472,-1807,lateral-raise,,,
1064,-426,-1631,lateral-raise,,,
1052,-398,-1537,lateral-raise,,,
1054,-375,-1446,lateral-raise,,,
1062,-335,-1332,lateral-raise,,,
1053,-271,-1280,lateral-raise,,,
1043,-227,-1198,lateral-raise,,,
1015,-201,-1058,lateral-raise,,,
956,-172,-956,lateral-raise,,,
871,-117,-885,lateral-raise,,,
781,-60,-791,lateral-raise,,,
672,-36,-655,lateral-raise,,,
543,-19,-549,lateral-raise,,,
434,0,-462,lateral-raise,,,
336,12,-308,lateral-raise,,,
195,-7,-127,lateral-raise,,,
41,-21,26,lateral-raise,,,
-78,-4,171,lateral-raise,,,
-187,-3,283,lateral-raise,,,
-307,-8,343,lateral-raise,,,
-421,-20,394,lateral-raise,,,
-500,-57,418,lateral-raise,,,
-563,-110,444,lateral-raise,,,
-639,-196,509,lateral-raise,,,
-693,-293,463,lateral-raise,,,
-677,-295,368,lateral-raise,,,
-614,-280,334,lateral-raise,,,
-614,-310,222,lateral-raise,,,
-544,-326,166,lateral-raise,,,
-473,-312,134,lateral-raise,,,
-404,-274,13,lateral-raise,,,
-337,-241,-97,lateral-raise,,,
-244,-199,-244,lateral-raise,,,
-111,-141,-387,lateral-raise,,,
19,-121,-567,lateral-raise,,,
119,-129,-561,lateral-raise,,,
199,-135,-584,lateral-raise,,,
300,-116,-810,lateral-raise,,,
370,-30,-841,lateral-raise,,,
434,39,-617,lateral-raise,,,
670,-63,-679,lateral-raise,,,
835,68,-1022,lateral-raise,,,
764,194,-1017,lateral-raise,,,
879,51,-792,lateral-raise,,,
1056,-230,-769,lateral-raise,,,
1143,-149,-1168,lateral-raise,,,
1096,39,-1370,lateral-raise,,,
1177,-86,-1692,lateral-raise,,,
1212,-352,-1904,lateral-raise,,,
1203,-367,-2073,lateral-raise,,,
1219,-322,-2117,lateral-raise,,,
1187,-362,-2232,lateral-raise,,,
1140,-376,-2330,lateral-raise,,,
1157,-388,-2452,lateral-raise,,,
1225,-438,-2597,lateral-raise,,,
1304,-473,-2612,lateral-raise,,,
1420,-448,-2470,lateral-raise,,,
1559,-411,-2208,lateral-raise,,,
1644,-405,-1890,lateral-raise,,,
1669,-334,-1605,lateral-raise,,,
1677,-211,-1365,lateral-raise,,,
1652,-141,-1082,lateral-raise,,,
1583,-124,-832,lateral-raise,,,
1475,-116,-606,lateral-raise,,,
1320,-100,-343,lateral-raise,,,
1140,-80,-72,lateral-raise,,,
937,-57,137,lateral-raise,,,
698,-33,308,lateral-raise,,,
436,-24,427,lateral-raise,,,
165,-17,484,lateral-raise,,,
-56,-11,576,lateral-raise,,,
-198,-37,756,lateral-raise,,,
-321,-113,988,lateral-raise,,,
-466,-187,1029,lateral-raise,,,
-615,-189,1032,lateral-raise,,,
-732,-218,936,lateral-raise,,,
-809,-301,763,lateral-raise,,,
-743,-310,820,lateral-raise,,,
-596,-308,820,lateral-raise,,,
-551,-318,568,lateral-raise,,,
-490,-312,507,lateral-raise,,,
-348,-316,457,lateral-raise,,,
-195,-329,261,lateral-raise,,,
-21,-282,-113,lateral-raise,,,
141,-181,-595,lateral-raise,,,
183,-49,-710,lateral-raise,,,
252,-57,-1042,lateral-raise,,,
381,-68,-1228,lateral-raise,,,
462,-120,-1286,lateral-raise,,,
584,-111,-1238,lateral-raise,,,
592,-72,-1176,lateral-raise,,,
608,-48,-1320,lateral-raise,,,
600,-149,-1289,lateral-raise,,,
653,-304,-1189,lateral-raise,,,
768,-409,-1050,lateral-raise,,,
842,-358,-712,lateral-raise,,,
762,-273,-794,lateral-raise,,,
675,22,-1122,lateral-raise,,,
712,9,-916,lateral-raise,,,
773,-127,-712,lateral-raise,,,
908,-185,-407,lateral-raise,,,
1044,-1,-223,lateral-raise,,,
1109,252,-502,lateral-raise,,,
1138,541,-1142,lateral-raise,,,
1197,716,-1514,lateral-raise,,,
1342,557,-1784,lateral-raise,,,
1375,140,-2304,lateral-raise,,,
1260,-84,-2740,lateral-raise,,,
1255,-162,-2987,lateral-raise,,,
1336,-245,-3143,lateral-raise,,,
1487,-290,-3078,lateral-raise,,,
1641,-329,-2750,lateral-raise,,,
1761,-310,-2183,lateral-raise,,,
1821,-222,-1668,lateral-raise,,,
1832,-94,-1285,lateral-raise,,,
1778,13,-967,lateral-raise,,,
1684,60,-748,lateral-raise,,,
1582,99,-572,lateral-raise,,,
1443,132,-376,lateral-raise,,,
1260,118,-140,lateral-raise,,,
1060,83,107,lateral-raise,,,
848,58,251,lateral-raise,,,
600,48,363,lateral-raise,,,
348,45,502,lateral-raise,,,
112,37,468,lateral-raise,,,
-108,14,415,lateral-raise,,,
-248,-43,536,lateral-raise,,,
-338,-99,662,lateral-raise,,,
-397,-143,673,lateral-raise,,,
-440,-176,702,lateral-raise,,,
-462,-152,655,lateral-raise,,,
-444,-155,678,lateral-raise,,,
-369,-169,657,lateral-raise,,,
-196,-172,583,lateral-raise,,,
8,-147,537,lateral-raise,,,
176,-112,511,lateral-raise,,,
415,-47,261,lateral-raise,,,
633,32,11,lateral-raise,,,
910,41,-339,lateral-raise,,,
1105,163,-1041,lateral-raise,,,
1274,55,-1229,lateral-raise,,,
1353,16,-1657,lateral-raise,,,
1503,56,-1711,lateral-raise,,,
1318,72,-2186,lateral-raise,,,
1274,194,-2687,lateral-raise,,,
1324,170,-3167,lateral-raise,,,
1372,-277,-3608,lateral-raise,,,
1269,-520,-3784,lateral-raise,,,
1221,-488,-3625,lateral-raise,,,
1291,-384,-3136,lateral-raise,,,
1331,-261,-2689,lateral-raise,,,
1362,-116,-2284,lateral-raise,,,
1406,26,-1776,lateral-raise,,,
1404,93,-1342,lateral-raise,,,
1340,134,-886,lateral-raise,,,
1232,173,-456,lateral-raise,,,
1063,224,-178,lateral-raise,,,
897,240,-17,lateral-raise,,,
707,208,176,lateral-raise,,,
498,134,290,lateral-raise,,,
281,48,337,lateral-raise,,,
67,-24,406,lateral-raise,,,
-59,-105,435,lateral-raise,,,
-185,-167,469,lateral-raise,,,
-283,-206,581,lateral-raise,,,
-295,-215,657,lateral-raise,,,
-292,-212,672,lateral-raise,,,
-308,-188,596,lateral-raise,,,
-297,-152,474,lateral-raise,,,
-202,-144,425,lateral-raise,,,
-64,-116,391,lateral-raise,,,
72,-70,326,lateral-raise,,,
218,-69,171,lateral-raise,,,
362,-73,-72,lateral-raise,,,
526,7,-238,lateral-raise,,,
747,68,-384,lateral-raise,,,
962,31,-740,lateral-raise,,,
1062,132,-1170,lateral-raise,,,
1227,191,-1169,lateral-raise,,,
1342,126,-1432,lateral-raise,,,
1238,175,-2322,lateral-raise,,,
1235,248,-2836,lateral-raise,,,
1305,-176,-3515,lateral-raise,,,
1204,-557,-3960,lateral-raise,,,
1157,-605,-3933,lateral-raise,,,
1196,-538,-3732,lateral-raise,,,
1278,-445,-3279,lateral-raise,,,
1385,-358,-2840,lateral-raise,,,
1463,-267,-2410,lateral-raise,,,
1541,-208,-2074,lateral-raise,,,
1617,-99,-1654,lateral-raise,,,
1639,11,-1288,lateral-raise,,,
1616,96,-1032,lateral-raise,,,
1512,152,-728,lateral-raise,,,
1512,152,-728,lateral-raise,,,
1396,168,-580,lateral-raise,,,
1209,221,-431,lateral-raise,,,
1006,239,-245,lateral-raise,,,
810,182,-20,lateral-raise,,,
614,247,7,lateral-raise,,,
424,214,203,lateral-raise,,,
236,119,355,lateral-raise,,,
48,-96,516,lateral-raise,,,
-82,-305,1013,lateral-raise,,,
-174,-45,1133,lateral-raise,,,
-378,-36,944,lateral-raise,,,
-565,-249,846,lateral-raise,,,
-679,-383,814,lateral-raise,,,
-727,-545,865,lateral-raise,,,
-725,-689,921,lateral-raise,,,
-709,-723,714,lateral-raise,,,
-688,-678,550,lateral-raise,,,
-655,-636,545,lateral-raise,,,
-620,-580,511,lateral-raise,,,
-560,-533,518,lateral-raise,,,
-426,-451,438,lateral-raise,,,
-258,-382,329,lateral-raise,,,
-68,-325,-127,lateral-raise,,,
286,-192,-874,lateral-raise,,,
384,-60,-1368,lateral-raise,,,
263,11,-1516,lateral-raise,,,
214,22,-1406,lateral-raise,,,
90,-39,-1159,lateral-raise,,,
45,-64,-938,lateral-raise,,,
0,-22,-883,lateral-raise,,,
-148,32,-911,lateral-raise,,,
-238,64,-794,lateral-raise,,,
-210,-36,-690,lateral-raise,,,
-229,-182,-512,lateral-raise,,,
-448,-261,-342,lateral-raise,,,
-397,-96,-514,lateral-raise,,,
22,39,-733,lateral-raise,,,
565,111,-998,lateral-raise,,,
1015,262,-1430,lateral-raise,,,
1234,461,-1693,lateral-raise,,,
1224,530,-1779,lateral-raise,,,
1131,623,-1764,lateral-raise,,,
992,694,-1617,lateral-raise,,,
790,690,-1576,lateral-raise,,,
685,745,-1577,lateral-raise,,,
860,604,-1625,lateral-raise,,,
891,390,-2064,lateral-raise,,,
823,251,-2300,lateral-raise,,,
799,149,-2527,lateral-raise,,,
776,55,-2494,lateral-raise,,,
800,1,-2338,lateral-raise,,,
854,-16,-2227,lateral-raise,,,
924,-31,-2178,lateral-raise,,,
1010,-10,-2109,lateral-raise,,,
1060,-30,-2038,lateral-raise,,,
1121,-25,-1896,lateral-raise,,,
1170,-17,-1712,lateral-raise,,,
1231,45,-1442,lateral-raise,,,
1213,123,-1207,lateral-raise,,,
1175,175,-1018,lateral-raise,,,
1073,178,-851,lateral-raise,,,
974,126,-686,lateral-raise,,,
861,76,-515,lateral-raise,,,
738,-1,-301,lateral-raise,,,
595,-24,-166,lateral-raise,,,
429,-41,3,lateral-raise,,,
279,-64,124,lateral-raise,,,
106,-40,215,lateral-raise,,,
-87,-14,299,lateral-raise,,,
-254,12,338,lateral-raise,,,
-384,48,349,lateral-raise,,,
-488,64,403,lateral-raise,,,
-595,60,471,lateral-raise,,,
-601,52,543,lateral-raise,,,
-647,19,563,lateral-raise,,,
-720,-4,532,lateral-raise,,,
-716,-69,597,lateral-raise,,,
-764,-236,709,lateral-raise,,,
-820,-365,719,lateral-raise,,,
-807,-392,668,lateral-raise,,,
-752,-405,646,lateral-raise,,,
-655,-403,613,lateral-raise,,,
-547,-345,512,lateral-raise,,,
-460,-296,464,lateral-raise,,,
-343,-275,462,lateral-raise,,,
-201,-266,363,lateral-raise,,,
-71,-267,160,lateral-raise,,,
72,-256,-42,lateral-raise,,,
233,-278,-213,lateral-raise,,,
415,-321,-399,lateral-raise,,,
546,-224,-488,lateral-raise,,,
632,-178,-606,lateral-raise,,,
600,-236,-957,lateral-raise,,,
813,-136,-862,lateral-raise,,,
908,-145,-1073,lateral-raise,,,
1051,-205,-1049,lateral-raise,,,
1086,-167,-1233,lateral-raise,,,
1151,-67,-999,lateral-raise,,,
1149,3,-978,lateral-raise,,,
1257,56,-709,lateral-raise,,,
1296,48,-864,lateral-raise,,,
1432,160,-624,lateral-raise,,,
1502,137,-803,lateral-raise,,,
1565,83,-709,lateral-raise,,,
1575,43,-719,lateral-raise,,,
1547,157,-844,lateral-raise,,,
1594,296,-827,lateral-raise,,,
1698,277,-971,lateral-raise,,,
1753,320,-1047,lateral-raise,,,
1700,355,-1103,lateral-raise,,,
1597,373,-1242,lateral-raise,,,
1455,338,-1450,lateral-raise,,,
1350,266,-1762,lateral-raise,,,
1243,169,-2124,lateral-raise,,,
1169,79,-2181,lateral-raise,,,
1198,-41,-2053,lateral-raise,,,
1255,-58,-1874,lateral-raise,,,
1315,-32,-1681,lateral-raise,,,
1404,65,-1569,lateral-raise,,,
1506,137,-1595,lateral-raise,,,
1613,162,-1683,lateral-raise,,,
1747,182,-1672,lateral-raise,,,
1873,192,-1524,lateral-raise,,,
1987,210,-1328,lateral-raise,,,
2062,237,-1136,lateral-raise,,,
2051,256,-944,lateral-raise,,,
1976,280,-852,lateral-raise,,,
1890,319,-833,lateral-raise,,,
1796,362,-808,lateral-raise,,,
1680,380,-819,lateral-raise,,,
1561,356,-802,lateral-raise,,,
1454,299,-728,lateral-raise,,,
1331,247,-656,lateral-raise,,,
1180,220,-552,lateral-raise,,,
1036,197,-366,lateral-raise,,,
871,184,-203,lateral-raise,,,
678,158,-99,lateral-raise,,,
487,125,67,lateral-raise,,,
293,92,180,lateral-raise,,,
107,72,333,lateral-raise,,,
-57,46,449,lateral-raise,,,
-177,45,557,lateral-raise,,,
-319,61,662,lateral-raise,,,
-405,44,729,lateral-raise,,,
-527,20,614,lateral-raise,,,
-604,-13,834,lateral-raise,,,
-544,-113,828,lateral-raise,,,
-744,-198,660,lateral-raise,,,
-736,-261,627,lateral-raise,,,
-630,-330,655,lateral-raise,,,
-598,-376,487,lateral-raise,,,
-535,-384,439,lateral-raise,,,
-449,-408,345,lateral-raise,,,
-363,-369,344,lateral-raise,,,
-223,-368,276,lateral-raise,,,
-45,-346,108,lateral-raise,,,
99,-278,89,lateral-raise,,,
269,-179,-197,lateral-raise,,,
435,-105,-302,lateral-raise,,,
647,-130,-571,lateral-raise,,,
740,-123,-936,lateral-raise,,,
889,-120,-1046,lateral-raise,,,
958,-209,-1075,lateral-raise,,,
1055,-164,-1154,lateral-raise,,,
1110,-41,-1122,lateral-raise,,,
1167,92,-939,lateral-raise,,,
1247,180,-725,lateral-raise,,,
1289,239,-831,lateral-raise,,,
1291,359,-861,lateral-raise,,,
1335,408,-756,lateral-raise,,,
1431,408,-839,lateral-raise,,,
1581,349,-902,lateral-raise,,,
1677,336,-949,lateral-raise,,,
1668,338,-1012,lateral-raise,,,
1630,306,-1090,lateral-raise,,,
1620,271,-1244,lateral-raise,,,
1582,268,-1594,lateral-raise,,,
1488,304,-2160,lateral-raise,,,
1374,297,-2765,lateral-raise,,,
1271,161,-3108,lateral-raise,,,
1238,-76,-2987,lateral-raise,,,
1300,-214,-2576,lateral-raise,,,
1411,-129,-2148,lateral-raise,,,
1519,40,-1834,lateral-raise,,,
1614,190,-1735,lateral-raise,,,
1737,286,-1722,lateral-raise,,,
1847,322,-1612,lateral-raise,,,
1944,344,-1441,lateral-raise,,,
2018,342,-1174,lateral-raise,,,
2018,336,-987,lateral-raise,,,
1978,346,-794,lateral-raise,,,
1872,383,-705,lateral-raise,,,
1706,406,-616,lateral-raise,,,
1567,397,-577,lateral-raise,,,
1421,383,-532,lateral-raise,,,
1227,363,-459,lateral-raise,,,
1083,276,-370,lateral-raise,,,
912,183,-266,lateral-raise,,,
696,108,-207,lateral-raise,,,
517,61,-109,lateral-raise,,,
361,22,-59,lateral-raise,,,
212,-9,52,lateral-raise,,,
72,-48,168,lateral-raise,,,
-64,-32,328,lateral-raise,,,
-64,-32,328,lateral-raise,,,
-212,-40,437,lateral-raise,,,
-338,-2,539,lateral-raise,,,
-463,22,551,lateral-raise,,,
-530,24,749,lateral-raise,,,
-572,-33,832,lateral-raise,,,
-618,-96,749,lateral-raise,,,
-644,-97,716,lateral-raise,,,
-595,-176,599,lateral-raise,,,
-512,-238,491,lateral-raise,,,
-432,-242,383,lateral-raise,,,
-311,-215,292,lateral-raise,,,
-208,-166,139,lateral-raise,,,
-119,-87,-98,lateral-raise,,,
-39,79,-283,lateral-raise,,,
118,130,-384,lateral-raise,,,
257,133,-635,lateral-raise,,,
338,162,-786,lateral-raise,,,
508,156,-793,lateral-raise,,,
691,100,-779,lateral-raise,,,
843,105,-862,lateral-raise,,,
923,156,-915,lateral-raise,,,
1008,149,-1194,lateral-raise,,,
1047,145,-1511,lateral-raise,,,
1049,98,-1654,lateral-raise,,,
1056,-60,-1792,lateral-raise,,,
1013,-145,-2010,lateral-raise,,,
958,-106,-2252,lateral-raise,,,
936,-80,-2431,lateral-raise,,,
929,-120,-2533,lateral-raise,,,
881,-237,-2575,lateral-raise,,,
809,-343,-2574,lateral-raise,,,
790,-371,-2474,lateral-raise,,,
816,-343,-2301,lateral-raise,,,
858,-244,-2071,lateral-raise,,,
880,-136,-1918,lateral-raise,,,
891,-50,-1781,lateral-raise,,,
924,-5,-1537,lateral-raise,,,
928,32,-1203,lateral-raise,,,
891,65,-943,lateral-raise,,,
823,101,-761,lateral-raise,,,
703,135,-716,lateral-raise,,,
583,200,-780,lateral-raise,,,
523,194,-858,lateral-raise,,,
428,160,-999,lateral-raise,,,
292,158,-1249,lateral-raise,,,
332,129,-1122,lateral-raise,,,
368,-31,-1050,lateral-raise,,,
366,-120,-835,lateral-raise,,,
333,-127,-422,lateral-raise,,,
239,-79,-78,lateral-raise,,,
105,47,134,lateral-raise,,,
-51,64,330,lateral-raise,,,
-193,-12,473,lateral-raise,,,
-327,-23,532,lateral-raise,,,
-409,-68,616,lateral-raise,,,
-530,-151,538,lateral-raise,,,
-635,-216,619,lateral-raise,,,
-628,-326,468,lateral-raise,,,
-697,-357,313,lateral-raise,,,
-679,-386,184,lateral-raise,,,
-615,-405,135,lateral-raise,,,
-594,-414,35,lateral-raise,,,
-532,-386,50,lateral-raise,,,
-471,-352,-18,lateral-raise,,,
-393,-270,-48,lateral-raise,,,
-307,-168,-3,lateral-raise,,,
-226,-87,38,lateral-raise,,,
-137,-48,69,lateral-raise,,,
-17,6,-42,lateral-raise,,,
116,76,-186,lateral-raise,,,
297,75,-390,lateral-raise,,,
532,19,-547,lateral-raise,,,
653,5,-781,lateral-raise,,,
729,42,-923,lateral-raise,,,
855,60,-983,lateral-raise,,,
968,92,-1036,lateral-raise,,,
1043,151,-1009,lateral-raise,,,
1105,217,-926,lateral-raise,,,
1215,264,-816,lateral-raise,,,
1371,220,-732,lateral-raise,,,
1451,160,-669,lateral-raise,,,
1453,191,-633,lateral-raise,,,
1520,266,-604,lateral-raise,,,
1592,312,-736,lateral-raise,,,
1632,325,-964,lateral-raise,,,
1641,340,-1148,lateral-raise,,,
1619,310,-1428,lateral-raise,,,
1595,323,-1647,lateral-raise,,,
1542,401,-1892,lateral-raise,,,
1454,507,-2365,lateral-raise,,,
1313,616,-2783,lateral-raise,,,
1220,667,-2786,lateral-raise,,,
1205,604,-2511,lateral-raise,,,
1246,586,-2277,lateral-raise,,,
1349,605,-2118,lateral-raise,,,
1520,635,-2097,lateral-raise,,,
1733,585,-2046,lateral-raise,,,
1885,509,-2102,lateral-raise,,,
2073,462,-1943,lateral-raise,,,
2260,415,-1602,lateral-raise,,,
2384,392,-1392,lateral-raise,,,
2392,384,-1096,lateral-raise,,,
2322,400,-925,lateral-raise,,,
2229,400,-737,lateral-raise,,,
2112,318,-586,lateral-raise,,,
1914,290,-401,lateral-raise,,,
1682,281,-298,lateral-raise,,,
1461,231,-253,lateral-raise,,,
1234,135,-91,lateral-raise,,,
993,60,-31,lateral-raise,,,
737,48,28,lateral-raise,,,
504,67,186,lateral-raise,,,
351,84,342,lateral-raise,,,
187,46,557,lateral-raise,,,
-27,-15,698,lateral-raise,,,
-231,-26,722,lateral-raise,,,
-377,-30,759,lateral-raise,,,
-486,-75,771,lateral-raise,,,
-583,-164,831,lateral-raise,,,
-667,-256,798,lateral-raise,,,
-731,-352,716,lateral-raise,,,
-752,-445,640,lateral-raise,,,
-715,-503,543,lateral-raise,,,
-666,-511,469,lateral-raise,,,
-618,-508,444,lateral-raise,,,
-534,-504,428,lateral-raise,,,
-424,-460,464,lateral-raise,,,
-287,-374,527,lateral-raise,,,
-126,-276,511,lateral-raise,,,
52,-192,398,lateral-raise,,,
316,-152,206,lateral-raise,,,
584,-91,-166,lateral-raise,,,
717,67,-600,lateral-raise,,,
825,173,-696,lateral-raise,,,
986,138,-827,lateral-raise,,,
1190,114,-1184,lateral-raise,,,
1286,218,-1218,lateral-raise,,,
1242,291,-1221,lateral-raise,,,
1343,229,-1049,lateral-raise,,,
1382,102,-1092,lateral-raise,,,
1403,173,-1121,lateral-raise,,,
1514,270,-1243,lateral-raise,,,
1594,239,-1144,lateral-raise,,,
1635,124,-1064,lateral-raise,,,
1593,122,-1018,lateral-raise,,,
1516,249,-982,lateral-raise,,,
1605,420,-999,lateral-raise,,,
1637,388,-1284,lateral-raise,,,
1518,427,-1590,lateral-raise,,,
1372,463,-1785,lateral-raise,,,
1293,439,-1963,lateral-raise,,,
1207,416,-2314,lateral-raise,,,
1105,424,-2470,lateral-raise,,,
1073,455,-2480,lateral-raise,,,
1102,479,-2297,lateral-raise,,,
1171,517,-2072,lateral-raise,,,
1264,593,-1786,lateral-raise,,,
1365,579,-1532,lateral-raise,,,
1495,555,-1316,lateral-raise,,,
1594,559,-1261,lateral-raise,,,
1661,613,-1316,lateral-raise,,,
1744,591,-1374,lateral-raise,,,
1785,597,-1473,lateral-raise,,,
1823,563,-1515,lateral-raise,,,
1826,540,-1393,lateral-raise,,,
1806,530,-1258,lateral-raise,,,
1783,494,-1058,lateral-raise,,,
1715,424,-853,lateral-raise,,,
1618,362,-695,lateral-raise,,,
1489,302,-548,lateral-raise,,,
1333,255,-409,lateral-raise,,,
1139,186,-296,lateral-raise,,,
936,114,-237,lateral-raise,,,
759,83,-113,lateral-raise,,,
621,62,75,lateral-raise,,,
447,22,251,lateral-raise,,,
236,-17,440,lateral-raise,,,
44,-32,568,lateral-raise,,,
-94,-17,611,lateral-raise,,,
-214,-4,680,lateral-raise,,,
-374,-33,771,lateral-raise,,,
-523,-125,880,lateral-raise,,,
-634,-285,1010,lateral-raise,,,
-730,-458,1041,lateral-raise,,,
-764,-549,896,lateral-raise,,,
-712,-558,687,lateral-raise,,,
-667,-581,590,lateral-raise,,,
-623,-564,520,lateral-raise,,,
-573,-522,446,lateral-raise,,,
-527,-467,444,lateral-raise,,,
-460,-388,450,lateral-raise,,,
-371,-297,434,lateral-raise,,,
-234,-162,432,lateral-raise,,,
-46,-36,376,lateral-raise,,,
164,29,237,lateral-raise,,,
340,103,23,lateral-raise,,,
570,153,-282,lateral-raise,,,
703,237,-732,lateral-raise,,,
783,397,-729,lateral-raise,,,
1018,257,-1049,lateral-raise,,,
1056,-55,-739,lateral-raise,,,
1221,-180,-657,lateral-raise,,,
1400,-32,-960,lateral-raise,,,
1608,-64,-1192,lateral-raise,,,
1538,-95,-1083,lateral-raise,,,
1665,-172,-837,lateral-raise,,,
1828,-236,-1107,lateral-raise,,,
1855,-189,-1150,lateral-raise,,,
1870,-205,-1045,lateral-raise,,,
1795,-292,-1102,lateral-raise,,,
1825,-331,-1098,lateral-raise,,,
1912,-336,-1149,lateral-raise,,,
1928,-362,-1160,lateral-raise,,,
1858,-412,-1135,lateral-raise,,,
1803,-424,-930,lateral-raise,,,
1786,-400,-775,lateral-raise,,,
1766,-427,-732,lateral-raise,,,
1691,-388,-631,lateral-raise,,,
1592,-346,-586,lateral-raise,,,
1511,-347,-546,lateral-raise,,,
1425,-415,-554,lateral-raise,,,
1305,-463,-573,lateral-raise,,,
1187,-437,-517,lateral-raise,,,
1077,-378,-336,lateral-raise,,,
935,-287,-342,lateral-raise,,,
815,-213,-541,lateral-raise,,,
720,-183,-644,lateral-raise,,,
597,-176,-623,lateral-raise,,,
468,-152,-624,lateral-raise,,,
377,-136,-652,lateral-raise,,,
303,-137,-660,lateral-raise,,,
207,-124,-646,lateral-raise,,,
127,-123,-644,lateral-raise,,,
110,-118,-656,lateral-raise,,,
117,-122,-620,lateral-raise,,,
92,-172,-600,lateral-raise,,,
53,-197,-614,lateral-raise,,,
71,-150,-674,lateral-raise,,,
139,-84,-783,lateral-raise,,,
186,-49,-904,lateral-raise,,,
194,-32,-980,lateral-raise,,,
204,-34,-958,lateral-raise,,,
212,-45,-915,lateral-raise,,,
197,-62,-869,lateral-raise,,,
190,-68,-862,lateral-raise,,,
203,-120,-911,lateral-raise,,,
124,-115,-1032,lateral-raise,,,
54,-92,-1073,lateral-raise,,,
60,-117,-938,lateral-raise,,,
237,-107,-288,lateral-raise,,,
353,-210,-945,lateral-raise,,,
141,-128,-859,lateral-raise,,,
88,-135,-913,lateral-raise,,,
88,-88,-952,lateral-raise,,,
120,-80,-944,lateral-raise,,,
128,-57,-921,lateral-raise,,,
151,-26,-981,lateral-raise,,,
107,-46,-939,lateral-raise,,,
75,-48,-892,lateral-raise,,,
86,-112,-924,lateral-raise,,,
74,-155,-893,lateral-raise,,,
106,-174,-881,lateral-raise,,,
119,-149,-887,lateral-raise,,,
120,-157,-947,lateral-raise,,,
101,-192,-960,lateral-raise,,,
77,-206,-954,lateral-raise,,,
-97,-202,-976,lateral-raise,,,
-11,-194,-843,lateral-raise,,,
109,-181,-792,lateral-raise,,,
136,-182,-798,lateral-raise,,,
163,-189,-876,lateral-raise,,,
250,-239,-959,lateral-raise,,,
288,-223,-969,lateral-raise,,,
298,-165,-955,lateral-raise,,,
285,-111,-966,lateral-raise,,,
291,-116,-971,lateral-raise,,,
300,-145,-968,lateral-raise,,,
287,-152,-959,lateral-raise,,,
268,-127,-960,lateral-raise,,,
260,-112,-944,lateral-raise,,,
283,-181,-920,lateral-raise,,,
293,-230,-938,lateral-raise,,,
273,-190,-949,lateral-raise,,,
261,-161,-946,lateral-raise,,,
246,-158,-941,lateral-raise,,,
232,-162,-915,lateral-raise,,,
232,-149,-914,lateral-raise,,,
235,-139,-915,lateral-raise,,,
245,-128,-926,lateral-raise,,,
254,-126,-902,lateral-raise,,,
250,-115,-901,lateral-raise,,,
262,-108,-916,lateral-raise,,,
270,-124,-940,lateral-raise,,,
245,-136,-960,lateral-raise,,,
267,-131,-902,lateral-raise,,,
284,-108,-895,lateral-raise,,,
299,-87,-901,lateral-raise,,,
276,-84,-963,lateral-raise,,,
297,-101,-928,lateral-raise,,,
304,-78,-873,lateral-raise,,,
302,-64,-884,lateral-raise,,,
280,-65,-918,lateral-raise,,,
281,-81,-896,lateral-raise,,,
304,-104,-904,lateral-raise,,,
288,-104,-920,lateral-raise,,,
