-646,-5,-1508,biceps-curl,,,
-1069,-318,-1133,biceps-curl,,,
-105,-719,-318,biceps-curl,,,
46,-557,-627,biceps-curl,,,
-19,166,-930,biceps-curl,,,
-66,366,-914,biceps-curl,,,
120,559,-995,biceps-curl,,,
790,792,-1097,biceps-curl,,,
-538,753,-1237,biceps-curl,,,
-1531,1661,-1963,biceps-curl,,,
714,50,-216,biceps-curl,,,
1135,-529,-265,biceps-curl,,,
-314,-750,-514,biceps-curl,,,
-502,-676,-476,biceps-curl,,,
-628,-10,-821,biceps-curl,,,
-643,-22,-861,biceps-curl,,,
-531,-92,-847,biceps-curl,,,
-276,122,-627,biceps-curl,,,
-70,569,-479,biceps-curl,,,
64,1049,-598,biceps-curl,,,
191,1047,-676,biceps-curl,,,
157,1004,-783,biceps-curl,,,
57,1084,-372,biceps-curl,,,
-78,1267,-166,biceps-curl,,,
-277,1167,-304,biceps-curl,,,
-492,982,-407,biceps-curl,,,
-654,919,-427,biceps-curl,,,
-708,898,-354,biceps-curl,,,
-719,811,-310,biceps-curl,,,
-727,719,-443,biceps-curl,,,
-848,913,-455,biceps-curl,,,
-866,972,-419,biceps-curl,,,
-863,875,-355,biceps-curl,,,
-815,816,-253,biceps-curl,,,
-868,741,-327,biceps-curl,,,
-888,764,-322,biceps-curl,,,
-846,792,-203,biceps-curl,,,
-779,819,-326,biceps-curl,,,
-728,824,-390,biceps-curl,,,
-633,839,-312,biceps-curl,,,
-544,751,-273,biceps-curl,,,
-524,635,-377,biceps-curl,,,
-557,594,-458,biceps-curl,,,
-532,593,-399,biceps-curl,,,
-488,592,-226,biceps-curl,,,
-464,632,-188,biceps-curl,,,
-498,610,-256,biceps-curl,,,
-514,567,-304,biceps-curl,,,
-512,605,-336,biceps-curl,,,
-498,580,-251,biceps-curl,,,
-480,536,-280,biceps-curl,,,
-525,627,-329,biceps-curl,,,
-579,653,-333,biceps-curl,,,
-594,645,-279,biceps-curl,,,
-591,656,-278,biceps-curl,,,
-584,629,-308,biceps-curl,,,
-583,591,-248,biceps-curl,,,
-614,622,-235,biceps-curl,,,
-670,653,-292,biceps-curl,,,
-730,656,-375,biceps-curl,,,
-744,648,-290,biceps-curl,,,
-750,667,-360,biceps-curl,,,
-826,623,-369,biceps-curl,,,
-883,652,-404,biceps-curl,,,
-930,631,-395,biceps-curl,,,
-979,608,-369,biceps-curl,,,
-1009,605,-373,biceps-curl,,,
-1038,624,-422,biceps-curl,,,
-1048,663,-500,biceps-curl,,,
-1034,700,-471,biceps-curl,,,
-993,743,-394,biceps-curl,,,
-958,791,-405,biceps-curl,,,
-931,779,-329,biceps-curl,,,
-891,794,-185,biceps-curl,,,
-844,809,-193,biceps-curl,,,
-809,824,-131,biceps-curl,,,
-783,869,-61,biceps-curl,,,
-749,888,-29,biceps-curl,,,
-705,892,49,biceps-curl,,,
-648,924,196,biceps-curl,,,
-586,913,131,biceps-curl,,,
-542,905,304,biceps-curl,,,
-493,937,305,biceps-curl,,,
-424,986,395,biceps-curl,,,
-380,975,526,biceps-curl,,,
-326,948,554,biceps-curl,,,
-268,908,572,biceps-curl,,,
-224,898,490,biceps-curl,,,
-138,828,502,biceps-curl,,,
-37,739,465,biceps-curl,,,
52,682,418,biceps-curl,,,
104,640,328,biceps-curl,,,
143,586,382,biceps-curl,,,
174,531,331,biceps-curl,,,
243,446,328,biceps-curl,,,
263,433,240,biceps-curl,,,
271,518,325,biceps-curl,,,
286,535,469,biceps-curl,,,
274,563,529,biceps-curl,,,
279,555,376,biceps-curl,,,
254,585,324,biceps-curl,,,
210,649,371,biceps-curl,,,
144,776,415,biceps-curl,,,
110,868,436,biceps-curl,,,
133,759,246,biceps-curl,,,
110,683,73,biceps-curl,,,
18,756,77,biceps-curl,,,
-70,895,161,biceps-curl,,,
-128,902,97,biceps-curl,,,
-149,768,-130,biceps-curl,,,
-196,714,-188,biceps-curl,,,
-305,806,-146,biceps-curl,,,
-388,929,-178,biceps-curl,,,
-430,864,-253,biceps-curl,,,
-495,720,-353,biceps-curl,,,
-565,718,-341,biceps-curl,,,
-620,780,-284,biceps-curl,,,
-706,808,-307,biceps-curl,,,
-794,775,-387,biceps-curl,,,
-824,664,-498,biceps-curl,,,
-848,608,-491,biceps-curl,,,
-890,685,-431,biceps-curl,,,
-913,749,-473,biceps-curl,,,
-916,706,-471,biceps-curl,,,
-907,607,-435,biceps-curl,,,
-941,541,-414,biceps-curl,,,
-966,529,-382,biceps-curl,,,
-971,507,-360,biceps-curl,,,
-1013,496,-354,biceps-curl,,,
-1058,502,-336,biceps-curl,,,
-1086,509,-345,biceps-curl,,,
-1078,482,-379,biceps-curl,,,
-1069,519,-401,biceps-curl,,,
-1051,515,-440,biceps-curl,,,
-1023,543,-428,biceps-curl,,,
-1016,627,-364,biceps-curl,,,
-1014,589,-394,biceps-curl,,,
-997,574,-404,biceps-curl,,,
-967,637,-356,biceps-curl,,,
-950,709,-294,biceps-curl,,,
-911,817,-254,biceps-curl,,,
-888,856,-177,biceps-curl,,,
-848,832,-239,biceps-curl,,,
-809,824,-201,biceps-curl,,,
-755,885,-63,biceps-curl,,,
-700,940,41,biceps-curl,,,
-638,980,77,biceps-curl,,,
-568,1013,109,biceps-curl,,,
-497,967,175,biceps-curl,,,
-440,1001,280,biceps-curl,,,
-379,975,316,biceps-curl,,,
-335,955,392,biceps-curl,,,
-284,920,478,biceps-curl,,,
-235,912,471,biceps-curl,,,
-182,846,416,biceps-curl,,,
-127,800,371,biceps-curl,,,
-66,763,349,biceps-curl,,,
-9,702,288,biceps-curl,,,
73,658,221,biceps-curl,,,
136,606,242,biceps-curl,,,
188,543,244,biceps-curl,,,
238,466,227,biceps-curl,,,
285,413,224,biceps-curl,,,
332,405,229,biceps-curl,,,
343,421,286,biceps-curl,,,
336,441,345,biceps-curl,,,
328,477,389,biceps-curl,,,
328,500,400,biceps-curl,,,
317,488,299,biceps-curl,,,
267,535,234,biceps-curl,,,
211,635,373,biceps-curl,,,
157,690,455,biceps-curl,,,
104,730,292,biceps-curl,,,
62,820,177,biceps-curl,,,
23,910,198,biceps-curl,,,
-8,904,183,biceps-curl,,,
-71,921,82,biceps-curl,,,
-148,997,-56,biceps-curl,,,
-192,911,-135,biceps-curl,,,
-257,884,-171,biceps-curl,,,
-348,1002,-153,biceps-curl,,,
-417,1027,-278,biceps-curl,,,
-458,902,-298,biceps-curl,,,
-508,812,-384,biceps-curl,,,
-568,863,-316,biceps-curl,,,
-615,848,-348,biceps-curl,,,
-664,798,-422,biceps-curl,,,
-728,784,-461,biceps-curl,,,
-792,778,-433,biceps-curl,,,
-793,715,-434,biceps-curl,,,
-810,640,-352,biceps-curl,,,
-849,633,-345,biceps-curl,,,
-888,672,-392,biceps-curl,,,
-888,640,-544,biceps-curl,,,
-888,640,-544,biceps-curl,,,
-857,477,-327,biceps-curl,,,
-871,449,-274,biceps-curl,,,
-924,582,-399,biceps-curl,,,
-964,548,-474,biceps-curl,,,
-982,523,-451,biceps-curl,,,
-984,569,-427,biceps-curl,,,
-991,562,-438,biceps-curl,,,
-985,587,-413,biceps-curl,,,
-984,585,-460,biceps-curl,,,
-978,578,-504,biceps-curl,,,
-964,576,-506,biceps-curl,,,
-954,655,-450,biceps-curl,,,
-952,674,-479,biceps-curl,,,
-946,661,-502,biceps-curl,,,
-933,678,-487,biceps-curl,,,
-917,693,-437,biceps-curl,,,
-912,717,-395,biceps-curl,,,
-892,769,-369,biceps-curl,,,
-860,822,-335,biceps-curl,,,
-824,840,-296,biceps-curl,,,
-766,831,-289,biceps-curl,,,
-709,855,-242,biceps-curl,,,
-671,889,-161,biceps-curl,,,
-623,904,-120,biceps-curl,,,
-552,916,-100,biceps-curl,,,
-485,928,-61,biceps-curl,,,
-430,932,16,biceps-curl,,,
-379,928,100,biceps-curl,,,
-318,904,170,biceps-curl,,,
-246,869,229,biceps-curl,,,
-171,879,276,biceps-curl,,,
-92,889,329,biceps-curl,,,
-42,850,317,biceps-curl,,,
0,790,233,biceps-curl,,,
49,713,175,biceps-curl,,,
104,689,181,biceps-curl,,,
155,670,156,biceps-curl,,,
196,648,178,biceps-curl,,,
243,586,222,biceps-curl,,,
288,526,264,biceps-curl,,,
323,489,241,biceps-curl,,,
333,503,293,biceps-curl,,,
320,537,365,biceps-curl,,,
322,539,385,biceps-curl,,,
333,510,330,biceps-curl,,,
300,572,281,biceps-curl,,,
262,700,298,biceps-curl,,,
232,758,317,biceps-curl,,,
239,720,260,biceps-curl,,,
199,713,144,biceps-curl,,,
129,847,144,biceps-curl,,,
89,879,136,biceps-curl,,,
50,781,98,biceps-curl,,,
-56,940,-1,biceps-curl,,,
-100,1032,-44,biceps-curl,,,
-147,897,-155,biceps-curl,,,
-215,817,-217,biceps-curl,,,
-265,883,-251,biceps-curl,,,
-325,929,-189,biceps-curl,,,
-395,884,-241,biceps-curl,,,
-478,815,-307,biceps-curl,,,
-533,757,-363,biceps-curl,,,
-586,816,-352,biceps-curl,,,
-653,840,-385,biceps-curl,,,
-718,788,-463,biceps-curl,,,
-764,774,-583,biceps-curl,,,
-792,803,-543,biceps-curl,,,
-816,805,-488,biceps-curl,,,
-829,800,-505,biceps-curl,,,
-822,746,-560,biceps-curl,,,
-802,655,-522,biceps-curl,,,
-787,593,-466,biceps-curl,,,
-788,540,-492,biceps-curl,,,
-809,508,-520,biceps-curl,,,
-841,537,-512,biceps-curl,,,
-872,560,-536,biceps-curl,,,
-907,567,-580,biceps-curl,,,
-928,599,-588,biceps-curl,,,
-921,637,-570,biceps-curl,,,
-905,664,-572,biceps-curl,,,
-890,670,-597,biceps-curl,,,
-868,683,-592,biceps-curl,,,
-845,705,-569,biceps-curl,,,
-843,758,-523,biceps-curl,,,
-848,803,-543,biceps-curl,,,
-841,793,-606,biceps-curl,,,
-813,755,-582,biceps-curl,,,
-776,752,-502,biceps-curl,,,
-742,784,-398,biceps-curl,,,
-701,795,-377,biceps-curl,,,
-649,750,-396,biceps-curl,,,
-585,748,-339,biceps-curl,,,
-544,771,-259,biceps-curl,,,
-497,793,-144,biceps-curl,,,
-449,851,-99,biceps-curl,,,
-391,870,-108,biceps-curl,,,
-315,862,0,biceps-curl,,,
-261,930,88,biceps-curl,,,
-221,950,86,biceps-curl,,,
-159,903,59,biceps-curl,,,
-112,864,160,biceps-curl,,,
-64,920,176,biceps-curl,,,
-2,889,160,biceps-curl,,,
68,804,228,biceps-curl,,,
124,785,247,biceps-curl,,,
150,769,226,biceps-curl,,,
181,725,281,biceps-curl,,,
205,706,302,biceps-curl,,,
228,670,263,biceps-curl,,,
265,617,269,biceps-curl,,,
292,569,252,biceps-curl,,,
302,554,292,biceps-curl,,,
298,583,354,biceps-curl,,,
278,622,380,biceps-curl,,,
266,650,319,biceps-curl,,,
264,656,250,biceps-curl,,,
247,695,232,biceps-curl,,,
213,761,302,biceps-curl,,,
179,821,336,biceps-curl,,,
158,860,224,biceps-curl,,,
147,872,135,biceps-curl,,,
125,819,87,biceps-curl,,,
56,807,83,biceps-curl,,,
-38,918,69,biceps-curl,,,
-93,1009,26,biceps-curl,,,
-112,928,-21,biceps-curl,,,
-172,836,-196,biceps-curl,,,
-270,897,-298,biceps-curl,,,
-342,994,-241,biceps-curl,,,
-386,1017,-274,biceps-curl,,,
-408,998,-318,biceps-curl,,,
-414,910,-272,biceps-curl,,,
-464,757,-297,biceps-curl,,,
-545,717,-410,biceps-curl,,,
-590,782,-414,biceps-curl,,,
-632,787,-453,biceps-curl,,,
-681,749,-461,biceps-curl,,,
-731,755,-418,biceps-curl,,,
-764,727,-437,biceps-curl,,,
-776,666,-484,biceps-curl,,,
-778,629,-511,biceps-curl,,,
-787,648,-490,biceps-curl,,,
-799,638,-529,biceps-curl,,,
-797,585,-536,biceps-curl,,,
-824,553,-540,biceps-curl,,,
-826,563,-566,biceps-curl,,,
-840,587,-604,biceps-curl,,,
-840,609,-565,biceps-curl,,,
-839,617,-535,biceps-curl,,,
-822,624,-520,biceps-curl,,,
-792,623,-528,biceps-curl,,,
-776,584,-520,biceps-curl,,,
-736,616,-544,biceps-curl,,,
-767,686,-474,biceps-curl,,,
-768,658,-480,biceps-curl,,,
-761,656,-435,biceps-curl,,,
-738,663,-344,biceps-curl,,,
-715,678,-422,biceps-curl,,,
-684,722,-348,biceps-curl,,,
-666,769,-316,biceps-curl,,,
-651,876,-259,biceps-curl,,,
-668,955,-209,biceps-curl,,,
-659,955,-213,biceps-curl,,,
-606,915,-166,biceps-curl,,,
-562,970,-55,biceps-curl,,,
-528,1063,11,biceps-curl,,,
-497,1077,7,biceps-curl,,,
-438,1027,50,biceps-curl,,,
-367,1008,94,biceps-curl,,,
-291,1008,178,biceps-curl,,,
-249,1003,298,biceps-curl,,,
-210,980,324,biceps-curl,,,
-154,949,331,biceps-curl,,,
-100,927,353,biceps-curl,,,
-44,911,356,biceps-curl,,,
6,861,313,biceps-curl,,,
49,828,305,biceps-curl,,,
80,800,288,biceps-curl,,,
103,749,217,biceps-curl,,,
135,702,206,biceps-curl,,,
166,647,257,biceps-curl,,,
201,586,285,biceps-curl,,,
230,515,280,biceps-curl,,,
249,478,295,biceps-curl,,,
270,503,358,biceps-curl,,,
277,547,429,biceps-curl,,,
269,602,422,biceps-curl,,,
262,645,367,biceps-curl,,,
247,679,312,biceps-curl,,,
216,761,274,biceps-curl,,,
180,854,260,biceps-curl,,,
142,924,202,biceps-curl,,,
136,934,210,biceps-curl,,,
127,928,213,biceps-curl,,,
81,951,204,biceps-curl,,,
43,1058,186,biceps-curl,,,
15,1006,-46,biceps-curl,,,
5,876,-129,biceps-curl,,,
-35,841,-17,biceps-curl,,,
-149,857,-119,biceps-curl,,,
-227,871,-221,biceps-curl,,,
-281,853,-319,biceps-curl,,,
-320,752,-288,biceps-curl,,,
-352,712,-336,biceps-curl,,,
-422,704,-383,biceps-curl,,,
-492,772,-338,biceps-curl,,,
-541,806,-537,biceps-curl,,,
-544,786,-443,biceps-curl,,,
-594,763,-425,biceps-curl,,,
-649,802,-375,biceps-curl,,,
-697,788,-429,biceps-curl,,,
-744,744,-507,biceps-curl,,,
-726,697,-494,biceps-curl,,,
-739,650,-386,biceps-curl,,,
-812,646,-447,biceps-curl,,,
-868,648,-442,biceps-curl,,,
-904,613,-473,biceps-curl,,,
-918,606,-499,biceps-curl,,,
-931,625,-476,biceps-curl,,,
-936,648,-464,biceps-curl,,,
-931,672,-448,biceps-curl,,,
-923,690,-425,biceps-curl,,,
-915,711,-470,biceps-curl,,,
-902,730,-485,biceps-curl,,,
-882,755,-458,biceps-curl,,,
-859,759,-457,biceps-curl,,,
-831,735,-477,biceps-curl,,,
-808,708,-459,biceps-curl,,,
-792,692,-440,biceps-curl,,,
-769,715,-390,biceps-curl,,,
-737,781,-317,biceps-curl,,,
-702,835,-304,biceps-curl,,,
-667,841,-264,biceps-curl,,,
-645,842,-179,biceps-curl,,,
-622,856,-157,biceps-curl,,,
-563,873,-137,biceps-curl,,,
-498,929,-37,biceps-curl,,,
-459,976,-16,biceps-curl,,,
-420,976,21,biceps-curl,,,
-381,971,71,biceps-curl,,,
-344,964,179,biceps-curl,,,
-304,980,214,biceps-curl,,,
-245,978,239,biceps-curl,,,
-196,928,276,biceps-curl,,,
-145,938,321,biceps-curl,,,
-104,976,333,biceps-curl,,,
-59,930,361,biceps-curl,,,
-26,894,360,biceps-curl,,,
22,877,299,biceps-curl,,,
78,850,255,biceps-curl,,,
146,780,243,biceps-curl,,,
178,725,292,biceps-curl,,,
226,661,357,biceps-curl,,,
288,575,272,biceps-curl,,,
320,513,224,biceps-curl,,,
320,512,247,biceps-curl,,,
328,527,347,biceps-curl,,,
306,565,389,biceps-curl,,,
282,575,377,biceps-curl,,,
280,569,305,biceps-curl,,,
245,582,184,biceps-curl,,,
213,632,277,biceps-curl,,,
181,707,316,biceps-curl,,,
163,766,294,biceps-curl,,,
160,706,142,biceps-curl,,,
98,725,54,biceps-curl,,,
32,790,167,biceps-curl,,,
-43,937,220,biceps-curl,,,
-93,995,75,biceps-curl,,,
-137,928,-90,biceps-curl,,,
-195,831,-93,biceps-curl,,,
-305,889,-51,biceps-curl,,,
-388,1023,-122,biceps-curl,,,
-408,1028,-148,biceps-curl,,,
-432,923,-169,biceps-curl,,,
-499,844,-224,biceps-curl,,,
-567,842,-235,biceps-curl,,,
-614,839,-267,biceps-curl,,,
-624,770,-267,biceps-curl,,,
-648,732,-264,biceps-curl,,,
-726,725,-281,biceps-curl,,,
-787,641,-312,biceps-curl,,,
-818,557,-343,biceps-curl,,,
-853,568,-302,biceps-curl,,,
-891,639,-294,biceps-curl,,,
-923,681,-276,biceps-curl,,,
-943,641,-235,biceps-curl,,,
-976,616,-273,biceps-curl,,,
-997,603,-339,biceps-curl,,,
-1008,581,-361,biceps-curl,,,
-1006,597,-398,biceps-curl,,,
-1000,614,-384,biceps-curl,,,
-1000,632,-354,biceps-curl,,,
-1000,628,-334,biceps-curl,,,
-998,604,-340,biceps-curl,,,
-991,559,-385,biceps-curl,,,
-980,563,-376,biceps-curl,,,
-956,624,-287,biceps-curl,,,
-931,672,-235,biceps-curl,,,
-894,678,-250,biceps-curl,,,
-880,732,-201,biceps-curl,,,
-879,772,-207,biceps-curl,,,
-862,828,-189,biceps-curl,,,
-831,897,-127,biceps-curl,,,
-808,920,-80,biceps-curl,,,
-784,976,-40,biceps-curl,,,
-784,976,-40,biceps-curl,,,
-761,992,-1,biceps-curl,,,
-714,1015,30,biceps-curl,,,
-660,1016,54,biceps-curl,,,
-590,1009,78,biceps-curl,,,
-513,1044,194,biceps-curl,,,
-441,1013,187,biceps-curl,,,
-377,988,252,biceps-curl,,,
-321,957,331,biceps-curl,,,
-253,919,357,biceps-curl,,,
-189,918,366,biceps-curl,,,
-139,908,368,biceps-curl,,,
-86,844,374,biceps-curl,,,
-37,777,288,biceps-curl,,,
28,731,302,biceps-curl,,,
81,675,303,biceps-curl,,,
139,624,274,biceps-curl,,,
202,576,211,biceps-curl,,,
265,545,204,biceps-curl,,,
318,511,221,biceps-curl,,,
374,463,191,biceps-curl,,,
419,440,173,biceps-curl,,,
423,449,230,biceps-curl,,,
403,491,285,biceps-curl,,,
388,524,333,biceps-curl,,,
380,540,316,biceps-curl,,,
364,533,237,biceps-curl,,,
334,549,226,biceps-curl,,,
298,638,304,biceps-curl,,,
256,709,339,biceps-curl,,,
205,741,227,biceps-curl,,,
164,772,124,biceps-curl,,,
129,775,136,biceps-curl,,,
68,744,156,biceps-curl,,,
-36,814,88,biceps-curl,,,
-127,1013,52,biceps-curl,,,
-169,1116,-34,biceps-curl,,,
-194,1032,-46,biceps-curl,,,
-224,940,-93,biceps-curl,,,
-314,937,-177,biceps-curl,,,
-384,968,-157,biceps-curl,,,
-429,961,-188,biceps-curl,,,
-503,915,-229,biceps-curl,,,
-588,844,-182,biceps-curl,,,
-668,821,-237,biceps-curl,,,
-755,797,-381,biceps-curl,,,
-787,787,-350,biceps-curl,,,
-816,896,-325,biceps-curl,,,
-815,893,-285,biceps-curl,,,
-799,832,-376,biceps-curl,,,
-776,831,-392,biceps-curl,,,
-776,777,-392,biceps-curl,,,
-792,760,-369,biceps-curl,,,
-838,745,-421,biceps-curl,,,
-885,714,-402,biceps-curl,,,
-910,763,-371,biceps-curl,,,
-919,754,-389,biceps-curl,,,
-920,745,-406,biceps-curl,,,
-913,764,-415,biceps-curl,,,
-899,808,-423,biceps-curl,,,
-889,796,-437,biceps-curl,,,
-869,798,-434,biceps-curl,,,
-858,812,-389,biceps-curl,,,
-832,816,-382,biceps-curl,,,
-812,787,-402,biceps-curl,,,
-802,770,-402,biceps-curl,,,
-800,790,-367,biceps-curl,,,
-789,805,-320,biceps-curl,,,
-784,845,-293,biceps-curl,,,
-779,859,-247,biceps-curl,,,
-751,861,-219,biceps-curl,,,
-703,869,-173,biceps-curl,,,
-657,886,-88,biceps-curl,,,
-609,887,-26,biceps-curl,,,
-541,893,31,biceps-curl,,,
-471,908,106,biceps-curl,,,
-420,928,136,biceps-curl,,,
-381,940,170,biceps-curl,,,
-338,951,223,biceps-curl,,,
-301,1007,246,biceps-curl,,,
-264,1049,281,biceps-curl,,,
-197,1030,301,biceps-curl,,,
-116,988,327,biceps-curl,,,
-49,915,341,biceps-curl,,,
11,856,277,biceps-curl,,,
61,822,244,biceps-curl,,,
105,769,172,biceps-curl,,,
160,720,171,biceps-curl,,,
215,650,238,biceps-curl,,,
264,546,224,biceps-curl,,,
292,473,209,biceps-curl,,,
309,445,260,biceps-curl,,,
328,436,342,biceps-curl,,,
325,465,372,biceps-curl,,,
312,518,379,biceps-curl,,,
310,557,304,biceps-curl,,,
296,593,306,biceps-curl,,,
293,600,309,biceps-curl,,,
265,607,193,biceps-curl,,,
270,700,211,biceps-curl,,,
222,778,411,biceps-curl,,,
168,832,240,biceps-curl,,,
128,864,96,biceps-curl,,,
105,817,-36,biceps-curl,,,
96,740,89,biceps-curl,,,
-8,803,59,biceps-curl,,,
-111,932,5,biceps-curl,,,
-156,965,-136,biceps-curl,,,
-209,870,-194,biceps-curl,,,
-271,890,-104,biceps-curl,,,
-367,976,-141,biceps-curl,,,
-443,985,-237,biceps-curl,,,
-469,946,-294,biceps-curl,,,
-515,961,-378,biceps-curl,,,
-570,962,-370,biceps-curl,,,
-590,872,-319,biceps-curl,,,
-615,806,-378,biceps-curl,,,
-657,831,-425,biceps-curl,,,
-715,880,-502,biceps-curl,,,
-731,817,-336,biceps-curl,,,
-743,730,-303,biceps-curl,,,
-792,669,-408,biceps-curl,,,
-826,619,-424,biceps-curl,,,
-827,605,-385,biceps-curl,,,
-824,617,-346,biceps-curl,,,
-828,659,-388,biceps-curl,,,
-836,680,-448,biceps-curl,,,
-844,668,-460,biceps-curl,,,
-856,660,-483,biceps-curl,,,
-871,652,-508,biceps-curl,,,
-884,655,-526,biceps-curl,,,
-888,667,-520,biceps-curl,,,
-888,695,-485,biceps-curl,,,
-879,740,-486,biceps-curl,,,
-855,751,-505,biceps-curl,,,
-837,736,-517,biceps-curl,,,
-827,736,-504,biceps-curl,,,
-816,729,-488,biceps-curl,,,
-809,712,-481,biceps-curl,,,
-784,725,-447,biceps-curl,,,
-750,770,-380,biceps-curl,,,
-711,805,-315,biceps-curl,,,
-668,834,-296,biceps-curl,,,
-618,871,-277,biceps-curl,,,
-583,867,-188,biceps-curl,,,
-525,887,-159,biceps-curl,,,
-458,927,-91,biceps-curl,,,
-413,922,4,biceps-curl,,,
-379,937,38,biceps-curl,,,
-325,949,18,biceps-curl,,,
-276,910,49,biceps-curl,,,
-206,882,225,biceps-curl,,,
-136,936,256,biceps-curl,,,
-96,928,232,biceps-curl,,,
-26,897,302,biceps-curl,,,
6,873,312,biceps-curl,,,
38,835,372,biceps-curl,,,
84,810,354,biceps-curl,,,
109,787,323,biceps-curl,,,
147,763,271,biceps-curl,,,
166,719,237,biceps-curl,,,
188,699,232,biceps-curl,,,
225,663,245,biceps-curl,,,
251,605,261,biceps-curl,,,
281,580,270,biceps-curl,,,
270,606,272,biceps-curl,,,
258,640,325,biceps-curl,,,
262,688,413,biceps-curl,,,
292,671,356,biceps-curl,,,
293,640,271,biceps-curl,,,
267,679,232,biceps-curl,,,
241,735,193,biceps-curl,,,
207,792,141,biceps-curl,,,
159,854,163,biceps-curl,,,
131,875,150,biceps-curl,,,
110,832,48,biceps-curl,,,
61,744,-81,biceps-curl,,,
-18,758,-119,biceps-curl,,,
-92,872,-100,biceps-curl,,,
-151,897,-196,biceps-curl,,,
-199,812,-318,biceps-curl,,,
-248,773,-291,biceps-curl,,,
-328,837,-248,biceps-curl,,,
-403,898,-312,biceps-curl,,,
-460,915,-397,biceps-curl,,,
-510,914,-450,biceps-curl,,,
-528,885,-435,biceps-curl,,,
-562,830,-429,biceps-curl,,,
-607,785,-462,biceps-curl,,,
-633,766,-517,biceps-curl,,,
-669,764,-526,biceps-curl,,,
-700,764,-498,biceps-curl,,,
-699,710,-425,biceps-curl,,,
-733,635,-416,biceps-curl,,,
-727,575,-473,biceps-curl,,,
-765,540,-445,biceps-curl,,,
-796,553,-478,biceps-curl,,,
-818,510,-510,biceps-curl,,,
-835,499,-494,biceps-curl,,,
-865,523,-480,biceps-curl,,,
-881,554,-483,biceps-curl,,,
-888,576,-528,biceps-curl,,,
-896,568,-528,biceps-curl,,,
-912,584,-536,biceps-curl,,,
-928,592,-512,biceps-curl,,,
-928,592,-512,biceps-curl,,,
-905,553,-512,biceps-curl,,,
-912,575,-535,biceps-curl,,,
-905,591,-514,biceps-curl,,,
-911,585,-527,biceps-curl,,,
-898,591,-514,biceps-curl,,,
-889,606,-519,biceps-curl,,,
-895,601,-575,biceps-curl,,,
-923,600,-577,biceps-curl,,,
-882,607,-556,biceps-curl,,,
-834,627,-508,biceps-curl,,,
-824,651,-496,biceps-curl,,,
-794,686,-514,biceps-curl,,,
-737,678,-496,biceps-curl,,,
-680,695,-419,biceps-curl,,,
-619,737,-347,biceps-curl,,,
-562,752,-312,biceps-curl,,,
-512,805,-267,biceps-curl,,,
-465,847,-197,biceps-curl,,,
-433,881,-143,biceps-curl,,,
-391,925,-109,biceps-curl,,,
-331,949,-36,biceps-curl,,,
-273,956,66,biceps-curl,,,
-226,973,108,biceps-curl,,,
-183,984,154,biceps-curl,,,
-132,936,244,biceps-curl,,,
-77,892,257,biceps-curl,,,
-15,889,220,biceps-curl,,,
56,855,227,biceps-curl,,,
120,800,240,biceps-curl,,,
162,765,211,biceps-curl,,,
197,739,168,biceps-curl,,,
241,692,185,biceps-curl,,,
261,658,216,biceps-curl,,,
277,619,219,biceps-curl,,,
293,582,222,biceps-curl,,,
311,549,232,biceps-curl,,,
324,531,287,biceps-curl,,,
308,582,324,biceps-curl,,,
287,659,310,biceps-curl,,,
258,696,301,biceps-curl,,,
263,693,269,biceps-curl,,,
252,689,184,biceps-curl,,,
230,740,177,biceps-curl,,,
206,759,124,biceps-curl,,,
133,760,43,biceps-curl,,,
110,821,63,biceps-curl,,,
85,788,-42,biceps-curl,,,
35,730,-172,biceps-curl,,,
-67,764,-89,biceps-curl,,,
-169,904,-114,biceps-curl,,,
-271,880,-318,biceps-curl,,,
-311,841,-382,biceps-curl,,,
-342,870,-331,biceps-curl,,,
-441,902,-306,biceps-curl,,,
-528,875,-428,biceps-curl,,,
-579,815,-483,biceps-curl,,,
-584,717,-432,biceps-curl,,,
-632,677,-479,biceps-curl,,,
-687,725,-455,biceps-curl,,,
-722,710,-455,biceps-curl,,,
-760,647,-481,biceps-curl,,,
-836,620,-531,biceps-curl,,,
-874,580,-447,biceps-curl,,,
-892,550,-445,biceps-curl,,,
-913,538,-496,biceps-curl,,,
-931,536,-495,biceps-curl,,,
-941,531,-461,biceps-curl,,,
-955,512,-469,biceps-curl,,,
-965,463,-485,biceps-curl,,,
-993,415,-439,biceps-curl,,,
-1013,395,-461,biceps-curl,,,
-1030,406,-454,biceps-curl,,,
-1036,416,-428,biceps-curl,,,
-1032,425,-445,biceps-curl,,,
-1024,436,-456,biceps-curl,,,
-996,448,-428,biceps-curl,,,
-968,468,-400,biceps-curl,,,
-949,484,-429,biceps-curl,,,
-932,527,-450,biceps-curl,,,
-928,576,-432,biceps-curl,,,
-922,576,-445,biceps-curl,,,
-900,582,-467,biceps-curl,,,
-871,609,-478,biceps-curl,,,
-856,662,-447,biceps-curl,,,
-848,714,-360,biceps-curl,,,
-827,741,-346,biceps-curl,,,
-800,752,-343,biceps-curl,,,
-747,760,-292,biceps-curl,,,
-700,790,-212,biceps-curl,,,
-653,815,-191,biceps-curl,,,
-608,838,-144,biceps-curl,,,
-566,847,-65,biceps-curl,,,
-515,916,12,biceps-curl,,,
-477,934,80,biceps-curl,,,
-407,918,142,biceps-curl,,,
-338,907,246,biceps-curl,,,
-283,929,299,biceps-curl,,,
-230,933,327,biceps-curl,,,
-195,888,320,biceps-curl,,,
-103,887,328,biceps-curl,,,
-64,864,320,biceps-curl,,,
-8,832,288,biceps-curl,,,
39,809,280,biceps-curl,,,
78,762,227,biceps-curl,,,
110,700,254,biceps-curl,,,
156,623,249,biceps-curl,,,
174,595,219,biceps-curl,,,
211,557,244,biceps-curl,,,
223,559,221,biceps-curl,,,
231,573,263,biceps-curl,,,
225,602,226,biceps-curl,,,
224,621,254,biceps-curl,,,
212,643,295,biceps-curl,,,
202,684,262,biceps-curl,,,
171,761,207,biceps-curl,,,
143,813,135,biceps-curl,,,
108,835,112,biceps-curl,,,
74,845,117,biceps-curl,,,
43,832,52,biceps-curl,,,
-19,855,6,biceps-curl,,,
-83,902,-99,biceps-curl,,,
-123,944,-198,biceps-curl,,,
-164,974,-192,biceps-curl,,,
-220,962,-213,biceps-curl,,,
-261,944,-334,biceps-curl,,,
-289,927,-450,biceps-curl,,,
-340,896,-464,biceps-curl,,,
-384,899,-344,biceps-curl,,,
-414,902,-321,biceps-curl,,,
-451,809,-448,biceps-curl,,,
-471,686,-505,biceps-curl,,,
-506,637,-505,biceps-curl,,,
-559,641,-500,biceps-curl,,,
-590,624,-532,biceps-curl,,,
-608,549,-531,biceps-curl,,,
-642,507,-560,biceps-curl,,,
-695,501,-551,biceps-curl,,,
-742,519,-570,biceps-curl,,,
-787,523,-570,biceps-curl,,,
-828,488,-572,biceps-curl,,,
-869,495,-634,biceps-curl,,,
-885,527,-642,biceps-curl,,,
-873,555,-642,biceps-curl,,,
-877,569,-620,biceps-curl,,,
-864,576,-641,biceps-curl,,,
-865,571,-637,biceps-curl,,,
-872,531,-563,biceps-curl,,,
-874,487,-582,biceps-curl,,,
-897,474,-562,biceps-curl,,,
-904,495,-593,biceps-curl,,,
-912,472,-608,biceps-curl,,,
-928,464,-616,biceps-curl,,,
-920,464,-600,biceps-curl,,,
-912,441,-561,biceps-curl,,,
-904,440,-583,biceps-curl,,,
-874,440,-599,biceps-curl,,,
-850,418,-578,biceps-curl,,,
-834,487,-512,biceps-curl,,,
-825,587,-406,biceps-curl,,,
-783,675,-419,biceps-curl,,,
-743,721,-404,biceps-curl,,,
-697,806,-348,biceps-curl,,,
-656,862,-330,biceps-curl,,,
-611,878,-309,biceps-curl,,,
-558,910,-244,biceps-curl,,,
-503,938,-183,biceps-curl,,,
-436,927,-94,biceps-curl,,,
-377,959,-64,biceps-curl,,,
-322,1003,17,biceps-curl,,,
-272,979,45,biceps-curl,,,
-220,960,76,biceps-curl,,,
-170,960,175,biceps-curl,,,
-123,955,234,biceps-curl,,,
-67,924,226,biceps-curl,,,
-13,882,229,biceps-curl,,,
38,851,223,biceps-curl,,,
85,832,183,biceps-curl,,,
112,804,140,biceps-curl,,,
128,780,128,biceps-curl,,,
158,758,132,biceps-curl,,,
198,687,128,biceps-curl,,,
229,607,141,biceps-curl,,,
251,574,173,biceps-curl,,,
250,575,198,biceps-curl,,,
237,620,220,biceps-curl,,,
232,670,248,biceps-curl,,,
232,693,254,biceps-curl,,,
234,690,210,biceps-curl,,,
231,719,169,biceps-curl,,,
197,808,200,biceps-curl,,,
164,904,210,biceps-curl,,,
157,912,141,biceps-curl,,,
176,836,18,biceps-curl,,,
164,756,-95,biceps-curl,,,
97,748,-89,biceps-curl,,,
13,822,-110,biceps-curl,,,
-54,898,-195,biceps-curl,,,
-102,850,-234,biceps-curl,,,
-158,796,-397,biceps-curl,,,
-221,759,-531,biceps-curl,,,
-301,751,-456,biceps-curl,,,
-393,736,-459,biceps-curl,,,
-424,752,-544,biceps-curl,,,
-496,696,-528,biceps-curl,,,
-535,626,-505,biceps-curl,,,
-604,594,-527,biceps-curl,,,
-653,577,-632,biceps-curl,,,
-707,532,-618,biceps-curl,,,
-719,549,-545,biceps-curl,,,
-783,566,-508,biceps-curl,,,
-806,575,-565,biceps-curl,,,
-828,523,-563,biceps-curl,,,
-839,479,-527,biceps-curl,,,
-840,447,-482,biceps-curl,,,
-877,446,-515,biceps-curl,,,
-918,472,-552,biceps-curl,,,
-946,527,-531,biceps-curl,,,
-963,561,-491,biceps-curl,,,
-968,562,-508,biceps-curl,,,
-979,571,-520,biceps-curl,,,
-1000,581,-509,biceps-curl,,,
-1013,574,-514,biceps-curl,,,
-1001,553,-530,biceps-curl,,,
-973,539,-526,biceps-curl,,,
-955,527,-511,biceps-curl,,,
-948,507,-540,biceps-curl,,,
-944,500,-559,biceps-curl,,,
-952,508,-548,biceps-curl,,,
-960,524,-544,biceps-curl,,,
-956,548,-532,biceps-curl,,,
-930,582,-498,biceps-curl,,,
-886,633,-461,biceps-curl,,,
-847,684,-438,biceps-curl,,,
-808,715,-408,biceps-curl,,,
-760,729,-356,biceps-curl,,,
-691,767,-283,biceps-curl,,,
-624,830,-224,biceps-curl,,,
-582,869,-200,biceps-curl,,,
-538,871,-162,biceps-curl,,,
-474,895,-80,biceps-curl,,,
-434,925,8,biceps-curl,,,
-400,956,38,biceps-curl,,,
-343,940,65,biceps-curl,,,
-296,925,109,biceps-curl,,,
-222,908,167,biceps-curl,,,
-165,879,204,biceps-curl,,,
-105,832,225,biceps-curl,,,
-59,828,228,biceps-curl,,,
-17,791,197,biceps-curl,,,
41,718,176,biceps-curl,,,
57,696,177,biceps-curl,,,
76,695,187,biceps-curl,,,
144,672,240,biceps-curl,,,
152,664,224,biceps-curl,,,
200,624,200,biceps-curl,,,
231,562,184,biceps-curl,,,
240,583,275,biceps-curl,,,
240,591,332,biceps-curl,,,
233,599,321,biceps-curl,,,
218,629,241,biceps-curl,,,
195,660,225,biceps-curl,,,
165,698,217,biceps-curl,,,
140,784,249,biceps-curl,,,
84,833,263,biceps-curl,,,
53,840,105,biceps-curl,,,
29,828,33,biceps-curl,,,
0,800,-24,biceps-curl,,,
-67,810,31,biceps-curl,,,
-191,885,-24,biceps-curl,,,
-271,957,-156,biceps-curl,,,
-310,949,-232,biceps-curl,,,
-346,878,-253,biceps-curl,,,
-406,802,-261,biceps-curl,,,
-467,751,-343,biceps-curl,,,
-521,731,-392,biceps-curl,,,
-590,747,-392,biceps-curl,,,
-682,747,-410,biceps-curl,,,
-763,723,-446,biceps-curl,,,
-788,616,-476,biceps-curl,,,
-800,520,-500,biceps-curl,,,
-851,547,-477,biceps-curl,,,
-903,621,-532,biceps-curl,,,
-938,646,-626,biceps-curl,,,
-973,621,-581,biceps-curl,,,
-989,593,-531,biceps-curl,,,
-990,557,-546,biceps-curl,,,
-1003,558,-606,biceps-curl,,,
-1005,571,-597,biceps-curl,,,
-990,589,-542,biceps-curl,,,
-956,621,-497,biceps-curl,,,
-914,627,-482,biceps-curl,,,
-874,612,-492,biceps-curl,,,
-854,598,-508,biceps-curl,,,
-843,590,-511,biceps-curl,,,
-819,589,-472,biceps-curl,,,
-799,612,-441,biceps-curl,,,
-788,632,-453,biceps-curl,,,
-761,628,-481,biceps-curl,,,
-720,604,-493,biceps-curl,,,
-717,574,-522,biceps-curl,,,
-688,559,-467,biceps-curl,,,
-686,554,-418,biceps-curl,,,
-663,574,-453,biceps-curl,,,
-639,527,-544,biceps-curl,,,
-608,504,-536,biceps-curl,,,
