shoulders,lateral-raise,404,583,-694
shoulders,lateral-raise,1287,1315,-975
shoulders,lateral-raise,-532,1431,-800
shoulders,lateral-raise,-776,975,-685
shoulders,lateral-raise,-451,1029,-811
shoulders,lateral-raise,-211,610,-688
shoulders,lateral-raise,128,738,-679
shoulders,lateral-raise,80,891,-623
shoulders,lateral-raise,-437,463,-699
shoulders,lateral-raise,755,811,-687
shoulders,lateral-raise,1654,1592,-965
shoulders,lateral-raise,2544,-248,264
shoulders,lateral-raise,923,-873,-237
shoulders,lateral-raise,1465,203,-533
shoulders,lateral-raise,1288,385,-518
shoulders,lateral-raise,640,-137,-512
shoulders,lateral-raise,494,-222,-446
shoulders,lateral-raise,578,-126,-418
shoulders,lateral-raise,612,62,-399
shoulders,lateral-raise,684,135,-369
shoulders,lateral-raise,690,152,-338
shoulders,lateral-raise,723,180,-258
shoulders,lateral-raise,728,199,-187
shoulders,lateral-raise,778,267,-173
shoulders,lateral-raise,831,347,-282
shoulders,lateral-raise,887,427,-335
shoulders,lateral-raise,895,447,-221
shoulders,lateral-raise,834,480,-63
shoulders,lateral-raise,800,538,23
shoulders,lateral-raise,845,594,43
shoulders,lateral-raise,953,655,-17
shoulders,lateral-raise,1010,609,-54
shoulders,lateral-raise,1029,525,-36
shoulders,lateral-raise,1098,483,-32
shoulders,lateral-raise,1168,432,32
shoulders,lateral-raise,1181,334,48
shoulders,lateral-raise,1165,378,251
shoulders,lateral-raise,1289,312,-31
shoulders,lateral-raise,1354,304,-70
shoulders,lateral-raise,1361,319,-11
shoulders,lateral-raise,1280,498,-194
shoulders,lateral-raise,1101,531,-534
shoulders,lateral-raise,1131,355,-243
shoulders,lateral-raise,1299,248,132
shoulders,lateral-raise,1378,183,59
shoulders,lateral-raise,1338,199,-121
shoulders,lateral-raise,1333,177,-21
shoulders,lateral-raise,1273,211,58
shoulders,lateral-raise,1271,227,111
shoulders,lateral-raise,1213,203,43
shoulders,lateral-raise,1130,195,41
shoulders,lateral-raise,1069,211,67
shoulders,lateral-raise,1031,238,17
shoulders,lateral-raise,993,191,-74
shoulders,lateral-raise,946,172,28
shoulders,lateral-raise,962,202,52
shoulders,lateral-raise,924,186,85
shoulders,lateral-raise,920,184,0
shoulders,lateral-raise,902,170,80
shoulders,lateral-raise,874,195,72
shoulders,lateral-raise,840,202,-26
shoulders,lateral-raise,805,190,-209
shoulders,lateral-raise,774,245,-240
shoulders,lateral-raise,773,317,-273
shoulders,lateral-raise,779,294,-440
shoulders,lateral-raise,809,333,-606
shoulders,lateral-raise,905,241,-728
shoulders,lateral-raise,998,118,-759
shoulders,lateral-raise,1046,127,-852
shoulders,lateral-raise,1128,103,-917
shoulders,lateral-raise,1130,75,-849
shoulders,lateral-raise,1210,47,-866
shoulders,lateral-raise,1275,60,-867
shoulders,lateral-raise,1349,57,-806
shoulders,lateral-raise,1376,104,-825
shoulders,lateral-raise,1407,189,-835
shoulders,lateral-raise,1450,238,-840
shoulders,lateral-raise,1470,226,-791
shoulders,lateral-raise,1452,224,-769
shoulders,lateral-raise,1397,217,-761
shoulders,lateral-raise,1296,264,-760
shoulders,lateral-raise,1208,274,-834
shoulders,lateral-raise,1117,293,-760
shoulders,lateral-raise,1035,280,-718
shoulders,lateral-raise,910,286,-701
shoulders,lateral-raise,783,286,-670
shoulders,lateral-raise,662,293,-643
shoulders,lateral-raise,535,288,-564
shoulders,lateral-raise,421,255,-498
shoulders,lateral-raise,336,223,-419
shoulders,lateral-raise,264,202,-372
shoulders,lateral-raise,179,154,-345
shoulders,lateral-raise,112,80,-272
shoulders,lateral-raise,112,80,-272
shoulders,lateral-raise,42,64,-156
shoulders,lateral-raise,-44,56,-144
shoulders,lateral-raise,-78,19,-226
shoulders,lateral-raise,-116,9,-166
shoulders,lateral-raise,-156,8,-167
shoulders,lateral-raise,-188,-13,-189
shoulders,lateral-raise,-226,-30,-158
shoulders,lateral-raise,-259,-19,-152
shoulders,lateral-raise,-284,-36,-191
shoulders,lateral-raise,-313,-46,-270
shoulders,lateral-raise,-332,-110,-319
shoulders,lateral-raise,-330,-110,-376
shoulders,lateral-raise,-334,-98,-380
shoulders,lateral-raise,-325,-96,-405
shoulders,lateral-raise,-298,-118,-461
shoulders,lateral-raise,-283,-96,-518
shoulders,lateral-raise,-243,-122,-568
shoulders,lateral-raise,-214,-119,-609
shoulders,lateral-raise,-159,-114,-688
shoulders,lateral-raise,-114,-115,-675
shoulders,lateral-raise,-76,-103,-672
shoulders,lateral-raise,-47,-74,-714
shoulders,lateral-raise,-1,-86,-771
shoulders,lateral-raise,61,-100,-808
shoulders,lateral-raise,112,-72,-868
shoulders,lateral-raise,151,-37,-893
shoulders,lateral-raise,194,-1,-897
shoulders,lateral-raise,238,9,-905
shoulders,lateral-raise,290,24,-866
shoulders,lateral-raise,352,59,-912
shoulders,lateral-raise,391,76,-948
shoulders,lateral-raise,439,99,-937
shoulders,lateral-raise,499,101,-938
shoulders,lateral-raise,557,101,-928
shoulders,lateral-raise,605,105,-950
shoulders,lateral-raise,634,102,-908
shoulders,lateral-raise,691,128,-873
shoulders,lateral-raise,728,106,-912
shoulders,lateral-raise,759,114,-883
shoulders,lateral-raise,792,123,-867
shoulders,lateral-raise,834,133,-862
shoulders,lateral-raise,881,121,-791
shoulders,lateral-raise,893,124,-824
shoulders,lateral-raise,924,107,-818
shoulders,lateral-raise,955,130,-768
shoulders,lateral-raise,984,143,-714
shoulders,lateral-raise,984,134,-808
shoulders,lateral-raise,985,105,-693
shoulders,lateral-raise,1000,120,-642
shoulders,lateral-raise,1000,136,-696
shoulders,lateral-raise,976,112,-664
shoulders,lateral-raise,968,112,-602
shoulders,lateral-raise,968,104,-577
shoulders,lateral-raise,975,134,-591
shoulders,lateral-raise,961,114,-680
shoulders,lateral-raise,953,119,-595
shoulders,lateral-raise,945,106,-598
shoulders,lateral-raise,951,111,-607
shoulders,lateral-raise,965,105,-661
shoulders,lateral-raise,975,117,-757
shoulders,lateral-raise,989,114,-827
shoulders,lateral-raise,1011,100,-840
shoulders,lateral-raise,1028,84,-870
shoulders,lateral-raise,1038,62,-898
shoulders,lateral-raise,1069,62,-938
shoulders,lateral-raise,1102,70,-941
shoulders,lateral-raise,1144,50,-996
shoulders,lateral-raise,1202,66,-1003
shoulders,lateral-raise,1265,80,-931
shoulders,lateral-raise,1313,70,-921
shoulders,lateral-raise,1328,64,-946
shoulders,lateral-raise,1323,55,-906
shoulders,lateral-raise,1302,57,-899
shoulders,lateral-raise,1266,64,-916
shoulders,lateral-raise,1215,72,-866
shoulders,lateral-raise,1168,76,-828
shoulders,lateral-raise,1140,84,-828
shoulders,lateral-raise,1121,85,-813
shoulders,lateral-raise,1091,86,-775
shoulders,lateral-raise,1037,104,-761
shoulders,lateral-raise,961,98,-787
shoulders,lateral-raise,855,94,-774
shoulders,lateral-raise,738,101,-732
shoulders,lateral-raise,645,85,-690
shoulders,lateral-raise,571,64,-645
shoulders,lateral-raise,509,57,-638
shoulders,lateral-raise,439,40,-630
shoulders,lateral-raise,365,38,-603
shoulders,lateral-raise,316,28,-542
shoulders,lateral-raise,242,21,-532
shoulders,lateral-raise,182,37,-523
shoulders,lateral-raise,123,24,-505
shoulders,lateral-raise,25,21,-384
shoulders,lateral-raise,-14,7,-457
shoulders,lateral-raise,-54,-1,-417
shoulders,lateral-raise,-106,-6,-415
shoulders,lateral-raise,-192,4,-348
shoulders,lateral-raise,-194,-41,-379
shoulders,lateral-raise,-220,-53,-307
shoulders,lateral-raise,-288,-3,-362
shoulders,lateral-raise,-288,-96,-416
shoulders,lateral-raise,-360,-56,-312
shoulders,lateral-raise,-329,-79,-483
shoulders,lateral-raise,-328,-50,-374
shoulders,lateral-raise,-328,-85,-375
shoulders,lateral-raise,-335,-73,-478
shoulders,lateral-raise,-307,-101,-495
shoulders,lateral-raise,-325,-55,-573
shoulders,lateral-raise,-314,-75,-598
shoulders,lateral-raise,-319,-53,-560
shoulders,lateral-raise,-268,-68,-578
shoulders,lateral-raise,-231,-40,-597
shoulders,lateral-raise,-205,-32,-662
shoulders,lateral-raise,-158,-26,-674
shoulders,lateral-raise,-115,-36,-672
shoulders,lateral-raise,-70,-29,-683
shoulders,lateral-raise,-39,-18,-688
shoulders,lateral-raise,-5,-11,-742
shoulders,lateral-raise,45,-13,-763
shoulders,lateral-raise,89,-16,-775
shoulders,lateral-raise,139,9,-828
shoulders,lateral-raise,193,14,-856
shoulders,lateral-raise,248,31,-824
shoulders,lateral-raise,312,52,-876
shoulders,lateral-raise,387,69,-940
shoulders,lateral-raise,449,92,-940
shoulders,lateral-raise,484,104,-924
shoulders,lateral-raise,515,127,-939
shoulders,lateral-raise,551,145,-931
shoulders,lateral-raise,589,161,-930
shoulders,lateral-raise,629,185,-964
shoulders,lateral-raise,654,176,-939
shoulders,lateral-raise,679,182,-871
shoulders,lateral-raise,719,198,-807
shoulders,lateral-raise,760,200,-909
shoulders,lateral-raise,800,189,-897
shoulders,lateral-raise,826,205,-816
shoulders,lateral-raise,853,207,-753
shoulders,lateral-raise,864,186,-776
shoulders,lateral-raise,870,188,-762
shoulders,lateral-raise,888,178,-704
shoulders,lateral-raise,896,187,-664
shoulders,lateral-raise,925,197,-716
shoulders,lateral-raise,917,180,-660
shoulders,lateral-raise,942,160,-632
shoulders,lateral-raise,928,162,-575
shoulders,lateral-raise,930,179,-521
shoulders,lateral-raise,944,199,-593
shoulders,lateral-raise,945,191,-592
shoulders,lateral-raise,953,185,-480
shoulders,lateral-raise,968,208,-474
shoulders,lateral-raise,984,216,-536
shoulders,lateral-raise,992,208,-496
shoulders,lateral-raise,1000,216,-512
shoulders,lateral-raise,1015,224,-466
shoulders,lateral-raise,1001,202,-412
shoulders,lateral-raise,985,178,-452
shoulders,lateral-raise,970,183,-427
shoulders,lateral-raise,961,170,-431
shoulders,lateral-raise,940,202,-425
shoulders,lateral-raise,943,195,-484
shoulders,lateral-raise,944,192,-503
shoulders,lateral-raise,944,173,-517
shoulders,lateral-raise,969,162,-514
shoulders,lateral-raise,994,166,-615
shoulders,lateral-raise,1071,180,-683
shoulders,lateral-raise,1102,207,-736
shoulders,lateral-raise,1104,177,-752
shoulders,lateral-raise,1104,176,-806
shoulders,lateral-raise,1146,168,-811
shoulders,lateral-raise,1183,155,-820
shoulders,lateral-raise,1236,167,-886
shoulders,lateral-raise,1278,152,-896
shoulders,lateral-raise,1302,159,-899
shoulders,lateral-raise,1321,163,-858
shoulders,lateral-raise,1345,161,-803
shoulders,lateral-raise,1385,151,-821
shoulders,lateral-raise,1396,140,-796
shoulders,lateral-raise,1365,132,-752
shoulders,lateral-raise,1340,135,-789
shoulders,lateral-raise,1315,166,-831
shoulders,lateral-raise,1241,194,-806
shoulders,lateral-raise,1137,185,-741
shoulders,lateral-raise,1043,161,-727
shoulders,lateral-raise,932,159,-740
shoulders,lateral-raise,821,131,-715
shoulders,lateral-raise,758,128,-696
shoulders,lateral-raise,668,110,-648
shoulders,lateral-raise,564,109,-590
shoulders,lateral-raise,497,112,-632
shoulders,lateral-raise,431,84,-632
shoulders,lateral-raise,339,67,-542
shoulders,lateral-raise,270,58,-483
shoulders,lateral-raise,167,77,-499
shoulders,lateral-raise,153,-9,-491
shoulders,lateral-raise,104,-11,-388
shoulders,lateral-raise,1,11,-411
shoulders,lateral-raise,-51,-24,-422
shoulders,lateral-raise,-73,-24,-343
shoulders,lateral-raise,-84,-27,-416
shoulders,lateral-raise,-140,-70,-411
shoulders,lateral-raise,-224,-41,-316
shoulders,lateral-raise,-232,-64,-432
shoulders,lateral-raise,-232,-48,-416
shoulders,lateral-raise,-279,-40,-447
shoulders,lateral-raise,-310,-78,-410
shoulders,lateral-raise,-334,-73,-468
shoulders,lateral-raise,-343,-79,-457
shoulders,lateral-raise,-351,-101,-520
shoulders,lateral-raise,-373,-111,-472
shoulders,lateral-raise,-376,-78,-539
shoulders,lateral-raise,-363,-132,-599
shoulders,lateral-raise,-340,-111,-588
shoulders,lateral-raise,-323,-110,-571
shoulders,lateral-raise,-295,-112,-587
shoulders,lateral-raise,-282,-94,-592
shoulders,lateral-raise,-227,-94,-663
shoulders,lateral-raise,-185,-67,-677
shoulders,lateral-raise,-143,-78,-700
shoulders,lateral-raise,-101,-66,-669
shoulders,lateral-raise,-72,-40,-669
shoulders,lateral-raise,-13,-32,-782
shoulders,lateral-raise,26,-17,-810
shoulders,lateral-raise,56,2,-768
shoulders,lateral-raise,114,-1,-775
shoulders,lateral-raise,166,19,-756
shoulders,lateral-raise,210,44,-780
shoulders,lateral-raise,274,56,-866
shoulders,lateral-raise,336,52,-852
shoulders,lateral-raise,375,63,-854
shoulders,lateral-raise,421,84,-919
shoulders,lateral-raise,474,84,-903
shoulders,lateral-raise,509,108,-885
shoulders,lateral-raise,547,126,-907
shoulders,lateral-raise,597,130,-933
shoulders,lateral-raise,644,151,-959
shoulders,lateral-raise,664,144,-928
shoulders,lateral-raise,680,157,-891
shoulders,lateral-raise,727,154,-899
shoulders,lateral-raise,771,176,-939
shoulders,lateral-raise,813,195,-909
shoulders,lateral-raise,850,134,-832
shoulders,lateral-raise,863,135,-776
shoulders,lateral-raise,890,153,-824
shoulders,lateral-raise,896,132,-786
shoulders,lateral-raise,899,156,-753
shoulders,lateral-raise,917,172,-716
shoulders,lateral-raise,945,152,-693
shoulders,lateral-raise,953,153,-669
shoulders,lateral-raise,960,158,-638
shoulders,lateral-raise,961,137,-614
shoulders,lateral-raise,968,152,-594
shoulders,lateral-raise,960,152,-622
shoulders,lateral-raise,960,168,-559
shoulders,lateral-raise,952,136,-505
shoulders,lateral-raise,936,152,-411
shoulders,lateral-raise,959,137,-499
shoulders,lateral-raise,953,129,-467
shoulders,lateral-raise,930,150,-493
shoulders,lateral-raise,935,138,-460
shoulders,lateral-raise,929,108,-400
shoulders,lateral-raise,935,138,-385
shoulders,lateral-raise,936,144,-417
shoulders,lateral-raise,956,131,-496
shoulders,lateral-raise,960,141,-506
shoulders,lateral-raise,960,163,-510
shoulders,lateral-raise,972,156,-488
shoulders,lateral-raise,976,140,-486
shoulders,lateral-raise,982,113,-557
shoulders,lateral-raise,1001,93,-617
shoulders,lateral-raise,1024,104,-616
shoulders,lateral-raise,1053,133,-703
shoulders,lateral-raise,1064,154,-783
shoulders,lateral-raise,1079,160,-820
shoulders,lateral-raise,1102,165,-799
shoulders,lateral-raise,1140,159,-785
shoulders,lateral-raise,1169,139,-819
shoulders,lateral-raise,1202,132,-823
shoulders,lateral-raise,1241,144,-816
shoulders,lateral-raise,1276,140,-860
shoulders,lateral-raise,1300,132,-858
shoulders,lateral-raise,1308,151,-798
shoulders,lateral-raise,1319,150,-787
shoulders,lateral-raise,1318,131,-783
shoulders,lateral-raise,1291,155,-754
shoulders,lateral-raise,1266,156,-793
shoulders,lateral-raise,1236,103,-805
shoulders,lateral-raise,1186,110,-696
shoulders,lateral-raise,1134,136,-717
shoulders,lateral-raise,1061,89,-711
shoulders,lateral-raise,991,65,-670
shoulders,lateral-raise,898,90,-668
shoulders,lateral-raise,798,92,-682
shoulders,lateral-raise,728,85,-686
shoulders,lateral-raise,656,89,-668
shoulders,lateral-raise,571,32,-615
shoulders,lateral-raise,473,29,-577
shoulders,lateral-raise,431,16,-577
shoulders,lateral-raise,360,14,-527
shoulders,lateral-raise,243,1,-466
shoulders,lateral-raise,195,1,-479
shoulders,lateral-raise,142,-70,-461
shoulders,lateral-raise,116,-40,-424
shoulders,lateral-raise,45,-48,-424
shoulders,lateral-raise,-48,-40,-440
shoulders,lateral-raise,-40,-72,-496
shoulders,lateral-raise,-40,-72,-496
shoulders,lateral-raise,-125,-33,-434
shoulders,lateral-raise,-158,-100,-417
shoulders,lateral-raise,-182,-82,-356
shoulders,lateral-raise,-264,-51,-359
shoulders,lateral-raise,-236,-77,-453
shoulders,lateral-raise,-274,-115,-394
shoulders,lateral-raise,-314,-86,-364
shoulders,lateral-raise,-280,-73,-520
shoulders,lateral-raise,-311,-98,-526
shoulders,lateral-raise,-326,-104,-558
shoulders,lateral-raise,-322,-110,-525
shoulders,lateral-raise,-326,-58,-530
shoulders,lateral-raise,-316,-93,-565
shoulders,lateral-raise,-289,-89,-542
shoulders,lateral-raise,-269,-63,-589
shoulders,lateral-raise,-248,-83,-589
shoulders,lateral-raise,-208,-80,-597
shoulders,lateral-raise,-156,-62,-690
shoulders,lateral-raise,-126,-51,-780
shoulders,lateral-raise,-91,-48,-770
shoulders,lateral-raise,-53,-43,-688
shoulders,lateral-raise,-18,-9,-715
shoulders,lateral-raise,47,3,-790
shoulders,lateral-raise,113,-4,-787
shoulders,lateral-raise,160,12,-772
shoulders,lateral-raise,215,39,-814
shoulders,lateral-raise,277,49,-834
shoulders,lateral-raise,326,58,-794
shoulders,lateral-raise,371,77,-789
shoulders,lateral-raise,431,85,-827
shoulders,lateral-raise,476,104,-825
shoulders,lateral-raise,525,124,-802
shoulders,lateral-raise,592,144,-845
shoulders,lateral-raise,637,125,-837
shoulders,lateral-raise,679,135,-793
shoulders,lateral-raise,721,126,-765
shoulders,lateral-raise,759,185,-895
shoulders,lateral-raise,810,146,-793
shoulders,lateral-raise,849,157,-707
shoulders,lateral-raise,878,178,-764
shoulders,lateral-raise,885,180,-828
shoulders,lateral-raise,947,163,-755
shoulders,lateral-raise,961,180,-662
shoulders,lateral-raise,970,194,-744
shoulders,lateral-raise,983,151,-737
shoulders,lateral-raise,979,145,-674
shoulders,lateral-raise,1010,162,-617
shoulders,lateral-raise,1032,183,-628
shoulders,lateral-raise,1040,168,-709
shoulders,lateral-raise,1024,152,-607
shoulders,lateral-raise,1048,120,-529
shoulders,lateral-raise,1040,143,-528
shoulders,lateral-raise,1063,182,-513
shoulders,lateral-raise,1057,169,-527
shoulders,lateral-raise,1027,161,-470
shoulders,lateral-raise,1017,139,-428
shoulders,lateral-raise,1009,143,-403
shoulders,lateral-raise,1008,151,-359
shoulders,lateral-raise,995,172,-359
shoulders,lateral-raise,992,183,-347
shoulders,lateral-raise,986,190,-319
shoulders,lateral-raise,978,186,-281
shoulders,lateral-raise,982,184,-260
shoulders,lateral-raise,990,190,-280
shoulders,lateral-raise,1003,186,-254
shoulders,lateral-raise,1019,201,-229
shoulders,lateral-raise,1024,208,-219
shoulders,lateral-raise,1029,213,-242
shoulders,lateral-raise,1032,206,-256
shoulders,lateral-raise,1027,180,-231
shoulders,lateral-raise,1010,182,-216
shoulders,lateral-raise,986,197,-230
shoulders,lateral-raise,963,178,-244
shoulders,lateral-raise,952,160,-244
shoulders,lateral-raise,940,172,-240
shoulders,lateral-raise,940,184,-296
shoulders,lateral-raise,967,180,-321
shoulders,lateral-raise,1013,191,-332
shoulders,lateral-raise,1073,222,-486
shoulders,lateral-raise,1121,247,-609
shoulders,lateral-raise,1170,240,-610
shoulders,lateral-raise,1205,216,-609
shoulders,lateral-raise,1209,213,-639
shoulders,lateral-raise,1229,189,-722
shoulders,lateral-raise,1237,165,-688
shoulders,lateral-raise,1239,190,-691
shoulders,lateral-raise,1267,173,-741
shoulders,lateral-raise,1298,142,-733
shoulders,lateral-raise,1320,148,-694
shoulders,lateral-raise,1379,179,-729
shoulders,lateral-raise,1413,158,-712
shoulders,lateral-raise,1390,162,-751
shoulders,lateral-raise,1344,199,-789
shoulders,lateral-raise,1335,159,-794
shoulders,lateral-raise,1274,200,-672
shoulders,lateral-raise,1227,192,-726
shoulders,lateral-raise,1175,132,-711
shoulders,lateral-raise,1077,173,-706
shoulders,lateral-raise,1036,128,-727
shoulders,lateral-raise,965,136,-712
shoulders,lateral-raise,872,152,-704
shoulders,lateral-raise,808,104,-680
shoulders,lateral-raise,676,88,-618
shoulders,lateral-raise,581,88,-639
shoulders,lateral-raise,479,43,-685
shoulders,lateral-raise,392,40,-557
shoulders,lateral-raise,291,33,-515
shoulders,lateral-raise,224,25,-491
shoulders,lateral-raise,134,17,-474
shoulders,lateral-raise,67,3,-492
shoulders,lateral-raise,-3,-33,-457
shoulders,lateral-raise,-48,-40,-461
shoulders,lateral-raise,-93,-21,-458
shoulders,lateral-raise,-158,-58,-396
shoulders,lateral-raise,-182,-48,-364
shoulders,lateral-raise,-207,-57,-389
shoulders,lateral-raise,-233,-75,-411
shoulders,lateral-raise,-256,-91,-340
shoulders,lateral-raise,-269,-64,-378
shoulders,lateral-raise,-287,-89,-416
shoulders,lateral-raise,-311,-92,-327
shoulders,lateral-raise,-310,-90,-349
shoulders,lateral-raise,-318,-101,-409
shoulders,lateral-raise,-332,-91,-425
shoulders,lateral-raise,-332,-102,-393
shoulders,lateral-raise,-328,-99,-385
shoulders,lateral-raise,-312,-80,-448
shoulders,lateral-raise,-296,-72,-480
shoulders,lateral-raise,-285,-60,-509
shoulders,lateral-raise,-272,-70,-563
shoulders,lateral-raise,-252,-64,-566
shoulders,lateral-raise,-208,-42,-542
shoulders,lateral-raise,-153,-32,-537
shoulders,lateral-raise,-81,14,-558
shoulders,lateral-raise,-29,29,-620
shoulders,lateral-raise,0,45,-741
shoulders,lateral-raise,35,63,-782
shoulders,lateral-raise,89,78,-760
shoulders,lateral-raise,131,89,-733
shoulders,lateral-raise,200,134,-778
shoulders,lateral-raise,259,146,-810
shoulders,lateral-raise,296,213,-834
shoulders,lateral-raise,315,220,-898
shoulders,lateral-raise,409,172,-853
shoulders,lateral-raise,463,196,-767
shoulders,lateral-raise,504,216,-811
shoulders,lateral-raise,510,215,-835
shoulders,lateral-raise,564,215,-873
shoulders,lateral-raise,603,289,-965
shoulders,lateral-raise,651,295,-919
shoulders,lateral-raise,704,280,-896
shoulders,lateral-raise,720,265,-888
shoulders,lateral-raise,760,335,-904
shoulders,lateral-raise,791,320,-896
shoulders,lateral-raise,845,335,-767
shoulders,lateral-raise,885,321,-685
shoulders,lateral-raise,924,291,-716
shoulders,lateral-raise,957,259,-720
shoulders,lateral-raise,1037,270,-643
shoulders,lateral-raise,1041,245,-543
shoulders,lateral-raise,1073,247,-628
shoulders,lateral-raise,1132,268,-622
shoulders,lateral-raise,1125,253,-527
shoulders,lateral-raise,1145,260,-436
shoulders,lateral-raise,1170,234,-507
shoulders,lateral-raise,1141,236,-501
shoulders,lateral-raise,1117,206,-431
shoulders,lateral-raise,1084,198,-352
shoulders,lateral-raise,1077,232,-355
shoulders,lateral-raise,1069,243,-379
shoulders,lateral-raise,1049,245,-353
shoulders,lateral-raise,1010,223,-277
shoulders,lateral-raise,973,213,-207
shoulders,lateral-raise,928,225,-230
shoulders,lateral-raise,891,223,-233
shoulders,lateral-raise,880,238,-186
shoulders,lateral-raise,880,281,-131
shoulders,lateral-raise,864,284,-84
shoulders,lateral-raise,860,268,-57
shoulders,lateral-raise,883,287,-25
shoulders,lateral-raise,903,286,-1
shoulders,lateral-raise,922,264,-9
shoulders,lateral-raise,939,283,-19
shoulders,lateral-raise,947,315,-3
shoulders,lateral-raise,949,311,9
shoulders,lateral-raise,930,288,48
shoulders,lateral-raise,912,285,61
shoulders,lateral-raise,928,327,68
shoulders,lateral-raise,921,349,89
shoulders,lateral-raise,910,305,72
shoulders,lateral-raise,926,270,94
shoulders,lateral-raise,925,301,146
shoulders,lateral-raise,951,346,98
shoulders,lateral-raise,977,348,107
shoulders,lateral-raise,981,316,124
shoulders,lateral-raise,972,262,145
shoulders,lateral-raise,993,298,147
shoulders,lateral-raise,1001,309,112
shoulders,lateral-raise,1010,288,118
shoulders,lateral-raise,1031,375,178
shoulders,lateral-raise,1024,355,204
shoulders,lateral-raise,1034,248,121
shoulders,lateral-raise,1096,240,144
