-680,872,-520,triceps-extension,,,
-587,794,-458,triceps-extension,,,
-493,663,-456,triceps-extension,,,
-428,805,-136,triceps-extension,,,
-315,801,-302,triceps-extension,,,
-218,821,-313,triceps-extension,,,
-131,684,-319,triceps-extension,,,
-18,678,-265,triceps-extension,,,
133,587,-376,triceps-extension,,,
271,509,-296,triceps-extension,,,
417,483,-291,triceps-extension,,,
516,449,-315,triceps-extension,,,
639,307,-374,triceps-extension,,,
743,211,-374,triceps-extension,,,
831,163,-322,triceps-extension,,,
867,91,-415,triceps-extension,,,
894,26,-469,triceps-extension,,,
920,8,-404,triceps-extension,,,
938,8,-215,triceps-extension,,,
924,8,-133,triceps-extension,,,
883,3,-222,triceps-extension,,,
850,0,-141,triceps-extension,,,
831,0,-120,triceps-extension,,,
815,-17,-210,triceps-extension,,,
812,-32,-141,triceps-extension,,,
832,-20,-28,triceps-extension,,,
829,-12,-19,triceps-extension,,,
775,-20,-29,triceps-extension,,,
701,-42,-34,triceps-extension,,,
626,-57,-5,triceps-extension,,,
558,-83,90,triceps-extension,,,
496,-112,107,triceps-extension,,,
450,-78,118,triceps-extension,,,
421,-110,156,triceps-extension,,,
381,-173,82,triceps-extension,,,
395,-204,128,triceps-extension,,,
449,-192,154,triceps-extension,,,
491,-238,105,triceps-extension,,,
568,-280,168,triceps-extension,,,
656,-357,117,triceps-extension,,,
737,-371,44,triceps-extension,,,
833,-358,110,triceps-extension,,,
849,-375,76,triceps-extension,,,
885,-334,137,triceps-extension,,,
826,-359,146,triceps-extension,,,
835,-298,154,triceps-extension,,,
791,-318,112,triceps-extension,,,
778,-380,189,triceps-extension,,,
699,-439,144,triceps-extension,,,
753,-424,148,triceps-extension,,,
784,-433,264,triceps-extension,,,
744,-575,280,triceps-extension,,,
682,-646,202,triceps-extension,,,
718,-587,261,triceps-extension,,,
735,-606,242,triceps-extension,,,
692,-688,218,triceps-extension,,,
631,-753,202,triceps-extension,,,
666,-732,235,triceps-extension,,,
652,-742,260,triceps-extension,,,
601,-811,271,triceps-extension,,,
559,-785,285,triceps-extension,,,
546,-751,288,triceps-extension,,,
513,-787,207,triceps-extension,,,
456,-842,238,triceps-extension,,,
481,-785,250,triceps-extension,,,
479,-783,231,triceps-extension,,,
444,-853,207,triceps-extension,,,
416,-885,276,triceps-extension,,,
413,-888,286,triceps-extension,,,
411,-913,262,triceps-extension,,,
383,-943,296,triceps-extension,,,
349,-952,282,triceps-extension,,,
331,-966,265,triceps-extension,,,
297,-985,254,triceps-extension,,,
250,-1009,236,triceps-extension,,,
228,-1020,269,triceps-extension,,,
212,-1024,276,triceps-extension,,,
188,-1051,267,triceps-extension,,,
176,-1087,299,triceps-extension,,,
162,-1115,301,triceps-extension,,,
137,-1165,281,triceps-extension,,,
125,-1210,269,triceps-extension,,,
120,-1191,270,triceps-extension,,,
108,-1176,292,triceps-extension,,,
99,-1173,326,triceps-extension,,,
110,-1160,339,triceps-extension,,,
93,-1142,305,triceps-extension,,,
106,-1131,297,triceps-extension,,,
116,-1109,312,triceps-extension,,,
128,-1078,280,triceps-extension,,,
133,-1070,254,triceps-extension,,,
157,-1059,243,triceps-extension,,,
177,-1040,233,triceps-extension,,,
191,-1040,288,triceps-extension,,,
230,-1038,359,triceps-extension,,,
264,-1021,309,triceps-extension,,,
266,-1001,339,triceps-extension,,,
288,-1006,296,triceps-extension,,,
367,-983,295,triceps-extension,,,
353,-967,286,triceps-extension,,,
377,-944,249,triceps-extension,,,
400,-928,272,triceps-extension,,,
416,-904,232,triceps-extension,,,
470,-881,348,triceps-extension,,,
464,-872,261,triceps-extension,,,
509,-857,234,triceps-extension,,,
548,-798,254,triceps-extension,,,
588,-785,292,triceps-extension,,,
599,-777,233,triceps-extension,,,
627,-756,163,triceps-extension,,,
639,-725,212,triceps-extension,,,
633,-674,204,triceps-extension,,,
632,-600,156,triceps-extension,,,
638,-565,138,triceps-extension,,,
670,-518,130,triceps-extension,,,
721,-469,175,triceps-extension,,,
765,-439,135,triceps-extension,,,
798,-421,123,triceps-extension,,,
840,-427,101,triceps-extension,,,
861,-416,56,triceps-extension,,,
864,-408,35,triceps-extension,,,
854,-388,27,triceps-extension,,,
838,-347,38,triceps-extension,,,
818,-314,39,triceps-extension,,,
781,-295,45,triceps-extension,,,
764,-253,69,triceps-extension,,,
760,-212,76,triceps-extension,,,
756,-196,64,triceps-extension,,,
787,-188,68,triceps-extension,,,
831,-191,54,triceps-extension,,,
862,-228,35,triceps-extension,,,
910,-237,51,triceps-extension,,,
946,-213,50,triceps-extension,,,
948,-235,61,triceps-extension,,,
956,-237,70,triceps-extension,,,
928,-224,35,triceps-extension,,,
909,-211,69,triceps-extension,,,
880,-221,69,triceps-extension,,,
835,-230,49,triceps-extension,,,
849,-235,133,triceps-extension,,,
808,-258,90,triceps-extension,,,
813,-238,124,triceps-extension,,,
837,-248,133,triceps-extension,,,
852,-333,133,triceps-extension,,,
828,-421,184,triceps-extension,,,
813,-402,144,triceps-extension,,,
843,-374,148,triceps-extension,,,
855,-432,176,triceps-extension,,,
780,-559,177,triceps-extension,,,
746,-541,185,triceps-extension,,,
775,-500,200,triceps-extension,,,
749,-584,198,triceps-extension,,,
664,-576,137,triceps-extension,,,
664,-568,199,triceps-extension,,,
617,-653,208,triceps-extension,,,
548,-694,231,triceps-extension,,,
537,-689,262,triceps-extension,,,
507,-732,242,triceps-extension,,,
497,-807,290,triceps-extension,,,
475,-830,261,triceps-extension,,,
465,-846,249,triceps-extension,,,
464,-888,288,triceps-extension,,,
438,-968,250,triceps-extension,,,
394,-978,253,triceps-extension,,,
365,-970,262,triceps-extension,,,
306,-1016,222,triceps-extension,,,
253,-1014,237,triceps-extension,,,
257,-985,259,triceps-extension,,,
242,-998,208,triceps-extension,,,
194,-1013,222,triceps-extension,,,
160,-1000,224,triceps-extension,,,
162,-1007,226,triceps-extension,,,
158,-1041,222,triceps-extension,,,
157,-1080,202,triceps-extension,,,
151,-1110,224,triceps-extension,,,
144,-1151,230,triceps-extension,,,
157,-1167,238,triceps-extension,,,
156,-1160,264,triceps-extension,,,
144,-1160,272,triceps-extension,,,
148,-1156,280,triceps-extension,,,
145,-1148,281,triceps-extension,,,
150,-1140,276,triceps-extension,,,
168,-1126,263,triceps-extension,,,
168,-1102,230,triceps-extension,,,
177,-1085,228,triceps-extension,,,
195,-1068,245,triceps-extension,,,
205,-1048,240,triceps-extension,,,
224,-1040,243,triceps-extension,,,
252,-1017,267,triceps-extension,,,
282,-998,307,triceps-extension,,,
292,-986,294,triceps-extension,,,
304,-968,272,triceps-extension,,,
315,-964,231,triceps-extension,,,
352,-952,248,triceps-extension,,,
358,-953,210,triceps-extension,,,
387,-952,195,triceps-extension,,,
404,-907,256,triceps-extension,,,
427,-879,286,triceps-extension,,,
451,-872,166,triceps-extension,,,
476,-871,222,triceps-extension,,,
514,-862,279,triceps-extension,,,
538,-838,265,triceps-extension,,,
576,-808,286,triceps-extension,,,
592,-816,208,triceps-extension,,,
640,-784,272,triceps-extension,,,
640,-784,272,triceps-extension,,,
679,-776,319,triceps-extension,,,
688,-738,213,triceps-extension,,,
725,-699,201,triceps-extension,,,
728,-660,229,triceps-extension,,,
721,-627,196,triceps-extension,,,
727,-617,185,triceps-extension,,,
714,-568,177,triceps-extension,,,
732,-507,183,triceps-extension,,,
729,-450,191,triceps-extension,,,
760,-415,186,triceps-extension,,,
774,-389,165,triceps-extension,,,
758,-354,160,triceps-extension,,,
776,-303,184,triceps-extension,,,
784,-311,163,triceps-extension,,,
784,-320,141,triceps-extension,,,
779,-304,114,triceps-extension,,,
776,-291,130,triceps-extension,,,
791,-278,124,triceps-extension,,,
825,-277,107,triceps-extension,,,
845,-266,85,triceps-extension,,,
894,-228,81,triceps-extension,,,
932,-230,84,triceps-extension,,,
927,-252,102,triceps-extension,,,
912,-223,95,triceps-extension,,,
896,-176,88,triceps-extension,,,
861,-160,92,triceps-extension,,,
839,-160,98,triceps-extension,,,
837,-171,109,triceps-extension,,,
837,-181,109,triceps-extension,,,
875,-179,151,triceps-extension,,,
913,-215,163,triceps-extension,,,
913,-273,111,triceps-extension,,,
904,-274,96,triceps-extension,,,
928,-258,118,triceps-extension,,,
885,-302,108,triceps-extension,,,
819,-332,138,triceps-extension,,,
808,-276,155,triceps-extension,,,
812,-295,186,triceps-extension,,,
799,-396,196,triceps-extension,,,
722,-400,215,triceps-extension,,,
760,-380,240,triceps-extension,,,
764,-444,245,triceps-extension,,,
778,-522,267,triceps-extension,,,
733,-624,244,triceps-extension,,,
657,-625,274,triceps-extension,,,
668,-636,291,triceps-extension,,,
708,-685,319,triceps-extension,,,
652,-751,304,triceps-extension,,,
583,-736,304,triceps-extension,,,
536,-736,304,triceps-extension,,,
528,-776,280,triceps-extension,,,
474,-869,264,triceps-extension,,,
388,-842,218,triceps-extension,,,
369,-825,246,triceps-extension,,,
404,-912,233,triceps-extension,,,
351,-941,211,triceps-extension,,,
344,-937,201,triceps-extension,,,
324,-956,180,triceps-extension,,,
340,-980,236,triceps-extension,,,
292,-977,248,triceps-extension,,,
229,-957,197,triceps-extension,,,
241,-952,190,triceps-extension,,,
230,-976,186,triceps-extension,,,
200,-955,208,triceps-extension,,,
181,-978,176,triceps-extension,,,
193,-1009,177,triceps-extension,,,
173,-1032,184,triceps-extension,,,
155,-1077,195,triceps-extension,,,
147,-1116,190,triceps-extension,,,
154,-1143,194,triceps-extension,,,
155,-1166,200,triceps-extension,,,
166,-1185,246,triceps-extension,,,
158,-1205,231,triceps-extension,,,
118,-1212,201,triceps-extension,,,
92,-1196,212,triceps-extension,,,
92,-1172,228,triceps-extension,,,
92,-1145,248,triceps-extension,,,
84,-1113,263,triceps-extension,,,
76,-1078,268,triceps-extension,,,
72,-1049,254,triceps-extension,,,
75,-1037,240,triceps-extension,,,
86,-1032,234,triceps-extension,,,
102,-1035,221,triceps-extension,,,
109,-1040,202,triceps-extension,,,
107,-1035,184,triceps-extension,,,
129,-1017,217,triceps-extension,,,
175,-1000,251,triceps-extension,,,
194,-1000,238,triceps-extension,,,
208,-1002,226,triceps-extension,,,
237,-1001,212,triceps-extension,,,
259,-974,222,triceps-extension,,,
273,-969,209,triceps-extension,,,
284,-972,181,triceps-extension,,,
308,-951,204,triceps-extension,,,
332,-940,188,triceps-extension,,,
363,-912,212,triceps-extension,,,
388,-909,179,triceps-extension,,,
426,-881,205,triceps-extension,,,
458,-888,167,triceps-extension,,,
496,-880,144,triceps-extension,,,
512,-872,144,triceps-extension,,,
568,-848,144,triceps-extension,,,
584,-794,175,triceps-extension,,,
630,-800,161,triceps-extension,,,
662,-755,197,triceps-extension,,,
686,-745,156,triceps-extension,,,
724,-730,188,triceps-extension,,,
756,-700,143,triceps-extension,,,
746,-669,143,triceps-extension,,,
737,-637,124,triceps-extension,,,
723,-593,127,triceps-extension,,,
701,-565,109,triceps-extension,,,
702,-517,141,triceps-extension,,,
704,-486,122,triceps-extension,,,
704,-433,118,triceps-extension,,,
698,-410,149,triceps-extension,,,
713,-369,193,triceps-extension,,,
752,-341,197,triceps-extension,,,
805,-352,181,triceps-extension,,,
829,-345,151,triceps-extension,,,
827,-331,126,triceps-extension,,,
819,-290,125,triceps-extension,,,
807,-241,128,triceps-extension,,,
800,-224,115,triceps-extension,,,
791,-228,91,triceps-extension,,,
784,-224,84,triceps-extension,,,
816,-208,124,triceps-extension,,,
836,-227,156,triceps-extension,,,
850,-245,152,triceps-extension,,,
869,-257,141,triceps-extension,,,
839,-281,128,triceps-extension,,,
806,-314,138,triceps-extension,,,
798,-327,158,triceps-extension,,,
799,-251,142,triceps-extension,,,
795,-283,110,triceps-extension,,,
785,-352,157,triceps-extension,,,
732,-360,210,triceps-extension,,,
776,-327,227,triceps-extension,,,
786,-412,201,triceps-extension,,,
704,-490,184,triceps-extension,,,
709,-507,260,triceps-extension,,,
712,-562,267,triceps-extension,,,
660,-626,260,triceps-extension,,,
704,-617,297,triceps-extension,,,
649,-710,236,triceps-extension,,,
560,-737,302,triceps-extension,,,
555,-695,284,triceps-extension,,,
508,-751,250,triceps-extension,,,
473,-747,274,triceps-extension,,,
486,-789,306,triceps-extension,,,
453,-888,342,triceps-extension,,,
360,-872,264,triceps-extension,,,
360,-848,304,triceps-extension,,,
329,-949,265,triceps-extension,,,
229,-922,279,triceps-extension,,,
217,-890,280,triceps-extension,,,
216,-946,236,triceps-extension,,,
166,-1016,296,triceps-extension,,,
139,-1010,297,triceps-extension,,,
129,-1022,282,triceps-extension,,,
108,-1057,300,triceps-extension,,,
71,-1103,278,triceps-extension,,,
58,-1125,278,triceps-extension,,,
50,-1147,280,triceps-extension,,,
24,-1164,244,triceps-extension,,,
10,-1168,303,triceps-extension,,,
8,-1157,351,triceps-extension,,,
-25,-1152,321,triceps-extension,,,
-51,-1147,396,triceps-extension,,,
-61,-1144,419,triceps-extension,,,
-79,-1129,408,triceps-extension,,,
-78,-1115,403,triceps-extension,,,
-67,-1102,405,triceps-extension,,,
-73,-1073,403,triceps-extension,,,
-67,-1052,422,triceps-extension,,,
-56,-1044,393,triceps-extension,,,
-48,-1032,364,triceps-extension,,,
-32,-1016,380,triceps-extension,,,
-9,-996,388,triceps-extension,,,
15,-980,374,triceps-extension,,,
52,-972,345,triceps-extension,,,
98,-965,336,triceps-extension,,,
122,-963,349,triceps-extension,,,
136,-968,362,triceps-extension,,,
148,-956,346,triceps-extension,,,
176,-939,339,triceps-extension,,,
192,-936,336,triceps-extension,,,
190,-915,318,triceps-extension,,,
177,-911,307,triceps-extension,,,
173,-926,309,triceps-extension,,,
210,-916,342,triceps-extension,,,
223,-899,343,triceps-extension,,,
256,-883,360,triceps-extension,,,
297,-893,327,triceps-extension,,,
348,-879,325,triceps-extension,,,
412,-873,352,triceps-extension,,,
438,-876,354,triceps-extension,,,
482,-850,363,triceps-extension,,,
502,-863,321,triceps-extension,,,
562,-848,324,triceps-extension,,,
595,-845,264,triceps-extension,,,
648,-784,274,triceps-extension,,,
656,-776,328,triceps-extension,,,
688,-744,240,triceps-extension,,,
688,-744,240,triceps-extension,,,
704,-721,279,triceps-extension,,,
734,-712,234,triceps-extension,,,
743,-660,277,triceps-extension,,,
788,-612,244,triceps-extension,,,
785,-579,219,triceps-extension,,,
805,-569,181,triceps-extension,,,
822,-554,149,triceps-extension,,,
831,-519,164,triceps-extension,,,
825,-473,181,triceps-extension,,,
862,-432,222,triceps-extension,,,
884,-405,195,triceps-extension,,,
900,-388,178,triceps-extension,,,
863,-337,182,triceps-extension,,,
825,-297,161,triceps-extension,,,
799,-243,124,triceps-extension,,,
792,-213,117,triceps-extension,,,
766,-219,104,triceps-extension,,,
752,-188,121,triceps-extension,,,
772,-143,126,triceps-extension,,,
784,-157,110,triceps-extension,,,
793,-167,150,triceps-extension,,,
836,-160,166,triceps-extension,,,
855,-182,139,triceps-extension,,,
848,-192,107,triceps-extension,,,
868,-176,96,triceps-extension,,,
876,-187,81,triceps-extension,,,
860,-219,38,triceps-extension,,,
884,-214,55,triceps-extension,,,
893,-212,80,triceps-extension,,,
875,-230,103,triceps-extension,,,
901,-222,166,triceps-extension,,,
879,-261,139,triceps-extension,,,
840,-301,130,triceps-extension,,,
829,-270,127,triceps-extension,,,
845,-275,164,triceps-extension,,,
833,-354,138,triceps-extension,,,
774,-396,150,triceps-extension,,,
795,-388,180,triceps-extension,,,
866,-436,196,triceps-extension,,,
808,-558,138,triceps-extension,,,
782,-552,175,triceps-extension,,,
809,-569,181,triceps-extension,,,
808,-660,242,triceps-extension,,,
748,-674,207,triceps-extension,,,
661,-632,208,triceps-extension,,,
627,-640,278,triceps-extension,,,
570,-721,341,triceps-extension,,,
490,-632,299,triceps-extension,,,
528,-636,359,triceps-extension,,,
543,-768,320,triceps-extension,,,
473,-776,312,triceps-extension,,,
464,-760,343,triceps-extension,,,
479,-813,291,triceps-extension,,,
413,-876,325,triceps-extension,,,
357,-844,386,triceps-extension,,,
373,-847,363,triceps-extension,,,
355,-925,374,triceps-extension,,,
277,-916,356,triceps-extension,,,
264,-912,345,triceps-extension,,,
251,-958,337,triceps-extension,,,
216,-981,336,triceps-extension,,,
165,-965,367,triceps-extension,,,
128,-978,412,triceps-extension,,,
108,-984,436,triceps-extension,,,
87,-938,474,triceps-extension,,,
80,-926,477,triceps-extension,,,
69,-939,477,triceps-extension,,,
59,-976,491,triceps-extension,,,
61,-992,481,triceps-extension,,,
59,-992,472,triceps-extension,,,
56,-1021,448,triceps-extension,,,
61,-1049,418,triceps-extension,,,
60,-1060,435,triceps-extension,,,
52,-1081,443,triceps-extension,,,
65,-1104,424,triceps-extension,,,
76,-1104,432,triceps-extension,,,
80,-1096,467,triceps-extension,,,
88,-1092,470,triceps-extension,,,
92,-1067,466,triceps-extension,,,
86,-1027,485,triceps-extension,,,
69,-995,477,triceps-extension,,,
58,-973,460,triceps-extension,,,
48,-965,443,triceps-extension,,,
51,-955,443,triceps-extension,,,
64,-944,427,triceps-extension,,,
82,-944,421,triceps-extension,,,
95,-944,425,triceps-extension,,,
118,-950,404,triceps-extension,,,
144,-968,388,triceps-extension,,,
173,-957,380,triceps-extension,,,
195,-922,389,triceps-extension,,,
208,-928,377,triceps-extension,,,
215,-928,384,triceps-extension,,,
249,-923,383,triceps-extension,,,
260,-897,381,triceps-extension,,,
290,-903,415,triceps-extension,,,
307,-892,412,triceps-extension,,,
335,-857,453,triceps-extension,,,
328,-873,416,triceps-extension,,,
337,-888,424,triceps-extension,,,
368,-872,416,triceps-extension,,,
384,-840,400,triceps-extension,,,
438,-832,423,triceps-extension,,,
448,-832,432,triceps-extension,,,
470,-832,402,triceps-extension,,,
494,-832,400,triceps-extension,,,
525,-818,421,triceps-extension,,,
556,-802,410,triceps-extension,,,
553,-786,422,triceps-extension,,,
585,-764,404,triceps-extension,,,
612,-734,426,triceps-extension,,,
635,-703,400,triceps-extension,,,
652,-671,398,triceps-extension,,,
680,-658,364,triceps-extension,,,
694,-632,358,triceps-extension,,,
713,-595,360,triceps-extension,,,
726,-556,343,triceps-extension,,,
739,-517,363,triceps-extension,,,
739,-462,365,triceps-extension,,,
736,-435,319,triceps-extension,,,
741,-417,276,triceps-extension,,,
744,-408,250,triceps-extension,,,
758,-394,249,triceps-extension,,,
790,-353,247,triceps-extension,,,
830,-332,236,triceps-extension,,,
856,-336,228,triceps-extension,,,
880,-324,208,triceps-extension,,,
904,-304,161,triceps-extension,,,
894,-281,139,triceps-extension,,,
844,-243,134,triceps-extension,,,
788,-216,109,triceps-extension,,,
757,-210,127,triceps-extension,,,
758,-176,178,triceps-extension,,,
785,-145,179,triceps-extension,,,
835,-165,114,triceps-extension,,,
885,-197,101,triceps-extension,,,
927,-228,130,triceps-extension,,,
955,-209,118,triceps-extension,,,
938,-226,80,triceps-extension,,,
918,-214,106,triceps-extension,,,
898,-228,98,triceps-extension,,,
848,-218,69,triceps-extension,,,
848,-220,151,triceps-extension,,,
836,-204,140,triceps-extension,,,
785,-218,132,triceps-extension,,,
833,-200,194,triceps-extension,,,
781,-315,168,triceps-extension,,,
759,-334,294,triceps-extension,,,
747,-319,196,triceps-extension,,,
788,-420,257,triceps-extension,,,
703,-495,280,triceps-extension,,,
673,-449,264,triceps-extension,,,
783,-519,304,triceps-extension,,,
699,-636,273,triceps-extension,,,
620,-617,280,triceps-extension,,,
720,-646,347,triceps-extension,,,
684,-779,272,triceps-extension,,,
609,-792,357,triceps-extension,,,
600,-757,354,triceps-extension,,,
559,-800,332,triceps-extension,,,
512,-828,408,triceps-extension,,,
452,-760,411,triceps-extension,,,
434,-750,446,triceps-extension,,,
420,-808,468,triceps-extension,,,
368,-788,460,triceps-extension,,,
346,-776,444,triceps-extension,,,
361,-856,457,triceps-extension,,,
329,-882,458,triceps-extension,,,
296,-875,429,triceps-extension,,,
304,-919,416,triceps-extension,,,
276,-964,431,triceps-extension,,,
212,-961,420,triceps-extension,,,
165,-947,413,triceps-extension,,,
138,-949,402,triceps-extension,,,
106,-956,401,triceps-extension,,,
75,-956,430,triceps-extension,,,
52,-964,440,triceps-extension,,,
32,-992,448,triceps-extension,,,
32,-1000,472,triceps-extension,,,
25,-1003,476,triceps-extension,,,
8,-1030,468,triceps-extension,,,
5,-1055,454,triceps-extension,,,
3,-1070,440,triceps-extension,,,
11,-1086,437,triceps-extension,,,
19,-1105,417,triceps-extension,,,
29,-1123,392,triceps-extension,,,
43,-1120,389,triceps-extension,,,
48,-1102,386,triceps-extension,,,
53,-1094,406,triceps-extension,,,
70,-1084,440,triceps-extension,,,
92,-1066,440,triceps-extension,,,
102,-1044,436,triceps-extension,,,
101,-1025,417,triceps-extension,,,
119,-996,386,triceps-extension,,,
115,-976,353,triceps-extension,,,
132,-975,316,triceps-extension,,,
153,-968,290,triceps-extension,,,
164,-966,252,triceps-extension,,,
201,-953,287,triceps-extension,,,
218,-967,281,triceps-extension,,,
248,-959,296,triceps-extension,,,
257,-944,296,triceps-extension,,,
296,-952,296,triceps-extension,,,
328,-936,312,triceps-extension,,,
328,-936,312,triceps-extension,,,
336,-920,320,triceps-extension,,,
351,-905,328,triceps-extension,,,
352,-897,298,triceps-extension,,,
345,-881,281,triceps-extension,,,
358,-866,287,triceps-extension,,,
381,-871,323,triceps-extension,,,
404,-858,314,triceps-extension,,,
435,-863,312,triceps-extension,,,
460,-857,286,triceps-extension,,,
508,-869,293,triceps-extension,,,
526,-866,284,triceps-extension,,,
552,-852,292,triceps-extension,,,
595,-824,284,triceps-extension,,,
625,-810,251,triceps-extension,,,
654,-786,251,triceps-extension,,,
713,-760,272,triceps-extension,,,
741,-736,264,triceps-extension,,,
759,-713,241,triceps-extension,,,
783,-679,232,triceps-extension,,,
797,-631,213,triceps-extension,,,
795,-589,177,triceps-extension,,,
810,-549,164,triceps-extension,,,
820,-498,138,triceps-extension,,,
828,-447,120,triceps-extension,,,
832,-400,120,triceps-extension,,,
824,-361,131,triceps-extension,,,
820,-315,145,triceps-extension,,,
812,-273,125,triceps-extension,,,
771,-251,99,triceps-extension,,,
730,-209,90,triceps-extension,,,
744,-182,92,triceps-extension,,,
750,-192,75,triceps-extension,,,
765,-184,85,triceps-extension,,,
786,-181,78,triceps-extension,,,
815,-208,35,triceps-extension,,,
846,-203,31,triceps-extension,,,
876,-205,29,triceps-extension,,,
866,-246,-30,triceps-extension,,,
885,-251,-34,triceps-extension,,,
918,-216,14,triceps-extension,,,
881,-244,12,triceps-extension,,,
883,-229,27,triceps-extension,,,
857,-254,6,triceps-extension,,,
859,-245,38,triceps-extension,,,
825,-277,34,triceps-extension,,,
835,-247,111,triceps-extension,,,
865,-250,23,triceps-extension,,,
879,-392,120,triceps-extension,,,
864,-384,111,triceps-extension,,,
872,-369,88,triceps-extension,,,
920,-439,104,triceps-extension,,,
842,-494,96,triceps-extension,,,
749,-488,126,triceps-extension,,,
774,-451,217,triceps-extension,,,
791,-536,188,triceps-extension,,,
692,-594,155,triceps-extension,,,
687,-558,180,triceps-extension,,,
715,-620,204,triceps-extension,,,
660,-699,241,triceps-extension,,,
596,-679,202,triceps-extension,,,
597,-685,249,triceps-extension,,,
588,-775,252,triceps-extension,,,
518,-752,194,triceps-extension,,,
514,-754,229,triceps-extension,,,
514,-817,259,triceps-extension,,,
479,-823,236,triceps-extension,,,
469,-832,240,triceps-extension,,,
472,-872,243,triceps-extension,,,
431,-903,235,triceps-extension,,,
388,-917,257,triceps-extension,,,
386,-934,286,triceps-extension,,,
355,-958,328,triceps-extension,,,
306,-955,321,triceps-extension,,,
292,-944,343,triceps-extension,,,
275,-956,347,triceps-extension,,,
260,-956,332,triceps-extension,,,
249,-956,314,triceps-extension,,,
217,-986,265,triceps-extension,,,
204,-1008,295,triceps-extension,,,
188,-1025,314,triceps-extension,,,
163,-1058,288,triceps-extension,,,
171,-1081,309,triceps-extension,,,
173,-1108,292,triceps-extension,,,
171,-1133,275,triceps-extension,,,
179,-1141,283,triceps-extension,,,
186,-1136,278,triceps-extension,,,
187,-1125,267,triceps-extension,,,
172,-1094,307,triceps-extension,,,
158,-1080,330,triceps-extension,,,
150,-1049,323,triceps-extension,,,
144,-1021,355,triceps-extension,,,
151,-1002,339,triceps-extension,,,
181,-977,348,triceps-extension,,,
166,-984,326,triceps-extension,,,
155,-986,307,triceps-extension,,,
178,-998,272,triceps-extension,,,
193,-984,275,triceps-extension,,,
201,-985,302,triceps-extension,,,
208,-991,281,triceps-extension,,,
216,-975,296,triceps-extension,,,
232,-952,304,triceps-extension,,,
208,-960,208,triceps-extension,,,
239,-867,239,triceps-extension,,,
255,-849,316,triceps-extension,,,
286,-863,298,triceps-extension,,,
273,-864,281,triceps-extension,,,
293,-843,309,triceps-extension,,,
282,-819,312,triceps-extension,,,
314,-843,292,triceps-extension,,,
327,-861,321,triceps-extension,,,
341,-877,321,triceps-extension,,,
369,-874,339,triceps-extension,,,
376,-897,307,triceps-extension,,,
382,-910,350,triceps-extension,,,
390,-918,344,triceps-extension,,,
398,-920,347,triceps-extension,,,
406,-926,330,triceps-extension,,,
419,-928,320,triceps-extension,,,
435,-912,352,triceps-extension,,,
435,-904,337,triceps-extension,,,
442,-899,330,triceps-extension,,,
453,-891,346,triceps-extension,,,
447,-888,343,triceps-extension,,,
462,-884,323,triceps-extension,,,
493,-871,303,triceps-extension,,,
516,-864,292,triceps-extension,,,
544,-856,284,triceps-extension,,,
575,-848,276,triceps-extension,,,
596,-848,268,triceps-extension,,,
614,-830,268,triceps-extension,,,
642,-805,265,triceps-extension,,,
656,-784,227,triceps-extension,,,
668,-760,196,triceps-extension,,,
700,-751,213,triceps-extension,,,
720,-720,211,triceps-extension,,,
725,-688,203,triceps-extension,,,
741,-676,181,triceps-extension,,,
761,-639,192,triceps-extension,,,
782,-616,184,triceps-extension,,,
786,-606,164,triceps-extension,,,
818,-567,183,triceps-extension,,,
827,-534,200,triceps-extension,,,
841,-522,165,triceps-extension,,,
849,-491,155,triceps-extension,,,
852,-453,167,triceps-extension,,,
829,-385,163,triceps-extension,,,
805,-331,177,triceps-extension,,,
776,-287,120,triceps-extension,,,
776,-268,122,triceps-extension,,,
778,-206,148,triceps-extension,,,
808,-169,72,triceps-extension,,,
824,-192,64,triceps-extension,,,
856,-168,80,triceps-extension,,,
872,-137,111,triceps-extension,,,
872,-144,51,triceps-extension,,,
887,-137,41,triceps-extension,,,
873,-151,33,triceps-extension,,,
922,-123,53,triceps-extension,,,
921,-120,35,triceps-extension,,,
954,-100,59,triceps-extension,,,
973,-76,57,triceps-extension,,,
956,-92,36,triceps-extension,,,
933,-96,26,triceps-extension,,,
959,-77,74,triceps-extension,,,
950,-96,16,triceps-extension,,,
915,-110,27,triceps-extension,,,
898,-123,51,triceps-extension,,,
863,-150,78,triceps-extension,,,
880,-138,115,triceps-extension,,,
907,-160,144,triceps-extension,,,
897,-227,142,triceps-extension,,,
873,-236,126,triceps-extension,,,
883,-238,139,triceps-extension,,,
891,-317,152,triceps-extension,,,
848,-377,156,triceps-extension,,,
833,-371,195,triceps-extension,,,
852,-414,199,triceps-extension,,,
816,-492,192,triceps-extension,,,
764,-501,227,triceps-extension,,,
741,-498,244,triceps-extension,,,
703,-548,261,triceps-extension,,,
638,-574,301,triceps-extension,,,
582,-557,301,triceps-extension,,,
571,-595,278,triceps-extension,,,
573,-676,285,triceps-extension,,,
552,-707,266,triceps-extension,,,
543,-746,261,triceps-extension,,,
587,-803,287,triceps-extension,,,
560,-857,253,triceps-extension,,,
516,-869,264,triceps-extension,,,
500,-854,254,triceps-extension,,,
486,-900,238,triceps-extension,,,
472,-907,288,triceps-extension,,,
439,-891,291,triceps-extension,,,
423,-905,312,triceps-extension,,,
371,-908,350,triceps-extension,,,
341,-891,335,triceps-extension,,,
316,-915,329,triceps-extension,,,
279,-936,339,triceps-extension,,,
265,-939,368,triceps-extension,,,
278,-978,368,triceps-extension,,,
232,-1008,362,triceps-extension,,,
216,-1008,416,triceps-extension,,,
192,-1016,368,triceps-extension,,,
192,-1016,368,triceps-extension,,,
184,-1063,391,triceps-extension,,,
184,-1072,415,triceps-extension,,,
177,-1079,431,triceps-extension,,,
154,-1095,425,triceps-extension,,,
152,-1103,367,triceps-extension,,,
152,-1090,381,triceps-extension,,,
152,-1095,336,triceps-extension,,,
165,-1089,321,triceps-extension,,,
168,-1095,333,triceps-extension,,,
168,-1096,349,triceps-extension,,,
162,-1090,321,triceps-extension,,,
166,-1070,312,triceps-extension,,,
174,-1035,306,triceps-extension,,,
182,-1018,281,triceps-extension,,,
184,-1005,278,triceps-extension,,,
206,-995,296,triceps-extension,,,
227,-971,315,triceps-extension,,,
242,-950,284,triceps-extension,,,
273,-939,279,triceps-extension,,,
298,-926,307,triceps-extension,,,
323,-911,274,triceps-extension,,,
340,-908,244,triceps-extension,,,
353,-908,239,triceps-extension,,,
381,-900,257,triceps-extension,,,
400,-900,244,triceps-extension,,,
408,-900,220,triceps-extension,,,
434,-896,225,triceps-extension,,,
467,-889,223,triceps-extension,,,
477,-873,219,triceps-extension,,,
485,-854,223,triceps-extension,,,
510,-834,250,triceps-extension,,,
523,-830,237,triceps-extension,,,
533,-835,224,triceps-extension,,,
549,-821,208,triceps-extension,,,
567,-811,213,triceps-extension,,,
593,-795,229,triceps-extension,,,
627,-778,229,triceps-extension,,,
664,-758,214,triceps-extension,,,
693,-748,243,triceps-extension,,,
715,-728,200,triceps-extension,,,
732,-690,197,triceps-extension,,,
753,-661,184,triceps-extension,,,
766,-641,182,triceps-extension,,,
799,-596,166,triceps-extension,,,
796,-564,152,triceps-extension,,,
832,-525,152,triceps-extension,,,
834,-489,154,triceps-extension,,,
855,-399,173,triceps-extension,,,
840,-375,113,triceps-extension,,,
848,-328,144,triceps-extension,,,
840,-296,152,triceps-extension,,,
817,-249,105,triceps-extension,,,
831,-210,119,triceps-extension,,,
810,-201,60,triceps-extension,,,
801,-171,63,triceps-extension,,,
800,-182,71,triceps-extension,,,
821,-170,72,triceps-extension,,,
844,-141,65,triceps-extension,,,
848,-149,37,triceps-extension,,,
855,-159,19,triceps-extension,,,
869,-128,41,triceps-extension,,,
878,-145,23,triceps-extension,,,
892,-152,-8,triceps-extension,,,
931,-134,60,triceps-extension,,,
927,-151,-27,triceps-extension,,,
903,-154,-27,triceps-extension,,,
923,-147,19,triceps-extension,,,
925,-176,16,triceps-extension,,,
905,-172,18,triceps-extension,,,
906,-160,34,triceps-extension,,,
883,-198,59,triceps-extension,,,
855,-252,100,triceps-extension,,,
821,-245,93,triceps-extension,,,
822,-250,89,triceps-extension,,,
815,-334,100,triceps-extension,,,
784,-368,116,triceps-extension,,,
764,-367,121,triceps-extension,,,
781,-421,137,triceps-extension,,,
777,-495,180,triceps-extension,,,
718,-537,191,triceps-extension,,,
720,-547,206,triceps-extension,,,
738,-616,219,triceps-extension,,,
690,-677,224,triceps-extension,,,
621,-672,227,triceps-extension,,,
606,-693,232,triceps-extension,,,
565,-736,251,triceps-extension,,,
511,-725,298,triceps-extension,,,
486,-709,300,triceps-extension,,,
478,-768,298,triceps-extension,,,
463,-840,333,triceps-extension,,,
427,-843,344,triceps-extension,,,
402,-863,316,triceps-extension,,,
372,-904,333,triceps-extension,,,
346,-948,322,triceps-extension,,,
309,-970,337,triceps-extension,,,
284,-984,343,triceps-extension,,,
244,-986,335,triceps-extension,,,
207,-1009,330,triceps-extension,,,
191,-1016,358,triceps-extension,,,
175,-1016,328,triceps-extension,,,
144,-1032,336,triceps-extension,,,
136,-1064,336,triceps-extension,,,
136,-1056,344,triceps-extension,,,
113,-1071,329,triceps-extension,,,
127,-1094,335,triceps-extension,,,
135,-1089,329,triceps-extension,,,
165,-1109,385,triceps-extension,,,
182,-1140,322,triceps-extension,,,
184,-1130,264,triceps-extension,,,
184,-1135,343,triceps-extension,,,
184,-1123,308,triceps-extension,,,
178,-1114,296,triceps-extension,,,
182,-1093,296,triceps-extension,,,
190,-1052,302,triceps-extension,,,
186,-1022,275,triceps-extension,,,
207,-993,310,triceps-extension,,,
199,-978,300,triceps-extension,,,
208,-954,304,triceps-extension,,,
216,-944,301,triceps-extension,,,
221,-929,296,triceps-extension,,,
224,-920,296,triceps-extension,,,
234,-925,301,triceps-extension,,,
231,-928,281,triceps-extension,,,
251,-928,309,triceps-extension,,,
294,-915,327,triceps-extension,,,
320,-904,379,triceps-extension,,,
316,-900,364,triceps-extension,,,
323,-888,303,triceps-extension,,,
340,-876,309,triceps-extension,,,
350,-868,300,triceps-extension,,,
378,-861,314,triceps-extension,,,
395,-866,331,triceps-extension,,,
409,-871,305,triceps-extension,,,
439,-850,273,triceps-extension,,,
467,-840,288,triceps-extension,,,
485,-843,248,triceps-extension,,,
524,-853,232,triceps-extension,,,
563,-864,225,triceps-extension,,,
594,-862,204,triceps-extension,,,
608,-852,198,triceps-extension,,,
637,-835,216,triceps-extension,,,
658,-813,214,triceps-extension,,,
671,-797,208,triceps-extension,,,
708,-781,211,triceps-extension,,,
730,-764,222,triceps-extension,,,
746,-741,208,triceps-extension,,,
763,-717,211,triceps-extension,,,
785,-693,228,triceps-extension,,,
793,-661,186,triceps-extension,,,
809,-622,208,triceps-extension,,,
832,-583,200,triceps-extension,,,
848,-536,208,triceps-extension,,,
848,-504,224,triceps-extension,,,
871,-481,185,triceps-extension,,,
880,-465,146,triceps-extension,,,
910,-412,174,triceps-extension,,,
890,-350,183,triceps-extension,,,
867,-308,84,triceps-extension,,,
829,-255,121,triceps-extension,,,
763,-207,73,triceps-extension,,,
719,-167,37,triceps-extension,,,
686,-147,-20,triceps-extension,,,
686,-125,-26,triceps-extension,,,
762,-77,50,triceps-extension,,,
790,-76,30,triceps-extension,,,
833,-86,-2,triceps-extension,,,
882,-82,21,triceps-extension,,,
918,-80,4,triceps-extension,,,
950,-80,-24,triceps-extension,,,
949,-80,-53,triceps-extension,,,
944,-75,-79,triceps-extension,,,
929,-62,-128,triceps-extension,,,
949,-32,-99,triceps-extension,,,
936,-44,-92,triceps-extension,,,
916,-60,-72,triceps-extension,,,
937,-52,-36,triceps-extension,,,
935,-69,-36,triceps-extension,,,
920,-88,0,triceps-extension,,,
939,-100,44,triceps-extension,,,
934,-141,7,triceps-extension,,,
922,-172,6,triceps-extension,,,
944,-198,64,triceps-extension,,,
921,-253,61,triceps-extension,,,
885,-263,65,triceps-extension,,,
889,-265,83,triceps-extension,,,
901,-321,80,triceps-extension,,,
873,-376,74,triceps-extension,,,
839,-382,120,triceps-extension,,,
861,-394,162,triceps-extension,,,
819,-480,132,triceps-extension,,,
778,-482,144,triceps-extension,,,
769,-511,148,triceps-extension,,,
785,-599,165,triceps-extension,,,
724,-623,188,triceps-extension,,,
703,-633,204,triceps-extension,,,
687,-721,188,triceps-extension,,,
624,-729,207,triceps-extension,,,
566,-739,199,triceps-extension,,,
548,-772,196,triceps-extension,,,
509,-807,243,triceps-extension,,,
463,-794,279,triceps-extension,,,
440,-834,265,triceps-extension,,,
456,-912,312,triceps-extension,,,
400,-888,304,triceps-extension,,,
400,-888,304,triceps-extension,,,
400,-911,320,triceps-extension,,,
415,-927,320,triceps-extension,,,
379,-921,298,triceps-extension,,,
354,-913,340,triceps-extension,,,
309,-941,330,triceps-extension,,,
283,-916,321,triceps-extension,,,
280,-912,354,triceps-extension,,,
260,-932,347,triceps-extension,,,
223,-923,357,triceps-extension,,,
210,-933,309,triceps-extension,,,
189,-961,333,triceps-extension,,,
178,-956,386,triceps-extension,,,
158,-964,365,triceps-extension,,,
146,-997,352,triceps-extension,,,
138,-1019,352,triceps-extension,,,
141,-1040,363,triceps-extension,,,
139,-1080,342,triceps-extension,,,
146,-1101,343,triceps-extension,,,
162,-1099,362,triceps-extension,,,
168,-1101,354,triceps-extension,,,
173,-1113,353,triceps-extension,,,
176,-1120,324,triceps-extension,,,
189,-1103,313,triceps-extension,,,
200,-1080,340,triceps-extension,,,
192,-1068,324,triceps-extension,,,
184,-1056,296,triceps-extension,,,
177,-1037,281,triceps-extension,,,
172,-1017,268,triceps-extension,,,
189,-995,272,triceps-extension,,,
208,-966,275,triceps-extension,,,
226,-940,314,triceps-extension,,,
268,-917,356,triceps-extension,,,
299,-901,344,triceps-extension,,,
323,-880,347,triceps-extension,,,
338,-885,310,triceps-extension,,,
369,-891,283,triceps-extension,,,
394,-876,264,triceps-extension,,,
406,-868,240,triceps-extension,,,
420,-878,244,triceps-extension,,,
411,-870,258,triceps-extension,,,
424,-864,265,triceps-extension,,,
425,-865,268,triceps-extension,,,
436,-870,244,triceps-extension,,,
457,-855,226,triceps-extension,,,
465,-847,242,triceps-extension,,,
471,-839,257,triceps-extension,,,
466,-833,269,triceps-extension,,,
490,-839,235,triceps-extension,,,
520,-824,294,triceps-extension,,,
504,-824,224,triceps-extension,,,
520,-800,176,triceps-extension,,,
536,-800,223,triceps-extension,,,
536,-815,201,triceps-extension,,,
558,-823,185,triceps-extension,,,
582,-802,220,triceps-extension,,,
598,-814,195,triceps-extension,,,
635,-809,213,triceps-extension,,,
633,-794,202,triceps-extension,,,
645,-792,180,triceps-extension,,,
641,-779,163,triceps-extension,,,
659,-776,179,triceps-extension,,,
676,-733,165,triceps-extension,,,
698,-726,172,triceps-extension,,,
722,-716,229,triceps-extension,,,
728,-723,185,triceps-extension,,,
734,-717,143,triceps-extension,,,
758,-701,163,triceps-extension,,,
773,-685,171,triceps-extension,,,
791,-665,183,triceps-extension,,,
805,-641,177,triceps-extension,,,
818,-622,149,triceps-extension,,,
829,-602,145,triceps-extension,,,
836,-579,139,triceps-extension,,,
840,-559,137,triceps-extension,,,
852,-540,181,triceps-extension,,,
864,-516,184,triceps-extension,,,
879,-492,152,triceps-extension,,,
911,-476,148,triceps-extension,,,
942,-447,137,triceps-extension,,,
953,-409,118,triceps-extension,,,
947,-397,117,triceps-extension,,,
958,-383,145,triceps-extension,,,
953,-362,122,triceps-extension,,,
920,-336,61,triceps-extension,,,
901,-286,64,triceps-extension,,,
877,-238,46,triceps-extension,,,
802,-202,26,triceps-extension,,,
703,-166,-21,triceps-extension,,,
622,-160,-52,triceps-extension,,,
603,-164,-35,triceps-extension,,,
650,-171,-19,triceps-extension,,,
700,-167,-38,triceps-extension,,,
772,-235,-51,triceps-extension,,,
880,-252,15,triceps-extension,,,
925,-278,-7,triceps-extension,,,
907,-312,-104,triceps-extension,,,
933,-246,-39,triceps-extension,,,
905,-221,-33,triceps-extension,,,
912,-175,-40,triceps-extension,,,
902,-160,-40,triceps-extension,,,
848,-176,-56,triceps-extension,,,
800,-160,-48,triceps-extension,,,
660,-176,-180,triceps-extension,,,
648,-222,-100,triceps-extension,,,
752,-112,83,triceps-extension,,,
658,-177,-130,triceps-extension,,,
648,-205,-102,triceps-extension,,,
732,-145,16,triceps-extension,,,
655,-170,-91,triceps-extension,,,
667,-136,-45,triceps-extension,,,
659,-154,20,triceps-extension,,,
643,-147,-19,triceps-extension,,,
621,-113,-1,triceps-extension,,,
634,-134,-16,triceps-extension,,,
693,-79,17,triceps-extension,,,
689,-67,9,triceps-extension,,,
702,-61,-22,triceps-extension,,,
723,-29,6,triceps-extension,,,
723,-5,35,triceps-extension,,,
756,0,30,triceps-extension,,,
796,20,4,triceps-extension,,,
813,22,2,triceps-extension,,,
848,21,-6,triceps-extension,,,
908,46,-7,triceps-extension,,,
953,90,9,triceps-extension,,,
1010,133,-21,triceps-extension,,,
1060,176,-92,triceps-extension,,,
1095,223,-155,triceps-extension,,,
1138,281,-247,triceps-extension,,,
1153,327,-352,triceps-extension,,,
1144,356,-395,triceps-extension,,,
1141,419,-384,triceps-extension,,,
1130,451,-290,triceps-extension,,,
1094,460,-150,triceps-extension,,,
1015,550,-118,triceps-extension,,,
908,604,-95,triceps-extension,,,
789,688,49,triceps-extension,,,
696,758,135,triceps-extension,,,
586,796,114,triceps-extension,,,
486,810,106,triceps-extension,,,
427,807,80,triceps-extension,,,
388,807,159,triceps-extension,,,
294,922,218,triceps-extension,,,
207,896,111,triceps-extension,,,
153,904,225,triceps-extension,,,
98,949,218,triceps-extension,,,
-12,930,126,triceps-extension,,,
-116,943,202,triceps-extension,,,
-161,932,446,triceps-extension,,,
-287,978,104,triceps-extension,,,
-418,864,268,triceps-extension,,,
-473,881,399,triceps-extension,,,
-551,959,305,triceps-extension,,,
-715,797,242,triceps-extension,,,
-750,845,377,triceps-extension,,,
-797,878,503,triceps-extension,,,
-888,829,271,triceps-extension,,,
-1010,781,312,triceps-extension,,,
-961,615,292,triceps-extension,,,
-993,647,397,triceps-extension,,,
-1047,616,336,triceps-extension,,,
-1049,608,392,triceps-extension,,,
-1054,570,319,triceps-extension,,,
-1112,523,271,triceps-extension,,,
-1134,464,216,triceps-extension,,,
-1124,448,306,triceps-extension,,,
-1137,431,321,triceps-extension,,,
-1150,418,401,triceps-extension,,,
-1136,389,343,triceps-extension,,,
-1133,350,212,triceps-extension,,,
-1172,336,158,triceps-extension,,,
-1162,341,216,triceps-extension,,,
-1130,334,218,triceps-extension,,,
-1083,309,201,triceps-extension,,,
-1047,265,208,triceps-extension,,,
-1036,249,208,triceps-extension,,,
-1044,239,141,triceps-extension,,,
-1052,224,76,triceps-extension,,,
-1040,220,95,triceps-extension,,,
-1025,198,135,triceps-extension,,,
-1005,194,258,triceps-extension,,,
-1083,246,443,triceps-extension,,,
-1292,163,464,triceps-extension,,,
-1385,19,208,triceps-extension,,,
-1234,175,-105,triceps-extension,,,
-993,361,-7,triceps-extension,,,
-908,403,256,triceps-extension,,,
-1008,360,346,triceps-extension,,,
-1069,353,453,triceps-extension,,,
-1095,332,331,triceps-extension,,,
-1120,285,223,triceps-extension,,,
-1058,180,281,triceps-extension,,,
-1020,225,64,triceps-extension,,,
-1057,309,60,triceps-extension,,,
-1008,128,61,triceps-extension,,,
-924,174,181,triceps-extension,,,
-905,209,250,triceps-extension,,,
-917,217,203,triceps-extension,,,
-963,223,164,triceps-extension,,,
-994,221,204,triceps-extension,,,
-1026,293,257,triceps-extension,,,
-1056,393,274,triceps-extension,,,
-1064,440,328,triceps-extension,,,
