-1656,136,344,lateral-raise,,,
-1345,175,670,lateral-raise,,,
-1404,343,-537,lateral-raise,,,
-1564,173,-160,lateral-raise,,,
-1671,124,164,lateral-raise,,,
-1759,120,249,lateral-raise,,,
-1782,113,81,lateral-raise,,,
-1777,105,-40,lateral-raise,,,
-1716,144,-16,lateral-raise,,,
-1665,159,148,lateral-raise,,,
-1605,173,375,lateral-raise,,,
-1561,188,480,lateral-raise,,,
-1510,120,375,lateral-raise,,,
-1437,61,195,lateral-raise,,,
-1376,25,190,lateral-raise,,,
-1304,55,230,lateral-raise,,,
-1204,77,235,lateral-raise,,,
-1105,80,227,lateral-raise,,,
-1006,44,204,lateral-raise,,,
-909,-6,177,lateral-raise,,,
-819,-48,187,lateral-raise,,,
-733,-64,228,lateral-raise,,,
-656,-28,257,lateral-raise,,,
-585,9,212,lateral-raise,,,
-527,16,110,lateral-raise,,,
-500,24,44,lateral-raise,,,
-488,44,59,lateral-raise,,,
-465,67,81,lateral-raise,,,
-430,66,58,lateral-raise,,,
-408,45,118,lateral-raise,,,
-414,34,169,lateral-raise,,,
-433,30,54,lateral-raise,,,
-468,63,26,lateral-raise,,,
-529,129,56,lateral-raise,,,
-592,179,21,lateral-raise,,,
-648,174,14,lateral-raise,,,
-706,129,-51,lateral-raise,,,
-750,85,-200,lateral-raise,,,
-870,114,-178,lateral-raise,,,
-934,98,-170,lateral-raise,,,
-1020,119,-424,lateral-raise,,,
-1076,167,-613,lateral-raise,,,
-1140,123,-505,lateral-raise,,,
-1206,90,-563,lateral-raise,,,
-1247,57,-635,lateral-raise,,,
-1299,65,-707,lateral-raise,,,
-1321,73,-663,lateral-raise,,,
-1338,87,-653,lateral-raise,,,
-1361,72,-719,lateral-raise,,,
-1384,74,-692,lateral-raise,,,
-1393,144,-577,lateral-raise,,,
-1487,168,-663,lateral-raise,,,
-1511,160,-633,lateral-raise,,,
-1542,175,-632,lateral-raise,,,
-1537,206,-595,lateral-raise,,,
-1551,201,-672,lateral-raise,,,
-1516,200,-659,lateral-raise,,,
-1449,235,-670,lateral-raise,,,
-1413,226,-672,lateral-raise,,,
-1355,191,-619,lateral-raise,,,
-1298,204,-673,lateral-raise,,,
-1218,176,-624,lateral-raise,,,
-1119,193,-571,lateral-raise,,,
-1017,182,-548,lateral-raise,,,
-927,176,-579,lateral-raise,,,
-835,153,-603,lateral-raise,,,
-724,144,-580,lateral-raise,,,
-639,128,-622,lateral-raise,,,
-527,131,-553,lateral-raise,,,
-424,105,-575,lateral-raise,,,
-328,113,-611,lateral-raise,,,
-231,109,-584,lateral-raise,,,
-136,68,-559,lateral-raise,,,
-56,44,-525,lateral-raise,,,
2,36,-469,lateral-raise,,,
53,20,-415,lateral-raise,,,
112,36,-376,lateral-raise,,,
163,49,-391,lateral-raise,,,
213,28,-383,lateral-raise,,,
234,-15,-347,lateral-raise,,,
253,-51,-286,lateral-raise,,,
323,-35,-194,lateral-raise,,,
355,-43,-269,lateral-raise,,,
398,-60,-327,lateral-raise,,,
478,-80,-303,lateral-raise,,,
520,-88,-374,lateral-raise,,,
547,-99,-363,lateral-raise,,,
554,-95,-431,lateral-raise,,,
594,-112,-450,lateral-raise,,,
572,-118,-472,lateral-raise,,,
567,-145,-527,lateral-raise,,,
597,-168,-547,lateral-raise,,,
617,-140,-527,lateral-raise,,,
620,-145,-524,lateral-raise,,,
594,-87,-549,lateral-raise,,,
559,-172,-569,lateral-raise,,,
549,-143,-518,lateral-raise,,,
526,-135,-505,lateral-raise,,,
505,-126,-521,lateral-raise,,,
510,-97,-528,lateral-raise,,,
480,-118,-535,lateral-raise,,,
488,-64,-504,lateral-raise,,,
440,-56,-608,lateral-raise,,,
440,-87,-523,lateral-raise,,,
410,-42,-642,lateral-raise,,,
326,-62,-685,lateral-raise,,,
320,-71,-600,lateral-raise,,,
249,-58,-763,lateral-raise,,,
233,-77,-679,lateral-raise,,,
191,-60,-650,lateral-raise,,,
144,-23,-795,lateral-raise,,,
90,-3,-863,lateral-raise,,,
67,6,-815,lateral-raise,,,
21,33,-874,lateral-raise,,,
-4,28,-902,lateral-raise,,,
-55,36,-875,lateral-raise,,,
-141,34,-858,lateral-raise,,,
-151,60,-845,lateral-raise,,,
-209,56,-894,lateral-raise,,,
-266,80,-888,lateral-raise,,,
-290,96,-923,lateral-raise,,,
-340,121,-922,lateral-raise,,,
-373,169,-880,lateral-raise,,,
-413,169,-915,lateral-raise,,,
-467,121,-889,lateral-raise,,,
-514,139,-814,lateral-raise,,,
-565,176,-859,lateral-raise,,,
-596,184,-944,lateral-raise,,,
-635,188,-960,lateral-raise,,,
-694,180,-860,lateral-raise,,,
-745,187,-777,lateral-raise,,,
-793,200,-832,lateral-raise,,,
-826,197,-854,lateral-raise,,,
-864,192,-803,lateral-raise,,,
-895,207,-706,lateral-raise,,,
-902,224,-670,lateral-raise,,,
-939,205,-712,lateral-raise,,,
-928,212,-682,lateral-raise,,,
-937,220,-647,lateral-raise,,,
-958,181,-552,lateral-raise,,,
-962,216,-564,lateral-raise,,,
-996,214,-541,lateral-raise,,,
-1008,203,-566,lateral-raise,,,
-1005,184,-483,lateral-raise,,,
-993,192,-428,lateral-raise,,,
-1002,232,-443,lateral-raise,,,
-1019,230,-419,lateral-raise,,,
-1036,214,-429,lateral-raise,,,
-999,200,-342,lateral-raise,,,
-994,203,-396,lateral-raise,,,
-1024,241,-344,lateral-raise,,,
-1032,263,-344,lateral-raise,,,
-1024,232,-352,lateral-raise,,,
-1032,184,-336,lateral-raise,,,
-1024,200,-305,lateral-raise,,,
-1062,230,-281,lateral-raise,,,
-1071,232,-377,lateral-raise,,,
-1043,210,-369,lateral-raise,,,
-1054,165,-418,lateral-raise,,,
-1042,195,-480,lateral-raise,,,
-1026,193,-549,lateral-raise,,,
-1071,205,-620,lateral-raise,,,
-1093,221,-652,lateral-raise,,,
-1147,205,-694,lateral-raise,,,
-1185,181,-747,lateral-raise,,,
-1216,188,-796,lateral-raise,,,
-1242,180,-802,lateral-raise,,,
-1271,187,-857,lateral-raise,,,
-1308,203,-858,lateral-raise,,,
-1336,186,-816,lateral-raise,,,
-1360,197,-789,lateral-raise,,,
-1419,188,-759,lateral-raise,,,
-1463,211,-739,lateral-raise,,,
-1477,208,-741,lateral-raise,,,
-1499,206,-702,lateral-raise,,,
-1490,220,-659,lateral-raise,,,
-1463,228,-683,lateral-raise,,,
-1423,211,-625,lateral-raise,,,
-1356,208,-624,lateral-raise,,,
-1297,209,-696,lateral-raise,,,
-1231,192,-655,lateral-raise,,,
-1149,199,-623,lateral-raise,,,
-1067,205,-649,lateral-raise,,,
-974,200,-666,lateral-raise,,,
-872,194,-662,lateral-raise,,,
-785,172,-660,lateral-raise,,,
-717,136,-610,lateral-raise,,,
-638,99,-544,lateral-raise,,,
-545,93,-533,lateral-raise,,,
-436,93,-567,lateral-raise,,,
-352,56,-605,lateral-raise,,,
-242,44,-566,lateral-raise,,,
-154,78,-592,lateral-raise,,,
-73,70,-529,lateral-raise,,,
-42,54,-508,lateral-raise,,,
4,9,-499,lateral-raise,,,
110,16,-359,lateral-raise,,,
145,13,-425,lateral-raise,,,
156,-11,-579,lateral-raise,,,
196,-32,-414,lateral-raise,,,
236,47,-474,lateral-raise,,,
290,-80,-387,lateral-raise,,,
337,-77,-290,lateral-raise,,,
360,8,-360,lateral-raise,,,
336,-72,-472,lateral-raise,,,
336,-72,-472,lateral-raise,,,
414,-10,-278,lateral-raise,,,
386,-69,-371,lateral-raise,,,
399,-27,-383,lateral-raise,,,
422,-46,-348,lateral-raise,,,
431,-34,-351,lateral-raise,,,
446,-11,-394,lateral-raise,,,
428,-83,-475,lateral-raise,,,
411,-36,-541,lateral-raise,,,
441,-17,-565,lateral-raise,,,
391,-35,-562,lateral-raise,,,
364,16,-492,lateral-raise,,,
336,8,-557,lateral-raise,,,
287,-12,-584,lateral-raise,,,
238,18,-641,lateral-raise,,,
202,4,-675,lateral-raise,,,
176,19,-615,lateral-raise,,,
126,32,-658,lateral-raise,,,
104,42,-711,lateral-raise,,,
45,33,-794,lateral-raise,,,
-6,38,-835,lateral-raise,,,
-58,67,-841,lateral-raise,,,
-106,53,-763,lateral-raise,,,
-163,62,-756,lateral-raise,,,
-229,76,-812,lateral-raise,,,
-292,84,-868,lateral-raise,,,
-359,108,-866,lateral-raise,,,
-407,127,-819,lateral-raise,,,
-459,130,-821,lateral-raise,,,
-521,136,-832,lateral-raise,,,
-573,184,-906,lateral-raise,,,
-631,199,-864,lateral-raise,,,
-668,175,-745,lateral-raise,,,
-707,149,-777,lateral-raise,,,
-762,159,-719,lateral-raise,,,
-810,214,-838,lateral-raise,,,
-846,203,-886,lateral-raise,,,
-880,236,-840,lateral-raise,,,
-884,246,-748,lateral-raise,,,
-910,253,-790,lateral-raise,,,
-958,275,-725,lateral-raise,,,
-958,202,-715,lateral-raise,,,
-989,259,-736,lateral-raise,,,
-1016,303,-771,lateral-raise,,,
-1017,244,-722,lateral-raise,,,
-1024,220,-566,lateral-raise,,,
-1028,257,-557,lateral-raise,,,
-1071,273,-607,lateral-raise,,,
-1065,287,-588,lateral-raise,,,
-1080,264,-513,lateral-raise,,,
-1064,263,-535,lateral-raise,,,
-1048,201,-457,lateral-raise,,,
-1071,216,-324,lateral-raise,,,
-1049,262,-419,lateral-raise,,,
-1048,264,-409,lateral-raise,,,
-1041,264,-379,lateral-raise,,,
-1026,243,-312,lateral-raise,,,
-1010,205,-360,lateral-raise,,,
-1035,214,-293,lateral-raise,,,
-1013,236,-207,lateral-raise,,,
-1001,227,-277,lateral-raise,,,
-1006,199,-302,lateral-raise,,,
-1002,167,-347,lateral-raise,,,
-976,160,-275,lateral-raise,,,
-968,225,-166,lateral-raise,,,
-997,208,-262,lateral-raise,,,
-963,192,-245,lateral-raise,,,
-960,208,-449,lateral-raise,,,
-979,179,-486,lateral-raise,,,
-1050,211,-519,lateral-raise,,,
-1098,230,-560,lateral-raise,,,
-1181,210,-660,lateral-raise,,,
-1241,200,-709,lateral-raise,,,
-1266,196,-723,lateral-raise,,,
-1271,183,-727,lateral-raise,,,
-1256,184,-795,lateral-raise,,,
-1260,184,-856,lateral-raise,,,
-1287,161,-821,lateral-raise,,,
-1345,155,-756,lateral-raise,,,
-1417,175,-729,lateral-raise,,,
-1468,171,-713,lateral-raise,,,
-1502,155,-632,lateral-raise,,,
-1494,139,-596,lateral-raise,,,
-1458,124,-614,lateral-raise,,,
-1432,157,-677,lateral-raise,,,
-1382,149,-669,lateral-raise,,,
-1327,149,-664,lateral-raise,,,
-1256,165,-669,lateral-raise,,,
-1165,165,-667,lateral-raise,,,
-1111,136,-630,lateral-raise,,,
-1018,123,-613,lateral-raise,,,
-948,82,-576,lateral-raise,,,
-854,84,-600,lateral-raise,,,
-761,57,-683,lateral-raise,,,
-668,26,-575,lateral-raise,,,
-543,37,-568,lateral-raise,,,
-469,16,-574,lateral-raise,,,
-370,13,-619,lateral-raise,,,
-306,-13,-565,lateral-raise,,,
-220,24,-528,lateral-raise,,,
-142,32,-520,lateral-raise,,,
-88,24,-528,lateral-raise,,,
-24,24,-520,lateral-raise,,,
15,40,-567,lateral-raise,,,
62,10,-530,lateral-raise,,,
79,15,-550,lateral-raise,,,
138,9,-501,lateral-raise,,,
187,8,-453,lateral-raise,,,
178,-13,-609,lateral-raise,,,
231,-43,-461,lateral-raise,,,
273,12,-432,lateral-raise,,,
267,-48,-510,lateral-raise,,,
270,-64,-401,lateral-raise,,,
334,23,-504,lateral-raise,,,
292,-55,-544,lateral-raise,,,
313,-47,-320,lateral-raise,,,
362,-21,-429,lateral-raise,,,
343,-66,-537,lateral-raise,,,
377,-23,-471,lateral-raise,,,
358,-50,-485,lateral-raise,,,
367,-34,-487,lateral-raise,,,
344,-33,-556,lateral-raise,,,
325,-67,-613,lateral-raise,,,
323,-48,-570,lateral-raise,,,
289,-37,-585,lateral-raise,,,
260,-48,-572,lateral-raise,,,
231,-19,-586,lateral-raise,,,
172,-12,-680,lateral-raise,,,
136,-17,-705,lateral-raise,,,
103,4,-695,lateral-raise,,,
39,8,-739,lateral-raise,,,
-5,15,-767,lateral-raise,,,
-63,37,-812,lateral-raise,,,
-138,53,-906,lateral-raise,,,
-180,63,-876,lateral-raise,,,
-211,93,-840,lateral-raise,,,
-248,101,-819,lateral-raise,,,
-297,125,-803,lateral-raise,,,
-352,181,-862,lateral-raise,,,
-403,156,-852,lateral-raise,,,
-444,184,-818,lateral-raise,,,
-482,239,-774,lateral-raise,,,
-508,256,-845,lateral-raise,,,
-584,215,-814,lateral-raise,,,
-595,196,-739,lateral-raise,,,
-655,301,-764,lateral-raise,,,
-700,317,-814,lateral-raise,,,
-729,244,-695,lateral-raise,,,
-742,283,-751,lateral-raise,,,
-804,314,-739,lateral-raise,,,
-864,337,-779,lateral-raise,,,
-874,351,-689,lateral-raise,,,
-952,320,-735,lateral-raise,,,
-984,320,-657,lateral-raise,,,
-1015,328,-710,lateral-raise,,,
-1031,305,-651,lateral-raise,,,
-1047,304,-551,lateral-raise,,,
-1026,319,-624,lateral-raise,,,
-1038,306,-632,lateral-raise,,,
-1054,311,-583,lateral-raise,,,
-1022,305,-501,lateral-raise,,,
-1029,297,-428,lateral-raise,,,
-1025,322,-462,lateral-raise,,,
-1037,309,-510,lateral-raise,,,
-1028,304,-371,lateral-raise,,,
-1018,304,-340,lateral-raise,,,
-1010,292,-368,lateral-raise,,,
-1019,277,-359,lateral-raise,,,
-1002,283,-313,lateral-raise,,,
-992,288,-285,lateral-raise,,,
-971,283,-275,lateral-raise,,,
-975,305,-272,lateral-raise,,,
-999,340,-252,lateral-raise,,,
-1008,323,-221,lateral-raise,,,
-1003,295,-208,lateral-raise,,,
-1004,292,-253,lateral-raise,,,
-995,296,-241,lateral-raise,,,
-988,284,-242,lateral-raise,,,
-972,276,-292,lateral-raise,,,
-956,276,-381,lateral-raise,,,
-982,298,-508,lateral-raise,,,
-1054,339,-564,lateral-raise,,,
-1146,328,-612,lateral-raise,,,
-1215,302,-688,lateral-raise,,,
-1257,309,-740,lateral-raise,,,
-1284,310,-813,lateral-raise,,,
-1301,323,-845,lateral-raise,,,
-1301,323,-811,lateral-raise,,,
-1322,307,-801,lateral-raise,,,
-1351,301,-759,lateral-raise,,,
-1389,304,-744,lateral-raise,,,
-1460,286,-743,lateral-raise,,,
-1503,304,-673,lateral-raise,,,
-1531,296,-684,lateral-raise,,,
-1543,267,-623,lateral-raise,,,
-1531,269,-683,lateral-raise,,,
-1493,222,-649,lateral-raise,,,
-1418,258,-606,lateral-raise,,,
-1307,269,-601,lateral-raise,,,
-1193,244,-671,lateral-raise,,,
-1110,288,-666,lateral-raise,,,
-964,281,-797,lateral-raise,,,
-892,155,-588,lateral-raise,,,
-768,256,-440,lateral-raise,,,
-688,192,-712,lateral-raise,,,
-618,130,-588,lateral-raise,,,
-548,136,-584,lateral-raise,,,
-432,143,-532,lateral-raise,,,
-380,151,-637,lateral-raise,,,
-290,109,-555,lateral-raise,,,
-196,90,-446,lateral-raise,,,
-157,40,-541,lateral-raise,,,
-72,12,-393,lateral-raise,,,
-17,28,-406,lateral-raise,,,
36,-12,-511,lateral-raise,,,
60,-36,-511,lateral-raise,,,
118,-40,-456,lateral-raise,,,
148,-58,-416,lateral-raise,,,
186,-30,-402,lateral-raise,,,
189,-33,-417,lateral-raise,,,
227,-40,-364,lateral-raise,,,
274,-8,-320,lateral-raise,,,
298,13,-501,lateral-raise,,,
339,-58,-534,lateral-raise,,,
393,-66,-330,lateral-raise,,,
411,-63,-312,lateral-raise,,,
408,-71,-430,lateral-raise,,,
404,-77,-463,lateral-raise,,,
417,-67,-452,lateral-raise,,,
428,-52,-480,lateral-raise,,,
401,-60,-512,lateral-raise,,,
376,-60,-494,lateral-raise,,,
372,-56,-479,lateral-raise,,,
351,-49,-522,lateral-raise,,,
315,-40,-594,lateral-raise,,,
287,-43,-638,lateral-raise,,,
266,-51,-596,lateral-raise,,,
234,-45,-551,lateral-raise,,,
182,-21,-640,lateral-raise,,,
133,-11,-655,lateral-raise,,,
52,5,-693,lateral-raise,,,
-28,18,-708,lateral-raise,,,
-120,28,-724,lateral-raise,,,
-188,35,-729,lateral-raise,,,
-266,26,-727,lateral-raise,,,
-308,70,-809,lateral-raise,,,
-344,100,-793,lateral-raise,,,
-430,124,-873,lateral-raise,,,
-477,149,-826,lateral-raise,,,
-573,183,-780,lateral-raise,,,
-620,175,-739,lateral-raise,,,
-667,171,-707,lateral-raise,,,
-715,214,-960,lateral-raise,,,
-768,168,-954,lateral-raise,,,
-760,161,-743,lateral-raise,,,
-752,255,-673,lateral-raise,,,
-830,240,-820,lateral-raise,,,
-908,308,-877,lateral-raise,,,
-942,342,-805,lateral-raise,,,
-980,329,-734,lateral-raise,,,
-984,321,-799,lateral-raise,,,
-1047,355,-822,lateral-raise,,,
-1097,340,-715,lateral-raise,,,
-1097,336,-676,lateral-raise,,,
-1063,356,-685,lateral-raise,,,
-1081,341,-682,lateral-raise,,,
-1057,342,-649,lateral-raise,,,
-1054,338,-598,lateral-raise,,,
-1015,336,-537,lateral-raise,,,
-1006,347,-474,lateral-raise,,,
-1036,363,-484,lateral-raise,,,
-1032,379,-399,lateral-raise,,,
-1013,358,-357,lateral-raise,,,
-993,339,-360,lateral-raise,,,
-984,356,-375,lateral-raise,,,
-974,344,-298,lateral-raise,,,
-959,356,-245,lateral-raise,,,
-983,389,-244,lateral-raise,,,
-999,353,-205,lateral-raise,,,
-1009,291,-180,lateral-raise,,,
-1012,296,-188,lateral-raise,,,
-996,339,-180,lateral-raise,,,
-992,342,-183,lateral-raise,,,
-992,306,-175,lateral-raise,,,
-992,291,-154,lateral-raise,,,
-995,286,-165,lateral-raise,,,
-988,275,-200,lateral-raise,,,
-977,300,-302,lateral-raise,,,
-997,350,-382,lateral-raise,,,
-1026,358,-398,lateral-raise,,,
-1076,310,-425,lateral-raise,,,
-1131,286,-550,lateral-raise,,,
-1213,291,-584,lateral-raise,,,
-1248,322,-602,lateral-raise,,,
-1252,330,-683,lateral-raise,,,
-1267,329,-763,lateral-raise,,,
-1286,307,-703,lateral-raise,,,
-1316,316,-656,lateral-raise,,,
-1350,295,-630,lateral-raise,,,
-1434,285,-697,lateral-raise,,,
-1445,266,-598,lateral-raise,,,
-1423,284,-653,lateral-raise,,,
-1417,321,-704,lateral-raise,,,
-1431,335,-701,lateral-raise,,,
-1408,319,-640,lateral-raise,,,
-1392,296,-624,lateral-raise,,,
-1352,296,-472,lateral-raise,,,
-1352,296,-472,lateral-raise,,,
-1298,350,-635,lateral-raise,,,
-1266,337,-648,lateral-raise,,,
-1197,388,-588,lateral-raise,,,
-1112,377,-650,lateral-raise,,,
-1047,333,-585,lateral-raise,,,
-970,286,-625,lateral-raise,,,
-905,280,-557,lateral-raise,,,
-776,260,-544,lateral-raise,,,
-654,223,-655,lateral-raise,,,
-575,203,-616,lateral-raise,,,
-473,181,-588,lateral-raise,,,
-394,152,-554,lateral-raise,,,
-264,215,-526,lateral-raise,,,
-184,200,-543,lateral-raise,,,
-135,151,-502,lateral-raise,,,
-39,152,-491,lateral-raise,,,
32,128,-464,lateral-raise,,,
84,117,-458,lateral-raise,,,
153,140,-469,lateral-raise,,,
208,123,-520,lateral-raise,,,
247,76,-501,lateral-raise,,,
327,101,-522,lateral-raise,,,
380,145,-525,lateral-raise,,,
401,98,-446,lateral-raise,,,
440,92,-388,lateral-raise,,,
449,113,-445,lateral-raise,,,
447,81,-447,lateral-raise,,,
450,65,-363,lateral-raise,,,
435,59,-376,lateral-raise,,,
440,41,-402,lateral-raise,,,
431,5,-446,lateral-raise,,,
422,-6,-436,lateral-raise,,,
432,-5,-384,lateral-raise,,,
435,6,-386,lateral-raise,,,
447,3,-468,lateral-raise,,,
457,48,-516,lateral-raise,,,
432,40,-540,lateral-raise,,,
396,16,-452,lateral-raise,,,
356,16,-457,lateral-raise,,,
328,19,-608,lateral-raise,,,
263,39,-612,lateral-raise,,,
249,73,-504,lateral-raise,,,
208,78,-586,lateral-raise,,,
154,71,-609,lateral-raise,,,
108,119,-678,lateral-raise,,,
64,111,-724,lateral-raise,,,
-25,98,-684,lateral-raise,,,
-44,122,-736,lateral-raise,,,
-113,161,-745,lateral-raise,,,
-153,185,-775,lateral-raise,,,
-231,271,-697,lateral-raise,,,
-310,295,-657,lateral-raise,,,
-388,266,-740,lateral-raise,,,
-444,301,-714,lateral-raise,,,
-528,355,-741,lateral-raise,,,
-615,324,-765,lateral-raise,,,
-631,369,-712,lateral-raise,,,
-700,383,-786,lateral-raise,,,
-772,351,-700,lateral-raise,,,
-817,390,-667,lateral-raise,,,
-856,438,-721,lateral-raise,,,
-932,411,-717,lateral-raise,,,
-970,352,-621,lateral-raise,,,
-1000,371,-616,lateral-raise,,,
-1054,401,-733,lateral-raise,,,
-1072,375,-670,lateral-raise,,,
-1072,382,-586,lateral-raise,,,
-1093,413,-631,lateral-raise,,,
-1109,393,-598,lateral-raise,,,
-1112,391,-565,lateral-raise,,,
-1117,386,-573,lateral-raise,,,
-1129,362,-534,lateral-raise,,,
-1109,339,-482,lateral-raise,,,
-1110,332,-486,lateral-raise,,,
-1107,344,-379,lateral-raise,,,
-1072,348,-312,lateral-raise,,,
-1048,336,-379,lateral-raise,,,
-1040,332,-371,lateral-raise,,,
-1033,340,-308,lateral-raise,,,
-1027,341,-265,lateral-raise,,,
-1038,330,-253,lateral-raise,,,
-1054,320,-227,lateral-raise,,,
-1070,311,-175,lateral-raise,,,
-1083,282,-133,lateral-raise,,,
-1083,251,-112,lateral-raise,,,
-1070,247,-112,lateral-raise,,,
-1064,266,-105,lateral-raise,,,
-1060,270,-65,lateral-raise,,,
-1046,258,-14,lateral-raise,,,
-1036,240,-70,lateral-raise,,,
-1022,242,-133,lateral-raise,,,
-1019,247,-181,lateral-raise,,,
-1027,244,-173,lateral-raise,,,
-1002,268,-231,lateral-raise,,,
-1022,286,-419,lateral-raise,,,
-1068,278,-492,lateral-raise,,,
-1108,329,-459,lateral-raise,,,
-1145,341,-495,lateral-raise,,,
-1162,295,-593,lateral-raise,,,
-1208,281,-615,lateral-raise,,,
-1216,304,-592,lateral-raise,,,
-1240,328,-656,lateral-raise,,,
-1287,336,-648,lateral-raise,,,
-1311,328,-564,lateral-raise,,,
-1349,335,-560,lateral-raise,,,
-1388,314,-567,lateral-raise,,,
-1471,305,-589,lateral-raise,,,
-1508,325,-578,lateral-raise,,,
-1519,376,-699,lateral-raise,,,
-1547,351,-667,lateral-raise,,,
-1552,344,-532,lateral-raise,,,
-1539,350,-593,lateral-raise,,,
-1493,340,-566,lateral-raise,,,
-1401,372,-594,lateral-raise,,,
-1300,360,-643,lateral-raise,,,
-1220,306,-582,lateral-raise,,,
-1122,288,-480,lateral-raise,,,
-1034,277,-535,lateral-raise,,,
-934,235,-602,lateral-raise,,,
-835,236,-570,lateral-raise,,,
-736,218,-559,lateral-raise,,,
-648,195,-501,lateral-raise,,,
-547,192,-530,lateral-raise,,,
-465,165,-544,lateral-raise,,,
-397,144,-508,lateral-raise,,,
-327,123,-508,lateral-raise,,,
-220,88,-560,lateral-raise,,,
-148,49,-573,lateral-raise,,,
-111,17,-466,lateral-raise,,,
-36,15,-426,lateral-raise,,,
17,14,-500,lateral-raise,,,
63,23,-538,lateral-raise,,,
93,35,-515,lateral-raise,,,
105,6,-439,lateral-raise,,,
152,8,-419,lateral-raise,,,
205,-16,-453,lateral-raise,,,
275,-32,-461,lateral-raise,,,
341,-43,-430,lateral-raise,,,
367,-66,-464,lateral-raise,,,
402,-64,-452,lateral-raise,,,
388,-107,-402,lateral-raise,,,
400,-93,-362,lateral-raise,,,
397,-108,-403,lateral-raise,,,
388,-89,-416,lateral-raise,,,
412,-96,-414,lateral-raise,,,
429,-96,-409,lateral-raise,,,
406,-99,-468,lateral-raise,,,
390,-115,-430,lateral-raise,,,
365,-62,-418,lateral-raise,,,
318,-41,-561,lateral-raise,,,
278,-55,-575,lateral-raise,,,
223,-8,-552,lateral-raise,,,
145,0,-584,lateral-raise,,,
90,-16,-623,lateral-raise,,,
42,37,-685,lateral-raise,,,
-35,40,-621,lateral-raise,,,
-84,55,-689,lateral-raise,,,
-145,13,-675,lateral-raise,,,
-201,99,-714,lateral-raise,,,
-242,105,-768,lateral-raise,,,
-268,124,-749,lateral-raise,,,
-324,154,-737,lateral-raise,,,
-387,185,-698,lateral-raise,,,
-456,223,-707,lateral-raise,,,
-490,208,-760,lateral-raise,,,
-567,229,-758,lateral-raise,,,
-621,234,-735,lateral-raise,,,
-682,226,-644,lateral-raise,,,
-736,251,-640,lateral-raise,,,
-784,280,-719,lateral-raise,,,
-836,313,-706,lateral-raise,,,
-896,353,-660,lateral-raise,,,
-958,368,-638,lateral-raise,,,
-1003,345,-600,lateral-raise,,,
-1070,355,-585,lateral-raise,,,
-1134,380,-579,lateral-raise,,,
-1152,388,-514,lateral-raise,,,
-1164,384,-488,lateral-raise,,,
-1176,380,-531,lateral-raise,,,
-1191,388,-559,lateral-raise,,,
-1194,374,-444,lateral-raise,,,
-1179,355,-275,lateral-raise,,,
-1203,366,-282,lateral-raise,,,
-1247,388,-302,lateral-raise,,,
-1260,396,-237,lateral-raise,,,
-1240,360,-168,lateral-raise,,,
-1232,323,-144,lateral-raise,,,
-1214,314,-128,lateral-raise,,,
-1197,322,-128,lateral-raise,,,
-1157,328,-132,lateral-raise,,,
-1120,328,-140,lateral-raise,,,
-1092,332,-115,lateral-raise,,,
-1075,336,-64,lateral-raise,,,
-1053,303,-47,lateral-raise,,,
-1039,299,-111,lateral-raise,,,
-1027,310,-104,lateral-raise,,,
-995,293,-100,lateral-raise,,,
-952,273,-70,lateral-raise,,,
-884,277,-57,lateral-raise,,,
-846,250,-60,lateral-raise,,,
-814,279,2,lateral-raise,,,
-783,263,33,lateral-raise,,,
-760,240,56,lateral-raise,,,
-752,208,88,lateral-raise,,,
-752,208,88,lateral-raise,,,
-729,208,142,lateral-raise,,,
-698,216,159,lateral-raise,,,
-689,194,56,lateral-raise,,,
-673,185,55,lateral-raise,,,
-672,198,77,lateral-raise,,,
-679,221,108,lateral-raise,,,
-687,190,119,lateral-raise,,,
-688,131,100,lateral-raise,,,
-747,94,50,lateral-raise,,,
-728,101,104,lateral-raise,,,
-695,123,89,lateral-raise,,,
-688,128,62,lateral-raise,,,
-700,104,-26,lateral-raise,,,
-756,102,-10,lateral-raise,,,
-815,121,75,lateral-raise,,,
-837,101,164,lateral-raise,,,
-866,25,166,lateral-raise,,,
-875,2,162,lateral-raise,,,
-897,52,69,lateral-raise,,,
-974,94,-2,lateral-raise,,,
-1053,99,-73,lateral-raise,,,
-1053,56,-17,lateral-raise,,,
-1041,24,124,lateral-raise,,,
-1077,57,172,lateral-raise,,,
-1148,88,120,lateral-raise,,,
-1192,103,45,lateral-raise,,,
-1210,120,1,lateral-raise,,,
-1246,124,9,lateral-raise,,,
-1257,135,57,lateral-raise,,,
-1245,150,67,lateral-raise,,,
-1249,148,42,lateral-raise,,,
-1267,154,58,lateral-raise,,,
-1280,192,112,lateral-raise,,,
-1299,150,123,lateral-raise,,,
-1294,111,102,lateral-raise,,,
-1270,151,71,lateral-raise,,,
-1266,187,44,lateral-raise,,,
-1268,242,34,lateral-raise,,,
-1252,243,54,lateral-raise,,,
-1238,222,104,lateral-raise,,,
-1304,301,120,lateral-raise,,,
-1576,587,155,lateral-raise,,,
-1331,175,-79,lateral-raise,,,
-1097,304,-240,lateral-raise,,,
-1275,541,489,lateral-raise,,,
-1300,247,143,lateral-raise,,,
-1261,151,-98,lateral-raise,,,
-1343,152,111,lateral-raise,,,
-1486,465,534,lateral-raise,,,
-1687,488,-52,lateral-raise,,,
-1601,528,372,lateral-raise,,,
-1662,606,213,lateral-raise,,,
-1702,425,178,lateral-raise,,,
-1704,431,109,lateral-raise,,,
-1660,614,184,lateral-raise,,,
-1563,661,106,lateral-raise,,,
-1468,664,12,lateral-raise,,,
-1347,637,-55,lateral-raise,,,
-1221,645,-84,lateral-raise,,,
-1128,622,-192,lateral-raise,,,
-1036,616,-273,lateral-raise,,,
-942,597,-325,lateral-raise,,,
-848,556,-300,lateral-raise,,,
-724,450,-212,lateral-raise,,,
-619,370,-207,lateral-raise,,,
-553,363,-288,lateral-raise,,,
-498,400,-342,lateral-raise,,,
-448,395,-352,lateral-raise,,,
-422,379,-357,lateral-raise,,,
-401,386,-335,lateral-raise,,,
-382,382,-306,lateral-raise,,,
-376,344,-315,lateral-raise,,,
-363,320,-315,lateral-raise,,,
-335,316,-330,lateral-raise,,,
-312,300,-385,lateral-raise,,,
-300,268,-408,lateral-raise,,,
-292,252,-404,lateral-raise,,,
-292,274,-441,lateral-raise,,,
-338,328,-494,lateral-raise,,,
-419,385,-576,lateral-raise,,,
-440,402,-648,lateral-raise,,,
-447,404,-658,lateral-raise,,,
-484,415,-645,lateral-raise,,,
-456,386,-547,lateral-raise,,,
-440,352,-612,lateral-raise,,,
-418,331,-674,lateral-raise,,,
-379,336,-664,lateral-raise,,,
-402,374,-628,lateral-raise,,,
-388,362,-656,lateral-raise,,,
-391,337,-717,lateral-raise,,,
-375,289,-758,lateral-raise,,,
-433,207,-756,lateral-raise,,,
-432,240,-771,lateral-raise,,,
-391,242,-739,lateral-raise,,,
-382,254,-710,lateral-raise,,,
-369,237,-699,lateral-raise,,,
-378,216,-724,lateral-raise,,,
-398,218,-765,lateral-raise,,,
-373,247,-733,lateral-raise,,,
-466,226,-833,lateral-raise,,,
-528,280,-856,lateral-raise,,,
