shoulders,lateral-raise,-1656,136,344
shoulders,lateral-raise,-1345,175,670
shoulders,lateral-raise,-1404,343,-537
shoulders,lateral-raise,-1564,173,-160
shoulders,lateral-raise,-1671,124,164
shoulders,lateral-raise,-1759,120,249
shoulders,lateral-raise,-1782,113,81
shoulders,lateral-raise,-1777,105,-40
shoulders,lateral-raise,-1716,144,-16
shoulders,lateral-raise,-1665,159,148
shoulders,lateral-raise,-1605,173,375
shoulders,lateral-raise,-1561,188,480
shoulders,lateral-raise,-1510,120,375
shoulders,lateral-raise,-1437,61,195
shoulders,lateral-raise,-1376,25,190
shoulders,lateral-raise,-1304,55,230
shoulders,lateral-raise,-1204,77,235
shoulders,lateral-raise,-1105,80,227
shoulders,lateral-raise,-1006,44,204
shoulders,lateral-raise,-909,-6,177
shoulders,lateral-raise,-819,-48,187
shoulders,lateral-raise,-733,-64,228
shoulders,lateral-raise,-656,-28,257
shoulders,lateral-raise,-585,9,212
shoulders,lateral-raise,-527,16,110
shoulders,lateral-raise,-500,24,44
shoulders,lateral-raise,-488,44,59
shoulders,lateral-raise,-465,67,81
shoulders,lateral-raise,-430,66,58
shoulders,lateral-raise,-408,45,118
shoulders,lateral-raise,-414,34,169
shoulders,lateral-raise,-433,30,54
shoulders,lateral-raise,-468,63,26
shoulders,lateral-raise,-529,129,56
shoulders,lateral-raise,-592,179,21
shoulders,lateral-raise,-648,174,14
shoulders,lateral-raise,-706,129,-51
shoulders,lateral-raise,-750,85,-200
shoulders,lateral-raise,-870,114,-178
shoulders,lateral-raise,-934,98,-170
shoulders,lateral-raise,-1020,119,-424
shoulders,lateral-raise,-1076,167,-613
shoulders,lateral-raise,-1140,123,-505
shoulders,lateral-raise,-1206,90,-563
shoulders,lateral-raise,-1247,57,-635
shoulders,lateral-raise,-1299,65,-707
shoulders,lateral-raise,-1321,73,-663
shoulders,lateral-raise,-1338,87,-653
shoulders,lateral-raise,-1361,72,-719
shoulders,lateral-raise,-1384,74,-692
shoulders,lateral-raise,-1393,144,-577
shoulders,lateral-raise,-1487,168,-663
shoulders,lateral-raise,-1511,160,-633
shoulders,lateral-raise,-1542,175,-632
shoulders,lateral-raise,-1537,206,-595
shoulders,lateral-raise,-1551,201,-672
shoulders,lateral-raise,-1516,200,-659
shoulders,lateral-raise,-1449,235,-670
shoulders,lateral-raise,-1413,226,-672
shoulders,lateral-raise,-1355,191,-619
shoulders,lateral-raise,-1298,204,-673
shoulders,lateral-raise,-1218,176,-624
shoulders,lateral-raise,-1119,193,-571
shoulders,lateral-raise,-1017,182,-548
shoulders,lateral-raise,-927,176,-579
shoulders,lateral-raise,-835,153,-603
shoulders,lateral-raise,-724,144,-580
shoulders,lateral-raise,-639,128,-622
shoulders,lateral-raise,-527,131,-553
shoulders,lateral-raise,-424,105,-575
shoulders,lateral-raise,-328,113,-611
shoulders,lateral-raise,-231,109,-584
shoulders,lateral-raise,-136,68,-559
shoulders,lateral-raise,-56,44,-525
shoulders,lateral-raise,2,36,-469
shoulders,lateral-raise,53,20,-415
shoulders,lateral-raise,112,36,-376
shoulders,lateral-raise,163,49,-391
shoulders,lateral-raise,213,28,-383
shoulders,lateral-raise,234,-15,-347
shoulders,lateral-raise,253,-51,-286
shoulders,lateral-raise,323,-35,-194
shoulders,lateral-raise,355,-43,-269
shoulders,lateral-raise,398,-60,-327
shoulders,lateral-raise,478,-80,-303
shoulders,lateral-raise,520,-88,-374
shoulders,lateral-raise,547,-99,-363
shoulders,lateral-raise,554,-95,-431
shoulders,lateral-raise,594,-112,-450
shoulders,lateral-raise,572,-118,-472
shoulders,lateral-raise,567,-145,-527
shoulders,lateral-raise,597,-168,-547
shoulders,lateral-raise,617,-140,-527
shoulders,lateral-raise,620,-145,-524
shoulders,lateral-raise,594,-87,-549
shoulders,lateral-raise,559,-172,-569
shoulders,lateral-raise,549,-143,-518
shoulders,lateral-raise,526,-135,-505
shoulders,lateral-raise,505,-126,-521
shoulders,lateral-raise,510,-97,-528
shoulders,lateral-raise,480,-118,-535
shoulders,lateral-raise,488,-64,-504
shoulders,lateral-raise,440,-56,-608
shoulders,lateral-raise,440,-87,-523
shoulders,lateral-raise,410,-42,-642
shoulders,lateral-raise,326,-62,-685
shoulders,lateral-raise,320,-71,-600
shoulders,lateral-raise,249,-58,-763
shoulders,lateral-raise,233,-77,-679
shoulders,lateral-raise,191,-60,-650
shoulders,lateral-raise,144,-23,-795
shoulders,lateral-raise,90,-3,-863
shoulders,lateral-raise,67,6,-815
shoulders,lateral-raise,21,33,-874
shoulders,lateral-raise,-4,28,-902
shoulders,lateral-raise,-55,36,-875
shoulders,lateral-raise,-141,34,-858
shoulders,lateral-raise,-151,60,-845
shoulders,lateral-raise,-209,56,-894
shoulders,lateral-raise,-266,80,-888
shoulders,lateral-raise,-290,96,-923
shoulders,lateral-raise,-340,121,-922
shoulders,lateral-raise,-373,169,-880
shoulders,lateral-raise,-413,169,-915
shoulders,lateral-raise,-467,121,-889
shoulders,lateral-raise,-514,139,-814
shoulders,lateral-raise,-565,176,-859
shoulders,lateral-raise,-596,184,-944
shoulders,lateral-raise,-635,188,-960
shoulders,lateral-raise,-694,180,-860
shoulders,lateral-raise,-745,187,-777
shoulders,lateral-raise,-793,200,-832
shoulders,lateral-raise,-826,197,-854
shoulders,lateral-raise,-864,192,-803
shoulders,lateral-raise,-895,207,-706
shoulders,lateral-raise,-902,224,-670
shoulders,lateral-raise,-939,205,-712
shoulders,lateral-raise,-928,212,-682
shoulders,lateral-raise,-937,220,-647
shoulders,lateral-raise,-958,181,-552
shoulders,lateral-raise,-962,216,-564
shoulders,lateral-raise,-996,214,-541
shoulders,lateral-raise,-1008,203,-566
shoulders,lateral-raise,-1005,184,-483
shoulders,lateral-raise,-993,192,-428
shoulders,lateral-raise,-1002,232,-443
shoulders,lateral-raise,-1019,230,-419
shoulders,lateral-raise,-1036,214,-429
shoulders,lateral-raise,-999,200,-342
shoulders,lateral-raise,-994,203,-396
shoulders,lateral-raise,-1024,241,-344
shoulders,lateral-raise,-1032,263,-344
shoulders,lateral-raise,-1024,232,-352
shoulders,lateral-raise,-1032,184,-336
shoulders,lateral-raise,-1024,200,-305
shoulders,lateral-raise,-1062,230,-281
shoulders,lateral-raise,-1071,232,-377
shoulders,lateral-raise,-1043,210,-369
shoulders,lateral-raise,-1054,165,-418
shoulders,lateral-raise,-1042,195,-480
shoulders,lateral-raise,-1026,193,-549
shoulders,lateral-raise,-1071,205,-620
shoulders,lateral-raise,-1093,221,-652
shoulders,lateral-raise,-1147,205,-694
shoulders,lateral-raise,-1185,181,-747
shoulders,lateral-raise,-1216,188,-796
shoulders,lateral-raise,-1242,180,-802
shoulders,lateral-raise,-1271,187,-857
shoulders,lateral-raise,-1308,203,-858
shoulders,lateral-raise,-1336,186,-816
shoulders,lateral-raise,-1360,197,-789
shoulders,lateral-raise,-1419,188,-759
shoulders,lateral-raise,-1463,211,-739
shoulders,lateral-raise,-1477,208,-741
shoulders,lateral-raise,-1499,206,-702
shoulders,lateral-raise,-1490,220,-659
shoulders,lateral-raise,-1463,228,-683
shoulders,lateral-raise,-1423,211,-625
shoulders,lateral-raise,-1356,208,-624
shoulders,lateral-raise,-1297,209,-696
shoulders,lateral-raise,-1231,192,-655
shoulders,lateral-raise,-1149,199,-623
shoulders,lateral-raise,-1067,205,-649
shoulders,lateral-raise,-974,200,-666
shoulders,lateral-raise,-872,194,-662
shoulders,lateral-raise,-785,172,-660
shoulders,lateral-raise,-717,136,-610
shoulders,lateral-raise,-638,99,-544
shoulders,lateral-raise,-545,93,-533
shoulders,lateral-raise,-436,93,-567
shoulders,lateral-raise,-352,56,-605
shoulders,lateral-raise,-242,44,-566
shoulders,lateral-raise,-154,78,-592
shoulders,lateral-raise,-73,70,-529
shoulders,lateral-raise,-42,54,-508
shoulders,lateral-raise,4,9,-499
shoulders,lateral-raise,110,16,-359
shoulders,lateral-raise,145,13,-425
shoulders,lateral-raise,156,-11,-579
shoulders,lateral-raise,196,-32,-414
shoulders,lateral-raise,236,47,-474
shoulders,lateral-raise,290,-80,-387
shoulders,lateral-raise,337,-77,-290
shoulders,lateral-raise,360,8,-360
shoulders,lateral-raise,336,-72,-472
shoulders,lateral-raise,336,-72,-472
shoulders,lateral-raise,414,-10,-278
shoulders,lateral-raise,386,-69,-371
shoulders,lateral-raise,399,-27,-383
shoulders,lateral-raise,422,-46,-348
shoulders,lateral-raise,431,-34,-351
shoulders,lateral-raise,446,-11,-394
shoulders,lateral-raise,428,-83,-475
shoulders,lateral-raise,411,-36,-541
shoulders,lateral-raise,441,-17,-565
shoulders,lateral-raise,391,-35,-562
shoulders,lateral-raise,364,16,-492
shoulders,lateral-raise,336,8,-557
shoulders,lateral-raise,287,-12,-584
shoulders,lateral-raise,238,18,-641
shoulders,lateral-raise,202,4,-675
shoulders,lateral-raise,176,19,-615
shoulders,lateral-raise,126,32,-658
shoulders,lateral-raise,104,42,-711
shoulders,lateral-raise,45,33,-794
shoulders,lateral-raise,-6,38,-835
shoulders,lateral-raise,-58,67,-841
shoulders,lateral-raise,-106,53,-763
shoulders,lateral-raise,-163,62,-756
shoulders,lateral-raise,-229,76,-812
shoulders,lateral-raise,-292,84,-868
shoulders,lateral-raise,-359,108,-866
shoulders,lateral-raise,-407,127,-819
shoulders,lateral-raise,-459,130,-821
shoulders,lateral-raise,-521,136,-832
shoulders,lateral-raise,-573,184,-906
shoulders,lateral-raise,-631,199,-864
shoulders,lateral-raise,-668,175,-745
shoulders,lateral-raise,-707,149,-777
shoulders,lateral-raise,-762,159,-719
shoulders,lateral-raise,-810,214,-838
shoulders,lateral-raise,-846,203,-886
shoulders,lateral-raise,-880,236,-840
shoulders,lateral-raise,-884,246,-748
shoulders,lateral-raise,-910,253,-790
shoulders,lateral-raise,-958,275,-725
shoulders,lateral-raise,-958,202,-715
shoulders,lateral-raise,-989,259,-736
shoulders,lateral-raise,-1016,303,-771
shoulders,lateral-raise,-1017,244,-722
shoulders,lateral-raise,-1024,220,-566
shoulders,lateral-raise,-1028,257,-557
shoulders,lateral-raise,-1071,273,-607
shoulders,lateral-raise,-1065,287,-588
shoulders,lateral-raise,-1080,264,-513
shoulders,lateral-raise,-1064,263,-535
shoulders,lateral-raise,-1048,201,-457
shoulders,lateral-raise,-1071,216,-324
shoulders,lateral-raise,-1049,262,-419
shoulders,lateral-raise,-1048,264,-409
shoulders,lateral-raise,-1041,264,-379
shoulders,lateral-raise,-1026,243,-312
shoulders,lateral-raise,-1010,205,-360
shoulders,lateral-raise,-1035,214,-293
shoulders,lateral-raise,-1013,236,-207
shoulders,lateral-raise,-1001,227,-277
shoulders,lateral-raise,-1006,199,-302
shoulders,lateral-raise,-1002,167,-347
shoulders,lateral-raise,-976,160,-275
shoulders,lateral-raise,-968,225,-166
shoulders,lateral-raise,-997,208,-262
shoulders,lateral-raise,-963,192,-245
shoulders,lateral-raise,-960,208,-449
shoulders,lateral-raise,-979,179,-486
shoulders,lateral-raise,-1050,211,-519
shoulders,lateral-raise,-1098,230,-560
shoulders,lateral-raise,-1181,210,-660
shoulders,lateral-raise,-1241,200,-709
shoulders,lateral-raise,-1266,196,-723
shoulders,lateral-raise,-1271,183,-727
shoulders,lateral-raise,-1256,184,-795
shoulders,lateral-raise,-1260,184,-856
shoulders,lateral-raise,-1287,161,-821
shoulders,lateral-raise,-1345,155,-756
shoulders,lateral-raise,-1417,175,-729
shoulders,lateral-raise,-1468,171,-713
shoulders,lateral-raise,-1502,155,-632
shoulders,lateral-raise,-1494,139,-596
shoulders,lateral-raise,-1458,124,-614
shoulders,lateral-raise,-1432,157,-677
shoulders,lateral-raise,-1382,149,-669
shoulders,lateral-raise,-1327,149,-664
shoulders,lateral-raise,-1256,165,-669
shoulders,lateral-raise,-1165,165,-667
shoulders,lateral-raise,-1111,136,-630
shoulders,lateral-raise,-1018,123,-613
shoulders,lateral-raise,-948,82,-576
shoulders,lateral-raise,-854,84,-600
shoulders,lateral-raise,-761,57,-683
shoulders,lateral-raise,-668,26,-575
shoulders,lateral-raise,-543,37,-568
shoulders,lateral-raise,-469,16,-574
shoulders,lateral-raise,-370,13,-619
shoulders,lateral-raise,-306,-13,-565
shoulders,lateral-raise,-220,24,-528
shoulders,lateral-raise,-142,32,-520
shoulders,lateral-raise,-88,24,-528
shoulders,lateral-raise,-24,24,-520
shoulders,lateral-raise,15,40,-567
shoulders,lateral-raise,62,10,-530
shoulders,lateral-raise,79,15,-550
shoulders,lateral-raise,138,9,-501
shoulders,lateral-raise,187,8,-453
shoulders,lateral-raise,178,-13,-609
shoulders,lateral-raise,231,-43,-461
shoulders,lateral-raise,273,12,-432
shoulders,lateral-raise,267,-48,-510
shoulders,lateral-raise,270,-64,-401
shoulders,lateral-raise,334,23,-504
shoulders,lateral-raise,292,-55,-544
shoulders,lateral-raise,313,-47,-320
shoulders,lateral-raise,362,-21,-429
shoulders,lateral-raise,343,-66,-537
shoulders,lateral-raise,377,-23,-471
shoulders,lateral-raise,358,-50,-485
shoulders,lateral-raise,367,-34,-487
shoulders,lateral-raise,344,-33,-556
shoulders,lateral-raise,325,-67,-613
shoulders,lateral-raise,323,-48,-570
shoulders,lateral-raise,289,-37,-585
shoulders,lateral-raise,260,-48,-572
shoulders,lateral-raise,231,-19,-586
shoulders,lateral-raise,172,-12,-680
shoulders,lateral-raise,136,-17,-705
shoulders,lateral-raise,103,4,-695
shoulders,lateral-raise,39,8,-739
shoulders,lateral-raise,-5,15,-767
shoulders,lateral-raise,-63,37,-812
shoulders,lateral-raise,-138,53,-906
shoulders,lateral-raise,-180,63,-876
shoulders,lateral-raise,-211,93,-840
shoulders,lateral-raise,-248,101,-819
shoulders,lateral-raise,-297,125,-803
shoulders,lateral-raise,-352,181,-862
shoulders,lateral-raise,-403,156,-852
shoulders,lateral-raise,-444,184,-818
shoulders,lateral-raise,-482,239,-774
shoulders,lateral-raise,-508,256,-845
shoulders,lateral-raise,-584,215,-814
shoulders,lateral-raise,-595,196,-739
shoulders,lateral-raise,-655,301,-764
shoulders,lateral-raise,-700,317,-814
shoulders,lateral-raise,-729,244,-695
shoulders,lateral-raise,-742,283,-751
shoulders,lateral-raise,-804,314,-739
shoulders,lateral-raise,-864,337,-779
shoulders,lateral-raise,-874,351,-689
shoulders,lateral-raise,-952,320,-735
shoulders,lateral-raise,-984,320,-657
shoulders,lateral-raise,-1015,328,-710
shoulders,lateral-raise,-1031,305,-651
shoulders,lateral-raise,-1047,304,-551
shoulders,lateral-raise,-1026,319,-624
shoulders,lateral-raise,-1038,306,-632
shoulders,lateral-raise,-1054,311,-583
shoulders,lateral-raise,-1022,305,-501
shoulders,lateral-raise,-1029,297,-428
shoulders,lateral-raise,-1025,322,-462
shoulders,lateral-raise,-1037,309,-510
shoulders,lateral-raise,-1028,304,-371
shoulders,lateral-raise,-1018,304,-340
shoulders,lateral-raise,-1010,292,-368
shoulders,lateral-raise,-1019,277,-359
shoulders,lateral-raise,-1002,283,-313
shoulders,lateral-raise,-992,288,-285
shoulders,lateral-raise,-971,283,-275
shoulders,lateral-raise,-975,305,-272
shoulders,lateral-raise,-999,340,-252
shoulders,lateral-raise,-1008,323,-221
shoulders,lateral-raise,-1003,295,-208
shoulders,lateral-raise,-1004,292,-253
shoulders,lateral-raise,-995,296,-241
shoulders,lateral-raise,-988,284,-242
shoulders,lateral-raise,-972,276,-292
shoulders,lateral-raise,-956,276,-381
shoulders,lateral-raise,-982,298,-508
shoulders,lateral-raise,-1054,339,-564
shoulders,lateral-raise,-1146,328,-612
shoulders,lateral-raise,-1215,302,-688
shoulders,lateral-raise,-1257,309,-740
shoulders,lateral-raise,-1284,310,-813
shoulders,lateral-raise,-1301,323,-845
shoulders,lateral-raise,-1301,323,-811
shoulders,lateral-raise,-1322,307,-801
shoulders,lateral-raise,-1351,301,-759
shoulders,lateral-raise,-1389,304,-744
shoulders,lateral-raise,-1460,286,-743
shoulders,lateral-raise,-1503,304,-673
shoulders,lateral-raise,-1531,296,-684
shoulders,lateral-raise,-1543,267,-623
shoulders,lateral-raise,-1531,269,-683
shoulders,lateral-raise,-1493,222,-649
shoulders,lateral-raise,-1418,258,-606
shoulders,lateral-raise,-1307,269,-601
shoulders,lateral-raise,-1193,244,-671
shoulders,lateral-raise,-1110,288,-666
shoulders,lateral-raise,-964,281,-797
shoulders,lateral-raise,-892,155,-588
shoulders,lateral-raise,-768,256,-440
shoulders,lateral-raise,-688,192,-712
shoulders,lateral-raise,-618,130,-588
shoulders,lateral-raise,-548,136,-584
shoulders,lateral-raise,-432,143,-532
shoulders,lateral-raise,-380,151,-637
shoulders,lateral-raise,-290,109,-555
shoulders,lateral-raise,-196,90,-446
shoulders,lateral-raise,-157,40,-541
shoulders,lateral-raise,-72,12,-393
shoulders,lateral-raise,-17,28,-406
shoulders,lateral-raise,36,-12,-511
shoulders,lateral-raise,60,-36,-511
shoulders,lateral-raise,118,-40,-456
shoulders,lateral-raise,148,-58,-416
shoulders,lateral-raise,186,-30,-402
shoulders,lateral-raise,189,-33,-417
shoulders,lateral-raise,227,-40,-364
shoulders,lateral-raise,274,-8,-320
shoulders,lateral-raise,298,13,-501
shoulders,lateral-raise,339,-58,-534
shoulders,lateral-raise,393,-66,-330
shoulders,lateral-raise,411,-63,-312
shoulders,lateral-raise,408,-71,-430
shoulders,lateral-raise,404,-77,-463
shoulders,lateral-raise,417,-67,-452
shoulders,lateral-raise,428,-52,-480
shoulders,lateral-raise,401,-60,-512
shoulders,lateral-raise,376,-60,-494
shoulders,lateral-raise,372,-56,-479
shoulders,lateral-raise,351,-49,-522
shoulders,lateral-raise,315,-40,-594
shoulders,lateral-raise,287,-43,-638
shoulders,lateral-raise,266,-51,-596
shoulders,lateral-raise,234,-45,-551
shoulders,lateral-raise,182,-21,-640
shoulders,lateral-raise,133,-11,-655
shoulders,lateral-raise,52,5,-693
shoulders,lateral-raise,-28,18,-708
shoulders,lateral-raise,-120,28,-724
shoulders,lateral-raise,-188,35,-729
shoulders,lateral-raise,-266,26,-727
shoulders,lateral-raise,-308,70,-809
shoulders,lateral-raise,-344,100,-793
shoulders,lateral-raise,-430,124,-873
shoulders,lateral-raise,-477,149,-826
shoulders,lateral-raise,-573,183,-780
shoulders,lateral-raise,-620,175,-739
shoulders,lateral-raise,-667,171,-707
shoulders,lateral-raise,-715,214,-960
shoulders,lateral-raise,-768,168,-954
shoulders,lateral-raise,-760,161,-743
shoulders,lateral-raise,-752,255,-673
shoulders,lateral-raise,-830,240,-820
shoulders,lateral-raise,-908,308,-877
shoulders,lateral-raise,-942,342,-805
shoulders,lateral-raise,-980,329,-734
shoulders,lateral-raise,-984,321,-799
shoulders,lateral-raise,-1047,355,-822
shoulders,lateral-raise,-1097,340,-715
shoulders,lateral-raise,-1097,336,-676
shoulders,lateral-raise,-1063,356,-685
shoulders,lateral-raise,-1081,341,-682
shoulders,lateral-raise,-1057,342,-649
shoulders,lateral-raise,-1054,338,-598
shoulders,lateral-raise,-1015,336,-537
shoulders,lateral-raise,-1006,347,-474
shoulders,lateral-raise,-1036,363,-484
shoulders,lateral-raise,-1032,379,-399
shoulders,lateral-raise,-1013,358,-357
shoulders,lateral-raise,-993,339,-360
shoulders,lateral-raise,-984,356,-375
shoulders,lateral-raise,-974,344,-298
shoulders,lateral-raise,-959,356,-245
shoulders,lateral-raise,-983,389,-244
shoulders,lateral-raise,-999,353,-205
shoulders,lateral-raise,-1009,291,-180
shoulders,lateral-raise,-1012,296,-188
shoulders,lateral-raise,-996,339,-180
shoulders,lateral-raise,-992,342,-183
shoulders,lateral-raise,-992,306,-175
shoulders,lateral-raise,-992,291,-154
shoulders,lateral-raise,-995,286,-165
shoulders,lateral-raise,-988,275,-200
shoulders,lateral-raise,-977,300,-302
shoulders,lateral-raise,-997,350,-382
shoulders,lateral-raise,-1026,358,-398
shoulders,lateral-raise,-1076,310,-425
shoulders,lateral-raise,-1131,286,-550
shoulders,lateral-raise,-1213,291,-584
shoulders,lateral-raise,-1248,322,-602
shoulders,lateral-raise,-1252,330,-683
shoulders,lateral-raise,-1267,329,-763
shoulders,lateral-raise,-1286,307,-703
shoulders,lateral-raise,-1316,316,-656
shoulders,lateral-raise,-1350,295,-630
shoulders,lateral-raise,-1434,285,-697
shoulders,lateral-raise,-1445,266,-598
shoulders,lateral-raise,-1423,284,-653
shoulders,lateral-raise,-1417,321,-704
shoulders,lateral-raise,-1431,335,-701
shoulders,lateral-raise,-1408,319,-640
shoulders,lateral-raise,-1392,296,-624
shoulders,lateral-raise,-1352,296,-472
shoulders,lateral-raise,-1352,296,-472
shoulders,lateral-raise,-1298,350,-635
shoulders,lateral-raise,-1266,337,-648
shoulders,lateral-raise,-1197,388,-588
shoulders,lateral-raise,-1112,377,-650
shoulders,lateral-raise,-1047,333,-585
shoulders,lateral-raise,-970,286,-625
shoulders,lateral-raise,-905,280,-557
shoulders,lateral-raise,-776,260,-544
shoulders,lateral-raise,-654,223,-655
shoulders,lateral-raise,-575,203,-616
shoulders,lateral-raise,-473,181,-588
shoulders,lateral-raise,-394,152,-554
shoulders,lateral-raise,-264,215,-526
shoulders,lateral-raise,-184,200,-543
shoulders,lateral-raise,-135,151,-502
shoulders,lateral-raise,-39,152,-491
shoulders,lateral-raise,32,128,-464
shoulders,lateral-raise,84,117,-458
shoulders,lateral-raise,153,140,-469
shoulders,lateral-raise,208,123,-520
shoulders,lateral-raise,247,76,-501
shoulders,lateral-raise,327,101,-522
shoulders,lateral-raise,380,145,-525
shoulders,lateral-raise,401,98,-446
shoulders,lateral-raise,440,92,-388
shoulders,lateral-raise,449,113,-445
shoulders,lateral-raise,447,81,-447
shoulders,lateral-raise,450,65,-363
shoulders,lateral-raise,435,59,-376
shoulders,lateral-raise,440,41,-402
shoulders,lateral-raise,431,5,-446
shoulders,lateral-raise,422,-6,-436
shoulders,lateral-raise,432,-5,-384
shoulders,lateral-raise,435,6,-386
shoulders,lateral-raise,447,3,-468
shoulders,lateral-raise,457,48,-516
shoulders,lateral-raise,432,40,-540
shoulders,lateral-raise,396,16,-452
shoulders,lateral-raise,356,16,-457
shoulders,lateral-raise,328,19,-608
shoulders,lateral-raise,263,39,-612
shoulders,lateral-raise,249,73,-504
shoulders,lateral-raise,208,78,-586
shoulders,lateral-raise,154,71,-609
shoulders,lateral-raise,108,119,-678
shoulders,lateral-raise,64,111,-724
shoulders,lateral-raise,-25,98,-684
shoulders,lateral-raise,-44,122,-736
shoulders,lateral-raise,-113,161,-745
shoulders,lateral-raise,-153,185,-775
shoulders,lateral-raise,-231,271,-697
shoulders,lateral-raise,-310,295,-657
shoulders,lateral-raise,-388,266,-740
shoulders,lateral-raise,-444,301,-714
shoulders,lateral-raise,-528,355,-741
shoulders,lateral-raise,-615,324,-765
shoulders,lateral-raise,-631,369,-712
shoulders,lateral-raise,-700,383,-786
shoulders,lateral-raise,-772,351,-700
shoulders,lateral-raise,-817,390,-667
shoulders,lateral-raise,-856,438,-721
shoulders,lateral-raise,-932,411,-717
shoulders,lateral-raise,-970,352,-621
shoulders,lateral-raise,-1000,371,-616
shoulders,lateral-raise,-1054,401,-733
shoulders,lateral-raise,-1072,375,-670
shoulders,lateral-raise,-1072,382,-586
shoulders,lateral-raise,-1093,413,-631
shoulders,lateral-raise,-1109,393,-598
shoulders,lateral-raise,-1112,391,-565
shoulders,lateral-raise,-1117,386,-573
shoulders,lateral-raise,-1129,362,-534
shoulders,lateral-raise,-1109,339,-482
shoulders,lateral-raise,-1110,332,-486
shoulders,lateral-raise,-1107,344,-379
shoulders,lateral-raise,-1072,348,-312
shoulders,lateral-raise,-1048,336,-379
shoulders,lateral-raise,-1040,332,-371
shoulders,lateral-raise,-1033,340,-308
shoulders,lateral-raise,-1027,341,-265
shoulders,lateral-raise,-1038,330,-253
shoulders,lateral-raise,-1054,320,-227
shoulders,lateral-raise,-1070,311,-175
shoulders,lateral-raise,-1083,282,-133
shoulders,lateral-raise,-1083,251,-112
shoulders,lateral-raise,-1070,247,-112
shoulders,lateral-raise,-1064,266,-105
shoulders,lateral-raise,-1060,270,-65
shoulders,lateral-raise,-1046,258,-14
shoulders,lateral-raise,-1036,240,-70
shoulders,lateral-raise,-1022,242,-133
shoulders,lateral-raise,-1019,247,-181
shoulders,lateral-raise,-1027,244,-173
shoulders,lateral-raise,-1002,268,-231
shoulders,lateral-raise,-1022,286,-419
shoulders,lateral-raise,-1068,278,-492
shoulders,lateral-raise,-1108,329,-459
shoulders,lateral-raise,-1145,341,-495
shoulders,lateral-raise,-1162,295,-593
shoulders,lateral-raise,-1208,281,-615
shoulders,lateral-raise,-1216,304,-592
shoulders,lateral-raise,-1240,328,-656
shoulders,lateral-raise,-1287,336,-648
shoulders,lateral-raise,-1311,328,-564
shoulders,lateral-raise,-1349,335,-560
shoulders,lateral-raise,-1388,314,-567
shoulders,lateral-raise,-1471,305,-589
shoulders,lateral-raise,-1508,325,-578
shoulders,lateral-raise,-1519,376,-699
shoulders,lateral-raise,-1547,351,-667
shoulders,lateral-raise,-1552,344,-532
shoulders,lateral-raise,-1539,350,-593
shoulders,lateral-raise,-1493,340,-566
shoulders,lateral-raise,-1401,372,-594
shoulders,lateral-raise,-1300,360,-643
shoulders,lateral-raise,-1220,306,-582
shoulders,lateral-raise,-1122,288,-480
shoulders,lateral-raise,-1034,277,-535
shoulders,lateral-raise,-934,235,-602
shoulders,lateral-raise,-835,236,-570
shoulders,lateral-raise,-736,218,-559
shoulders,lateral-raise,-648,195,-501
shoulders,lateral-raise,-547,192,-530
shoulders,lateral-raise,-465,165,-544
shoulders,lateral-raise,-397,144,-508
shoulders,lateral-raise,-327,123,-508
shoulders,lateral-raise,-220,88,-560
shoulders,lateral-raise,-148,49,-573
shoulders,lateral-raise,-111,17,-466
shoulders,lateral-raise,-36,15,-426
shoulders,lateral-raise,17,14,-500
shoulders,lateral-raise,63,23,-538
shoulders,lateral-raise,93,35,-515
shoulders,lateral-raise,105,6,-439
shoulders,lateral-raise,152,8,-419
shoulders,lateral-raise,205,-16,-453
shoulders,lateral-raise,275,-32,-461
shoulders,lateral-raise,341,-43,-430
shoulders,lateral-raise,367,-66,-464
shoulders,lateral-raise,402,-64,-452
shoulders,lateral-raise,388,-107,-402
shoulders,lateral-raise,400,-93,-362
shoulders,lateral-raise,397,-108,-403
shoulders,lateral-raise,388,-89,-416
shoulders,lateral-raise,412,-96,-414
shoulders,lateral-raise,429,-96,-409
shoulders,lateral-raise,406,-99,-468
shoulders,lateral-raise,390,-115,-430
shoulders,lateral-raise,365,-62,-418
shoulders,lateral-raise,318,-41,-561
shoulders,lateral-raise,278,-55,-575
shoulders,lateral-raise,223,-8,-552
shoulders,lateral-raise,145,0,-584
shoulders,lateral-raise,90,-16,-623
shoulders,lateral-raise,42,37,-685
shoulders,lateral-raise,-35,40,-621
shoulders,lateral-raise,-84,55,-689
shoulders,lateral-raise,-145,13,-675
shoulders,lateral-raise,-201,99,-714
shoulders,lateral-raise,-242,105,-768
shoulders,lateral-raise,-268,124,-749
shoulders,lateral-raise,-324,154,-737
shoulders,lateral-raise,-387,185,-698
shoulders,lateral-raise,-456,223,-707
shoulders,lateral-raise,-490,208,-760
shoulders,lateral-raise,-567,229,-758
shoulders,lateral-raise,-621,234,-735
shoulders,lateral-raise,-682,226,-644
shoulders,lateral-raise,-736,251,-640
shoulders,lateral-raise,-784,280,-719
shoulders,lateral-raise,-836,313,-706
shoulders,lateral-raise,-896,353,-660
shoulders,lateral-raise,-958,368,-638
shoulders,lateral-raise,-1003,345,-600
shoulders,lateral-raise,-1070,355,-585
shoulders,lateral-raise,-1134,380,-579
shoulders,lateral-raise,-1152,388,-514
shoulders,lateral-raise,-1164,384,-488
shoulders,lateral-raise,-1176,380,-531
shoulders,lateral-raise,-1191,388,-559
shoulders,lateral-raise,-1194,374,-444
shoulders,lateral-raise,-1179,355,-275
shoulders,lateral-raise,-1203,366,-282
shoulders,lateral-raise,-1247,388,-302
shoulders,lateral-raise,-1260,396,-237
shoulders,lateral-raise,-1240,360,-168
shoulders,lateral-raise,-1232,323,-144
shoulders,lateral-raise,-1214,314,-128
shoulders,lateral-raise,-1197,322,-128
shoulders,lateral-raise,-1157,328,-132
shoulders,lateral-raise,-1120,328,-140
shoulders,lateral-raise,-1092,332,-115
shoulders,lateral-raise,-1075,336,-64
shoulders,lateral-raise,-1053,303,-47
shoulders,lateral-raise,-1039,299,-111
shoulders,lateral-raise,-1027,310,-104
shoulders,lateral-raise,-995,293,-100
shoulders,lateral-raise,-952,273,-70
shoulders,lateral-raise,-884,277,-57
shoulders,lateral-raise,-846,250,-60
shoulders,lateral-raise,-814,279,2
shoulders,lateral-raise,-783,263,33
shoulders,lateral-raise,-760,240,56
shoulders,lateral-raise,-752,208,88
shoulders,lateral-raise,-752,208,88
shoulders,lateral-raise,-729,208,142
shoulders,lateral-raise,-698,216,159
shoulders,lateral-raise,-689,194,56
shoulders,lateral-raise,-673,185,55
shoulders,lateral-raise,-672,198,77
shoulders,lateral-raise,-679,221,108
shoulders,lateral-raise,-687,190,119
shoulders,lateral-raise,-688,131,100
shoulders,lateral-raise,-747,94,50
shoulders,lateral-raise,-728,101,104
shoulders,lateral-raise,-695,123,89
shoulders,lateral-raise,-688,128,62
shoulders,lateral-raise,-700,104,-26
shoulders,lateral-raise,-756,102,-10
shoulders,lateral-raise,-815,121,75
shoulders,lateral-raise,-837,101,164
shoulders,lateral-raise,-866,25,166
shoulders,lateral-raise,-875,2,162
shoulders,lateral-raise,-897,52,69
shoulders,lateral-raise,-974,94,-2
shoulders,lateral-raise,-1053,99,-73
shoulders,lateral-raise,-1053,56,-17
shoulders,lateral-raise,-1041,24,124
shoulders,lateral-raise,-1077,57,172
shoulders,lateral-raise,-1148,88,120
shoulders,lateral-raise,-1192,103,45
shoulders,lateral-raise,-1210,120,1
shoulders,lateral-raise,-1246,124,9
shoulders,lateral-raise,-1257,135,57
shoulders,lateral-raise,-1245,150,67
shoulders,lateral-raise,-1249,148,42
shoulders,lateral-raise,-1267,154,58
shoulders,lateral-raise,-1280,192,112
shoulders,lateral-raise,-1299,150,123
shoulders,lateral-raise,-1294,111,102
shoulders,lateral-raise,-1270,151,71
shoulders,lateral-raise,-1266,187,44
shoulders,lateral-raise,-1268,242,34
shoulders,lateral-raise,-1252,243,54
shoulders,lateral-raise,-1238,222,104
shoulders,lateral-raise,-1304,301,120
shoulders,lateral-raise,-1576,587,155
shoulders,lateral-raise,-1331,175,-79
shoulders,lateral-raise,-1097,304,-240
shoulders,lateral-raise,-1275,541,489
shoulders,lateral-raise,-1300,247,143
shoulders,lateral-raise,-1261,151,-98
shoulders,lateral-raise,-1343,152,111
shoulders,lateral-raise,-1486,465,534
shoulders,lateral-raise,-1687,488,-52
shoulders,lateral-raise,-1601,528,372
shoulders,lateral-raise,-1662,606,213
shoulders,lateral-raise,-1702,425,178
shoulders,lateral-raise,-1704,431,109
shoulders,lateral-raise,-1660,614,184
shoulders,lateral-raise,-1563,661,106
shoulders,lateral-raise,-1468,664,12
shoulders,lateral-raise,-1347,637,-55
shoulders,lateral-raise,-1221,645,-84
shoulders,lateral-raise,-1128,622,-192
shoulders,lateral-raise,-1036,616,-273
shoulders,lateral-raise,-942,597,-325
shoulders,lateral-raise,-848,556,-300
shoulders,lateral-raise,-724,450,-212
shoulders,lateral-raise,-619,370,-207
shoulders,lateral-raise,-553,363,-288
shoulders,lateral-raise,-498,400,-342
shoulders,lateral-raise,-448,395,-352
shoulders,lateral-raise,-422,379,-357
shoulders,lateral-raise,-401,386,-335
shoulders,lateral-raise,-382,382,-306
shoulders,lateral-raise,-376,344,-315
shoulders,lateral-raise,-363,320,-315
shoulders,lateral-raise,-335,316,-330
shoulders,lateral-raise,-312,300,-385
shoulders,lateral-raise,-300,268,-408
shoulders,lateral-raise,-292,252,-404
shoulders,lateral-raise,-292,274,-441
shoulders,lateral-raise,-338,328,-494
shoulders,lateral-raise,-419,385,-576
shoulders,lateral-raise,-440,402,-648
shoulders,lateral-raise,-447,404,-658
shoulders,lateral-raise,-484,415,-645
shoulders,lateral-raise,-456,386,-547
shoulders,lateral-raise,-440,352,-612
shoulders,lateral-raise,-418,331,-674
shoulders,lateral-raise,-379,336,-664
shoulders,lateral-raise,-402,374,-628
shoulders,lateral-raise,-388,362,-656
shoulders,lateral-raise,-391,337,-717
shoulders,lateral-raise,-375,289,-758
shoulders,lateral-raise,-433,207,-756
shoulders,lateral-raise,-432,240,-771
shoulders,lateral-raise,-391,242,-739
shoulders,lateral-raise,-382,254,-710
shoulders,lateral-raise,-369,237,-699
shoulders,lateral-raise,-378,216,-724
shoulders,lateral-raise,-398,218,-765
shoulders,lateral-raise,-373,247,-733
shoulders,lateral-raise,-466,226,-833
shoulders,lateral-raise,-528,280,-856
