361,-10,-904,biceps-curl,,,
1160,-1080,-623,biceps-curl,,,
1866,-500,-829,biceps-curl,,,
1274,574,-1045,biceps-curl,,,
975,579,-1029,biceps-curl,,,
542,569,-1034,biceps-curl,,,
490,569,-990,biceps-curl,,,
418,785,-929,biceps-curl,,,
-41,1153,-1060,biceps-curl,,,
398,-333,-577,biceps-curl,,,
639,-1494,-437,biceps-curl,,,
-1126,96,-1147,biceps-curl,,,
-521,673,-905,biceps-curl,,,
262,-497,-427,biceps-curl,,,
436,-463,-593,biceps-curl,,,
304,25,-682,biceps-curl,,,
262,155,-709,biceps-curl,,,
416,111,-703,biceps-curl,,,
509,242,-728,biceps-curl,,,
497,428,-639,biceps-curl,,,
493,717,-599,biceps-curl,,,
382,902,-552,biceps-curl,,,
307,1020,-413,biceps-curl,,,
296,1109,-328,biceps-curl,,,
315,1122,-300,biceps-curl,,,
324,1067,-211,biceps-curl,,,
378,1021,-174,biceps-curl,,,
454,1000,-214,biceps-curl,,,
537,980,-252,biceps-curl,,,
574,829,-197,biceps-curl,,,
585,823,-105,biceps-curl,,,
618,762,-194,biceps-curl,,,
635,705,-277,biceps-curl,,,
638,670,-268,biceps-curl,,,
632,674,-241,biceps-curl,,,
689,704,-415,biceps-curl,,,
720,798,-448,biceps-curl,,,
720,796,-403,biceps-curl,,,
726,639,-169,biceps-curl,,,
779,499,-221,biceps-curl,,,
856,576,-328,biceps-curl,,,
885,569,-333,biceps-curl,,,
854,658,-237,biceps-curl,,,
833,677,-214,biceps-curl,,,
787,648,-224,biceps-curl,,,
756,700,-248,biceps-curl,,,
730,738,-272,biceps-curl,,,
670,699,-259,biceps-curl,,,
578,680,-132,biceps-curl,,,
531,680,-176,biceps-curl,,,
488,696,-224,biceps-curl,,,
443,723,-264,biceps-curl,,,
394,657,-35,biceps-curl,,,
405,608,-111,biceps-curl,,,
432,667,-223,biceps-curl,,,
472,704,-164,biceps-curl,,,
497,703,-159,biceps-curl,,,
537,718,-119,biceps-curl,,,
602,728,-161,biceps-curl,,,
673,678,-233,biceps-curl,,,
735,617,-232,biceps-curl,,,
781,610,-161,biceps-curl,,,
853,540,-196,biceps-curl,,,
919,513,-257,biceps-curl,,,
948,487,-197,biceps-curl,,,
1010,464,-259,biceps-curl,,,
1079,433,-246,biceps-curl,,,
1080,400,-140,biceps-curl,,,
1078,367,-141,biceps-curl,,,
1052,227,-173,biceps-curl,,,
1048,247,-246,biceps-curl,,,
1030,273,-266,biceps-curl,,,
1004,283,-187,biceps-curl,,,
986,302,-202,biceps-curl,,,
992,311,-229,biceps-curl,,,
988,311,-238,biceps-curl,,,
989,333,-222,biceps-curl,,,
997,352,-221,biceps-curl,,,
1024,403,-161,biceps-curl,,,
1039,457,-116,biceps-curl,,,
1048,502,-135,biceps-curl,,,
1054,544,-90,biceps-curl,,,
1025,553,-20,biceps-curl,,,
1024,600,-97,biceps-curl,,,
989,626,9,biceps-curl,,,
942,701,51,biceps-curl,,,
899,749,77,biceps-curl,,,
836,786,125,biceps-curl,,,
772,824,156,biceps-curl,,,
726,839,180,biceps-curl,,,
652,817,260,biceps-curl,,,
576,792,328,biceps-curl,,,
576,792,328,biceps-curl,,,
522,800,382,biceps-curl,,,
482,792,422,biceps-curl,,,
435,792,469,biceps-curl,,,
417,799,450,biceps-curl,,,
395,800,377,biceps-curl,,,
329,877,396,biceps-curl,,,
286,868,530,biceps-curl,,,
200,791,659,biceps-curl,,,
158,756,595,biceps-curl,,,
88,746,620,biceps-curl,,,
35,732,626,biceps-curl,,,
-30,734,690,biceps-curl,,,
-83,712,647,biceps-curl,,,
-130,675,561,biceps-curl,,,
-189,658,569,biceps-curl,,,
-251,634,573,biceps-curl,,,
-293,587,473,biceps-curl,,,
-340,512,383,biceps-curl,,,
-380,465,340,biceps-curl,,,
-392,456,352,biceps-curl,,,
-383,465,368,biceps-curl,,,
-363,494,408,biceps-curl,,,
-348,465,362,biceps-curl,,,
-315,457,300,biceps-curl,,,
-256,556,396,biceps-curl,,,
-216,612,476,biceps-curl,,,
-201,593,416,biceps-curl,,,
-164,633,325,biceps-curl,,,
-115,709,385,biceps-curl,,,
-67,760,509,biceps-curl,,,
-18,820,425,biceps-curl,,,
-2,825,356,biceps-curl,,,
38,836,378,biceps-curl,,,
112,912,360,biceps-curl,,,
166,938,354,biceps-curl,,,
234,967,288,biceps-curl,,,
297,984,210,biceps-curl,,,
350,990,143,biceps-curl,,,
391,1012,242,biceps-curl,,,
487,1021,124,biceps-curl,,,
545,998,-38,biceps-curl,,,
560,949,-1,biceps-curl,,,
604,936,-33,biceps-curl,,,
629,925,34,biceps-curl,,,
667,843,-122,biceps-curl,,,
697,796,-132,biceps-curl,,,
705,751,-89,biceps-curl,,,
720,733,-107,biceps-curl,,,
722,680,-160,biceps-curl,,,
792,680,-176,biceps-curl,,,
832,632,-216,biceps-curl,,,
848,616,-162,biceps-curl,,,
848,563,-130,biceps-curl,,,
870,515,-262,biceps-curl,,,
923,519,-243,biceps-curl,,,
957,499,-226,biceps-curl,,,
988,489,-210,biceps-curl,,,
1033,488,-304,biceps-curl,,,
1067,488,-247,biceps-curl,,,
1072,495,-278,biceps-curl,,,
1059,496,-288,biceps-curl,,,
1068,527,-269,biceps-curl,,,
1054,548,-252,biceps-curl,,,
1036,587,-230,biceps-curl,,,
1015,646,-230,biceps-curl,,,
991,709,-238,biceps-curl,,,
962,744,-208,biceps-curl,,,
894,747,-66,biceps-curl,,,
869,769,-76,biceps-curl,,,
862,799,-90,biceps-curl,,,
842,818,-15,biceps-curl,,,
818,838,29,biceps-curl,,,
799,857,32,biceps-curl,,,
766,864,67,biceps-curl,,,
723,872,133,biceps-curl,,,
684,876,188,biceps-curl,,,
641,887,235,biceps-curl,,,
598,897,286,biceps-curl,,,
551,884,319,biceps-curl,,,
503,893,345,biceps-curl,,,
451,915,391,biceps-curl,,,
384,911,430,biceps-curl,,,
321,893,443,biceps-curl,,,
250,874,484,biceps-curl,,,
169,843,539,biceps-curl,,,
105,820,519,biceps-curl,,,
52,783,545,biceps-curl,,,
-6,762,566,biceps-curl,,,
-36,754,550,biceps-curl,,,
-86,707,531,biceps-curl,,,
-146,683,566,biceps-curl,,,
-194,657,535,biceps-curl,,,
-247,621,424,biceps-curl,,,
-288,603,418,biceps-curl,,,
-341,574,381,biceps-curl,,,
-379,552,357,biceps-curl,,,
-402,484,319,biceps-curl,,,
-425,441,225,biceps-curl,,,
-440,456,236,biceps-curl,,,
-431,458,307,biceps-curl,,,
-408,520,416,biceps-curl,,,
-392,504,328,biceps-curl,,,
-376,426,250,biceps-curl,,,
-323,470,301,biceps-curl,,,
-275,576,408,biceps-curl,,,
-243,635,474,biceps-curl,,,
-204,626,323,biceps-curl,,,
-172,652,290,biceps-curl,,,
-141,711,390,biceps-curl,,,
-63,807,375,biceps-curl,,,
4,837,238,biceps-curl,,,
48,859,221,biceps-curl,,,
99,920,218,biceps-curl,,,
160,972,216,biceps-curl,,,
229,1013,128,biceps-curl,,,
294,1024,67,biceps-curl,,,
368,1018,45,biceps-curl,,,
430,1065,72,biceps-curl,,,
480,1056,51,biceps-curl,,,
516,999,-75,biceps-curl,,,
543,956,-141,biceps-curl,,,
562,954,-87,biceps-curl,,,
614,923,-67,biceps-curl,,,
679,874,-169,biceps-curl,,,
717,830,-223,biceps-curl,,,
736,787,-175,biceps-curl,,,
772,788,-168,biceps-curl,,,
819,785,-219,biceps-curl,,,
836,734,-252,biceps-curl,,,
832,679,-245,biceps-curl,,,
839,624,-232,biceps-curl,,,
851,586,-216,biceps-curl,,,
871,564,-223,biceps-curl,,,
905,535,-260,biceps-curl,,,
928,509,-240,biceps-curl,,,
952,485,-232,biceps-curl,,,
975,480,-223,biceps-curl,,,
997,475,-235,biceps-curl,,,
1010,468,-226,biceps-curl,,,
1012,480,-242,biceps-curl,,,
1000,480,-272,biceps-curl,,,
1000,483,-272,biceps-curl,,,
999,500,-263,biceps-curl,,,
992,527,-223,biceps-curl,,,
993,560,-218,biceps-curl,,,
1000,564,-229,biceps-curl,,,
1000,595,-205,biceps-curl,,,
1001,620,-178,biceps-curl,,,
1009,667,-111,biceps-curl,,,
1015,715,-92,biceps-curl,,,
991,769,-8,biceps-curl,,,
960,800,0,biceps-curl,,,
928,824,48,biceps-curl,,,
889,871,56,biceps-curl,,,
820,864,33,biceps-curl,,,
756,894,69,biceps-curl,,,
694,889,152,biceps-curl,,,
631,895,146,biceps-curl,,,
589,875,179,biceps-curl,,,
529,899,225,biceps-curl,,,
493,911,272,biceps-curl,,,
462,892,287,biceps-curl,,,
418,901,332,biceps-curl,,,
371,898,418,biceps-curl,,,
318,902,422,biceps-curl,,,
269,892,410,biceps-curl,,,
216,877,465,biceps-curl,,,
178,883,516,biceps-curl,,,
114,861,533,biceps-curl,,,
51,801,525,biceps-curl,,,
-34,745,540,biceps-curl,,,
-116,713,508,biceps-curl,,,
-192,656,408,biceps-curl,,,
-256,601,332,biceps-curl,,,
-298,566,330,biceps-curl,,,
-329,513,305,biceps-curl,,,
-348,476,264,biceps-curl,,,
-364,440,272,biceps-curl,,,
-376,416,300,biceps-curl,,,
-383,424,334,biceps-curl,,,
-381,435,378,biceps-curl,,,
-355,458,343,biceps-curl,,,
-323,469,274,biceps-curl,,,
-289,473,343,biceps-curl,,,
-252,520,458,biceps-curl,,,
-213,592,452,biceps-curl,,,
-166,624,355,biceps-curl,,,
-129,648,375,biceps-curl,,,
-89,736,424,biceps-curl,,,
-55,803,441,biceps-curl,,,
6,795,374,biceps-curl,,,
57,885,350,biceps-curl,,,
100,911,270,biceps-curl,,,
154,949,228,biceps-curl,,,
211,1012,337,biceps-curl,,,
273,1027,239,biceps-curl,,,
338,1001,106,biceps-curl,,,
415,1011,170,biceps-curl,,,
480,1035,114,biceps-curl,,,
560,985,47,biceps-curl,,,
562,997,41,biceps-curl,,,
609,943,52,biceps-curl,,,
648,912,-96,biceps-curl,,,
656,864,8,biceps-curl,,,
656,864,8,biceps-curl,,,
703,848,-15,biceps-curl,,,
734,825,-1,biceps-curl,,,
766,757,-112,biceps-curl,,,
826,708,-171,biceps-curl,,,
846,704,-76,biceps-curl,,,
876,704,6,biceps-curl,,,
887,649,-73,biceps-curl,,,
908,600,-175,biceps-curl,,,
912,566,-120,biceps-curl,,,
944,547,-123,biceps-curl,,,
964,538,-165,biceps-curl,,,
968,530,-164,biceps-curl,,,
974,522,-166,biceps-curl,,,
976,514,-168,biceps-curl,,,
982,512,-162,biceps-curl,,,
1006,501,-187,biceps-curl,,,
1021,496,-153,biceps-curl,,,
1034,496,-138,biceps-curl,,,
1040,506,-149,biceps-curl,,,
1040,531,-162,biceps-curl,,,
1026,572,-140,biceps-curl,,,
998,614,-138,biceps-curl,,,
980,641,-130,biceps-curl,,,
964,656,-137,biceps-curl,,,
948,684,-136,biceps-curl,,,
944,719,-93,biceps-curl,,,
948,743,-72,biceps-curl,,,
956,763,-51,biceps-curl,,,
953,803,-21,biceps-curl,,,
941,869,-6,biceps-curl,,,
912,927,8,biceps-curl,,,
840,958,37,biceps-curl,,,
754,952,85,biceps-curl,,,
675,910,85,biceps-curl,,,
603,876,113,biceps-curl,,,
522,846,172,biceps-curl,,,
473,842,237,biceps-curl,,,
418,846,268,biceps-curl,,,
367,833,272,biceps-curl,,,
326,806,325,biceps-curl,,,
279,797,337,biceps-curl,,,
233,791,451,biceps-curl,,,
195,826,471,biceps-curl,,,
163,834,505,biceps-curl,,,
120,790,458,biceps-curl,,,
51,777,479,biceps-curl,,,
-6,781,549,biceps-curl,,,
-92,741,508,biceps-curl,,,
-169,688,574,biceps-curl,,,
-209,703,511,biceps-curl,,,
-271,649,385,biceps-curl,,,
-303,632,415,biceps-curl,,,
-334,632,401,biceps-curl,,,
-366,587,370,biceps-curl,,,
-383,533,280,biceps-curl,,,
-370,514,208,biceps-curl,,,
-354,498,214,biceps-curl,,,
-345,523,243,biceps-curl,,,
-331,521,228,biceps-curl,,,
-308,527,204,biceps-curl,,,
-266,579,270,biceps-curl,,,
-219,642,387,biceps-curl,,,
-178,674,374,biceps-curl,,,
-156,704,372,biceps-curl,,,
-129,764,307,biceps-curl,,,
-103,801,336,biceps-curl,,,
-64,862,317,biceps-curl,,,
-6,888,180,biceps-curl,,,
31,888,161,biceps-curl,,,
80,937,179,biceps-curl,,,
161,978,85,biceps-curl,,,
242,979,47,biceps-curl,,,
294,985,55,biceps-curl,,,
347,996,31,biceps-curl,,,
413,996,-17,biceps-curl,,,
484,992,-100,biceps-curl,,,
535,996,-133,biceps-curl,,,
574,971,-119,biceps-curl,,,
611,918,-153,biceps-curl,,,
641,886,-194,biceps-curl,,,
670,866,-214,biceps-curl,,,
686,850,-196,biceps-curl,,,
708,828,-164,biceps-curl,,,
739,786,-203,biceps-curl,,,
765,741,-235,biceps-curl,,,
783,721,-217,biceps-curl,,,
798,686,-186,biceps-curl,,,
798,669,-180,biceps-curl,,,
822,630,-260,biceps-curl,,,
844,593,-254,biceps-curl,,,
863,561,-199,biceps-curl,,,
892,533,-228,biceps-curl,,,
917,521,-239,biceps-curl,,,
949,527,-192,biceps-curl,,,
978,515,-198,biceps-curl,,,
993,479,-237,biceps-curl,,,
1001,473,-220,biceps-curl,,,
1008,481,-254,biceps-curl,,,
1008,489,-230,biceps-curl,,,
1000,504,-201,biceps-curl,,,
992,520,-224,biceps-curl,,,
976,536,-224,biceps-curl,,,
953,552,-247,biceps-curl,,,
952,575,-187,biceps-curl,,,
930,598,-169,biceps-curl,,,
921,636,-168,biceps-curl,,,
913,669,-189,biceps-curl,,,
912,686,-185,biceps-curl,,,
919,708,-136,biceps-curl,,,
933,725,-121,biceps-curl,,,
916,741,-74,biceps-curl,,,
887,782,-32,biceps-curl,,,
855,817,13,biceps-curl,,,
824,854,18,biceps-curl,,,
781,858,40,biceps-curl,,,
728,867,94,biceps-curl,,,
667,889,129,biceps-curl,,,
616,907,168,biceps-curl,,,
558,912,179,biceps-curl,,,
505,897,191,biceps-curl,,,
458,893,254,biceps-curl,,,
430,896,331,biceps-curl,,,
387,901,328,biceps-curl,,,
329,917,344,biceps-curl,,,
291,924,354,biceps-curl,,,
247,916,336,biceps-curl,,,
180,892,368,biceps-curl,,,
113,860,415,biceps-curl,,,
65,841,436,biceps-curl,,,
34,832,458,biceps-curl,,,
-14,819,490,biceps-curl,,,
-82,800,517,biceps-curl,,,
-144,779,515,biceps-curl,,,
-207,729,480,biceps-curl,,,
-270,688,477,biceps-curl,,,
-325,633,464,biceps-curl,,,
-354,577,412,biceps-curl,,,
-367,558,337,biceps-curl,,,
-390,546,352,biceps-curl,,,
-410,526,320,biceps-curl,,,
-414,509,274,biceps-curl,,,
-401,475,223,biceps-curl,,,
-370,489,313,biceps-curl,,,
-341,500,316,biceps-curl,,,
-324,519,310,biceps-curl,,,
-301,517,401,biceps-curl,,,
-274,556,459,biceps-curl,,,
-223,595,422,biceps-curl,,,
-206,627,483,biceps-curl,,,
-174,676,408,biceps-curl,,,
-128,745,408,biceps-curl,,,
-112,792,423,biceps-curl,,,
-72,824,329,biceps-curl,,,
-49,847,460,biceps-curl,,,
-2,901,357,biceps-curl,,,
52,956,270,biceps-curl,,,
144,945,162,biceps-curl,,,
209,1015,259,biceps-curl,,,
265,1024,188,biceps-curl,,,
313,1031,108,biceps-curl,,,
340,1032,116,biceps-curl,,,
377,1039,42,biceps-curl,,,
428,989,5,biceps-curl,,,
465,1001,12,biceps-curl,,,
526,960,-20,biceps-curl,,,
550,915,-108,biceps-curl,,,
569,910,-102,biceps-curl,,,
598,884,-82,biceps-curl,,,
630,834,-123,biceps-curl,,,
656,774,-197,biceps-curl,,,
669,742,-183,biceps-curl,,,
692,716,-155,biceps-curl,,,
742,690,-171,biceps-curl,,,
810,661,-216,biceps-curl,,,
867,630,-204,biceps-curl,,,
901,594,-154,biceps-curl,,,
929,564,-169,biceps-curl,,,
952,544,-208,biceps-curl,,,
968,517,-193,biceps-curl,,,
983,496,-179,biceps-curl,,,
988,492,-185,biceps-curl,,,
994,485,-196,biceps-curl,,,
1011,483,-230,biceps-curl,,,
1016,482,-240,biceps-curl,,,
1013,475,-228,biceps-curl,,,
1011,483,-216,biceps-curl,,,
1016,493,-232,biceps-curl,,,
1014,514,-232,biceps-curl,,,
1006,541,-225,biceps-curl,,,
996,558,-197,biceps-curl,,,
982,582,-156,biceps-curl,,,
969,607,-125,biceps-curl,,,
939,635,-137,biceps-curl,,,
911,648,-100,biceps-curl,,,
869,653,-52,biceps-curl,,,
857,688,-67,biceps-curl,,,
865,739,-44,biceps-curl,,,
872,761,-71,biceps-curl,,,
873,772,-57,biceps-curl,,,
878,808,17,biceps-curl,,,
854,808,22,biceps-curl,,,
823,817,-6,biceps-curl,,,
792,856,64,biceps-curl,,,
736,880,104,biceps-curl,,,
736,880,104,biceps-curl,,,
682,896,104,biceps-curl,,,
619,850,157,biceps-curl,,,
541,863,220,biceps-curl,,,
492,886,239,biceps-curl,,,
445,874,304,biceps-curl,,,
426,893,242,biceps-curl,,,
376,910,362,biceps-curl,,,
321,925,391,biceps-curl,,,
247,902,399,biceps-curl,,,
188,902,432,biceps-curl,,,
139,892,465,biceps-curl,,,
92,876,406,biceps-curl,,,
45,848,396,biceps-curl,,,
-20,823,486,biceps-curl,,,
-73,822,498,biceps-curl,,,
-115,797,445,biceps-curl,,,
-154,795,461,biceps-curl,,,
-193,734,414,biceps-curl,,,
-243,666,371,biceps-curl,,,
-288,624,358,biceps-curl,,,
-313,603,347,biceps-curl,,,
-329,582,348,biceps-curl,,,
-353,533,313,biceps-curl,,,
-356,496,234,biceps-curl,,,
-340,496,236,biceps-curl,,,
-332,512,315,biceps-curl,,,
-321,531,315,biceps-curl,,,
-287,558,208,biceps-curl,,,
-269,556,212,biceps-curl,,,
-265,547,347,biceps-curl,,,
-208,610,333,biceps-curl,,,
-156,684,302,biceps-curl,,,
-117,739,368,biceps-curl,,,
-70,786,319,biceps-curl,,,
-36,815,233,biceps-curl,,,
15,846,231,biceps-curl,,,
87,903,130,biceps-curl,,,
142,974,146,biceps-curl,,,
197,987,154,biceps-curl,,,
253,961,60,biceps-curl,,,
319,948,-4,biceps-curl,,,
391,1000,33,biceps-curl,,,
435,995,-55,biceps-curl,,,
500,962,-137,biceps-curl,,,
534,918,-90,biceps-curl,,,
588,902,-108,biceps-curl,,,
637,879,-150,biceps-curl,,,
714,870,-232,biceps-curl,,,
745,831,-223,biceps-curl,,,
792,784,-192,biceps-curl,,,
808,760,-192,biceps-curl,,,
831,737,-239,biceps-curl,,,
840,713,-240,biceps-curl,,,
862,690,-225,biceps-curl,,,
879,644,-180,biceps-curl,,,
901,626,-269,biceps-curl,,,
925,575,-252,biceps-curl,,,
948,561,-228,biceps-curl,,,
959,553,-224,biceps-curl,,,
967,526,-244,biceps-curl,,,
962,520,-235,biceps-curl,,,
954,501,-207,biceps-curl,,,
946,484,-218,biceps-curl,,,
938,451,-177,biceps-curl,,,
953,446,-183,biceps-curl,,,
971,437,-203,biceps-curl,,,
992,427,-181,biceps-curl,,,
1016,429,-189,biceps-curl,,,
1014,427,-175,biceps-curl,,,
1018,429,-180,biceps-curl,,,
1024,446,-216,biceps-curl,,,
1019,475,-200,biceps-curl,,,
1012,501,-167,biceps-curl,,,
1008,547,-156,biceps-curl,,,
1000,593,-148,biceps-curl,,,
980,632,-132,biceps-curl,,,
953,675,-116,biceps-curl,,,
918,711,-79,biceps-curl,,,
885,742,-51,biceps-curl,,,
872,780,-40,biceps-curl,,,
859,818,-2,biceps-curl,,,
825,838,14,biceps-curl,,,
783,865,65,biceps-curl,,,
736,891,131,biceps-curl,,,
688,893,120,biceps-curl,,,
637,920,118,biceps-curl,,,
569,920,128,biceps-curl,,,
501,918,185,biceps-curl,,,
468,920,232,biceps-curl,,,
443,940,246,biceps-curl,,,
395,918,294,biceps-curl,,,
363,883,300,biceps-curl,,,
293,897,361,biceps-curl,,,
228,899,412,biceps-curl,,,
153,866,433,biceps-curl,,,
100,824,447,biceps-curl,,,
60,822,506,biceps-curl,,,
13,797,530,biceps-curl,,,
-26,759,558,biceps-curl,,,
-66,744,512,biceps-curl,,,
-136,736,496,biceps-curl,,,
-200,744,464,biceps-curl,,,
-247,721,441,biceps-curl,,,
-294,674,463,biceps-curl,,,
-341,620,322,biceps-curl,,,
-373,572,356,biceps-curl,,,
-390,547,317,biceps-curl,,,
-399,530,312,biceps-curl,,,
-400,487,216,biceps-curl,,,
-393,487,180,biceps-curl,,,
-412,508,313,biceps-curl,,,
-391,531,376,biceps-curl,,,
-365,542,328,biceps-curl,,,
-330,568,354,biceps-curl,,,
-296,582,380,biceps-curl,,,
-254,636,367,biceps-curl,,,
-201,689,349,biceps-curl,,,
-152,720,317,biceps-curl,,,
-115,760,336,biceps-curl,,,
-73,812,316,biceps-curl,,,
-21,872,296,biceps-curl,,,
48,929,291,biceps-curl,,,
94,961,265,biceps-curl,,,
158,986,199,biceps-curl,,,
213,1004,134,biceps-curl,,,
249,1029,129,biceps-curl,,,
308,1044,96,biceps-curl,,,
367,1032,40,biceps-curl,,,
410,1017,6,biceps-curl,,,
453,994,-38,biceps-curl,,,
490,969,-56,biceps-curl,,,
517,941,-56,biceps-curl,,,
554,900,-84,biceps-curl,,,
601,877,-134,biceps-curl,,,
648,861,-139,biceps-curl,,,
693,824,-131,biceps-curl,,,
737,782,-158,biceps-curl,,,
783,749,-206,biceps-curl,,,
806,712,-202,biceps-curl,,,
826,682,-206,biceps-curl,,,
836,655,-196,biceps-curl,,,
853,619,-196,biceps-curl,,,
875,596,-241,biceps-curl,,,
888,573,-244,biceps-curl,,,
886,554,-222,biceps-curl,,,
876,516,-203,biceps-curl,,,
907,484,-173,biceps-curl,,,
931,447,-215,biceps-curl,,,
962,439,-199,biceps-curl,,,
985,424,-191,biceps-curl,,,
1001,416,-177,biceps-curl,,,
1024,416,-224,biceps-curl,,,
1024,424,-216,biceps-curl,,,
1032,432,-185,biceps-curl,,,
1024,432,-192,biceps-curl,,,
1002,447,-199,biceps-curl,,,
985,463,-178,biceps-curl,,,
963,478,-176,biceps-curl,,,
946,487,-162,biceps-curl,,,
944,515,-99,biceps-curl,,,
951,533,-81,biceps-curl,,,
965,543,-126,biceps-curl,,,
981,576,-111,biceps-curl,,,
978,621,-73,biceps-curl,,,
976,650,-76,biceps-curl,,,
958,685,-74,biceps-curl,,,
935,719,-78,biceps-curl,,,
900,756,-30,biceps-curl,,,
866,790,3,biceps-curl,,,
830,816,-3,biceps-curl,,,
791,834,-3,biceps-curl,,,
756,850,20,biceps-curl,,,
711,880,46,biceps-curl,,,
665,905,47,biceps-curl,,,
621,912,49,biceps-curl,,,
574,916,95,biceps-curl,,,
519,920,153,biceps-curl,,,
464,916,212,biceps-curl,,,
425,920,210,biceps-curl,,,
382,902,179,biceps-curl,,,
327,883,287,biceps-curl,,,
279,896,405,biceps-curl,,,
237,890,387,biceps-curl,,,
180,865,371,biceps-curl,,,
116,843,402,biceps-curl,,,
61,851,462,biceps-curl,,,
8,840,465,biceps-curl,,,
-41,798,431,biceps-curl,,,
-94,767,464,biceps-curl,,,
-145,738,466,biceps-curl,,,
-202,716,456,biceps-curl,,,
-246,697,406,biceps-curl,,,
-303,665,400,biceps-curl,,,
-334,639,396,biceps-curl,,,
-367,625,361,biceps-curl,,,
-400,586,277,biceps-curl,,,
-397,552,212,biceps-curl,,,
-379,551,196,biceps-curl,,,
-399,539,291,biceps-curl,,,
-382,490,241,biceps-curl,,,
-350,522,261,biceps-curl,,,
-319,554,371,biceps-curl,,,
-296,616,456,biceps-curl,,,
-264,592,352,biceps-curl,,,
-264,592,352,biceps-curl,,,
-225,608,274,biceps-curl,,,
-186,676,340,biceps-curl,,,
-132,740,404,biceps-curl,,,
-99,817,372,biceps-curl,,,
-39,803,140,biceps-curl,,,
3,835,189,biceps-curl,,,
83,929,255,biceps-curl,,,
156,971,184,biceps-curl,,,
233,983,103,biceps-curl,,,
318,1016,44,biceps-curl,,,
379,1055,26,biceps-curl,,,
440,1070,24,biceps-curl,,,
474,1084,-5,biceps-curl,,,
503,1077,-68,biceps-curl,,,
545,1000,-138,biceps-curl,,,
576,957,-138,biceps-curl,,,
589,915,-139,biceps-curl,,,
597,881,-159,biceps-curl,,,
610,847,-153,biceps-curl,,,
649,794,-168,biceps-curl,,,
700,736,-226,biceps-curl,,,
747,694,-260,biceps-curl,,,
785,676,-238,biceps-curl,,,
804,647,-208,biceps-curl,,,
820,620,-208,biceps-curl,,,
851,597,-231,biceps-curl,,,
890,558,-259,biceps-curl,,,
919,529,-276,biceps-curl,,,
935,503,-260,biceps-curl,,,
954,480,-251,biceps-curl,,,
965,474,-280,biceps-curl,,,
969,461,-277,biceps-curl,,,
989,456,-267,biceps-curl,,,
997,456,-251,biceps-curl,,,
994,461,-247,biceps-curl,,,
1000,472,-278,biceps-curl,,,
994,478,-289,biceps-curl,,,
972,500,-246,biceps-curl,,,
962,512,-301,biceps-curl,,,
963,517,-248,biceps-curl,,,
943,545,-185,biceps-curl,,,
936,587,-193,biceps-curl,,,
936,606,-195,biceps-curl,,,
934,645,-166,biceps-curl,,,
921,682,-153,biceps-curl,,,
927,702,-154,biceps-curl,,,
910,762,-91,biceps-curl,,,
887,786,-18,biceps-curl,,,
863,825,-55,biceps-curl,,,
840,856,-32,biceps-curl,,,
792,896,8,biceps-curl,,,
730,880,31,biceps-curl,,,
675,872,40,biceps-curl,,,
612,887,77,biceps-curl,,,
557,903,131,biceps-curl,,,
488,890,157,biceps-curl,,,
431,867,167,biceps-curl,,,
376,884,209,biceps-curl,,,
328,901,283,biceps-curl,,,
300,878,309,biceps-curl,,,
258,904,337,biceps-curl,,,
198,887,387,biceps-curl,,,
130,874,412,biceps-curl,,,
77,872,451,biceps-curl,,,
35,872,447,biceps-curl,,,
-21,872,468,biceps-curl,,,
-83,834,469,biceps-curl,,,
-151,795,422,biceps-curl,,,
-207,784,441,biceps-curl,,,
-249,759,444,biceps-curl,,,
-278,706,375,biceps-curl,,,
-297,675,308,biceps-curl,,,
-326,663,315,biceps-curl,,,
-366,639,349,biceps-curl,,,
-401,599,360,biceps-curl,,,
-420,560,316,biceps-curl,,,
-428,529,253,biceps-curl,,,
-425,519,265,biceps-curl,,,
-412,542,311,biceps-curl,,,
-398,553,290,biceps-curl,,,
-371,528,229,biceps-curl,,,
-352,528,264,biceps-curl,,,
-337,597,356,biceps-curl,,,
-301,673,303,biceps-curl,,,
-267,717,230,biceps-curl,,,
-223,734,247,biceps-curl,,,
-173,804,318,biceps-curl,,,
-127,852,225,biceps-curl,,,
-70,860,129,biceps-curl,,,
-31,931,210,biceps-curl,,,
16,965,121,biceps-curl,,,
89,962,61,biceps-curl,,,
143,1007,37,biceps-curl,,,
222,998,-11,biceps-curl,,,
264,993,21,biceps-curl,,,
327,1050,40,biceps-curl,,,
389,996,-104,biceps-curl,,,
443,960,-175,biceps-curl,,,
491,959,-60,biceps-curl,,,
545,943,-146,biceps-curl,,,
584,912,-224,biceps-curl,,,
616,880,-256,biceps-curl,,,
647,849,-186,biceps-curl,,,
678,825,-237,biceps-curl,,,
702,772,-285,biceps-curl,,,
733,739,-266,biceps-curl,,,
743,715,-228,biceps-curl,,,
751,691,-266,biceps-curl,,,
786,661,-265,biceps-curl,,,
779,609,-284,biceps-curl,,,
796,580,-223,biceps-curl,,,
825,544,-202,biceps-curl,,,
863,530,-219,biceps-curl,,,
908,516,-272,biceps-curl,,,
932,500,-264,biceps-curl,,,
942,473,-210,biceps-curl,,,
944,447,-186,biceps-curl,,,
966,440,-249,biceps-curl,,,
981,419,-254,biceps-curl,,,
979,408,-230,biceps-curl,,,
976,403,-229,biceps-curl,,,
986,381,-222,biceps-curl,,,
987,382,-239,biceps-curl,,,
988,401,-256,biceps-curl,,,
992,421,-265,biceps-curl,,,
988,444,-276,biceps-curl,,,
988,476,-264,biceps-curl,,,
988,504,-233,biceps-curl,,,
984,523,-245,biceps-curl,,,
977,550,-259,biceps-curl,,,
958,588,-232,biceps-curl,,,
941,642,-216,biceps-curl,,,
936,686,-204,biceps-curl,,,
933,708,-209,biceps-curl,,,
923,750,-179,biceps-curl,,,
902,805,-160,biceps-curl,,,
868,834,-139,biceps-curl,,,
824,842,-117,biceps-curl,,,
773,848,-94,biceps-curl,,,
732,850,-98,biceps-curl,,,
682,861,-56,biceps-curl,,,
620,880,-59,biceps-curl,,,
566,877,-56,biceps-curl,,,
509,871,20,biceps-curl,,,
449,900,49,biceps-curl,,,
402,876,107,biceps-curl,,,
356,856,132,biceps-curl,,,
316,920,172,biceps-curl,,,
268,919,210,biceps-curl,,,
214,904,235,biceps-curl,,,
167,905,296,biceps-curl,,,
143,928,297,biceps-curl,,,
89,928,431,biceps-curl,,,
57,936,416,biceps-curl,,,
-5,913,408,biceps-curl,,,
-83,875,445,biceps-curl,,,
-161,850,455,biceps-curl,,,
-204,812,470,biceps-curl,,,
-257,773,465,biceps-curl,,,
-298,727,423,biceps-curl,,,
-331,693,429,biceps-curl,,,
-356,668,386,biceps-curl,,,
-385,639,363,biceps-curl,,,
-417,595,329,biceps-curl,,,
-436,572,314,biceps-curl,,,
-446,539,271,biceps-curl,,,
-448,522,279,biceps-curl,,,
-442,520,271,biceps-curl,,,
-429,542,275,biceps-curl,,,
-408,552,280,biceps-curl,,,
-390,547,260,biceps-curl,,,
-369,564,278,biceps-curl,,,
-341,595,320,biceps-curl,,,
-309,613,313,biceps-curl,,,
-274,656,300,biceps-curl,,,
-243,705,321,biceps-curl,,,
-207,745,324,biceps-curl,,,
-152,820,312,biceps-curl,,,
-89,872,270,biceps-curl,,,
-41,916,265,biceps-curl,,,
4,968,266,biceps-curl,,,
77,981,191,biceps-curl,,,
144,1019,171,biceps-curl,,,
192,1051,142,biceps-curl,,,
258,1053,88,biceps-curl,,,
315,1051,88,biceps-curl,,,
352,1038,60,biceps-curl,,,
391,1000,-10,biceps-curl,,,
419,1002,-39,biceps-curl,,,
463,991,-67,biceps-curl,,,
514,938,-100,biceps-curl,,,
553,909,-112,biceps-curl,,,
589,867,-112,biceps-curl,,,
620,842,-131,biceps-curl,,,
679,815,-207,biceps-curl,,,
714,799,-158,biceps-curl,,,
734,739,-148,biceps-curl,,,
777,700,-179,biceps-curl,,,
786,663,-202,biceps-curl,,,
810,645,-225,biceps-curl,,,
840,607,-229,biceps-curl,,,
849,583,-176,biceps-curl,,,
880,544,-160,biceps-curl,,,
904,528,-232,biceps-curl,,,
904,528,-232,biceps-curl,,,
966,497,-178,biceps-curl,,,
983,496,-206,biceps-curl,,,
991,459,-186,biceps-curl,,,
977,456,-191,biceps-curl,,,
969,420,-185,biceps-curl,,,
989,395,-191,biceps-curl,,,
992,392,-165,biceps-curl,,,
1012,372,-187,biceps-curl,,,
1009,375,-179,biceps-curl,,,
1002,382,-151,biceps-curl,,,
1000,403,-225,biceps-curl,,,
982,426,-206,biceps-curl,,,
964,420,-192,biceps-curl,,,
966,422,-158,biceps-curl,,,
962,441,-122,biceps-curl,,,
971,459,-150,biceps-curl,,,
971,517,-152,biceps-curl,,,
953,554,-149,biceps-curl,,,
944,585,-127,biceps-curl,,,
939,633,-98,biceps-curl,,,
936,670,-93,biceps-curl,,,
927,684,-87,biceps-curl,,,
898,692,-54,biceps-curl,,,
868,713,-3,biceps-curl,,,
852,752,-8,biceps-curl,,,
833,799,-17,biceps-curl,,,
794,835,34,biceps-curl,,,
750,859,75,biceps-curl,,,
708,879,95,biceps-curl,,,
661,885,114,biceps-curl,,,
611,892,134,biceps-curl,,,
556,909,185,biceps-curl,,,
515,912,256,biceps-curl,,,
488,931,235,biceps-curl,,,
432,936,207,biceps-curl,,,
360,938,267,biceps-curl,,,
307,933,340,biceps-curl,,,
260,904,344,biceps-curl,,,
208,899,333,biceps-curl,,,
136,877,391,biceps-curl,,,
63,861,454,biceps-curl,,,
16,845,480,biceps-curl,,,
-30,825,472,biceps-curl,,,
-69,783,429,biceps-curl,,,
-107,775,465,biceps-curl,,,
-144,764,472,biceps-curl,,,
-234,726,471,biceps-curl,,,
-258,702,463,biceps-curl,,,
-297,671,449,biceps-curl,,,
-328,647,471,biceps-curl,,,
-360,569,401,biceps-curl,,,
-368,545,377,biceps-curl,,,
-383,521,330,biceps-curl,,,
-399,475,298,biceps-curl,,,
-385,501,354,biceps-curl,,,
-363,518,381,biceps-curl,,,
-353,534,391,biceps-curl,,,
-352,509,358,biceps-curl,,,
-332,544,372,biceps-curl,,,
-315,611,409,biceps-curl,,,
-306,656,429,biceps-curl,,,
-267,670,395,biceps-curl,,,
-238,678,318,biceps-curl,,,
-203,739,367,biceps-curl,,,
-163,812,375,biceps-curl,,,
-119,854,379,biceps-curl,,,
-72,886,362,biceps-curl,,,
-24,917,242,biceps-curl,,,
28,923,87,biceps-curl,,,
73,880,215,biceps-curl,,,
141,942,309,biceps-curl,,,
245,1005,120,biceps-curl,,,
318,1021,10,biceps-curl,,,
336,1028,106,biceps-curl,,,
386,1036,143,biceps-curl,,,
464,1024,40,biceps-curl,,,
511,973,-63,biceps-curl,,,
557,944,-74,biceps-curl,,,
610,955,-41,biceps-curl,,,
645,938,-59,biceps-curl,,,
683,867,-122,biceps-curl,,,
715,815,-160,biceps-curl,,,
726,785,-166,biceps-curl,,,
733,749,-154,biceps-curl,,,
746,718,-138,biceps-curl,,,
799,684,-207,biceps-curl,,,
834,645,-231,biceps-curl,,,
842,610,-206,biceps-curl,,,
852,590,-204,biceps-curl,,,
866,577,-214,biceps-curl,,,
869,544,-196,biceps-curl,,,
859,506,-158,biceps-curl,,,
879,480,-187,biceps-curl,,,
917,473,-202,biceps-curl,,,
947,433,-215,biceps-curl,,,
970,438,-208,biceps-curl,,,
986,422,-209,biceps-curl,,,
1009,401,-223,biceps-curl,,,
1016,408,-208,biceps-curl,,,
1008,400,-216,biceps-curl,,,
1008,384,-216,biceps-curl,,,
1000,408,-208,biceps-curl,,,
992,416,-177,biceps-curl,,,
977,439,-199,biceps-curl,,,
976,470,-200,biceps-curl,,,
961,487,-200,biceps-curl,,,
967,488,-179,biceps-curl,,,
961,509,-169,biceps-curl,,,
946,526,-202,biceps-curl,,,
937,568,-148,biceps-curl,,,
943,609,-84,biceps-curl,,,
944,648,-78,biceps-curl,,,
950,687,-92,biceps-curl,,,
934,750,-66,biceps-curl,,,
899,786,-44,biceps-curl,,,
859,815,-40,biceps-curl,,,
820,857,-34,biceps-curl,,,
781,877,0,biceps-curl,,,
736,875,27,biceps-curl,,,
689,882,32,biceps-curl,,,
628,883,57,biceps-curl,,,
567,885,86,biceps-curl,,,
507,860,96,biceps-curl,,,
453,858,168,biceps-curl,,,
410,868,259,biceps-curl,,,
371,872,284,biceps-curl,,,
328,888,296,biceps-curl,,,
277,904,331,biceps-curl,,,
222,908,359,biceps-curl,,,
174,897,372,biceps-curl,,,
135,878,383,biceps-curl,,,
89,861,418,biceps-curl,,,
38,850,456,biceps-curl,,,
-9,837,468,biceps-curl,,,
-56,827,485,biceps-curl,,,
-101,816,496,biceps-curl,,,
-143,816,535,biceps-curl,,,
-185,800,516,biceps-curl,,,
-225,758,432,biceps-curl,,,
-282,744,450,biceps-curl,,,
-325,707,441,biceps-curl,,,
-368,657,470,biceps-curl,,,
-372,622,443,biceps-curl,,,
-395,567,347,biceps-curl,,,
-409,519,331,biceps-curl,,,
-416,510,400,biceps-curl,,,
-415,493,446,biceps-curl,,,
-407,463,356,biceps-curl,,,
-399,457,320,biceps-curl,,,
-382,468,324,biceps-curl,,,
-352,546,408,biceps-curl,,,
-336,608,424,biceps-curl,,,
-312,600,376,biceps-curl,,,
-289,546,337,biceps-curl,,,
-235,658,427,biceps-curl,,,
-165,716,372,biceps-curl,,,
-124,778,426,biceps-curl,,,
-99,763,296,biceps-curl,,,
-40,844,273,biceps-curl,,,
16,911,408,biceps-curl,,,
91,980,345,biceps-curl,,,
169,966,178,biceps-curl,,,
216,992,163,biceps-curl,,,
267,1019,218,biceps-curl,,,
340,1042,184,biceps-curl,,,
425,1048,150,biceps-curl,,,
488,1019,1,biceps-curl,,,
532,980,-56,biceps-curl,,,
560,973,-51,biceps-curl,,,
600,987,5,biceps-curl,,,
601,956,-9,biceps-curl,,,
632,896,-116,biceps-curl,,,
661,843,-163,biceps-curl,,,
673,815,-132,biceps-curl,,,
698,777,-108,biceps-curl,,,
729,735,-134,biceps-curl,,,
769,687,-197,biceps-curl,,,
804,636,-188,biceps-curl,,,
831,601,-152,biceps-curl,,,
859,580,-153,biceps-curl,,,
879,551,-165,biceps-curl,,,
891,520,-209,biceps-curl,,,
912,507,-203,biceps-curl,,,
957,485,-172,biceps-curl,,,
1004,471,-192,biceps-curl,,,
1029,461,-178,biceps-curl,,,
1050,469,-152,biceps-curl,,,
1077,474,-167,biceps-curl,,,
1090,491,-216,biceps-curl,,,
1090,480,-245,biceps-curl,,,
1066,484,-204,biceps-curl,,,
1046,505,-170,biceps-curl,,,
1037,548,-188,biceps-curl,,,
1023,599,-226,biceps-curl,,,
1009,633,-189,biceps-curl,,,
967,646,-138,biceps-curl,,,
910,687,-153,biceps-curl,,,
893,734,-164,biceps-curl,,,
867,720,-208,biceps-curl,,,
813,723,-284,biceps-curl,,,
774,759,-220,biceps-curl,,,
726,745,-142,biceps-curl,,,
664,768,-80,biceps-curl,,,
