arms,triceps-extension,-512,632,-416
arms,triceps-extension,-427,640,-408
arms,triceps-extension,-317,541,-469
arms,triceps-extension,-245,506,-278
arms,triceps-extension,-138,468,-388
arms,triceps-extension,-49,414,-436
arms,triceps-extension,-5,387,-482
arms,triceps-extension,68,329,-427
arms,triceps-extension,160,300,-449
arms,triceps-extension,241,250,-495
arms,triceps-extension,281,183,-555
arms,triceps-extension,362,205,-556
arms,triceps-extension,438,113,-504
arms,triceps-extension,521,92,-547
arms,triceps-extension,578,56,-602
arms,triceps-extension,609,51,-605
arms,triceps-extension,632,18,-524
arms,triceps-extension,698,32,-404
arms,triceps-extension,708,48,-380
arms,triceps-extension,686,23,-402
arms,triceps-extension,728,-25,-288
arms,triceps-extension,751,8,-254
arms,triceps-extension,762,44,-261
arms,triceps-extension,741,27,-283
arms,triceps-extension,712,12,-308
arms,triceps-extension,684,-8,-224
arms,triceps-extension,671,-32,-114
arms,triceps-extension,670,-58,-87
arms,triceps-extension,616,-84,-136
arms,triceps-extension,576,-91,-149
arms,triceps-extension,599,-93,-73
arms,triceps-extension,623,-103,-40
arms,triceps-extension,596,-131,-92
arms,triceps-extension,568,-152,-90
arms,triceps-extension,549,-187,-45
arms,triceps-extension,551,-192,-28
arms,triceps-extension,573,-212,-2
arms,triceps-extension,603,-262,-23
arms,triceps-extension,668,-266,-56
arms,triceps-extension,720,-310,-28
arms,triceps-extension,784,-360,-8
arms,triceps-extension,822,-370,20
arms,triceps-extension,845,-421,0
arms,triceps-extension,828,-448,-6
arms,triceps-extension,811,-447,-37
arms,triceps-extension,830,-443,-9
arms,triceps-extension,809,-471,42
arms,triceps-extension,735,-545,-17
arms,triceps-extension,720,-559,69
arms,triceps-extension,712,-537,16
arms,triceps-extension,712,-577,25
arms,triceps-extension,688,-639,103
arms,triceps-extension,603,-640,65
arms,triceps-extension,615,-648,132
arms,triceps-extension,594,-700,136
arms,triceps-extension,599,-682,70
arms,triceps-extension,629,-737,107
arms,triceps-extension,611,-821,77
arms,triceps-extension,547,-873,79
arms,triceps-extension,496,-807,60
arms,triceps-extension,501,-831,89
arms,triceps-extension,472,-904,115
arms,triceps-extension,414,-908,170
arms,triceps-extension,412,-904,220
arms,triceps-extension,392,-928,214
arms,triceps-extension,338,-970,219
arms,triceps-extension,281,-934,230
arms,triceps-extension,259,-896,248
arms,triceps-extension,235,-930,193
arms,triceps-extension,219,-972,180
arms,triceps-extension,206,-989,197
arms,triceps-extension,176,-968,200
arms,triceps-extension,155,-980,186
arms,triceps-extension,130,-1013,189
arms,triceps-extension,99,-981,187
arms,triceps-extension,100,-965,180
arms,triceps-extension,76,-992,160
arms,triceps-extension,36,-985,182
arms,triceps-extension,25,-983,225
arms,triceps-extension,12,-1025,202
arms,triceps-extension,1,-1056,167
arms,triceps-extension,-5,-1072,173
arms,triceps-extension,-9,-1096,179
arms,triceps-extension,-30,-1102,120
arms,triceps-extension,-32,-1109,115
arms,triceps-extension,-29,-1117,114
arms,triceps-extension,-56,-1146,136
arms,triceps-extension,-54,-1152,138
arms,triceps-extension,-50,-1158,150
arms,triceps-extension,-56,-1162,176
arms,triceps-extension,-63,-1124,187
arms,triceps-extension,-88,-1133,152
arms,triceps-extension,-85,-1117,190
arms,triceps-extension,-71,-1101,221
arms,triceps-extension,-63,-1086,247
arms,triceps-extension,-55,-1073,243
arms,triceps-extension,-45,-1079,267
arms,triceps-extension,-13,-1073,295
arms,triceps-extension,18,-1077,285
arms,triceps-extension,42,-1032,253
arms,triceps-extension,88,-1032,349
arms,triceps-extension,72,-1040,248
arms,triceps-extension,120,-1048,240
arms,triceps-extension,151,-1064,271
arms,triceps-extension,175,-1041,204
arms,triceps-extension,183,-1003,237
arms,triceps-extension,206,-1000,240
arms,triceps-extension,258,-1007,204
arms,triceps-extension,299,-994,214
arms,triceps-extension,318,-978,189
arms,triceps-extension,340,-969,204
arms,triceps-extension,370,-968,175
arms,triceps-extension,433,-930,212
arms,triceps-extension,460,-914,218
arms,triceps-extension,458,-882,210
arms,triceps-extension,485,-831,237
arms,triceps-extension,513,-816,185
arms,triceps-extension,542,-794,171
arms,triceps-extension,563,-779,154
arms,triceps-extension,600,-739,165
arms,triceps-extension,616,-684,161
arms,triceps-extension,621,-639,152
arms,triceps-extension,624,-600,123
arms,triceps-extension,619,-538,95
arms,triceps-extension,594,-464,119
arms,triceps-extension,585,-436,140
arms,triceps-extension,592,-403,128
arms,triceps-extension,640,-340,156
arms,triceps-extension,711,-308,131
arms,triceps-extension,773,-319,64
arms,triceps-extension,830,-336,60
arms,triceps-extension,858,-316,53
arms,triceps-extension,869,-307,22
arms,triceps-extension,876,-330,-10
arms,triceps-extension,896,-311,-17
arms,triceps-extension,904,-282,-29
arms,triceps-extension,917,-248,-2
arms,triceps-extension,902,-251,-19
arms,triceps-extension,873,-289,12
arms,triceps-extension,852,-264,60
arms,triceps-extension,840,-230,48
arms,triceps-extension,858,-200,64
arms,triceps-extension,902,-212,104
arms,triceps-extension,850,-253,55
arms,triceps-extension,931,-241,109
arms,triceps-extension,937,-262,54
arms,triceps-extension,898,-338,52
arms,triceps-extension,914,-296,131
arms,triceps-extension,926,-304,89
arms,triceps-extension,901,-395,98
arms,triceps-extension,856,-428,122
arms,triceps-extension,856,-344,167
arms,triceps-extension,855,-353,136
arms,triceps-extension,801,-455,176
arms,triceps-extension,722,-440,137
arms,triceps-extension,712,-387,144
arms,triceps-extension,734,-503,159
arms,triceps-extension,641,-600,124
arms,triceps-extension,596,-551,127
arms,triceps-extension,620,-572,142
arms,triceps-extension,604,-610,130
arms,triceps-extension,573,-709,128
arms,triceps-extension,522,-748,128
arms,triceps-extension,474,-746,166
arms,triceps-extension,439,-744,120
arms,triceps-extension,414,-768,68
arms,triceps-extension,402,-847,97
arms,triceps-extension,348,-929,15
arms,triceps-extension,306,-941,15
arms,triceps-extension,264,-958,70
arms,triceps-extension,248,-1000,93
arms,triceps-extension,223,-1052,96
arms,triceps-extension,193,-1092,101
arms,triceps-extension,179,-1104,142
arms,triceps-extension,139,-1136,200
arms,triceps-extension,81,-1133,193
arms,triceps-extension,65,-1090,203
arms,triceps-extension,55,-1055,269
arms,triceps-extension,20,-1028,268
arms,triceps-extension,8,-1020,220
arms,triceps-extension,12,-1035,201
arms,triceps-extension,12,-1062,199
arms,triceps-extension,6,-1104,188
arms,triceps-extension,11,-1146,170
arms,triceps-extension,31,-1169,181
arms,triceps-extension,22,-1184,188
arms,triceps-extension,29,-1187,216
arms,triceps-extension,34,-1187,248
arms,triceps-extension,58,-1169,282
arms,triceps-extension,62,-1145,270
arms,triceps-extension,48,-1124,218
arms,triceps-extension,26,-1100,206
arms,triceps-extension,32,-1062,226
arms,triceps-extension,32,-1054,217
arms,triceps-extension,36,-1048,166
arms,triceps-extension,59,-1048,197
arms,triceps-extension,71,-1047,222
arms,triceps-extension,67,-1041,210
arms,triceps-extension,89,-1046,223
arms,triceps-extension,97,-1031,211
arms,triceps-extension,106,-1025,163
arms,triceps-extension,137,-1040,206
arms,triceps-extension,160,-1039,168
arms,triceps-extension,168,-1016,152
arms,triceps-extension,192,-984,192
arms,triceps-extension,184,-968,208
arms,triceps-extension,192,-968,178
arms,triceps-extension,214,-961,161
arms,triceps-extension,282,-945,248
arms,triceps-extension,281,-937,185
arms,triceps-extension,301,-929,232
arms,triceps-extension,324,-914,240
arms,triceps-extension,348,-919,207
arms,triceps-extension,391,-920,213
arms,triceps-extension,419,-914,184
arms,triceps-extension,455,-906,176
arms,triceps-extension,488,-904,182
arms,triceps-extension,525,-892,160
arms,triceps-extension,547,-882,135
arms,triceps-extension,580,-869,111
arms,triceps-extension,614,-832,120
arms,triceps-extension,635,-800,91
arms,triceps-extension,650,-767,82
arms,triceps-extension,671,-732,142
arms,triceps-extension,690,-687,171
arms,triceps-extension,701,-636,122
arms,triceps-extension,713,-598,110
arms,triceps-extension,724,-558,119
arms,triceps-extension,724,-528,70
arms,triceps-extension,732,-504,40
arms,triceps-extension,736,-465,40
arms,triceps-extension,732,-411,54
arms,triceps-extension,732,-383,52
arms,triceps-extension,728,-372,26
arms,triceps-extension,731,-309,56
arms,triceps-extension,745,-274,68
arms,triceps-extension,772,-289,60
arms,triceps-extension,797,-267,75
arms,triceps-extension,818,-269,80
arms,triceps-extension,838,-254,90
arms,triceps-extension,841,-239,47
arms,triceps-extension,860,-256,58
arms,triceps-extension,848,-260,54
arms,triceps-extension,861,-256,92
arms,triceps-extension,897,-220,65
arms,triceps-extension,871,-297,23
arms,triceps-extension,863,-299,85
arms,triceps-extension,858,-279,79
arms,triceps-extension,866,-322,119
arms,triceps-extension,821,-329,111
arms,triceps-extension,803,-276,102
arms,triceps-extension,831,-319,75
arms,triceps-extension,813,-419,15
arms,triceps-extension,760,-478,142
arms,triceps-extension,744,-408,88
arms,triceps-extension,768,-448,96
arms,triceps-extension,776,-557,119
arms,triceps-extension,715,-568,97
arms,triceps-extension,719,-561,118
arms,triceps-extension,756,-648,98
arms,triceps-extension,681,-713,132
arms,triceps-extension,609,-713,178
arms,triceps-extension,586,-726,191
arms,triceps-extension,524,-775,219
arms,triceps-extension,499,-758,250
arms,triceps-extension,445,-758,212
arms,triceps-extension,457,-822,299
arms,triceps-extension,392,-870,274
arms,triceps-extension,339,-845,268
arms,triceps-extension,317,-861,255
arms,triceps-extension,273,-894,270
arms,triceps-extension,224,-926,296
arms,triceps-extension,182,-910,283
arms,triceps-extension,158,-942,262
arms,triceps-extension,137,-1008,271
arms,triceps-extension,99,-1022,261
arms,triceps-extension,61,-1011,267
arms,triceps-extension,35,-1030,289
arms,triceps-extension,2,-1044,296
arms,triceps-extension,-28,-1032,292
arms,triceps-extension,-60,-1024,320
arms,triceps-extension,-84,-1039,321
arms,triceps-extension,-92,-1067,303
arms,triceps-extension,-100,-1091,313
arms,triceps-extension,-114,-1121,291
arms,triceps-extension,-134,-1157,288
arms,triceps-extension,-141,-1185,303
arms,triceps-extension,-127,-1194,288
arms,triceps-extension,-117,-1184,296
arms,triceps-extension,-128,-1189,304
arms,triceps-extension,-128,-1190,300
arms,triceps-extension,-130,-1159,323
arms,triceps-extension,-136,-1134,304
arms,triceps-extension,-132,-1118,292
arms,triceps-extension,-115,-1083,315
arms,triceps-extension,-94,-1064,274
arms,triceps-extension,-85,-1061,284
arms,triceps-extension,-72,-1048,297
arms,triceps-extension,-67,-1046,269
arms,triceps-extension,-36,-1030,297
arms,triceps-extension,-6,-1015,303
arms,triceps-extension,9,-1008,293
arms,triceps-extension,19,-1008,266
arms,triceps-extension,64,-1007,296
arms,triceps-extension,72,-992,295
arms,triceps-extension,64,-992,256
arms,triceps-extension,88,-976,312
arms,triceps-extension,88,-976,312
arms,triceps-extension,127,-929,343
arms,triceps-extension,120,-943,276
arms,triceps-extension,172,-937,302
arms,triceps-extension,205,-921,311
arms,triceps-extension,222,-913,305
arms,triceps-extension,238,-905,304
arms,triceps-extension,267,-904,297
arms,triceps-extension,299,-904,296
arms,triceps-extension,324,-904,270
arms,triceps-extension,347,-910,245
arms,triceps-extension,383,-912,234
arms,triceps-extension,428,-888,244
arms,triceps-extension,434,-862,224
arms,triceps-extension,443,-845,233
arms,triceps-extension,465,-834,240
arms,triceps-extension,499,-821,267
arms,triceps-extension,544,-816,280
arms,triceps-extension,570,-796,260
arms,triceps-extension,596,-774,223
arms,triceps-extension,627,-744,222
arms,triceps-extension,663,-696,223
arms,triceps-extension,676,-659,185
arms,triceps-extension,694,-622,182
arms,triceps-extension,724,-567,192
arms,triceps-extension,748,-512,172
arms,triceps-extension,768,-484,160
arms,triceps-extension,791,-454,164
arms,triceps-extension,804,-403,154
arms,triceps-extension,797,-369,133
arms,triceps-extension,773,-347,118
arms,triceps-extension,747,-294,110
arms,triceps-extension,737,-237,111
arms,triceps-extension,707,-227,104
arms,triceps-extension,712,-213,120
arms,triceps-extension,756,-203,115
arms,triceps-extension,798,-208,113
arms,triceps-extension,851,-248,130
arms,triceps-extension,914,-248,98
arms,triceps-extension,944,-250,67
arms,triceps-extension,941,-258,96
arms,triceps-extension,922,-260,63
arms,triceps-extension,897,-236,64
arms,triceps-extension,906,-208,104
arms,triceps-extension,910,-168,100
arms,triceps-extension,840,-226,85
arms,triceps-extension,842,-238,191
arms,triceps-extension,863,-224,181
arms,triceps-extension,852,-338,137
arms,triceps-extension,785,-375,159
arms,triceps-extension,808,-345,136
arms,triceps-extension,800,-455,136
arms,triceps-extension,730,-464,144
arms,triceps-extension,713,-418,159
arms,triceps-extension,727,-476,212
arms,triceps-extension,735,-589,180
arms,triceps-extension,643,-593,169
arms,triceps-extension,646,-585,175
arms,triceps-extension,689,-673,224
arms,triceps-extension,629,-761,219
arms,triceps-extension,583,-724,209
arms,triceps-extension,576,-731,202
arms,triceps-extension,570,-804,250
arms,triceps-extension,520,-860,252
arms,triceps-extension,480,-848,248
arms,triceps-extension,489,-863,219
arms,triceps-extension,474,-928,236
arms,triceps-extension,404,-963,259
arms,triceps-extension,344,-926,264
arms,triceps-extension,313,-914,284
arms,triceps-extension,260,-930,306
arms,triceps-extension,203,-903,331
arms,triceps-extension,179,-889,353
arms,triceps-extension,149,-927,360
arms,triceps-extension,98,-926,351
arms,triceps-extension,80,-912,361
arms,triceps-extension,68,-948,360
arms,triceps-extension,29,-968,359
arms,triceps-extension,1,-971,361
arms,triceps-extension,-4,-1002,337
arms,triceps-extension,-7,-1048,311
arms,triceps-extension,-29,-1074,307
arms,triceps-extension,-48,-1070,336
arms,triceps-extension,-60,-1092,342
arms,triceps-extension,-85,-1120,382
arms,triceps-extension,-104,-1133,432
arms,triceps-extension,-115,-1118,435
arms,triceps-extension,-106,-1089,480
arms,triceps-extension,-120,-1072,482
arms,triceps-extension,-142,-1068,492
arms,triceps-extension,-136,-1058,495
arms,triceps-extension,-131,-1062,461
arms,triceps-extension,-111,-1055,454
arms,triceps-extension,-105,-1052,472
arms,triceps-extension,-114,-1071,437
arms,triceps-extension,-125,-1061,460
arms,triceps-extension,-102,-1039,429
arms,triceps-extension,-86,-1031,410
arms,triceps-extension,-63,-1015,432
arms,triceps-extension,-54,-998,434
arms,triceps-extension,-24,-967,463
arms,triceps-extension,-32,-944,424
arms,triceps-extension,-16,-952,456
arms,triceps-extension,-24,-952,417
arms,triceps-extension,-1,-937,408
arms,triceps-extension,22,-958,341
arms,triceps-extension,31,-945,285
arms,triceps-extension,68,-937,323
arms,triceps-extension,107,-943,314
arms,triceps-extension,146,-964,312
arms,triceps-extension,199,-968,312
arms,triceps-extension,247,-961,345
arms,triceps-extension,288,-966,327
arms,triceps-extension,308,-968,301
arms,triceps-extension,348,-950,314
arms,triceps-extension,378,-920,314
arms,triceps-extension,401,-889,323
arms,triceps-extension,430,-880,311
arms,triceps-extension,462,-869,299
arms,triceps-extension,488,-838,301
arms,triceps-extension,511,-819,289
arms,triceps-extension,535,-801,285
arms,triceps-extension,558,-773,269
arms,triceps-extension,596,-751,251
arms,triceps-extension,594,-722,279
arms,triceps-extension,593,-687,291
arms,triceps-extension,625,-655,255
arms,triceps-extension,648,-632,212
arms,triceps-extension,668,-609,196
arms,triceps-extension,695,-570,196
arms,triceps-extension,723,-544,192
arms,triceps-extension,749,-527,192
arms,triceps-extension,778,-498,179
arms,triceps-extension,804,-470,163
arms,triceps-extension,812,-434,162
arms,triceps-extension,770,-408,138
arms,triceps-extension,741,-360,130
arms,triceps-extension,753,-306,168
arms,triceps-extension,718,-247,166
arms,triceps-extension,714,-235,156
arms,triceps-extension,728,-256,154
arms,triceps-extension,757,-236,173
arms,triceps-extension,783,-261,128
arms,triceps-extension,823,-299,102
arms,triceps-extension,877,-256,103
arms,triceps-extension,829,-337,-12
arms,triceps-extension,859,-345,59
arms,triceps-extension,876,-350,76
arms,triceps-extension,845,-335,49
arms,triceps-extension,893,-333,135
arms,triceps-extension,853,-400,22
arms,triceps-extension,800,-398,135
arms,triceps-extension,808,-336,104
arms,triceps-extension,784,-352,120
arms,triceps-extension,761,-453,174
arms,triceps-extension,676,-426,123
arms,triceps-extension,679,-409,195
arms,triceps-extension,695,-510,142
arms,triceps-extension,632,-584,172
arms,triceps-extension,589,-557,183
arms,triceps-extension,645,-641,191
arms,triceps-extension,616,-776,185
arms,triceps-extension,556,-754,230
arms,triceps-extension,550,-795,227
arms,triceps-extension,533,-907,205
arms,triceps-extension,443,-900,212
arms,triceps-extension,398,-853,269
arms,triceps-extension,398,-892,259
arms,triceps-extension,350,-945,254
arms,triceps-extension,285,-922,272
arms,triceps-extension,259,-893,296
arms,triceps-extension,246,-964,294
arms,triceps-extension,200,-993,278
arms,triceps-extension,162,-965,291
arms,triceps-extension,152,-980,262
arms,triceps-extension,116,-1000,277
arms,triceps-extension,62,-961,321
arms,triceps-extension,36,-940,311
arms,triceps-extension,24,-972,296
arms,triceps-extension,-3,-988,315
arms,triceps-extension,-24,-977,329
arms,triceps-extension,-17,-1003,309
arms,triceps-extension,-15,-1065,303
arms,triceps-extension,-37,-1088,315
arms,triceps-extension,-53,-1100,323
arms,triceps-extension,-48,-1126,322
arms,triceps-extension,-51,-1136,334
arms,triceps-extension,-61,-1128,366
arms,triceps-extension,-67,-1119,349
arms,triceps-extension,-58,-1136,367
arms,triceps-extension,-66,-1136,376
arms,triceps-extension,-74,-1132,348
arms,triceps-extension,-82,-1122,331
arms,triceps-extension,-83,-1126,317
arms,triceps-extension,-64,-1114,337
arms,triceps-extension,-59,-1088,348
arms,triceps-extension,-31,-1082,363
arms,triceps-extension,-23,-1049,335
arms,triceps-extension,-13,-1055,321
arms,triceps-extension,7,-1047,267
arms,triceps-extension,-8,-1030,296
arms,triceps-extension,-8,-1008,294
arms,triceps-extension,-7,-1007,250
arms,triceps-extension,16,-984,304
arms,triceps-extension,48,-984,280
arms,triceps-extension,48,-984,280
arms,triceps-extension,64,-992,249
arms,triceps-extension,94,-984,256
arms,triceps-extension,141,-969,345
arms,triceps-extension,137,-939,279
arms,triceps-extension,172,-929,293
arms,triceps-extension,197,-935,282
arms,triceps-extension,207,-929,314
arms,triceps-extension,215,-955,233
arms,triceps-extension,242,-947,262
arms,triceps-extension,254,-938,259
arms,triceps-extension,275,-924,250
arms,triceps-extension,304,-914,260
arms,triceps-extension,336,-918,293
arms,triceps-extension,355,-931,275
arms,triceps-extension,388,-914,303
arms,triceps-extension,416,-899,304
arms,triceps-extension,440,-880,270
arms,triceps-extension,463,-867,231
arms,triceps-extension,487,-839,251
arms,triceps-extension,496,-819,253
arms,triceps-extension,519,-802,226
arms,triceps-extension,549,-801,198
arms,triceps-extension,573,-795,219
arms,triceps-extension,609,-788,248
arms,triceps-extension,644,-764,240
arms,triceps-extension,671,-728,220
arms,triceps-extension,699,-698,230
arms,triceps-extension,723,-679,242
arms,triceps-extension,733,-661,224
arms,triceps-extension,677,-614,211
arms,triceps-extension,643,-585,198
arms,triceps-extension,732,-531,205
arms,triceps-extension,776,-466,192
arms,triceps-extension,789,-427,176
arms,triceps-extension,779,-383,169
arms,triceps-extension,773,-346,152
arms,triceps-extension,773,-331,137
arms,triceps-extension,748,-266,102
arms,triceps-extension,764,-259,116
arms,triceps-extension,779,-281,116
arms,triceps-extension,792,-225,157
arms,triceps-extension,799,-241,139
arms,triceps-extension,834,-280,110
arms,triceps-extension,846,-236,95
arms,triceps-extension,837,-264,86
arms,triceps-extension,876,-265,70
arms,triceps-extension,840,-283,49
arms,triceps-extension,840,-320,58
arms,triceps-extension,839,-313,103
arms,triceps-extension,808,-359,80
arms,triceps-extension,776,-297,104
arms,triceps-extension,823,-273,166
arms,triceps-extension,771,-417,130
arms,triceps-extension,775,-320,203
arms,triceps-extension,783,-319,128
arms,triceps-extension,827,-463,134
arms,triceps-extension,755,-487,171
arms,triceps-extension,744,-461,196
arms,triceps-extension,811,-583,187
arms,triceps-extension,746,-641,151
arms,triceps-extension,677,-635,182
arms,triceps-extension,676,-663,198
arms,triceps-extension,668,-744,200
arms,triceps-extension,588,-762,235
arms,triceps-extension,537,-731,271
arms,triceps-extension,534,-792,235
arms,triceps-extension,493,-862,254
arms,triceps-extension,430,-822,293
arms,triceps-extension,413,-807,279
arms,triceps-extension,386,-875,279
arms,triceps-extension,335,-845,283
arms,triceps-extension,326,-828,280
arms,triceps-extension,349,-897,267
arms,triceps-extension,334,-936,252
arms,triceps-extension,304,-944,285
arms,triceps-extension,308,-984,296
arms,triceps-extension,285,-1012,284
arms,triceps-extension,237,-982,292
arms,triceps-extension,220,-966,295
arms,triceps-extension,192,-964,307
arms,triceps-extension,150,-933,318
arms,triceps-extension,124,-925,334
arms,triceps-extension,89,-920,327
arms,triceps-extension,67,-925,310
arms,triceps-extension,69,-949,333
arms,triceps-extension,62,-998,328
arms,triceps-extension,51,-1066,319
arms,triceps-extension,40,-1123,300
arms,triceps-extension,34,-1158,308
arms,triceps-extension,16,-1181,305
arms,triceps-extension,13,-1205,343
arms,triceps-extension,0,-1215,368
arms,triceps-extension,-4,-1169,369
arms,triceps-extension,-26,-1134,378
arms,triceps-extension,-42,-1116,393
arms,triceps-extension,-58,-1084,394
arms,triceps-extension,-71,-1046,344
arms,triceps-extension,-55,-1023,344
arms,triceps-extension,-48,-1008,343
arms,triceps-extension,-39,-1008,320
arms,triceps-extension,-8,-1000,312
arms,triceps-extension,8,-984,328
arms,triceps-extension,31,-968,243
arms,triceps-extension,55,-983,286
arms,triceps-extension,86,-984,318
arms,triceps-extension,103,-984,298
arms,triceps-extension,125,-977,317
arms,triceps-extension,114,-969,313
arms,triceps-extension,160,-982,312
arms,triceps-extension,181,-977,292
arms,triceps-extension,184,-956,288
arms,triceps-extension,197,-933,313
arms,triceps-extension,219,-922,326
arms,triceps-extension,236,-920,328
arms,triceps-extension,264,-908,334
arms,triceps-extension,283,-910,347
arms,triceps-extension,305,-912,352
arms,triceps-extension,328,-896,363
arms,triceps-extension,357,-883,368
arms,triceps-extension,378,-880,358
arms,triceps-extension,409,-875,342
arms,triceps-extension,434,-877,341
arms,triceps-extension,449,-875,339
arms,triceps-extension,474,-872,336
arms,triceps-extension,510,-859,327
arms,triceps-extension,528,-836,332
arms,triceps-extension,536,-820,324
arms,triceps-extension,559,-808,316
arms,triceps-extension,587,-789,317
arms,triceps-extension,600,-765,300
arms,triceps-extension,613,-735,293
arms,triceps-extension,632,-696,275
arms,triceps-extension,641,-669,247
arms,triceps-extension,668,-655,229
arms,triceps-extension,702,-637,219
arms,triceps-extension,736,-627,211
arms,triceps-extension,752,-604,221
arms,triceps-extension,757,-565,227
arms,triceps-extension,772,-523,212
arms,triceps-extension,786,-480,184
arms,triceps-extension,796,-451,136
arms,triceps-extension,810,-427,134
arms,triceps-extension,822,-405,124
arms,triceps-extension,844,-377,107
arms,triceps-extension,824,-300,115
arms,triceps-extension,821,-280,86
arms,triceps-extension,801,-270,75
arms,triceps-extension,806,-183,104
arms,triceps-extension,785,-169,106
arms,triceps-extension,800,-174,133
arms,triceps-extension,808,-130,79
arms,triceps-extension,808,-184,49
arms,triceps-extension,808,-208,103
arms,triceps-extension,893,-123,135
arms,triceps-extension,866,-227,-9
arms,triceps-extension,834,-254,-1
arms,triceps-extension,861,-263,66
arms,triceps-extension,850,-264,22
arms,triceps-extension,855,-250,44
arms,triceps-extension,849,-316,55
arms,triceps-extension,808,-335,89
arms,triceps-extension,793,-303,116
arms,triceps-extension,843,-385,133
arms,triceps-extension,800,-433,161
arms,triceps-extension,772,-398,186
arms,triceps-extension,809,-408,221
arms,triceps-extension,790,-508,203
arms,triceps-extension,715,-511,198
arms,triceps-extension,726,-534,227
arms,triceps-extension,697,-620,219
arms,triceps-extension,606,-641,233
arms,triceps-extension,578,-622,268
arms,triceps-extension,579,-712,223
arms,triceps-extension,530,-785,212
arms,triceps-extension,474,-792,236
arms,triceps-extension,465,-839,218
arms,triceps-extension,418,-897,212
arms,triceps-extension,356,-896,236
arms,triceps-extension,344,-907,248
arms,triceps-extension,311,-954,244
arms,triceps-extension,251,-965,244
arms,triceps-extension,217,-962,255
arms,triceps-extension,192,-1002,267
arms,triceps-extension,140,-1037,287
arms,triceps-extension,81,-1017,332
arms,triceps-extension,42,-995,349
arms,triceps-extension,-2,-1003,335
arms,triceps-extension,-47,-984,389
arms,triceps-extension,-66,-939,391
arms,triceps-extension,-83,-981,364
arms,triceps-extension,-120,-1014,346
arms,triceps-extension,-144,-1013,326
arms,triceps-extension,-147,-1042,322
arms,triceps-extension,-154,-1087,322
arms,triceps-extension,-131,-1124,300
arms,triceps-extension,-142,-1151,326
arms,triceps-extension,-125,-1191,365
arms,triceps-extension,-101,-1181,404
arms,triceps-extension,-80,-1149,441
arms,triceps-extension,-79,-1118,458
arms,triceps-extension,-74,-1087,485
arms,triceps-extension,-104,-1072,433
arms,triceps-extension,-120,-1064,464
arms,triceps-extension,-128,-1000,456
arms,triceps-extension,-128,-1000,456
arms,triceps-extension,-159,-1031,371
arms,triceps-extension,-137,-1017,360
arms,triceps-extension,-136,-979,367
arms,triceps-extension,-136,-983,317
arms,triceps-extension,-107,-970,341
arms,triceps-extension,-69,-975,288
arms,triceps-extension,-71,-983,225
arms,triceps-extension,-45,-964,296
arms,triceps-extension,-1,-980,332
arms,triceps-extension,148,-1130,133
arms,triceps-extension,85,-1255,142
arms,triceps-extension,62,-1141,202
arms,triceps-extension,11,-1025,198
arms,triceps-extension,61,-1057,198
arms,triceps-extension,94,-1097,233
arms,triceps-extension,107,-1066,216
arms,triceps-extension,138,-1037,242
arms,triceps-extension,183,-1017,269
arms,triceps-extension,215,-998,232
arms,triceps-extension,224,-973,189
arms,triceps-extension,252,-960,167
arms,triceps-extension,308,-947,173
arms,triceps-extension,358,-932,154
arms,triceps-extension,384,-916,116
arms,triceps-extension,408,-904,104
arms,triceps-extension,443,-900,92
arms,triceps-extension,464,-878,80
arms,triceps-extension,482,-849,66
arms,triceps-extension,521,-820,58
arms,triceps-extension,554,-782,62
arms,triceps-extension,577,-759,57
arms,triceps-extension,595,-732,84
arms,triceps-extension,603,-696,90
arms,triceps-extension,624,-651,61
arms,triceps-extension,654,-607,58
arms,triceps-extension,648,-559,50
arms,triceps-extension,646,-523,14
arms,triceps-extension,644,-478,20
arms,triceps-extension,661,-437,58
arms,triceps-extension,692,-388,62
arms,triceps-extension,751,-329,59
arms,triceps-extension,812,-277,48
arms,triceps-extension,792,-338,-60
arms,triceps-extension,791,-310,2
arms,triceps-extension,785,-353,-34
arms,triceps-extension,792,-356,15
arms,triceps-extension,791,-313,9
arms,triceps-extension,776,-329,25
arms,triceps-extension,768,-351,39
arms,triceps-extension,784,-328,16
arms,triceps-extension,824,-336,56
arms,triceps-extension,832,-344,33
arms,triceps-extension,771,-405,2
arms,triceps-extension,813,-393,30
arms,triceps-extension,743,-421,-12
arms,triceps-extension,786,-417,84
arms,triceps-extension,764,-430,54
arms,triceps-extension,746,-480,75
arms,triceps-extension,744,-501,147
arms,triceps-extension,724,-491,101
arms,triceps-extension,733,-539,94
arms,triceps-extension,717,-620,108
arms,triceps-extension,670,-640,148
arms,triceps-extension,691,-634,160
arms,triceps-extension,675,-706,143
arms,triceps-extension,614,-764,203
arms,triceps-extension,560,-727,237
arms,triceps-extension,549,-725,219
arms,triceps-extension,521,-782,223
arms,triceps-extension,455,-773,197
arms,triceps-extension,448,-762,190
arms,triceps-extension,441,-833,209
arms,triceps-extension,379,-853,229
arms,triceps-extension,357,-841,223
arms,triceps-extension,372,-869,187
arms,triceps-extension,352,-904,200
arms,triceps-extension,309,-920,240
arms,triceps-extension,295,-942,259
arms,triceps-extension,272,-989,276
arms,triceps-extension,215,-992,283
arms,triceps-extension,182,-973,282
arms,triceps-extension,147,-1007,272
arms,triceps-extension,100,-1026,301
arms,triceps-extension,61,-1016,336
arms,triceps-extension,21,-1024,304
arms,triceps-extension,9,-1045,306
arms,triceps-extension,-15,-1063,317
arms,triceps-extension,-40,-1091,315
arms,triceps-extension,-64,-1132,276
arms,triceps-extension,-64,-1172,275
arms,triceps-extension,-64,-1186,310
arms,triceps-extension,-60,-1192,310
arms,triceps-extension,-39,-1192,344
arms,triceps-extension,-32,-1188,382
arms,triceps-extension,-33,-1162,369
arms,triceps-extension,-41,-1120,372
arms,triceps-extension,-47,-1114,338
arms,triceps-extension,-33,-1055,359
arms,triceps-extension,-39,-1038,346
arms,triceps-extension,-24,-1008,391
arms,triceps-extension,-16,-1008,344
arms,triceps-extension,0,-984,312
arms,triceps-extension,16,-1000,289
arms,triceps-extension,46,-985,356
arms,triceps-extension,70,-932,285
arms,triceps-extension,94,-943,316
arms,triceps-extension,110,-965,320
arms,triceps-extension,147,-954,327
arms,triceps-extension,159,-972,273
arms,triceps-extension,220,-963,291
arms,triceps-extension,219,-947,289
arms,triceps-extension,241,-950,294
arms,triceps-extension,236,-915,284
arms,triceps-extension,226,-928,268
arms,triceps-extension,218,-930,288
arms,triceps-extension,239,-911,273
arms,triceps-extension,242,-898,275
arms,triceps-extension,267,-891,291
arms,triceps-extension,296,-877,312
arms,triceps-extension,319,-877,274
arms,triceps-extension,343,-885,268
arms,triceps-extension,376,-874,280
arms,triceps-extension,415,-864,275
arms,triceps-extension,450,-860,268
arms,triceps-extension,481,-843,260
arms,triceps-extension,517,-836,264
arms,triceps-extension,540,-836,284
arms,triceps-extension,571,-824,265
arms,triceps-extension,615,-812,239
arms,triceps-extension,646,-794,244
arms,triceps-extension,684,-766,253
arms,triceps-extension,718,-746,262
arms,triceps-extension,737,-721,254
arms,triceps-extension,746,-699,252
arms,triceps-extension,747,-685,240
arms,triceps-extension,773,-640,246
arms,triceps-extension,786,-609,226
arms,triceps-extension,799,-565,223
arms,triceps-extension,816,-528,213
arms,triceps-extension,820,-492,238
arms,triceps-extension,828,-443,203
arms,triceps-extension,818,-400,184
arms,triceps-extension,818,-394,184
arms,triceps-extension,789,-356,177
arms,triceps-extension,783,-298,144
arms,triceps-extension,820,-298,146
arms,triceps-extension,796,-198,154
arms,triceps-extension,832,-188,100
arms,triceps-extension,830,-220,55
arms,triceps-extension,799,-169,42
arms,triceps-extension,785,-191,72
arms,triceps-extension,808,-160,64
arms,triceps-extension,800,-136,64
arms,triceps-extension,808,-152,56
arms,triceps-extension,823,-167,86
arms,triceps-extension,876,-190,103
arms,triceps-extension,924,-207,97
arms,triceps-extension,942,-251,132
arms,triceps-extension,965,-256,59
arms,triceps-extension,927,-276,34
arms,triceps-extension,867,-267,45
arms,triceps-extension,928,-212,94
arms,triceps-extension,880,-264,34
arms,triceps-extension,821,-274,66
arms,triceps-extension,772,-242,98
arms,triceps-extension,795,-291,122
arms,triceps-extension,745,-318,145
arms,triceps-extension,709,-270,180
arms,triceps-extension,753,-335,154
arms,triceps-extension,723,-444,162
arms,triceps-extension,660,-475,196
arms,triceps-extension,684,-492,223
arms,triceps-extension,722,-600,170
arms,triceps-extension,677,-683,156
arms,triceps-extension,627,-700,194
arms,triceps-extension,620,-760,178
arms,triceps-extension,578,-833,173
arms,triceps-extension,500,-836,216
arms,triceps-extension,472,-854,205
arms,triceps-extension,447,-914,205
arms,triceps-extension,383,-925,252
arms,triceps-extension,335,-925,246
arms,triceps-extension,289,-960,258
arms,triceps-extension,225,-966,293
arms,triceps-extension,167,-942,285
arms,triceps-extension,149,-963,285
arms,triceps-extension,131,-976,291
arms,triceps-extension,104,-960,287
arms,triceps-extension,104,-980,302
arms,triceps-extension,98,-1034,298
arms,triceps-extension,84,-1044,300
arms,triceps-extension,100,-1063,284
arms,triceps-extension,105,-1093,279
arms,triceps-extension,81,-1113,300
arms,triceps-extension,87,-1123,287
arms,triceps-extension,79,-1138,325
arms,triceps-extension,72,-1150,349
arms,triceps-extension,74,-1137,337
arms,triceps-extension,87,-1143,412
arms,triceps-extension,72,-1127,372
arms,triceps-extension,72,-1112,423
arms,triceps-extension,72,-1104,407
arms,triceps-extension,80,-1088,384
arms,triceps-extension,72,-1080,368
arms,triceps-extension,72,-1080,368
arms,triceps-extension,80,-1072,368
arms,triceps-extension,88,-1072,292
arms,triceps-extension,95,-1042,303
arms,triceps-extension,111,-1033,319
arms,triceps-extension,126,-1032,284
arms,triceps-extension,177,-1011,287
arms,triceps-extension,184,-974,315
arms,triceps-extension,191,-948,327
arms,triceps-extension,205,-931,328
arms,triceps-extension,233,-922,315
arms,triceps-extension,246,-908,293
arms,triceps-extension,278,-886,306
arms,triceps-extension,264,-898,277
arms,triceps-extension,279,-910,264
arms,triceps-extension,282,-912,253
arms,triceps-extension,296,-901,237
arms,triceps-extension,320,-891,232
arms,triceps-extension,348,-888,247
arms,triceps-extension,370,-883,251
arms,triceps-extension,400,-885,248
arms,triceps-extension,425,-893,248
arms,triceps-extension,445,-874,261
arms,triceps-extension,460,-856,294
arms,triceps-extension,476,-856,300
arms,triceps-extension,496,-860,280
arms,triceps-extension,504,-868,268
arms,triceps-extension,515,-857,264
arms,triceps-extension,524,-836,282
arms,triceps-extension,530,-825,301
arms,triceps-extension,560,-813,293
arms,triceps-extension,599,-802,273
arms,triceps-extension,636,-786,254
arms,triceps-extension,664,-773,261
arms,triceps-extension,688,-765,246
arms,triceps-extension,704,-753,231
arms,triceps-extension,715,-734,241
arms,triceps-extension,744,-720,226
arms,triceps-extension,744,-686,228
arms,triceps-extension,751,-645,218
arms,triceps-extension,774,-608,219
arms,triceps-extension,769,-604,201
arms,triceps-extension,777,-580,208
arms,triceps-extension,784,-554,207
arms,triceps-extension,787,-519,201
arms,triceps-extension,810,-509,205
arms,triceps-extension,824,-484,184
arms,triceps-extension,824,-447,183
arms,triceps-extension,823,-436,168
arms,triceps-extension,806,-351,166
arms,triceps-extension,744,-312,112
arms,triceps-extension,696,-280,104
arms,triceps-extension,657,-241,81
arms,triceps-extension,664,-225,80
arms,triceps-extension,731,-179,132
arms,triceps-extension,772,-183,70
arms,triceps-extension,826,-205,64
arms,triceps-extension,874,-208,50
arms,triceps-extension,894,-235,28
arms,triceps-extension,903,-233,24
arms,triceps-extension,904,-225,31
arms,triceps-extension,898,-218,26
arms,triceps-extension,884,-222,36
arms,triceps-extension,862,-224,64
arms,triceps-extension,850,-230,101
arms,triceps-extension,837,-209,101
arms,triceps-extension,832,-211,113
arms,triceps-extension,800,-265,98
arms,triceps-extension,763,-283,109
arms,triceps-extension,747,-280,110
arms,triceps-extension,754,-339,94
arms,triceps-extension,731,-395,74
arms,triceps-extension,721,-454,87
arms,triceps-extension,710,-519,113
arms,triceps-extension,683,-566,133
arms,triceps-extension,680,-596,148
arms,triceps-extension,700,-656,156
arms,triceps-extension,685,-742,175
arms,triceps-extension,630,-773,188
arms,triceps-extension,582,-778,205
arms,triceps-extension,547,-813,229
arms,triceps-extension,515,-848,227
arms,triceps-extension,487,-893,244
arms,triceps-extension,457,-916,287
arms,triceps-extension,418,-899,323
arms,triceps-extension,397,-925,312
arms,triceps-extension,386,-956,310
arms,triceps-extension,334,-921,311
arms,triceps-extension,326,-917,320
arms,triceps-extension,310,-948,302
arms,triceps-extension,275,-934,327
arms,triceps-extension,256,-933,354
arms,triceps-extension,252,-952,364
arms,triceps-extension,225,-951,384
arms,triceps-extension,191,-943,386
arms,triceps-extension,182,-940,400
arms,triceps-extension,163,-965,398
arms,triceps-extension,119,-937,386
arms,triceps-extension,105,-955,409
arms,triceps-extension,119,-1001,425
arms,triceps-extension,96,-1024,441
arms,triceps-extension,104,-1032,464
arms,triceps-extension,80,-1064,424
arms,triceps-extension,80,-1056,424
arms,triceps-extension,88,-1079,439
arms,triceps-extension,66,-1102,425
arms,triceps-extension,71,-1119,439
arms,triceps-extension,79,-1099,411
arms,triceps-extension,80,-1096,352
arms,triceps-extension,73,-1096,358
arms,triceps-extension,79,-1076,320
arms,triceps-extension,87,-1065,319
arms,triceps-extension,88,-1058,301
arms,triceps-extension,88,-1037,277
arms,triceps-extension,106,-990,278
arms,triceps-extension,100,-964,227
arms,triceps-extension,113,-954,214
arms,triceps-extension,142,-952,222
arms,triceps-extension,157,-936,224
arms,triceps-extension,202,-933,219
arms,triceps-extension,244,-946,226
arms,triceps-extension,276,-957,207
arms,triceps-extension,302,-965,202
arms,triceps-extension,317,-959,194
arms,triceps-extension,324,-934,202
arms,triceps-extension,324,-924,199
arms,triceps-extension,332,-924,205
arms,triceps-extension,336,-908,212
arms,triceps-extension,343,-892,204
arms,triceps-extension,367,-899,197
arms,triceps-extension,383,-908,188
arms,triceps-extension,399,-901,209
arms,triceps-extension,402,-893,213
arms,triceps-extension,398,-891,190
arms,triceps-extension,408,-881,197
arms,triceps-extension,408,-859,187
arms,triceps-extension,411,-864,173
arms,triceps-extension,418,-862,178
arms,triceps-extension,429,-856,200
arms,triceps-extension,442,-854,204
arms,triceps-extension,452,-850,214
arms,triceps-extension,466,-856,208
arms,triceps-extension,475,-854,210
arms,triceps-extension,491,-847,216
arms,triceps-extension,507,-843,216
arms,triceps-extension,521,-856,215
arms,triceps-extension,530,-855,203
arms,triceps-extension,546,-850,171
arms,triceps-extension,562,-862,203
arms,triceps-extension,585,-840,234
arms,triceps-extension,593,-839,263
arms,triceps-extension,609,-816,250
arms,triceps-extension,656,-816,328
arms,triceps-extension,632,-792,280
arms,triceps-extension,640,-808,288
arms,triceps-extension,640,-778,227
arms,triceps-extension,655,-739,239
arms,triceps-extension,663,-736,211
arms,triceps-extension,678,-729,244
arms,triceps-extension,701,-728,227
arms,triceps-extension,718,-721,210
arms,triceps-extension,713,-713,221
arms,triceps-extension,725,-692,185
arms,triceps-extension,734,-669,208
arms,triceps-extension,755,-652,222
arms,triceps-extension,772,-636,218
arms,triceps-extension,782,-614,222
arms,triceps-extension,784,-591,213
arms,triceps-extension,806,-567,202
arms,triceps-extension,827,-544,195
arms,triceps-extension,832,-520,176
arms,triceps-extension,842,-502,178
arms,triceps-extension,853,-486,189
arms,triceps-extension,861,-475,159
arms,triceps-extension,869,-458,141
arms,triceps-extension,885,-412,153
arms,triceps-extension,909,-375,134
arms,triceps-extension,912,-356,95
arms,triceps-extension,880,-332,56
arms,triceps-extension,821,-282,44
arms,triceps-extension,758,-240,49
arms,triceps-extension,721,-219,40
arms,triceps-extension,715,-182,27
arms,triceps-extension,720,-165,37
arms,triceps-extension,729,-160,40
arms,triceps-extension,747,-163,-21
arms,triceps-extension,771,-176,11
arms,triceps-extension,826,-210,43
arms,triceps-extension,879,-258,-10
arms,triceps-extension,914,-291,-37
arms,triceps-extension,912,-314,-46
arms,triceps-extension,900,-282,-36
arms,triceps-extension,923,-244,-46
arms,triceps-extension,862,-249,-110
arms,triceps-extension,791,-249,-57
arms,triceps-extension,776,-337,4
arms,triceps-extension,736,-222,-21
arms,triceps-extension,735,-216,-48
arms,triceps-extension,729,-263,-41
arms,triceps-extension,732,-197,8
arms,triceps-extension,685,-245,-68
arms,triceps-extension,649,-209,-7
arms,triceps-extension,670,-232,6
arms,triceps-extension,616,-240,-48
arms,triceps-extension,696,-168,8
arms,triceps-extension,696,-168,8
arms,triceps-extension,719,-215,-39
arms,triceps-extension,766,-284,-48
arms,triceps-extension,775,-243,-48
arms,triceps-extension,805,-240,-12
arms,triceps-extension,829,-290,-15
arms,triceps-extension,860,-247,-23
arms,triceps-extension,871,-206,-10
arms,triceps-extension,865,-187,-28
arms,triceps-extension,825,-138,-110
arms,triceps-extension,816,-103,-109
arms,triceps-extension,816,-46,-104
arms,triceps-extension,810,-8,-152
arms,triceps-extension,820,18,-144
arms,triceps-extension,835,64,-176
arms,triceps-extension,868,97,-159
arms,triceps-extension,880,131,-144
arms,triceps-extension,906,160,-181
arms,triceps-extension,940,178,-220
arms,triceps-extension,952,228,-188
arms,triceps-extension,957,266,-193
arms,triceps-extension,974,300,-160
arms,triceps-extension,980,378,-133
arms,triceps-extension,1006,450,-131
arms,triceps-extension,990,493,-153
arms,triceps-extension,912,548,-152
arms,triceps-extension,891,592,-128
arms,triceps-extension,868,648,-169
arms,triceps-extension,781,739,-219
arms,triceps-extension,723,797,-192
arms,triceps-extension,704,816,-91
arms,triceps-extension,689,862,-12
arms,triceps-extension,649,924,-7
arms,triceps-extension,602,918,-13
arms,triceps-extension,552,947,65
arms,triceps-extension,500,976,125
arms,triceps-extension,396,1018,96
arms,triceps-extension,327,997,161
arms,triceps-extension,260,1044,147
arms,triceps-extension,186,1069,221
arms,triceps-extension,113,1035,197
arms,triceps-extension,8,1048,239
arms,triceps-extension,-72,1049,224
arms,triceps-extension,-119,1041,366
arms,triceps-extension,-170,954,473
arms,triceps-extension,-249,968,317
arms,triceps-extension,-324,965,365
arms,triceps-extension,-361,932,411
arms,triceps-extension,-371,879,341
arms,triceps-extension,-425,863,289
arms,triceps-extension,-448,816,573
arms,triceps-extension,-456,808,299
arms,triceps-extension,-572,769,420
arms,triceps-extension,-576,753,622
arms,triceps-extension,-613,737,341
arms,triceps-extension,-762,714,327
arms,triceps-extension,-755,633,471
arms,triceps-extension,-780,624,404
arms,triceps-extension,-859,597,447
arms,triceps-extension,-872,545,436
arms,triceps-extension,-924,536,367
arms,triceps-extension,-974,517,358
arms,triceps-extension,-1040,456,310
arms,triceps-extension,-1080,434,308
arms,triceps-extension,-1100,385,377
arms,triceps-extension,-1144,368,314
arms,triceps-extension,-1160,335,291
arms,triceps-extension,-1149,363,280
arms,triceps-extension,-1133,337,314
arms,triceps-extension,-1113,327,336
arms,triceps-extension,-1119,316,257
arms,triceps-extension,-1099,323,208
arms,triceps-extension,-1061,327,203
arms,triceps-extension,-1052,307,204
arms,triceps-extension,-1026,279,307
arms,triceps-extension,-1000,256,375
arms,triceps-extension,-1008,252,300
arms,triceps-extension,-1016,256,190
arms,triceps-extension,-1009,274,180
arms,triceps-extension,-1000,282,250
arms,triceps-extension,-1003,247,333
arms,triceps-extension,-1037,214,323
arms,triceps-extension,-1046,209,205
arms,triceps-extension,-980,244,220
arms,triceps-extension,-971,272,222
arms,triceps-extension,-997,261,283
arms,triceps-extension,-1003,260,266
arms,triceps-extension,-992,227,272
arms,triceps-extension,-990,220,236
arms,triceps-extension,-994,273,330
arms,triceps-extension,-1055,335,526
arms,triceps-extension,-1140,115,292
arms,triceps-extension,-1042,150,179
arms,triceps-extension,-943,272,288
arms,triceps-extension,-947,400,249
arms,triceps-extension,-1016,430,250
arms,triceps-extension,-1070,302,207
arms,triceps-extension,-1052,291,201
arms,triceps-extension,-1014,321,215
arms,triceps-extension,-992,333,304
arms,triceps-extension,-992,272,312
arms,triceps-extension,-992,264,320
arms,triceps-extension,-984,216,352
arms,triceps-extension,-937,232,267
arms,triceps-extension,-959,224,317
arms,triceps-extension,-997,284,395
arms,triceps-extension,-1044,266,305
arms,triceps-extension,-1069,264,289
arms,triceps-extension,-1051,257,274
arms,triceps-extension,-1034,311,361
arms,triceps-extension,-1072,420,456
arms,triceps-extension,-1145,525,485
arms,triceps-extension,-1204,601,450
arms,triceps-extension,-1259,703,415
arms,triceps-extension,-1272,813,372
arms,triceps-extension,-1254,881,331
arms,triceps-extension,-1191,873,263
arms,triceps-extension,-1101,870,168
arms,triceps-extension,-996,840,-26
arms,triceps-extension,-902,745,-241
arms,triceps-extension,-780,638,-327
arms,triceps-extension,-654,551,-296
arms,triceps-extension,-560,477,-272
arms,triceps-extension,-486,397,-240
arms,triceps-extension,-429,338,-279
arms,triceps-extension,-399,333,-375
arms,triceps-extension,-392,365,-441
arms,triceps-extension,-384,380,-472
arms,triceps-extension,-368,372,-476
arms,triceps-extension,-349,379,-490
arms,triceps-extension,-329,392,-516
arms,triceps-extension,-317,412,-513
arms,triceps-extension,-309,443,-517
arms,triceps-extension,-304,439,-554
arms,triceps-extension,-304,421,-587
arms,triceps-extension,-304,419,-592
arms,triceps-extension,-304,421,-615
arms,triceps-extension,-304,414,-674
arms,triceps-extension,-309,415,-705
arms,triceps-extension,-318,449,-734
arms,triceps-extension,-310,500,-752
arms,triceps-extension,-299,508,-747
arms,triceps-extension,-273,494,-728
arms,triceps-extension,-248,488,-725
arms,triceps-extension,-248,489,-713
arms,triceps-extension,-242,492,-734
arms,triceps-extension,-208,474,-812
arms,triceps-extension,-208,486,-783
arms,triceps-extension,-210,472,-778
arms,triceps-extension,-232,473,-801
arms,triceps-extension,-232,478,-811
arms,triceps-extension,-233,439,-722
arms,triceps-extension,-273,391,-799
arms,triceps-extension,-335,305,-745
arms,triceps-extension,-274,327,-845
arms,triceps-extension,-257,442,-810
arms,triceps-extension,-256,433,-868
arms,triceps-extension,-249,432,-879
arms,triceps-extension,-227,425,-866
arms,triceps-extension,-224,424,-934
arms,triceps-extension,-272,417,-930
arms,triceps-extension,-300,403,-915
arms,triceps-extension,-271,400,-847
arms,triceps-extension,-245,406,-775
arms,triceps-extension,-221,383,-779
arms,triceps-extension,-222,376,-766
arms,triceps-extension,-230,370,-789
arms,triceps-extension,-232,362,-806
arms,triceps-extension,-238,366,-841
arms,triceps-extension,-240,373,-856
arms,triceps-extension,-245,381,-867
arms,triceps-extension,-248,389,-862
arms,triceps-extension,-243,387,-856
arms,triceps-extension,-230,384,-866
arms,triceps-extension,-196,379,-849
arms,triceps-extension,-185,363,-854
arms,triceps-extension,-205,348,-876
arms,triceps-extension,-216,340,-876
arms,triceps-extension,-208,332,-872
arms,triceps-extension,-204,340,-880
arms,triceps-extension,-208,356,-873
arms,triceps-extension,-212,360,-852
arms,triceps-extension,-219,357,-855
arms,triceps-extension,-224,349,-854
arms,triceps-extension,-215,344,-837
arms,triceps-extension,-206,347,-835
arms,triceps-extension,-202,357,-845
arms,triceps-extension,-184,365,-838
arms,triceps-extension,-200,362,-800
arms,triceps-extension,-207,366,-820
arms,triceps-extension,-222,360,-876
arms,triceps-extension,-204,364,-872
arms,triceps-extension,-172,374,-833
arms,triceps-extension,-187,363,-867
arms,triceps-extension,-210,338,-880
arms,triceps-extension,-259,320,-872
arms,triceps-extension,-272,361,-827
arms,triceps-extension,-266,366,-807
arms,triceps-extension,-225,348,-857
arms,triceps-extension,-233,312,-861
arms,triceps-extension,-241,313,-832
arms,triceps-extension,-256,317,-835
arms,triceps-extension,-264,265,-894
arms,triceps-extension,-264,312,-840
