-104,-240,-936,biceps-curl,,,
-96,-232,-928,biceps-curl,,,
-111,-247,-928,biceps-curl,,,
-119,-233,-913,biceps-curl,,,
-120,-268,-912,biceps-curl,,,
-106,-265,-876,biceps-curl,,,
-69,-271,-830,biceps-curl,,,
-37,-265,-865,biceps-curl,,,
-32,-284,-865,biceps-curl,,,
-6,-340,-864,biceps-curl,,,
32,-384,-820,biceps-curl,,,
71,-417,-740,biceps-curl,,,
98,-382,-684,biceps-curl,,,
128,-333,-625,biceps-curl,,,
136,-263,-505,biceps-curl,,,
136,-145,-286,biceps-curl,,,
109,-7,-138,biceps-curl,,,
85,145,-115,biceps-curl,,,
65,460,-110,biceps-curl,,,
-18,835,-84,biceps-curl,,,
-141,1009,-172,biceps-curl,,,
-187,1046,-323,biceps-curl,,,
-112,1119,-433,biceps-curl,,,
-4,1233,-511,biceps-curl,,,
144,1151,-731,biceps-curl,,,
292,1144,-724,biceps-curl,,,
359,1268,-582,biceps-curl,,,
431,1187,-775,biceps-curl,,,
524,1067,-832,biceps-curl,,,
530,1050,-640,biceps-curl,,,
459,1096,-555,biceps-curl,,,
385,1132,-506,biceps-curl,,,
298,1042,-493,biceps-curl,,,
216,854,-466,biceps-curl,,,
176,718,-414,biceps-curl,,,
199,694,-494,biceps-curl,,,
306,731,-712,biceps-curl,,,
354,812,-674,biceps-curl,,,
387,746,-656,biceps-curl,,,
504,799,-553,biceps-curl,,,
672,913,-499,biceps-curl,,,
898,986,-645,biceps-curl,,,
920,693,-369,biceps-curl,,,
806,404,-124,biceps-curl,,,
856,428,-320,biceps-curl,,,
965,459,-528,biceps-curl,,,
932,495,-461,biceps-curl,,,
885,570,-431,biceps-curl,,,
835,594,-422,biceps-curl,,,
744,635,-384,biceps-curl,,,
735,736,-391,biceps-curl,,,
673,736,-337,biceps-curl,,,
587,689,-235,biceps-curl,,,
531,673,-240,biceps-curl,,,
476,687,-240,biceps-curl,,,
392,666,-167,biceps-curl,,,
305,621,-67,biceps-curl,,,
247,567,-98,biceps-curl,,,
254,567,-159,biceps-curl,,,
289,588,-141,biceps-curl,,,
348,585,-143,biceps-curl,,,
424,590,-163,biceps-curl,,,
539,611,-149,biceps-curl,,,
647,616,-120,biceps-curl,,,
790,610,-183,biceps-curl,,,
924,568,-185,biceps-curl,,,
988,541,-176,biceps-curl,,,
1060,520,-219,biceps-curl,,,
1146,501,-308,biceps-curl,,,
1196,471,-324,biceps-curl,,,
1208,421,-307,biceps-curl,,,
1198,362,-347,biceps-curl,,,
1173,308,-390,biceps-curl,,,
1142,292,-409,biceps-curl,,,
1102,322,-416,biceps-curl,,,
1059,365,-416,biceps-curl,,,
1020,396,-432,biceps-curl,,,
969,423,-429,biceps-curl,,,
940,477,-397,biceps-curl,,,
958,513,-398,biceps-curl,,,
983,514,-413,biceps-curl,,,
998,547,-395,biceps-curl,,,
1011,594,-373,biceps-curl,,,
1013,636,-336,biceps-curl,,,
1003,667,-266,biceps-curl,,,
982,698,-237,biceps-curl,,,
955,730,-220,biceps-curl,,,
933,761,-158,biceps-curl,,,
891,782,-91,biceps-curl,,,
846,774,-150,biceps-curl,,,
798,766,-150,biceps-curl,,,
718,762,-75,biceps-curl,,,
635,768,-23,biceps-curl,,,
567,772,-13,biceps-curl,,,
512,796,-2,biceps-curl,,,
459,820,-11,biceps-curl,,,
418,851,33,biceps-curl,,,
363,873,101,biceps-curl,,,
309,881,75,biceps-curl,,,
262,896,121,biceps-curl,,,
223,905,144,biceps-curl,,,
192,936,128,biceps-curl,,,
144,952,192,biceps-curl,,,
82,944,231,biceps-curl,,,
19,906,247,biceps-curl,,,
-21,926,278,biceps-curl,,,
-31,928,287,biceps-curl,,,
-82,892,295,biceps-curl,,,
-123,860,338,biceps-curl,,,
-142,890,364,biceps-curl,,,
-184,876,448,biceps-curl,,,
-231,852,438,biceps-curl,,,
-284,842,445,biceps-curl,,,
-321,871,398,biceps-curl,,,
-358,856,299,biceps-curl,,,
-415,824,272,biceps-curl,,,
-466,787,261,biceps-curl,,,
-525,748,301,biceps-curl,,,
-533,660,233,biceps-curl,,,
-539,587,145,biceps-curl,,,
-534,537,145,biceps-curl,,,
-533,505,204,biceps-curl,,,
-522,463,146,biceps-curl,,,
-503,449,93,biceps-curl,,,
-496,460,109,biceps-curl,,,
-496,494,180,biceps-curl,,,
-492,512,199,biceps-curl,,,
-476,520,168,biceps-curl,,,
-460,574,210,biceps-curl,,,
-445,634,282,biceps-curl,,,
-418,684,308,biceps-curl,,,
-393,723,280,biceps-curl,,,
-371,744,238,biceps-curl,,,
-334,814,245,biceps-curl,,,
-295,908,271,biceps-curl,,,
-275,933,245,biceps-curl,,,
-246,935,237,biceps-curl,,,
-196,972,213,biceps-curl,,,
-163,955,123,biceps-curl,,,
-146,988,194,biceps-curl,,,
-108,998,180,biceps-curl,,,
-43,987,98,biceps-curl,,,
-16,973,31,biceps-curl,,,
22,996,71,biceps-curl,,,
60,1013,117,biceps-curl,,,
127,1000,10,biceps-curl,,,
167,997,-66,biceps-curl,,,
166,977,-21,biceps-curl,,,
224,983,-9,biceps-curl,,,
305,977,-106,biceps-curl,,,
322,982,-136,biceps-curl,,,
369,951,-138,biceps-curl,,,
416,928,-216,biceps-curl,,,
456,912,-256,biceps-curl,,,
495,896,-248,biceps-curl,,,
542,858,-256,biceps-curl,,,
551,849,-241,biceps-curl,,,
603,826,-291,biceps-curl,,,
637,803,-310,biceps-curl,,,
668,793,-305,biceps-curl,,,
679,772,-297,biceps-curl,,,
713,761,-269,biceps-curl,,,
740,727,-284,biceps-curl,,,
744,676,-326,biceps-curl,,,
750,664,-286,biceps-curl,,,
758,652,-266,biceps-curl,,,
778,619,-293,biceps-curl,,,
807,579,-304,biceps-curl,,,
827,551,-276,biceps-curl,,,
837,533,-264,biceps-curl,,,
856,517,-290,biceps-curl,,,
874,492,-309,biceps-curl,,,
895,465,-302,biceps-curl,,,
904,442,-282,biceps-curl,,,
913,418,-267,biceps-curl,,,
933,412,-255,biceps-curl,,,
944,403,-252,biceps-curl,,,
952,375,-248,biceps-curl,,,
960,360,-256,biceps-curl,,,
964,356,-276,biceps-curl,,,
968,348,-273,biceps-curl,,,
968,337,-257,biceps-curl,,,
965,328,-251,biceps-curl,,,
960,331,-262,biceps-curl,,,
957,333,-281,biceps-curl,,,
949,322,-296,biceps-curl,,,
941,323,-285,biceps-curl,,,
939,347,-272,biceps-curl,,,
954,354,-290,biceps-curl,,,
981,360,-294,biceps-curl,,,
992,371,-296,biceps-curl,,,
996,412,-312,biceps-curl,,,
1012,457,-299,biceps-curl,,,
1022,503,-334,biceps-curl,,,
1007,569,-327,biceps-curl,,,
961,611,-321,biceps-curl,,,
923,631,-322,biceps-curl,,,
893,676,-282,biceps-curl,,,
869,707,-244,biceps-curl,,,
844,729,-281,biceps-curl,,,
806,738,-282,biceps-curl,,,
774,760,-198,biceps-curl,,,
743,760,-152,biceps-curl,,,
704,760,-152,biceps-curl,,,
680,816,-120,biceps-curl,,,
680,816,-120,biceps-curl,,,
649,824,-50,biceps-curl,,,
625,870,-86,biceps-curl,,,
579,887,-36,biceps-curl,,,
510,903,-39,biceps-curl,,,
483,904,24,biceps-curl,,,
438,904,25,biceps-curl,,,
384,924,31,biceps-curl,,,
323,901,32,biceps-curl,,,
260,916,58,biceps-curl,,,
216,933,70,biceps-curl,,,
165,942,91,biceps-curl,,,
122,938,96,biceps-curl,,,
77,930,125,biceps-curl,,,
24,917,159,biceps-curl,,,
-20,923,168,biceps-curl,,,
-64,923,179,biceps-curl,,,
-106,920,200,biceps-curl,,,
-145,935,233,biceps-curl,,,
-185,924,218,biceps-curl,,,
-224,907,233,biceps-curl,,,
-254,909,242,biceps-curl,,,
-291,890,232,biceps-curl,,,
-342,842,215,biceps-curl,,,
-389,804,217,biceps-curl,,,
-424,780,236,biceps-curl,,,
-455,741,198,biceps-curl,,,
-490,675,163,biceps-curl,,,
-516,621,183,biceps-curl,,,
-517,601,195,biceps-curl,,,
-512,586,177,biceps-curl,,,
-518,570,126,biceps-curl,,,
-525,560,93,biceps-curl,,,
-517,560,99,biceps-curl,,,
-517,555,133,biceps-curl,,,
-528,544,145,biceps-curl,,,
-519,551,105,biceps-curl,,,
-496,568,99,biceps-curl,,,
-490,582,146,biceps-curl,,,
-467,622,193,biceps-curl,,,
-443,616,155,biceps-curl,,,
-420,631,117,biceps-curl,,,
-391,703,169,biceps-curl,,,
-339,738,142,biceps-curl,,,
-307,754,161,biceps-curl,,,
-268,776,58,biceps-curl,,,
-227,844,69,biceps-curl,,,
-173,892,40,biceps-curl,,,
-126,952,40,biceps-curl,,,
-86,960,37,biceps-curl,,,
-31,968,-65,biceps-curl,,,
39,1000,-119,biceps-curl,,,
125,1008,-128,biceps-curl,,,
158,1000,-166,biceps-curl,,,
197,1015,-168,biceps-curl,,,
258,987,-183,biceps-curl,,,
328,991,-213,biceps-curl,,,
371,992,-237,biceps-curl,,,
437,985,-260,biceps-curl,,,
461,977,-284,biceps-curl,,,
490,969,-301,biceps-curl,,,
515,930,-310,biceps-curl,,,
551,914,-306,biceps-curl,,,
584,894,-280,biceps-curl,,,
616,853,-313,biceps-curl,,,
624,817,-357,biceps-curl,,,
635,797,-368,biceps-curl,,,
662,765,-357,biceps-curl,,,
688,726,-363,biceps-curl,,,
716,687,-358,biceps-curl,,,
723,652,-347,biceps-curl,,,
730,626,-354,biceps-curl,,,
755,597,-351,biceps-curl,,,
777,571,-340,biceps-curl,,,
801,551,-332,biceps-curl,,,
833,527,-324,biceps-curl,,,
856,496,-324,biceps-curl,,,
868,476,-320,biceps-curl,,,
868,454,-283,biceps-curl,,,
871,418,-269,biceps-curl,,,
880,393,-293,biceps-curl,,,
903,381,-304,biceps-curl,,,
939,370,-322,biceps-curl,,,
947,354,-295,biceps-curl,,,
960,341,-256,biceps-curl,,,
979,333,-263,biceps-curl,,,
982,318,-305,biceps-curl,,,
976,294,-281,biceps-curl,,,
974,286,-262,biceps-curl,,,
968,282,-260,biceps-curl,,,
970,290,-279,biceps-curl,,,
974,299,-306,biceps-curl,,,
965,316,-311,biceps-curl,,,
953,337,-301,biceps-curl,,,
960,345,-290,biceps-curl,,,
961,354,-304,biceps-curl,,,
968,369,-303,biceps-curl,,,
967,380,-297,biceps-curl,,,
959,417,-312,biceps-curl,,,
952,426,-312,biceps-curl,,,
944,456,-313,biceps-curl,,,
952,472,-336,biceps-curl,,,
952,504,-304,biceps-curl,,,
960,535,-335,biceps-curl,,,
968,551,-374,biceps-curl,,,
953,589,-354,biceps-curl,,,
937,636,-323,biceps-curl,,,
915,661,-320,biceps-curl,,,
884,692,-292,biceps-curl,,,
860,716,-261,biceps-curl,,,
823,747,-243,biceps-curl,,,
783,772,-220,biceps-curl,,,
751,795,-197,biceps-curl,,,
719,819,-192,biceps-curl,,,
676,818,-180,biceps-curl,,,
617,822,-158,biceps-curl,,,
560,847,-141,biceps-curl,,,
511,856,-103,biceps-curl,,,
453,856,-66,biceps-curl,,,
395,867,-77,biceps-curl,,,
351,887,-63,biceps-curl,,,
301,901,-48,biceps-curl,,,
251,918,-48,biceps-curl,,,
204,919,-57,biceps-curl,,,
153,916,-15,biceps-curl,,,
98,907,59,biceps-curl,,,
55,917,88,biceps-curl,,,
28,940,80,biceps-curl,,,
-3,932,87,biceps-curl,,,
-53,931,108,biceps-curl,,,
-99,955,144,biceps-curl,,,
-139,958,184,biceps-curl,,,
-189,947,197,biceps-curl,,,
-220,943,219,biceps-curl,,,
-255,922,256,biceps-curl,,,
-294,907,296,biceps-curl,,,
-336,883,274,biceps-curl,,,
-385,858,311,biceps-curl,,,
-429,848,310,biceps-curl,,,
-451,789,228,biceps-curl,,,
-488,716,218,biceps-curl,,,
-512,645,129,biceps-curl,,,
-512,603,60,biceps-curl,,,
-513,578,104,biceps-curl,,,
-517,551,105,biceps-curl,,,
-502,542,110,biceps-curl,,,
-487,527,96,biceps-curl,,,
-478,523,111,biceps-curl,,,
-463,553,228,biceps-curl,,,
-454,571,192,biceps-curl,,,
-431,610,191,biceps-curl,,,
-407,641,168,biceps-curl,,,
-376,688,184,biceps-curl,,,
-360,688,168,biceps-curl,,,
-360,727,168,biceps-curl,,,
-345,774,176,biceps-curl,,,
-322,769,101,biceps-curl,,,
-284,783,67,biceps-curl,,,
-237,891,57,biceps-curl,,,
-211,883,91,biceps-curl,,,
-153,887,21,biceps-curl,,,
-91,988,15,biceps-curl,,,
-54,995,-43,biceps-curl,,,
-23,954,-81,biceps-curl,,,
34,1012,-107,biceps-curl,,,
84,1002,-124,biceps-curl,,,
114,939,-146,biceps-curl,,,
177,949,-232,biceps-curl,,,
250,966,-270,biceps-curl,,,
299,946,-223,biceps-curl,,,
333,941,-211,biceps-curl,,,
395,934,-287,biceps-curl,,,
454,928,-333,biceps-curl,,,
477,914,-288,biceps-curl,,,
512,890,-293,biceps-curl,,,
554,862,-333,biceps-curl,,,
581,831,-340,biceps-curl,,,
617,799,-332,biceps-curl,,,
656,780,-328,biceps-curl,,,
676,772,-305,biceps-curl,,,
706,753,-302,biceps-curl,,,
732,725,-335,biceps-curl,,,
738,712,-320,biceps-curl,,,
762,702,-285,biceps-curl,,,
779,667,-283,biceps-curl,,,
793,606,-308,biceps-curl,,,
813,555,-352,biceps-curl,,,
821,536,-360,biceps-curl,,,
823,520,-332,biceps-curl,,,
849,511,-311,biceps-curl,,,
878,480,-332,biceps-curl,,,
902,452,-322,biceps-curl,,,
925,433,-265,biceps-curl,,,
947,410,-294,biceps-curl,,,
961,413,-289,biceps-curl,,,
969,397,-299,biceps-curl,,,
975,382,-306,biceps-curl,,,
966,366,-266,biceps-curl,,,
955,350,-229,biceps-curl,,,
984,335,-273,biceps-curl,,,
984,327,-282,biceps-curl,,,
984,320,-312,biceps-curl,,,
984,312,-303,biceps-curl,,,
976,312,-256,biceps-curl,,,
960,312,-240,biceps-curl,,,
944,320,-287,biceps-curl,,,
936,328,-296,biceps-curl,,,
936,328,-281,biceps-curl,,,
951,343,-287,biceps-curl,,,
973,358,-202,biceps-curl,,,
983,395,-297,biceps-curl,,,
1011,420,-285,biceps-curl,,,
1009,451,-280,biceps-curl,,,
995,482,-254,biceps-curl,,,
967,520,-254,biceps-curl,,,
941,547,-262,biceps-curl,,,
930,570,-276,biceps-curl,,,
922,611,-251,biceps-curl,,,
903,641,-234,biceps-curl,,,
890,676,-226,biceps-curl,,,
877,715,-208,biceps-curl,,,
846,760,-189,biceps-curl,,,
812,807,-128,biceps-curl,,,
780,834,-101,biceps-curl,,,
749,850,-133,biceps-curl,,,
699,865,-133,biceps-curl,,,
641,876,-98,biceps-curl,,,
590,884,-71,biceps-curl,,,
547,892,-72,biceps-curl,,,
508,896,-60,biceps-curl,,,
469,900,-28,biceps-curl,,,
419,908,-9,biceps-curl,,,
363,912,-4,biceps-curl,,,
323,915,5,biceps-curl,,,
285,923,30,biceps-curl,,,
232,913,43,biceps-curl,,,
177,888,45,biceps-curl,,,
130,885,43,biceps-curl,,,
70,877,61,biceps-curl,,,
22,874,93,biceps-curl,,,
-9,875,102,biceps-curl,,,
-47,870,128,biceps-curl,,,
-98,884,228,biceps-curl,,,
-132,870,253,biceps-curl,,,
-151,867,221,biceps-curl,,,
-180,880,233,biceps-curl,,,
-209,884,221,biceps-curl,,,
-258,906,327,biceps-curl,,,
-276,916,311,biceps-curl,,,
-309,885,253,biceps-curl,,,
-357,863,294,biceps-curl,,,
-410,846,271,biceps-curl,,,
-441,822,256,biceps-curl,,,
-465,791,248,biceps-curl,,,
-488,744,248,biceps-curl,,,
-496,696,216,biceps-curl,,,
-496,649,154,biceps-curl,,,
-504,610,122,biceps-curl,,,
-497,586,120,biceps-curl,,,
-489,569,142,biceps-curl,,,
-481,554,144,biceps-curl,,,
-452,559,172,biceps-curl,,,
-441,587,237,biceps-curl,,,
-427,585,195,biceps-curl,,,
-398,591,138,biceps-curl,,,
-373,649,166,biceps-curl,,,
-343,670,238,biceps-curl,,,
-336,696,208,biceps-curl,,,
-307,751,163,biceps-curl,,,
-267,797,181,biceps-curl,,,
-239,830,220,biceps-curl,,,
-216,840,221,biceps-curl,,,
-176,887,148,biceps-curl,,,
-135,943,127,biceps-curl,,,
-85,945,116,biceps-curl,,,
-31,965,109,biceps-curl,,,
15,1007,93,biceps-curl,,,
59,997,8,biceps-curl,,,
115,993,-35,biceps-curl,,,
161,1012,-16,biceps-curl,,,
208,1016,-64,biceps-curl,,,
267,1012,-116,biceps-curl,,,
311,1012,-108,biceps-curl,,,
356,1002,-125,biceps-curl,,,
402,977,-165,biceps-curl,,,
432,968,-171,biceps-curl,,,
465,959,-164,biceps-curl,,,
489,941,-190,biceps-curl,,,
520,936,-205,biceps-curl,,,
562,910,-224,biceps-curl,,,
589,854,-238,biceps-curl,,,
614,837,-239,biceps-curl,,,
652,806,-260,biceps-curl,,,
670,796,-264,biceps-curl,,,
692,779,-235,biceps-curl,,,
712,752,-218,biceps-curl,,,
747,717,-228,biceps-curl,,,
763,700,-249,biceps-curl,,,
778,680,-257,biceps-curl,,,
793,675,-259,biceps-curl,,,
801,635,-225,biceps-curl,,,
809,591,-234,biceps-curl,,,
825,574,-255,biceps-curl,,,
840,543,-249,biceps-curl,,,
840,520,-264,biceps-curl,,,
832,504,-248,biceps-curl,,,
840,456,-224,biceps-curl,,,
840,456,-224,biceps-curl,,,
887,425,-263,biceps-curl,,,
911,424,-294,biceps-curl,,,
927,372,-229,biceps-curl,,,
950,383,-253,biceps-curl,,,
973,384,-256,biceps-curl,,,
983,377,-249,biceps-curl,,,
977,362,-214,biceps-curl,,,
989,347,-175,biceps-curl,,,
979,331,-214,biceps-curl,,,
970,315,-249,biceps-curl,,,
968,293,-244,biceps-curl,,,
962,300,-234,biceps-curl,,,
966,310,-214,biceps-curl,,,
962,323,-225,biceps-curl,,,
954,334,-221,biceps-curl,,,
952,341,-232,biceps-curl,,,
947,355,-245,biceps-curl,,,
959,365,-253,biceps-curl,,,
953,373,-246,biceps-curl,,,
944,386,-245,biceps-curl,,,
949,401,-225,biceps-curl,,,
952,417,-217,biceps-curl,,,
965,446,-211,biceps-curl,,,
976,476,-208,biceps-curl,,,
972,500,-224,biceps-curl,,,
972,527,-232,biceps-curl,,,
965,555,-232,biceps-curl,,,
948,579,-225,biceps-curl,,,
937,616,-209,biceps-curl,,,
922,658,-190,biceps-curl,,,
903,678,-188,biceps-curl,,,
873,703,-199,biceps-curl,,,
837,739,-181,biceps-curl,,,
806,773,-176,biceps-curl,,,
774,807,-169,biceps-curl,,,
743,829,-152,biceps-curl,,,
709,846,-133,biceps-curl,,,
668,864,-76,biceps-curl,,,
625,869,-80,biceps-curl,,,
590,891,-141,biceps-curl,,,
546,908,-156,biceps-curl,,,
511,925,-128,biceps-curl,,,
455,910,-87,biceps-curl,,,
392,896,-77,biceps-curl,,,
332,895,-56,biceps-curl,,,
290,889,-57,biceps-curl,,,
220,903,-70,biceps-curl,,,
166,890,-37,biceps-curl,,,
127,920,25,biceps-curl,,,
80,912,72,biceps-curl,,,
32,872,40,biceps-curl,,,
1,895,48,biceps-curl,,,
-53,926,101,biceps-curl,,,
-93,906,164,biceps-curl,,,
-125,904,190,biceps-curl,,,
-149,918,185,biceps-curl,,,
-180,920,205,biceps-curl,,,
-225,913,215,biceps-curl,,,
-272,892,243,biceps-curl,,,
-306,868,255,biceps-curl,,,
-344,870,275,biceps-curl,,,
-383,853,280,biceps-curl,,,
-422,818,250,biceps-curl,,,
-467,761,252,biceps-curl,,,
-497,721,233,biceps-curl,,,
-515,679,157,biceps-curl,,,
-525,648,123,biceps-curl,,,
-528,608,120,biceps-curl,,,
-528,561,100,biceps-curl,,,
-528,559,103,biceps-curl,,,
-528,568,88,biceps-curl,,,
-519,573,132,biceps-curl,,,
-503,567,189,biceps-curl,,,
-492,560,187,biceps-curl,,,
-484,581,180,biceps-curl,,,
-464,628,140,biceps-curl,,,
-440,652,134,biceps-curl,,,
-406,652,176,biceps-curl,,,
-372,674,151,biceps-curl,,,
-365,716,120,biceps-curl,,,
-350,776,152,biceps-curl,,,
-324,830,166,biceps-curl,,,
-298,837,115,biceps-curl,,,
-274,854,90,biceps-curl,,,
-235,904,35,biceps-curl,,,
-198,925,47,biceps-curl,,,
-167,943,57,biceps-curl,,,
-129,962,10,biceps-curl,,,
-78,970,-76,biceps-curl,,,
-35,974,-88,biceps-curl,,,
21,968,-88,biceps-curl,,,
82,977,-98,biceps-curl,,,
136,1009,-164,biceps-curl,,,
182,976,-250,biceps-curl,,,
220,977,-169,biceps-curl,,,
254,986,-184,biceps-curl,,,
310,996,-254,biceps-curl,,,
369,952,-317,biceps-curl,,,
386,951,-272,biceps-curl,,,
416,935,-280,biceps-curl,,,
432,896,-264,biceps-curl,,,
448,856,-272,biceps-curl,,,
502,809,-326,biceps-curl,,,
572,816,-396,biceps-curl,,,
598,779,-363,biceps-curl,,,
644,783,-375,biceps-curl,,,
684,784,-376,biceps-curl,,,
688,735,-411,biceps-curl,,,
695,708,-396,biceps-curl,,,
736,684,-345,biceps-curl,,,
757,660,-343,biceps-curl,,,
766,637,-357,biceps-curl,,,
774,620,-354,biceps-curl,,,
776,592,-352,biceps-curl,,,
782,560,-340,biceps-curl,,,
790,541,-330,biceps-curl,,,
798,514,-328,biceps-curl,,,
816,488,-339,biceps-curl,,,
840,480,-318,biceps-curl,,,
863,460,-304,biceps-curl,,,
887,448,-304,biceps-curl,,,
906,429,-304,biceps-curl,,,
921,416,-285,biceps-curl,,,
932,403,-281,biceps-curl,,,
945,383,-292,biceps-curl,,,
956,359,-288,biceps-curl,,,
960,336,-260,biceps-curl,,,
968,324,-248,biceps-curl,,,
987,313,-256,biceps-curl,,,
996,308,-267,biceps-curl,,,
985,309,-270,biceps-curl,,,
979,310,-275,biceps-curl,,,
984,323,-295,biceps-curl,,,
975,334,-289,biceps-curl,,,
963,349,-293,biceps-curl,,,
968,368,-280,biceps-curl,,,
966,384,-301,biceps-curl,,,
958,395,-312,biceps-curl,,,
950,428,-314,biceps-curl,,,
944,444,-322,biceps-curl,,,
944,460,-324,biceps-curl,,,
942,477,-309,biceps-curl,,,
936,500,-296,biceps-curl,,,
935,527,-293,biceps-curl,,,
926,562,-285,biceps-curl,,,
912,580,-307,biceps-curl,,,
911,611,-275,biceps-curl,,,
903,642,-295,biceps-curl,,,
895,666,-279,biceps-curl,,,
878,688,-265,biceps-curl,,,
839,697,-280,biceps-curl,,,
792,720,-264,biceps-curl,,,
768,744,-272,biceps-curl,,,
721,752,-256,biceps-curl,,,
674,760,-233,biceps-curl,,,
612,797,-202,biceps-curl,,,
579,829,-193,biceps-curl,,,
533,846,-163,biceps-curl,,,
493,855,-167,biceps-curl,,,
468,883,-148,biceps-curl,,,
424,881,-117,biceps-curl,,,
377,900,-119,biceps-curl,,,
336,923,-114,biceps-curl,,,
285,922,-118,biceps-curl,,,
230,920,-84,biceps-curl,,,
181,932,-54,biceps-curl,,,
139,936,-42,biceps-curl,,,
95,930,-68,biceps-curl,,,
48,933,-37,biceps-curl,,,
0,931,26,biceps-curl,,,
-41,948,33,biceps-curl,,,
-66,950,14,biceps-curl,,,
-96,954,27,biceps-curl,,,
-131,969,31,biceps-curl,,,
-162,994,46,biceps-curl,,,
-180,1004,73,biceps-curl,,,
-209,971,97,biceps-curl,,,
-264,916,92,biceps-curl,,,
-323,869,95,biceps-curl,,,
-370,837,131,biceps-curl,,,
-410,796,133,biceps-curl,,,
-442,740,140,biceps-curl,,,
-462,702,152,biceps-curl,,,
-472,667,116,biceps-curl,,,
-472,629,93,biceps-curl,,,
-475,624,93,biceps-curl,,,
-480,621,104,biceps-curl,,,
-482,601,104,biceps-curl,,,
-486,573,104,biceps-curl,,,
-478,590,119,biceps-curl,,,
-472,606,160,biceps-curl,,,
-467,602,151,biceps-curl,,,
-446,613,110,biceps-curl,,,
-437,644,76,biceps-curl,,,
-424,700,95,biceps-curl,,,
-418,724,88,biceps-curl,,,
-381,748,88,biceps-curl,,,
-356,778,80,biceps-curl,,,
-318,796,14,biceps-curl,,,
-294,835,-6,biceps-curl,,,
-270,876,29,biceps-curl,,,
-238,942,125,biceps-curl,,,
-176,888,24,biceps-curl,,,
-128,928,-64,biceps-curl,,,
-128,928,-64,biceps-curl,,,
-97,1013,14,biceps-curl,,,
-50,1016,8,biceps-curl,,,
-11,994,-81,biceps-curl,,,
43,999,-117,biceps-curl,,,
84,1014,-141,biceps-curl,,,
102,1016,-144,biceps-curl,,,
131,975,-130,biceps-curl,,,
209,988,-235,biceps-curl,,,
263,999,-282,biceps-curl,,,
272,975,-231,biceps-curl,,,
322,974,-228,biceps-curl,,,
366,946,-304,biceps-curl,,,
405,924,-334,biceps-curl,,,
439,897,-347,biceps-curl,,,
465,894,-358,biceps-curl,,,
504,885,-430,biceps-curl,,,
525,848,-432,biceps-curl,,,
538,822,-396,biceps-curl,,,
549,786,-379,biceps-curl,,,
571,744,-400,biceps-curl,,,
607,723,-402,biceps-curl,,,
628,711,-379,biceps-curl,,,
654,687,-359,biceps-curl,,,
668,651,-373,biceps-curl,,,
676,616,-384,biceps-curl,,,
703,592,-399,biceps-curl,,,
735,577,-413,biceps-curl,,,
756,561,-411,biceps-curl,,,
767,545,-404,biceps-curl,,,
786,530,-389,biceps-curl,,,
800,520,-393,biceps-curl,,,
812,508,-356,biceps-curl,,,
837,483,-350,biceps-curl,,,
858,469,-373,biceps-curl,,,
880,454,-368,biceps-curl,,,
882,427,-354,biceps-curl,,,
892,412,-307,biceps-curl,,,
902,394,-278,biceps-curl,,,
900,372,-298,biceps-curl,,,
915,358,-302,biceps-curl,,,
929,349,-293,biceps-curl,,,
939,332,-284,biceps-curl,,,
952,312,-302,biceps-curl,,,
955,310,-286,biceps-curl,,,
975,296,-273,biceps-curl,,,
968,296,-286,biceps-curl,,,
968,295,-341,biceps-curl,,,
967,288,-303,biceps-curl,,,
952,289,-288,biceps-curl,,,
952,312,-272,biceps-curl,,,
960,312,-272,biceps-curl,,,
952,320,-311,biceps-curl,,,
952,328,-304,biceps-curl,,,
952,335,-311,biceps-curl,,,
952,358,-334,biceps-curl,,,
952,381,-315,biceps-curl,,,
938,391,-312,biceps-curl,,,
936,406,-319,biceps-curl,,,
943,428,-353,biceps-curl,,,
944,452,-314,biceps-curl,,,
944,462,-298,biceps-curl,,,
950,489,-333,biceps-curl,,,
934,520,-326,biceps-curl,,,
910,534,-320,biceps-curl,,,
893,559,-343,biceps-curl,,,
871,574,-352,biceps-curl,,,
853,592,-309,biceps-curl,,,
827,611,-299,biceps-curl,,,
811,631,-329,biceps-curl,,,
793,655,-319,biceps-curl,,,
765,678,-333,biceps-curl,,,
752,697,-324,biceps-curl,,,
721,713,-308,biceps-curl,,,
683,746,-316,biceps-curl,,,
647,776,-299,biceps-curl,,,
596,796,-248,biceps-curl,,,
556,827,-243,biceps-curl,,,
522,852,-265,biceps-curl,,,
475,856,-235,biceps-curl,,,
428,869,-201,biceps-curl,,,
377,891,-192,biceps-curl,,,
329,896,-164,biceps-curl,,,
292,905,-120,biceps-curl,,,
258,917,-123,biceps-curl,,,
214,922,-115,biceps-curl,,,
166,944,-90,biceps-curl,,,
135,949,-82,biceps-curl,,,
99,966,-37,biceps-curl,,,
60,978,-2,biceps-curl,,,
37,964,12,biceps-curl,,,
-3,979,3,biceps-curl,,,
-25,986,22,biceps-curl,,,
-77,960,56,biceps-curl,,,
-149,956,95,biceps-curl,,,
-181,938,86,biceps-curl,,,
-220,947,75,biceps-curl,,,
-260,902,112,biceps-curl,,,
-297,877,195,biceps-curl,,,
-305,839,228,biceps-curl,,,
-328,823,153,biceps-curl,,,
-344,776,176,biceps-curl,,,
-368,760,200,biceps-curl,,,
-391,768,223,biceps-curl,,,
-392,745,186,biceps-curl,,,
-429,677,177,biceps-curl,,,
-425,679,140,biceps-curl,,,
-417,673,200,biceps-curl,,,
-437,644,180,biceps-curl,,,
-447,660,142,biceps-curl,,,
-448,644,143,biceps-curl,,,
-448,633,170,biceps-curl,,,
-448,645,182,biceps-curl,,,
-436,679,147,biceps-curl,,,
-432,694,148,biceps-curl,,,
-403,702,164,biceps-curl,,,
-363,704,139,biceps-curl,,,
-324,743,145,biceps-curl,,,
-296,782,136,biceps-curl,,,
-251,808,86,biceps-curl,,,
-207,826,79,biceps-curl,,,
-167,886,83,biceps-curl,,,
-133,915,13,biceps-curl,,,
-101,926,10,biceps-curl,,,
-52,967,18,biceps-curl,,,
11,1001,-52,biceps-curl,,,
40,1008,-96,biceps-curl,,,
64,1008,-124,biceps-curl,,,
119,1000,-164,biceps-curl,,,
170,996,-172,biceps-curl,,,
206,993,-175,biceps-curl,,,
244,964,-211,biceps-curl,,,
285,942,-251,biceps-curl,,,
316,940,-238,biceps-curl,,,
356,914,-223,biceps-curl,,,
411,899,-232,biceps-curl,,,
453,878,-247,biceps-curl,,,
481,849,-349,biceps-curl,,,
529,834,-365,biceps-curl,,,
565,836,-384,biceps-curl,,,
610,812,-406,biceps-curl,,,
645,769,-389,biceps-curl,,,
667,739,-349,biceps-curl,,,
687,717,-343,biceps-curl,,,
724,703,-373,biceps-curl,,,
746,689,-360,biceps-curl,,,
763,649,-360,biceps-curl,,,
787,652,-356,biceps-curl,,,
808,614,-322,biceps-curl,,,
811,590,-346,biceps-curl,,,
847,559,-364,biceps-curl,,,
832,535,-280,biceps-curl,,,
832,512,-288,biceps-curl,,,
864,504,-312,biceps-curl,,,
895,473,-335,biceps-curl,,,
904,457,-306,biceps-curl,,,
919,441,-282,biceps-curl,,,
913,411,-295,biceps-curl,,,
926,394,-303,biceps-curl,,,
928,385,-304,biceps-curl,,,
914,384,-277,biceps-curl,,,
905,357,-265,biceps-curl,,,
904,339,-277,biceps-curl,,,
923,330,-255,biceps-curl,,,
940,309,-291,biceps-curl,,,
962,304,-310,biceps-curl,,,
980,304,-277,biceps-curl,,,
984,293,-258,biceps-curl,,,
984,271,-256,biceps-curl,,,
979,264,-251,biceps-curl,,,
981,253,-290,biceps-curl,,,
974,268,-297,biceps-curl,,,
953,280,-268,biceps-curl,,,
949,299,-261,biceps-curl,,,
957,312,-259,biceps-curl,,,
960,312,-292,biceps-curl,,,
960,325,-303,biceps-curl,,,
948,340,-280,biceps-curl,,,
944,360,-288,biceps-curl,,,
952,384,-323,biceps-curl,,,
952,407,-351,biceps-curl,,,
948,435,-332,biceps-curl,,,
937,461,-286,biceps-curl,,,
925,490,-278,biceps-curl,,,
917,516,-303,biceps-curl,,,
906,545,-319,biceps-curl,,,
885,579,-296,biceps-curl,,,
859,621,-277,biceps-curl,,,
841,637,-277,biceps-curl,,,
819,657,-283,biceps-curl,,,
804,686,-261,biceps-curl,,,
786,712,-226,biceps-curl,,,
763,741,-213,biceps-curl,,,
736,765,-232,biceps-curl,,,
698,791,-220,biceps-curl,,,
668,823,-167,biceps-curl,,,
643,821,-165,biceps-curl,,,
611,850,-186,biceps-curl,,,
570,866,-141,biceps-curl,,,
516,881,-109,biceps-curl,,,
469,897,-82,biceps-curl,,,
430,904,-103,biceps-curl,,,
398,904,-79,biceps-curl,,,
344,920,-40,biceps-curl,,,
304,928,-48,biceps-curl,,,
304,928,-48,biceps-curl,,,
257,920,-32,biceps-curl,,,
226,920,-9,biceps-curl,,,
194,927,22,biceps-curl,,,
148,943,9,biceps-curl,,,
101,944,51,biceps-curl,,,
54,951,35,biceps-curl,,,
14,945,80,biceps-curl,,,
-25,937,148,biceps-curl,,,
-58,936,121,biceps-curl,,,
-77,917,118,biceps-curl,,,
-117,912,170,biceps-curl,,,
-164,924,226,biceps-curl,,,
-200,922,187,biceps-curl,,,
-225,903,220,biceps-curl,,,
-265,879,262,biceps-curl,,,
-296,872,272,biceps-curl,,,
-325,867,261,biceps-curl,,,
-356,849,302,biceps-curl,,,
-378,840,288,biceps-curl,,,
-389,811,226,biceps-curl,,,
-411,755,163,biceps-curl,,,
-428,724,154,biceps-curl,,,
-445,711,164,biceps-curl,,,
-460,683,160,biceps-curl,,,
-468,640,172,biceps-curl,,,
-468,593,146,biceps-curl,,,
-457,594,122,biceps-curl,,,
-441,638,162,biceps-curl,,,
-429,659,181,biceps-curl,,,
-414,664,157,biceps-curl,,,
-391,676,134,biceps-curl,,,
-361,722,138,biceps-curl,,,
-333,787,147,biceps-curl,,,
-331,816,197,biceps-curl,,,
-329,800,175,biceps-curl,,,
-298,800,53,biceps-curl,,,
-249,813,18,biceps-curl,,,
-200,852,10,biceps-curl,,,
-169,869,26,biceps-curl,,,
-137,893,-36,biceps-curl,,,
-105,912,-84,biceps-curl,,,
-59,913,-105,biceps-curl,,,
16,921,-119,biceps-curl,,,
70,935,-160,biceps-curl,,,
118,980,-165,biceps-curl,,,
172,944,-212,biceps-curl,,,
212,947,-259,biceps-curl,,,
274,984,-295,biceps-curl,,,
305,991,-273,biceps-curl,,,
337,944,-296,biceps-curl,,,
391,952,-312,biceps-curl,,,
408,936,-335,biceps-curl,,,
416,906,-344,biceps-curl,,,
468,919,-329,biceps-curl,,,
487,913,-328,biceps-curl,,,
502,855,-328,biceps-curl,,,
539,806,-384,biceps-curl,,,
564,800,-378,biceps-curl,,,
595,773,-323,biceps-curl,,,
646,761,-292,biceps-curl,,,
681,741,-326,biceps-curl,,,
713,705,-324,biceps-curl,,,
726,672,-356,biceps-curl,,,
734,664,-356,biceps-curl,,,
742,658,-335,biceps-curl,,,
755,639,-322,biceps-curl,,,
782,621,-320,biceps-curl,,,
797,590,-331,biceps-curl,,,
810,561,-331,biceps-curl,,,
821,547,-323,biceps-curl,,,
819,539,-315,biceps-curl,,,
825,522,-293,biceps-curl,,,
836,494,-284,biceps-curl,,,
853,471,-292,biceps-curl,,,
872,452,-284,biceps-curl,,,
888,436,-276,biceps-curl,,,
904,424,-276,biceps-curl,,,
923,398,-254,biceps-curl,,,
947,369,-232,biceps-curl,,,
967,360,-245,biceps-curl,,,
986,354,-270,biceps-curl,,,
1000,344,-274,biceps-curl,,,
1003,347,-258,biceps-curl,,,
997,347,-245,biceps-curl,,,
976,344,-243,biceps-curl,,,
971,360,-243,biceps-curl,,,
958,362,-243,biceps-curl,,,
950,368,-266,biceps-curl,,,
942,370,-248,biceps-curl,,,
938,378,-252,biceps-curl,,,
944,386,-259,biceps-curl,,,
945,395,-244,biceps-curl,,,
952,412,-265,biceps-curl,,,
954,436,-270,biceps-curl,,,
967,458,-254,biceps-curl,,,
959,476,-242,biceps-curl,,,
951,513,-256,biceps-curl,,,
942,522,-257,biceps-curl,,,
920,546,-265,biceps-curl,,,
911,585,-279,biceps-curl,,,
888,616,-248,biceps-curl,,,
856,648,-240,biceps-curl,,,
840,671,-224,biceps-curl,,,
802,680,-194,biceps-curl,,,
785,680,-214,biceps-curl,,,
755,687,-238,biceps-curl,,,
745,724,-233,biceps-curl,,,
723,756,-183,biceps-curl,,,
693,780,-142,biceps-curl,,,
681,817,-129,biceps-curl,,,
647,831,-89,biceps-curl,,,
615,851,-55,biceps-curl,,,
583,862,-67,biceps-curl,,,
540,882,-60,biceps-curl,,,
499,906,-32,biceps-curl,,,
448,918,-7,biceps-curl,,,
404,942,56,biceps-curl,,,
365,936,107,biceps-curl,,,
331,949,57,biceps-curl,,,
289,960,44,biceps-curl,,,
232,970,105,biceps-curl,,,
184,976,150,biceps-curl,,,
149,957,151,biceps-curl,,,
109,940,144,biceps-curl,,,
62,936,161,biceps-curl,,,
19,924,218,biceps-curl,,,
-20,920,264,biceps-curl,,,
-52,928,268,biceps-curl,,,
-75,917,279,biceps-curl,,,
-106,897,292,biceps-curl,,,
-145,908,312,biceps-curl,,,
-181,926,328,biceps-curl,,,
-215,900,310,biceps-curl,,,
-249,886,326,biceps-curl,,,
-269,874,320,biceps-curl,,,
-301,814,283,biceps-curl,,,
-359,771,267,biceps-curl,,,
-397,760,267,biceps-curl,,,
-414,743,275,biceps-curl,,,
-438,690,226,biceps-curl,,,
-456,672,256,biceps-curl,,,
-459,662,251,biceps-curl,,,
-472,618,231,biceps-curl,,,
-471,592,228,biceps-curl,,,
-464,591,240,biceps-curl,,,
-461,584,194,biceps-curl,,,
-438,587,215,biceps-curl,,,
-425,609,268,biceps-curl,,,
-430,618,220,biceps-curl,,,
-407,650,168,biceps-curl,,,
-384,680,171,biceps-curl,,,
-368,673,256,biceps-curl,,,
-368,743,296,biceps-curl,,,
-329,736,156,biceps-curl,,,
-298,766,190,biceps-curl,,,
-266,865,304,biceps-curl,,,
-228,857,173,biceps-curl,,,
-203,849,167,biceps-curl,,,
-186,869,154,biceps-curl,,,
-143,913,111,biceps-curl,,,
-76,967,104,biceps-curl,,,
-18,969,182,biceps-curl,,,
43,974,143,biceps-curl,,,
75,982,-39,biceps-curl,,,
116,990,-70,biceps-curl,,,
163,1010,7,biceps-curl,,,
205,1022,32,biceps-curl,,,
255,1013,-35,biceps-curl,,,
277,954,-59,biceps-curl,,,
338,944,-61,biceps-curl,,,
404,983,-74,biceps-curl,,,
449,1005,-75,biceps-curl,,,
483,1008,-53,biceps-curl,,,
505,1003,-40,biceps-curl,,,
539,973,-116,biceps-curl,,,
569,939,-180,biceps-curl,,,
572,932,-163,biceps-curl,,,
580,920,-140,biceps-curl,,,
600,889,-128,biceps-curl,,,
623,831,-168,biceps-curl,,,
644,780,-224,biceps-curl,,,
658,769,-204,biceps-curl,,,
672,754,-179,biceps-curl,,,
687,726,-199,biceps-curl,,,
715,679,-236,biceps-curl,,,
734,645,-237,biceps-curl,,,
768,627,-205,biceps-curl,,,
789,598,-235,biceps-curl,,,
805,592,-264,biceps-curl,,,
818,584,-226,biceps-curl,,,
828,554,-232,biceps-curl,,,
842,534,-232,biceps-curl,,,
846,525,-230,biceps-curl,,,
841,508,-230,biceps-curl,,,
848,487,-255,biceps-curl,,,
852,476,-248,biceps-curl,,,
876,455,-242,biceps-curl,,,
907,445,-204,biceps-curl,,,
939,423,-238,biceps-curl,,,
967,413,-217,biceps-curl,,,
960,368,-234,biceps-curl,,,
968,375,-263,biceps-curl,,,
960,344,-232,biceps-curl,,,
968,360,-248,biceps-curl,,,
976,360,-232,biceps-curl,,,
961,337,-224,biceps-curl,,,
960,343,-239,biceps-curl,,,
960,359,-218,biceps-curl,,,
953,346,-223,biceps-curl,,,
931,351,-231,biceps-curl,,,
955,352,-232,biceps-curl,,,
953,359,-225,biceps-curl,,,
939,380,-231,biceps-curl,,,
961,384,-238,biceps-curl,,,
968,396,-283,biceps-curl,,,
956,412,-230,biceps-curl,,,
952,428,-232,biceps-curl,,,
946,455,-246,biceps-curl,,,
933,475,-220,biceps-curl,,,
917,480,-213,biceps-curl,,,
901,512,-200,biceps-curl,,,
901,543,-223,biceps-curl,,,
894,572,-210,biceps-curl,,,
888,603,-197,biceps-curl,,,
879,644,-195,biceps-curl,,,
859,677,-183,biceps-curl,,,
835,701,-198,biceps-curl,,,
816,720,-191,biceps-curl,,,
800,744,-164,biceps-curl,,,
777,775,-156,biceps-curl,,,
742,803,-141,biceps-curl,,,
706,827,-121,biceps-curl,,,
678,843,-99,biceps-curl,,,
648,858,-64,biceps-curl,,,
612,863,-40,biceps-curl,,,
575,857,-43,biceps-curl,,,
525,877,-15,biceps-curl,,,
472,896,48,biceps-curl,,,
428,910,55,biceps-curl,,,
389,909,74,biceps-curl,,,
352,916,88,biceps-curl,,,
324,906,112,biceps-curl,,,
303,917,110,biceps-curl,,,
260,938,111,biceps-curl,,,
212,947,140,biceps-curl,,,
184,961,160,biceps-curl,,,
137,964,156,biceps-curl,,,
92,943,143,biceps-curl,,,
58,939,199,biceps-curl,,,
6,959,254,biceps-curl,,,
-18,952,231,biceps-curl,,,
-42,952,218,biceps-curl,,,
-82,951,265,biceps-curl,,,
-136,928,288,biceps-curl,,,
-168,936,336,biceps-curl,,,
-191,928,274,biceps-curl,,,
-238,898,280,biceps-curl,,,
-285,881,340,biceps-curl,,,
-303,873,315,biceps-curl,,,
-333,851,333,biceps-curl,,,
-336,841,385,biceps-curl,,,
-377,813,372,biceps-curl,,,
-404,788,348,biceps-curl,,,
-434,745,331,biceps-curl,,,
-459,723,322,biceps-curl,,,
-470,689,301,biceps-curl,,,
-496,644,248,biceps-curl,,,
-498,597,191,biceps-curl,,,
-490,584,176,biceps-curl,,,
-477,578,182,biceps-curl,,,
-467,571,173,biceps-curl,,,
-459,573,194,biceps-curl,,,
-451,586,223,biceps-curl,,,
-448,602,217,biceps-curl,,,
-443,632,194,biceps-curl,,,
-445,653,216,biceps-curl,,,
-435,687,267,biceps-curl,,,
-402,712,245,biceps-curl,,,
-376,716,200,biceps-curl,,,
-356,760,160,biceps-curl,,,
-329,815,116,biceps-curl,,,
-297,803,163,biceps-curl,,,
-255,807,190,biceps-curl,,,
-197,883,42,biceps-curl,,,
-134,920,-75,biceps-curl,,,
-78,917,39,biceps-curl,,,
-28,950,148,biceps-curl,,,
22,1008,-27,biceps-curl,,,
58,979,-219,biceps-curl,,,
97,967,-166,biceps-curl,,,
156,1011,-16,biceps-curl,,,
219,1029,-37,biceps-curl,,,
256,990,-224,biceps-curl,,,
289,962,-247,biceps-curl,,,
333,968,-153,biceps-curl,,,
394,969,-149,biceps-curl,,,
443,972,-243,biceps-curl,,,
462,945,-261,biceps-curl,,,
500,902,-286,biceps-curl,,,
533,885,-277,biceps-curl,,,
579,855,-319,biceps-curl,,,
611,837,-314,biceps-curl,,,
648,798,-335,biceps-curl,,,
649,760,-321,biceps-curl,,,
680,744,-360,biceps-curl,,,
704,752,-288,biceps-curl,,,
704,752,-288,biceps-curl,,,
743,736,-272,biceps-curl,,,
782,698,-264,biceps-curl,,,
784,659,-264,biceps-curl,,,
799,634,-293,biceps-curl,,,
814,611,-275,biceps-curl,,,
830,573,-237,biceps-curl,,,
818,548,-259,biceps-curl,,,
829,511,-291,biceps-curl,,,
839,497,-276,biceps-curl,,,
872,490,-297,biceps-curl,,,
911,476,-304,biceps-curl,,,
956,478,-274,biceps-curl,,,
992,509,-258,biceps-curl,,,
1046,537,-279,biceps-curl,,,
1092,544,-338,biceps-curl,,,
1109,598,-279,biceps-curl,,,
1112,666,-329,biceps-curl,,,
1081,729,-366,biceps-curl,,,
1044,787,-350,biceps-curl,,,
994,832,-344,biceps-curl,,,
931,857,-349,biceps-curl,,,
864,868,-325,biceps-curl,,,
797,872,-339,biceps-curl,,,
735,876,-335,biceps-curl,,,
664,864,-272,biceps-curl,,,
597,825,-232,biceps-curl,,,
542,785,-287,biceps-curl,,,
491,715,-293,biceps-curl,,,
434,651,-208,biceps-curl,,,
379,653,-205,biceps-curl,,,
354,642,-197,biceps-curl,,,
329,586,-212,biceps-curl,,,
268,446,-284,biceps-curl,,,
216,372,-357,biceps-curl,,,
272,472,-353,biceps-curl,,,
346,551,-315,biceps-curl,,,
400,619,-312,biceps-curl,,,
424,650,-348,biceps-curl,,,
422,652,-402,biceps-curl,,,
418,658,-454,biceps-curl,,,
428,735,-406,biceps-curl,,,
448,767,-364,biceps-curl,,,
448,760,-391,biceps-curl,,,
448,759,-434,biceps-curl,,,
452,758,-440,biceps-curl,,,
489,807,-380,biceps-curl,,,
497,800,-422,biceps-curl,,,
512,800,-396,biceps-curl,,,
505,793,-314,biceps-curl,,,
528,840,-392,biceps-curl,,,
536,848,-432,biceps-curl,,,
520,840,-416,biceps-curl,,,
482,810,-439,biceps-curl,,,
473,815,-380,biceps-curl,,,
465,787,-391,biceps-curl,,,
464,798,-378,biceps-curl,,,
457,786,-369,biceps-curl,,,
456,784,-375,biceps-curl,,,
463,777,-383,biceps-curl,,,
464,776,-377,biceps-curl,,,
470,795,-389,biceps-curl,,,
484,856,-528,biceps-curl,,,
476,848,-411,biceps-curl,,,
443,799,-384,biceps-curl,,,
449,818,-403,biceps-curl,,,
456,782,-430,biceps-curl,,,
456,782,-424,biceps-curl,,,
467,787,-442,biceps-curl,,,
457,794,-456,biceps-curl,,,
433,790,-441,biceps-curl,,,
405,774,-394,biceps-curl,,,
411,768,-400,biceps-curl,,,
433,755,-446,biceps-curl,,,
444,744,-464,biceps-curl,,,
452,765,-435,biceps-curl,,,
448,772,-400,biceps-curl,,,
444,760,-388,biceps-curl,,,
466,760,-413,biceps-curl,,,
523,771,-494,biceps-curl,,,
595,771,-565,biceps-curl,,,
674,787,-552,biceps-curl,,,
770,846,-486,biceps-curl,,,
824,812,-441,biceps-curl,,,
832,747,-400,biceps-curl,,,
848,771,-381,biceps-curl,,,
819,749,-415,biceps-curl,,,
722,681,-455,biceps-curl,,,
612,666,-535,biceps-curl,,,
465,676,-625,biceps-curl,,,
279,693,-724,biceps-curl,,,
113,689,-813,biceps-curl,,,
8,584,-872,biceps-curl,,,
-63,493,-767,biceps-curl,,,
-45,399,-780,biceps-curl,,,
24,374,-909,biceps-curl,,,
84,236,-998,biceps-curl,,,
124,135,-979,biceps-curl,,,
171,118,-923,biceps-curl,,,
209,94,-855,biceps-curl,,,
224,46,-832,biceps-curl,,,
240,-16,-840,biceps-curl,,,
