arms,biceps-curl,-104,-240,-936
arms,biceps-curl,-96,-232,-928
arms,biceps-curl,-111,-247,-928
arms,biceps-curl,-119,-233,-913
arms,biceps-curl,-120,-268,-912
arms,biceps-curl,-106,-265,-876
arms,biceps-curl,-69,-271,-830
arms,biceps-curl,-37,-265,-865
arms,biceps-curl,-32,-284,-865
arms,biceps-curl,-6,-340,-864
arms,biceps-curl,32,-384,-820
arms,biceps-curl,71,-417,-740
arms,biceps-curl,98,-382,-684
arms,biceps-curl,128,-333,-625
arms,biceps-curl,136,-263,-505
arms,biceps-curl,136,-145,-286
arms,biceps-curl,109,-7,-138
arms,biceps-curl,85,145,-115
arms,biceps-curl,65,460,-110
arms,biceps-curl,-18,835,-84
arms,biceps-curl,-141,1009,-172
arms,biceps-curl,-187,1046,-323
arms,biceps-curl,-112,1119,-433
arms,biceps-curl,-4,1233,-511
arms,biceps-curl,144,1151,-731
arms,biceps-curl,292,1144,-724
arms,biceps-curl,359,1268,-582
arms,biceps-curl,431,1187,-775
arms,biceps-curl,524,1067,-832
arms,biceps-curl,530,1050,-640
arms,biceps-curl,459,1096,-555
arms,biceps-curl,385,1132,-506
arms,biceps-curl,298,1042,-493
arms,biceps-curl,216,854,-466
arms,biceps-curl,176,718,-414
arms,biceps-curl,199,694,-494
arms,biceps-curl,306,731,-712
arms,biceps-curl,354,812,-674
arms,biceps-curl,387,746,-656
arms,biceps-curl,504,799,-553
arms,biceps-curl,672,913,-499
arms,biceps-curl,898,986,-645
arms,biceps-curl,920,693,-369
arms,biceps-curl,806,404,-124
arms,biceps-curl,856,428,-320
arms,biceps-curl,965,459,-528
arms,biceps-curl,932,495,-461
arms,biceps-curl,885,570,-431
arms,biceps-curl,835,594,-422
arms,biceps-curl,744,635,-384
arms,biceps-curl,735,736,-391
arms,biceps-curl,673,736,-337
arms,biceps-curl,587,689,-235
arms,biceps-curl,531,673,-240
arms,biceps-curl,476,687,-240
arms,biceps-curl,392,666,-167
arms,biceps-curl,305,621,-67
arms,biceps-curl,247,567,-98
arms,biceps-curl,254,567,-159
arms,biceps-curl,289,588,-141
arms,biceps-curl,348,585,-143
arms,biceps-curl,424,590,-163
arms,biceps-curl,539,611,-149
arms,biceps-curl,647,616,-120
arms,biceps-curl,790,610,-183
arms,biceps-curl,924,568,-185
arms,biceps-curl,988,541,-176
arms,biceps-curl,1060,520,-219
arms,biceps-curl,1146,501,-308
arms,biceps-curl,1196,471,-324
arms,biceps-curl,1208,421,-307
arms,biceps-curl,1198,362,-347
arms,biceps-curl,1173,308,-390
arms,biceps-curl,1142,292,-409
arms,biceps-curl,1102,322,-416
arms,biceps-curl,1059,365,-416
arms,biceps-curl,1020,396,-432
arms,biceps-curl,969,423,-429
arms,biceps-curl,940,477,-397
arms,biceps-curl,958,513,-398
arms,biceps-curl,983,514,-413
arms,biceps-curl,998,547,-395
arms,biceps-curl,1011,594,-373
arms,biceps-curl,1013,636,-336
arms,biceps-curl,1003,667,-266
arms,biceps-curl,982,698,-237
arms,biceps-curl,955,730,-220
arms,biceps-curl,933,761,-158
arms,biceps-curl,891,782,-91
arms,biceps-curl,846,774,-150
arms,biceps-curl,798,766,-150
arms,biceps-curl,718,762,-75
arms,biceps-curl,635,768,-23
arms,biceps-curl,567,772,-13
arms,biceps-curl,512,796,-2
arms,biceps-curl,459,820,-11
arms,biceps-curl,418,851,33
arms,biceps-curl,363,873,101
arms,biceps-curl,309,881,75
arms,biceps-curl,262,896,121
arms,biceps-curl,223,905,144
arms,biceps-curl,192,936,128
arms,biceps-curl,144,952,192
arms,biceps-curl,82,944,231
arms,biceps-curl,19,906,247
arms,biceps-curl,-21,926,278
arms,biceps-curl,-31,928,287
arms,biceps-curl,-82,892,295
arms,biceps-curl,-123,860,338
arms,biceps-curl,-142,890,364
arms,biceps-curl,-184,876,448
arms,biceps-curl,-231,852,438
arms,biceps-curl,-284,842,445
arms,biceps-curl,-321,871,398
arms,biceps-curl,-358,856,299
arms,biceps-curl,-415,824,272
arms,biceps-curl,-466,787,261
arms,biceps-curl,-525,748,301
arms,biceps-curl,-533,660,233
arms,biceps-curl,-539,587,145
arms,biceps-curl,-534,537,145
arms,biceps-curl,-533,505,204
arms,biceps-curl,-522,463,146
arms,biceps-curl,-503,449,93
arms,biceps-curl,-496,460,109
arms,biceps-curl,-496,494,180
arms,biceps-curl,-492,512,199
arms,biceps-curl,-476,520,168
arms,biceps-curl,-460,574,210
arms,biceps-curl,-445,634,282
arms,biceps-curl,-418,684,308
arms,biceps-curl,-393,723,280
arms,biceps-curl,-371,744,238
arms,biceps-curl,-334,814,245
arms,biceps-curl,-295,908,271
arms,biceps-curl,-275,933,245
arms,biceps-curl,-246,935,237
arms,biceps-curl,-196,972,213
arms,biceps-curl,-163,955,123
arms,biceps-curl,-146,988,194
arms,biceps-curl,-108,998,180
arms,biceps-curl,-43,987,98
arms,biceps-curl,-16,973,31
arms,biceps-curl,22,996,71
arms,biceps-curl,60,1013,117
arms,biceps-curl,127,1000,10
arms,biceps-curl,167,997,-66
arms,biceps-curl,166,977,-21
arms,biceps-curl,224,983,-9
arms,biceps-curl,305,977,-106
arms,biceps-curl,322,982,-136
arms,biceps-curl,369,951,-138
arms,biceps-curl,416,928,-216
arms,biceps-curl,456,912,-256
arms,biceps-curl,495,896,-248
arms,biceps-curl,542,858,-256
arms,biceps-curl,551,849,-241
arms,biceps-curl,603,826,-291
arms,biceps-curl,637,803,-310
arms,biceps-curl,668,793,-305
arms,biceps-curl,679,772,-297
arms,biceps-curl,713,761,-269
arms,biceps-curl,740,727,-284
arms,biceps-curl,744,676,-326
arms,biceps-curl,750,664,-286
arms,biceps-curl,758,652,-266
arms,biceps-curl,778,619,-293
arms,biceps-curl,807,579,-304
arms,biceps-curl,827,551,-276
arms,biceps-curl,837,533,-264
arms,biceps-curl,856,517,-290
arms,biceps-curl,874,492,-309
arms,biceps-curl,895,465,-302
arms,biceps-curl,904,442,-282
arms,biceps-curl,913,418,-267
arms,biceps-curl,933,412,-255
arms,biceps-curl,944,403,-252
arms,biceps-curl,952,375,-248
arms,biceps-curl,960,360,-256
arms,biceps-curl,964,356,-276
arms,biceps-curl,968,348,-273
arms,biceps-curl,968,337,-257
arms,biceps-curl,965,328,-251
arms,biceps-curl,960,331,-262
arms,biceps-curl,957,333,-281
arms,biceps-curl,949,322,-296
arms,biceps-curl,941,323,-285
arms,biceps-curl,939,347,-272
arms,biceps-curl,954,354,-290
arms,biceps-curl,981,360,-294
arms,biceps-curl,992,371,-296
arms,biceps-curl,996,412,-312
arms,biceps-curl,1012,457,-299
arms,biceps-curl,1022,503,-334
arms,biceps-curl,1007,569,-327
arms,biceps-curl,961,611,-321
arms,biceps-curl,923,631,-322
arms,biceps-curl,893,676,-282
arms,biceps-curl,869,707,-244
arms,biceps-curl,844,729,-281
arms,biceps-curl,806,738,-282
arms,biceps-curl,774,760,-198
arms,biceps-curl,743,760,-152
arms,biceps-curl,704,760,-152
arms,biceps-curl,680,816,-120
arms,biceps-curl,680,816,-120
arms,biceps-curl,649,824,-50
arms,biceps-curl,625,870,-86
arms,biceps-curl,579,887,-36
arms,biceps-curl,510,903,-39
arms,biceps-curl,483,904,24
arms,biceps-curl,438,904,25
arms,biceps-curl,384,924,31
arms,biceps-curl,323,901,32
arms,biceps-curl,260,916,58
arms,biceps-curl,216,933,70
arms,biceps-curl,165,942,91
arms,biceps-curl,122,938,96
arms,biceps-curl,77,930,125
arms,biceps-curl,24,917,159
arms,biceps-curl,-20,923,168
arms,biceps-curl,-64,923,179
arms,biceps-curl,-106,920,200
arms,biceps-curl,-145,935,233
arms,biceps-curl,-185,924,218
arms,biceps-curl,-224,907,233
arms,biceps-curl,-254,909,242
arms,biceps-curl,-291,890,232
arms,biceps-curl,-342,842,215
arms,biceps-curl,-389,804,217
arms,biceps-curl,-424,780,236
arms,biceps-curl,-455,741,198
arms,biceps-curl,-490,675,163
arms,biceps-curl,-516,621,183
arms,biceps-curl,-517,601,195
arms,biceps-curl,-512,586,177
arms,biceps-curl,-518,570,126
arms,biceps-curl,-525,560,93
arms,biceps-curl,-517,560,99
arms,biceps-curl,-517,555,133
arms,biceps-curl,-528,544,145
arms,biceps-curl,-519,551,105
arms,biceps-curl,-496,568,99
arms,biceps-curl,-490,582,146
arms,biceps-curl,-467,622,193
arms,biceps-curl,-443,616,155
arms,biceps-curl,-420,631,117
arms,biceps-curl,-391,703,169
arms,biceps-curl,-339,738,142
arms,biceps-curl,-307,754,161
arms,biceps-curl,-268,776,58
arms,biceps-curl,-227,844,69
arms,biceps-curl,-173,892,40
arms,biceps-curl,-126,952,40
arms,biceps-curl,-86,960,37
arms,biceps-curl,-31,968,-65
arms,biceps-curl,39,1000,-119
arms,biceps-curl,125,1008,-128
arms,biceps-curl,158,1000,-166
arms,biceps-curl,197,1015,-168
arms,biceps-curl,258,987,-183
arms,biceps-curl,328,991,-213
arms,biceps-curl,371,992,-237
arms,biceps-curl,437,985,-260
arms,biceps-curl,461,977,-284
arms,biceps-curl,490,969,-301
arms,biceps-curl,515,930,-310
arms,biceps-curl,551,914,-306
arms,biceps-curl,584,894,-280
arms,biceps-curl,616,853,-313
arms,biceps-curl,624,817,-357
arms,biceps-curl,635,797,-368
arms,biceps-curl,662,765,-357
arms,biceps-curl,688,726,-363
arms,biceps-curl,716,687,-358
arms,biceps-curl,723,652,-347
arms,biceps-curl,730,626,-354
arms,biceps-curl,755,597,-351
arms,biceps-curl,777,571,-340
arms,biceps-curl,801,551,-332
arms,biceps-curl,833,527,-324
arms,biceps-curl,856,496,-324
arms,biceps-curl,868,476,-320
arms,biceps-curl,868,454,-283
arms,biceps-curl,871,418,-269
arms,biceps-curl,880,393,-293
arms,biceps-curl,903,381,-304
arms,biceps-curl,939,370,-322
arms,biceps-curl,947,354,-295
arms,biceps-curl,960,341,-256
arms,biceps-curl,979,333,-263
arms,biceps-curl,982,318,-305
arms,biceps-curl,976,294,-281
arms,biceps-curl,974,286,-262
arms,biceps-curl,968,282,-260
arms,biceps-curl,970,290,-279
arms,biceps-curl,974,299,-306
arms,biceps-curl,965,316,-311
arms,biceps-curl,953,337,-301
arms,biceps-curl,960,345,-290
arms,biceps-curl,961,354,-304
arms,biceps-curl,968,369,-303
arms,biceps-curl,967,380,-297
arms,biceps-curl,959,417,-312
arms,biceps-curl,952,426,-312
arms,biceps-curl,944,456,-313
arms,biceps-curl,952,472,-336
arms,biceps-curl,952,504,-304
arms,biceps-curl,960,535,-335
arms,biceps-curl,968,551,-374
arms,biceps-curl,953,589,-354
arms,biceps-curl,937,636,-323
arms,biceps-curl,915,661,-320
arms,biceps-curl,884,692,-292
arms,biceps-curl,860,716,-261
arms,biceps-curl,823,747,-243
arms,biceps-curl,783,772,-220
arms,biceps-curl,751,795,-197
arms,biceps-curl,719,819,-192
arms,biceps-curl,676,818,-180
arms,biceps-curl,617,822,-158
arms,biceps-curl,560,847,-141
arms,biceps-curl,511,856,-103
arms,biceps-curl,453,856,-66
arms,biceps-curl,395,867,-77
arms,biceps-curl,351,887,-63
arms,biceps-curl,301,901,-48
arms,biceps-curl,251,918,-48
arms,biceps-curl,204,919,-57
arms,biceps-curl,153,916,-15
arms,biceps-curl,98,907,59
arms,biceps-curl,55,917,88
arms,biceps-curl,28,940,80
arms,biceps-curl,-3,932,87
arms,biceps-curl,-53,931,108
arms,biceps-curl,-99,955,144
arms,biceps-curl,-139,958,184
arms,biceps-curl,-189,947,197
arms,biceps-curl,-220,943,219
arms,biceps-curl,-255,922,256
arms,biceps-curl,-294,907,296
arms,biceps-curl,-336,883,274
arms,biceps-curl,-385,858,311
arms,biceps-curl,-429,848,310
arms,biceps-curl,-451,789,228
arms,biceps-curl,-488,716,218
arms,biceps-curl,-512,645,129
arms,biceps-curl,-512,603,60
arms,biceps-curl,-513,578,104
arms,biceps-curl,-517,551,105
arms,biceps-curl,-502,542,110
arms,biceps-curl,-487,527,96
arms,biceps-curl,-478,523,111
arms,biceps-curl,-463,553,228
arms,biceps-curl,-454,571,192
arms,biceps-curl,-431,610,191
arms,biceps-curl,-407,641,168
arms,biceps-curl,-376,688,184
arms,biceps-curl,-360,688,168
arms,biceps-curl,-360,727,168
arms,biceps-curl,-345,774,176
arms,biceps-curl,-322,769,101
arms,biceps-curl,-284,783,67
arms,biceps-curl,-237,891,57
arms,biceps-curl,-211,883,91
arms,biceps-curl,-153,887,21
arms,biceps-curl,-91,988,15
arms,biceps-curl,-54,995,-43
arms,biceps-curl,-23,954,-81
arms,biceps-curl,34,1012,-107
arms,biceps-curl,84,1002,-124
arms,biceps-curl,114,939,-146
arms,biceps-curl,177,949,-232
arms,biceps-curl,250,966,-270
arms,biceps-curl,299,946,-223
arms,biceps-curl,333,941,-211
arms,biceps-curl,395,934,-287
arms,biceps-curl,454,928,-333
arms,biceps-curl,477,914,-288
arms,biceps-curl,512,890,-293
arms,biceps-curl,554,862,-333
arms,biceps-curl,581,831,-340
arms,biceps-curl,617,799,-332
arms,biceps-curl,656,780,-328
arms,biceps-curl,676,772,-305
arms,biceps-curl,706,753,-302
arms,biceps-curl,732,725,-335
arms,biceps-curl,738,712,-320
arms,biceps-curl,762,702,-285
arms,biceps-curl,779,667,-283
arms,biceps-curl,793,606,-308
arms,biceps-curl,813,555,-352
arms,biceps-curl,821,536,-360
arms,biceps-curl,823,520,-332
arms,biceps-curl,849,511,-311
arms,biceps-curl,878,480,-332
arms,biceps-curl,902,452,-322
arms,biceps-curl,925,433,-265
arms,biceps-curl,947,410,-294
arms,biceps-curl,961,413,-289
arms,biceps-curl,969,397,-299
arms,biceps-curl,975,382,-306
arms,biceps-curl,966,366,-266
arms,biceps-curl,955,350,-229
arms,biceps-curl,984,335,-273
arms,biceps-curl,984,327,-282
arms,biceps-curl,984,320,-312
arms,biceps-curl,984,312,-303
arms,biceps-curl,976,312,-256
arms,biceps-curl,960,312,-240
arms,biceps-curl,944,320,-287
arms,biceps-curl,936,328,-296
arms,biceps-curl,936,328,-281
arms,biceps-curl,951,343,-287
arms,biceps-curl,973,358,-202
arms,biceps-curl,983,395,-297
arms,biceps-curl,1011,420,-285
arms,biceps-curl,1009,451,-280
arms,biceps-curl,995,482,-254
arms,biceps-curl,967,520,-254
arms,biceps-curl,941,547,-262
arms,biceps-curl,930,570,-276
arms,biceps-curl,922,611,-251
arms,biceps-curl,903,641,-234
arms,biceps-curl,890,676,-226
arms,biceps-curl,877,715,-208
arms,biceps-curl,846,760,-189
arms,biceps-curl,812,807,-128
arms,biceps-curl,780,834,-101
arms,biceps-curl,749,850,-133
arms,biceps-curl,699,865,-133
arms,biceps-curl,641,876,-98
arms,biceps-curl,590,884,-71
arms,biceps-curl,547,892,-72
arms,biceps-curl,508,896,-60
arms,biceps-curl,469,900,-28
arms,biceps-curl,419,908,-9
arms,biceps-curl,363,912,-4
arms,biceps-curl,323,915,5
arms,biceps-curl,285,923,30
arms,biceps-curl,232,913,43
arms,biceps-curl,177,888,45
arms,biceps-curl,130,885,43
arms,biceps-curl,70,877,61
arms,biceps-curl,22,874,93
arms,biceps-curl,-9,875,102
arms,biceps-curl,-47,870,128
arms,biceps-curl,-98,884,228
arms,biceps-curl,-132,870,253
arms,biceps-curl,-151,867,221
arms,biceps-curl,-180,880,233
arms,biceps-curl,-209,884,221
arms,biceps-curl,-258,906,327
arms,biceps-curl,-276,916,311
arms,biceps-curl,-309,885,253
arms,biceps-curl,-357,863,294
arms,biceps-curl,-410,846,271
arms,biceps-curl,-441,822,256
arms,biceps-curl,-465,791,248
arms,biceps-curl,-488,744,248
arms,biceps-curl,-496,696,216
arms,biceps-curl,-496,649,154
arms,biceps-curl,-504,610,122
arms,biceps-curl,-497,586,120
arms,biceps-curl,-489,569,142
arms,biceps-curl,-481,554,144
arms,biceps-curl,-452,559,172
arms,biceps-curl,-441,587,237
arms,biceps-curl,-427,585,195
arms,biceps-curl,-398,591,138
arms,biceps-curl,-373,649,166
arms,biceps-curl,-343,670,238
arms,biceps-curl,-336,696,208
arms,biceps-curl,-307,751,163
arms,biceps-curl,-267,797,181
arms,biceps-curl,-239,830,220
arms,biceps-curl,-216,840,221
arms,biceps-curl,-176,887,148
arms,biceps-curl,-135,943,127
arms,biceps-curl,-85,945,116
arms,biceps-curl,-31,965,109
arms,biceps-curl,15,1007,93
arms,biceps-curl,59,997,8
arms,biceps-curl,115,993,-35
arms,biceps-curl,161,1012,-16
arms,biceps-curl,208,1016,-64
arms,biceps-curl,267,1012,-116
arms,biceps-curl,311,1012,-108
arms,biceps-curl,356,1002,-125
arms,biceps-curl,402,977,-165
arms,biceps-curl,432,968,-171
arms,biceps-curl,465,959,-164
arms,biceps-curl,489,941,-190
arms,biceps-curl,520,936,-205
arms,biceps-curl,562,910,-224
arms,biceps-curl,589,854,-238
arms,biceps-curl,614,837,-239
arms,biceps-curl,652,806,-260
arms,biceps-curl,670,796,-264
arms,biceps-curl,692,779,-235
arms,biceps-curl,712,752,-218
arms,biceps-curl,747,717,-228
arms,biceps-curl,763,700,-249
arms,biceps-curl,778,680,-257
arms,biceps-curl,793,675,-259
arms,biceps-curl,801,635,-225
arms,biceps-curl,809,591,-234
arms,biceps-curl,825,574,-255
arms,biceps-curl,840,543,-249
arms,biceps-curl,840,520,-264
arms,biceps-curl,832,504,-248
arms,biceps-curl,840,456,-224
arms,biceps-curl,840,456,-224
arms,biceps-curl,887,425,-263
arms,biceps-curl,911,424,-294
arms,biceps-curl,927,372,-229
arms,biceps-curl,950,383,-253
arms,biceps-curl,973,384,-256
arms,biceps-curl,983,377,-249
arms,biceps-curl,977,362,-214
arms,biceps-curl,989,347,-175
arms,biceps-curl,979,331,-214
arms,biceps-curl,970,315,-249
arms,biceps-curl,968,293,-244
arms,biceps-curl,962,300,-234
arms,biceps-curl,966,310,-214
arms,biceps-curl,962,323,-225
arms,biceps-curl,954,334,-221
arms,biceps-curl,952,341,-232
arms,biceps-curl,947,355,-245
arms,biceps-curl,959,365,-253
arms,biceps-curl,953,373,-246
arms,biceps-curl,944,386,-245
arms,biceps-curl,949,401,-225
arms,biceps-curl,952,417,-217
arms,biceps-curl,965,446,-211
arms,biceps-curl,976,476,-208
arms,biceps-curl,972,500,-224
arms,biceps-curl,972,527,-232
arms,biceps-curl,965,555,-232
arms,biceps-curl,948,579,-225
arms,biceps-curl,937,616,-209
arms,biceps-curl,922,658,-190
arms,biceps-curl,903,678,-188
arms,biceps-curl,873,703,-199
arms,biceps-curl,837,739,-181
arms,biceps-curl,806,773,-176
arms,biceps-curl,774,807,-169
arms,biceps-curl,743,829,-152
arms,biceps-curl,709,846,-133
arms,biceps-curl,668,864,-76
arms,biceps-curl,625,869,-80
arms,biceps-curl,590,891,-141
arms,biceps-curl,546,908,-156
arms,biceps-curl,511,925,-128
arms,biceps-curl,455,910,-87
arms,biceps-curl,392,896,-77
arms,biceps-curl,332,895,-56
arms,biceps-curl,290,889,-57
arms,biceps-curl,220,903,-70
arms,biceps-curl,166,890,-37
arms,biceps-curl,127,920,25
arms,biceps-curl,80,912,72
arms,biceps-curl,32,872,40
arms,biceps-curl,1,895,48
arms,biceps-curl,-53,926,101
arms,biceps-curl,-93,906,164
arms,biceps-curl,-125,904,190
arms,biceps-curl,-149,918,185
arms,biceps-curl,-180,920,205
arms,biceps-curl,-225,913,215
arms,biceps-curl,-272,892,243
arms,biceps-curl,-306,868,255
arms,biceps-curl,-344,870,275
arms,biceps-curl,-383,853,280
arms,biceps-curl,-422,818,250
arms,biceps-curl,-467,761,252
arms,biceps-curl,-497,721,233
arms,biceps-curl,-515,679,157
arms,biceps-curl,-525,648,123
arms,biceps-curl,-528,608,120
arms,biceps-curl,-528,561,100
arms,biceps-curl,-528,559,103
arms,biceps-curl,-528,568,88
arms,biceps-curl,-519,573,132
arms,biceps-curl,-503,567,189
arms,biceps-curl,-492,560,187
arms,biceps-curl,-484,581,180
arms,biceps-curl,-464,628,140
arms,biceps-curl,-440,652,134
arms,biceps-curl,-406,652,176
arms,biceps-curl,-372,674,151
arms,biceps-curl,-365,716,120
arms,biceps-curl,-350,776,152
arms,biceps-curl,-324,830,166
arms,biceps-curl,-298,837,115
arms,biceps-curl,-274,854,90
arms,biceps-curl,-235,904,35
arms,biceps-curl,-198,925,47
arms,biceps-curl,-167,943,57
arms,biceps-curl,-129,962,10
arms,biceps-curl,-78,970,-76
arms,biceps-curl,-35,974,-88
arms,biceps-curl,21,968,-88
arms,biceps-curl,82,977,-98
arms,biceps-curl,136,1009,-164
arms,biceps-curl,182,976,-250
arms,biceps-curl,220,977,-169
arms,biceps-curl,254,986,-184
arms,biceps-curl,310,996,-254
arms,biceps-curl,369,952,-317
arms,biceps-curl,386,951,-272
arms,biceps-curl,416,935,-280
arms,biceps-curl,432,896,-264
arms,biceps-curl,448,856,-272
arms,biceps-curl,502,809,-326
arms,biceps-curl,572,816,-396
arms,biceps-curl,598,779,-363
arms,biceps-curl,644,783,-375
arms,biceps-curl,684,784,-376
arms,biceps-curl,688,735,-411
arms,biceps-curl,695,708,-396
arms,biceps-curl,736,684,-345
arms,biceps-curl,757,660,-343
arms,biceps-curl,766,637,-357
arms,biceps-curl,774,620,-354
arms,biceps-curl,776,592,-352
arms,biceps-curl,782,560,-340
arms,biceps-curl,790,541,-330
arms,biceps-curl,798,514,-328
arms,biceps-curl,816,488,-339
arms,biceps-curl,840,480,-318
arms,biceps-curl,863,460,-304
arms,biceps-curl,887,448,-304
arms,biceps-curl,906,429,-304
arms,biceps-curl,921,416,-285
arms,biceps-curl,932,403,-281
arms,biceps-curl,945,383,-292
arms,biceps-curl,956,359,-288
arms,biceps-curl,960,336,-260
arms,biceps-curl,968,324,-248
arms,biceps-curl,987,313,-256
arms,biceps-curl,996,308,-267
arms,biceps-curl,985,309,-270
arms,biceps-curl,979,310,-275
arms,biceps-curl,984,323,-295
arms,biceps-curl,975,334,-289
arms,biceps-curl,963,349,-293
arms,biceps-curl,968,368,-280
arms,biceps-curl,966,384,-301
arms,biceps-curl,958,395,-312
arms,biceps-curl,950,428,-314
arms,biceps-curl,944,444,-322
arms,biceps-curl,944,460,-324
arms,biceps-curl,942,477,-309
arms,biceps-curl,936,500,-296
arms,biceps-curl,935,527,-293
arms,biceps-curl,926,562,-285
arms,biceps-curl,912,580,-307
arms,biceps-curl,911,611,-275
arms,biceps-curl,903,642,-295
arms,biceps-curl,895,666,-279
arms,biceps-curl,878,688,-265
arms,biceps-curl,839,697,-280
arms,biceps-curl,792,720,-264
arms,biceps-curl,768,744,-272
arms,biceps-curl,721,752,-256
arms,biceps-curl,674,760,-233
arms,biceps-curl,612,797,-202
arms,biceps-curl,579,829,-193
arms,biceps-curl,533,846,-163
arms,biceps-curl,493,855,-167
arms,biceps-curl,468,883,-148
arms,biceps-curl,424,881,-117
arms,biceps-curl,377,900,-119
arms,biceps-curl,336,923,-114
arms,biceps-curl,285,922,-118
arms,biceps-curl,230,920,-84
arms,biceps-curl,181,932,-54
arms,biceps-curl,139,936,-42
arms,biceps-curl,95,930,-68
arms,biceps-curl,48,933,-37
arms,biceps-curl,0,931,26
arms,biceps-curl,-41,948,33
arms,biceps-curl,-66,950,14
arms,biceps-curl,-96,954,27
arms,biceps-curl,-131,969,31
arms,biceps-curl,-162,994,46
arms,biceps-curl,-180,1004,73
arms,biceps-curl,-209,971,97
arms,biceps-curl,-264,916,92
arms,biceps-curl,-323,869,95
arms,biceps-curl,-370,837,131
arms,biceps-curl,-410,796,133
arms,biceps-curl,-442,740,140
arms,biceps-curl,-462,702,152
arms,biceps-curl,-472,667,116
arms,biceps-curl,-472,629,93
arms,biceps-curl,-475,624,93
arms,biceps-curl,-480,621,104
arms,biceps-curl,-482,601,104
arms,biceps-curl,-486,573,104
arms,biceps-curl,-478,590,119
arms,biceps-curl,-472,606,160
arms,biceps-curl,-467,602,151
arms,biceps-curl,-446,613,110
arms,biceps-curl,-437,644,76
arms,biceps-curl,-424,700,95
arms,biceps-curl,-418,724,88
arms,biceps-curl,-381,748,88
arms,biceps-curl,-356,778,80
arms,biceps-curl,-318,796,14
arms,biceps-curl,-294,835,-6
arms,biceps-curl,-270,876,29
arms,biceps-curl,-238,942,125
arms,biceps-curl,-176,888,24
arms,biceps-curl,-128,928,-64
arms,biceps-curl,-128,928,-64
arms,biceps-curl,-97,1013,14
arms,biceps-curl,-50,1016,8
arms,biceps-curl,-11,994,-81
arms,biceps-curl,43,999,-117
arms,biceps-curl,84,1014,-141
arms,biceps-curl,102,1016,-144
arms,biceps-curl,131,975,-130
arms,biceps-curl,209,988,-235
arms,biceps-curl,263,999,-282
arms,biceps-curl,272,975,-231
arms,biceps-curl,322,974,-228
arms,biceps-curl,366,946,-304
arms,biceps-curl,405,924,-334
arms,biceps-curl,439,897,-347
arms,biceps-curl,465,894,-358
arms,biceps-curl,504,885,-430
arms,biceps-curl,525,848,-432
arms,biceps-curl,538,822,-396
arms,biceps-curl,549,786,-379
arms,biceps-curl,571,744,-400
arms,biceps-curl,607,723,-402
arms,biceps-curl,628,711,-379
arms,biceps-curl,654,687,-359
arms,biceps-curl,668,651,-373
arms,biceps-curl,676,616,-384
arms,biceps-curl,703,592,-399
arms,biceps-curl,735,577,-413
arms,biceps-curl,756,561,-411
arms,biceps-curl,767,545,-404
arms,biceps-curl,786,530,-389
arms,biceps-curl,800,520,-393
arms,biceps-curl,812,508,-356
arms,biceps-curl,837,483,-350
arms,biceps-curl,858,469,-373
arms,biceps-curl,880,454,-368
arms,biceps-curl,882,427,-354
arms,biceps-curl,892,412,-307
arms,biceps-curl,902,394,-278
arms,biceps-curl,900,372,-298
arms,biceps-curl,915,358,-302
arms,biceps-curl,929,349,-293
arms,biceps-curl,939,332,-284
arms,biceps-curl,952,312,-302
arms,biceps-curl,955,310,-286
arms,biceps-curl,975,296,-273
arms,biceps-curl,968,296,-286
arms,biceps-curl,968,295,-341
arms,biceps-curl,967,288,-303
arms,biceps-curl,952,289,-288
arms,biceps-curl,952,312,-272
arms,biceps-curl,960,312,-272
arms,biceps-curl,952,320,-311
arms,biceps-curl,952,328,-304
arms,biceps-curl,952,335,-311
arms,biceps-curl,952,358,-334
arms,biceps-curl,952,381,-315
arms,biceps-curl,938,391,-312
arms,biceps-curl,936,406,-319
arms,biceps-curl,943,428,-353
arms,biceps-curl,944,452,-314
arms,biceps-curl,944,462,-298
arms,biceps-curl,950,489,-333
arms,biceps-curl,934,520,-326
arms,biceps-curl,910,534,-320
arms,biceps-curl,893,559,-343
arms,biceps-curl,871,574,-352
arms,biceps-curl,853,592,-309
arms,biceps-curl,827,611,-299
arms,biceps-curl,811,631,-329
arms,biceps-curl,793,655,-319
arms,biceps-curl,765,678,-333
arms,biceps-curl,752,697,-324
arms,biceps-curl,721,713,-308
arms,biceps-curl,683,746,-316
arms,biceps-curl,647,776,-299
arms,biceps-curl,596,796,-248
arms,biceps-curl,556,827,-243
arms,biceps-curl,522,852,-265
arms,biceps-curl,475,856,-235
arms,biceps-curl,428,869,-201
arms,biceps-curl,377,891,-192
arms,biceps-curl,329,896,-164
arms,biceps-curl,292,905,-120
arms,biceps-curl,258,917,-123
arms,biceps-curl,214,922,-115
arms,biceps-curl,166,944,-90
arms,biceps-curl,135,949,-82
arms,biceps-curl,99,966,-37
arms,biceps-curl,60,978,-2
arms,biceps-curl,37,964,12
arms,biceps-curl,-3,979,3
arms,biceps-curl,-25,986,22
arms,biceps-curl,-77,960,56
arms,biceps-curl,-149,956,95
arms,biceps-curl,-181,938,86
arms,biceps-curl,-220,947,75
arms,biceps-curl,-260,902,112
arms,biceps-curl,-297,877,195
arms,biceps-curl,-305,839,228
arms,biceps-curl,-328,823,153
arms,biceps-curl,-344,776,176
arms,biceps-curl,-368,760,200
arms,biceps-curl,-391,768,223
arms,biceps-curl,-392,745,186
arms,biceps-curl,-429,677,177
arms,biceps-curl,-425,679,140
arms,biceps-curl,-417,673,200
arms,biceps-curl,-437,644,180
arms,biceps-curl,-447,660,142
arms,biceps-curl,-448,644,143
arms,biceps-curl,-448,633,170
arms,biceps-curl,-448,645,182
arms,biceps-curl,-436,679,147
arms,biceps-curl,-432,694,148
arms,biceps-curl,-403,702,164
arms,biceps-curl,-363,704,139
arms,biceps-curl,-324,743,145
arms,biceps-curl,-296,782,136
arms,biceps-curl,-251,808,86
arms,biceps-curl,-207,826,79
arms,biceps-curl,-167,886,83
arms,biceps-curl,-133,915,13
arms,biceps-curl,-101,926,10
arms,biceps-curl,-52,967,18
arms,biceps-curl,11,1001,-52
arms,biceps-curl,40,1008,-96
arms,biceps-curl,64,1008,-124
arms,biceps-curl,119,1000,-164
arms,biceps-curl,170,996,-172
arms,biceps-curl,206,993,-175
arms,biceps-curl,244,964,-211
arms,biceps-curl,285,942,-251
arms,biceps-curl,316,940,-238
arms,biceps-curl,356,914,-223
arms,biceps-curl,411,899,-232
arms,biceps-curl,453,878,-247
arms,biceps-curl,481,849,-349
arms,biceps-curl,529,834,-365
arms,biceps-curl,565,836,-384
arms,biceps-curl,610,812,-406
arms,biceps-curl,645,769,-389
arms,biceps-curl,667,739,-349
arms,biceps-curl,687,717,-343
arms,biceps-curl,724,703,-373
arms,biceps-curl,746,689,-360
arms,biceps-curl,763,649,-360
arms,biceps-curl,787,652,-356
arms,biceps-curl,808,614,-322
arms,biceps-curl,811,590,-346
arms,biceps-curl,847,559,-364
arms,biceps-curl,832,535,-280
arms,biceps-curl,832,512,-288
arms,biceps-curl,864,504,-312
arms,biceps-curl,895,473,-335
arms,biceps-curl,904,457,-306
arms,biceps-curl,919,441,-282
arms,biceps-curl,913,411,-295
arms,biceps-curl,926,394,-303
arms,biceps-curl,928,385,-304
arms,biceps-curl,914,384,-277
arms,biceps-curl,905,357,-265
arms,biceps-curl,904,339,-277
arms,biceps-curl,923,330,-255
arms,biceps-curl,940,309,-291
arms,biceps-curl,962,304,-310
arms,biceps-curl,980,304,-277
arms,biceps-curl,984,293,-258
arms,biceps-curl,984,271,-256
arms,biceps-curl,979,264,-251
arms,biceps-curl,981,253,-290
arms,biceps-curl,974,268,-297
arms,biceps-curl,953,280,-268
arms,biceps-curl,949,299,-261
arms,biceps-curl,957,312,-259
arms,biceps-curl,960,312,-292
arms,biceps-curl,960,325,-303
arms,biceps-curl,948,340,-280
arms,biceps-curl,944,360,-288
arms,biceps-curl,952,384,-323
arms,biceps-curl,952,407,-351
arms,biceps-curl,948,435,-332
arms,biceps-curl,937,461,-286
arms,biceps-curl,925,490,-278
arms,biceps-curl,917,516,-303
arms,biceps-curl,906,545,-319
arms,biceps-curl,885,579,-296
arms,biceps-curl,859,621,-277
arms,biceps-curl,841,637,-277
arms,biceps-curl,819,657,-283
arms,biceps-curl,804,686,-261
arms,biceps-curl,786,712,-226
arms,biceps-curl,763,741,-213
arms,biceps-curl,736,765,-232
arms,biceps-curl,698,791,-220
arms,biceps-curl,668,823,-167
arms,biceps-curl,643,821,-165
arms,biceps-curl,611,850,-186
arms,biceps-curl,570,866,-141
arms,biceps-curl,516,881,-109
arms,biceps-curl,469,897,-82
arms,biceps-curl,430,904,-103
arms,biceps-curl,398,904,-79
arms,biceps-curl,344,920,-40
arms,biceps-curl,304,928,-48
arms,biceps-curl,304,928,-48
arms,biceps-curl,257,920,-32
arms,biceps-curl,226,920,-9
arms,biceps-curl,194,927,22
arms,biceps-curl,148,943,9
arms,biceps-curl,101,944,51
arms,biceps-curl,54,951,35
arms,biceps-curl,14,945,80
arms,biceps-curl,-25,937,148
arms,biceps-curl,-58,936,121
arms,biceps-curl,-77,917,118
arms,biceps-curl,-117,912,170
arms,biceps-curl,-164,924,226
arms,biceps-curl,-200,922,187
arms,biceps-curl,-225,903,220
arms,biceps-curl,-265,879,262
arms,biceps-curl,-296,872,272
arms,biceps-curl,-325,867,261
arms,biceps-curl,-356,849,302
arms,biceps-curl,-378,840,288
arms,biceps-curl,-389,811,226
arms,biceps-curl,-411,755,163
arms,biceps-curl,-428,724,154
arms,biceps-curl,-445,711,164
arms,biceps-curl,-460,683,160
arms,biceps-curl,-468,640,172
arms,biceps-curl,-468,593,146
arms,biceps-curl,-457,594,122
arms,biceps-curl,-441,638,162
arms,biceps-curl,-429,659,181
arms,biceps-curl,-414,664,157
arms,biceps-curl,-391,676,134
arms,biceps-curl,-361,722,138
arms,biceps-curl,-333,787,147
arms,biceps-curl,-331,816,197
arms,biceps-curl,-329,800,175
arms,biceps-curl,-298,800,53
arms,biceps-curl,-249,813,18
arms,biceps-curl,-200,852,10
arms,biceps-curl,-169,869,26
arms,biceps-curl,-137,893,-36
arms,biceps-curl,-105,912,-84
arms,biceps-curl,-59,913,-105
arms,biceps-curl,16,921,-119
arms,biceps-curl,70,935,-160
arms,biceps-curl,118,980,-165
arms,biceps-curl,172,944,-212
arms,biceps-curl,212,947,-259
arms,biceps-curl,274,984,-295
arms,biceps-curl,305,991,-273
arms,biceps-curl,337,944,-296
arms,biceps-curl,391,952,-312
arms,biceps-curl,408,936,-335
arms,biceps-curl,416,906,-344
arms,biceps-curl,468,919,-329
arms,biceps-curl,487,913,-328
arms,biceps-curl,502,855,-328
arms,biceps-curl,539,806,-384
arms,biceps-curl,564,800,-378
arms,biceps-curl,595,773,-323
arms,biceps-curl,646,761,-292
arms,biceps-curl,681,741,-326
arms,biceps-curl,713,705,-324
arms,biceps-curl,726,672,-356
arms,biceps-curl,734,664,-356
arms,biceps-curl,742,658,-335
arms,biceps-curl,755,639,-322
arms,biceps-curl,782,621,-320
arms,biceps-curl,797,590,-331
arms,biceps-curl,810,561,-331
arms,biceps-curl,821,547,-323
arms,biceps-curl,819,539,-315
arms,biceps-curl,825,522,-293
arms,biceps-curl,836,494,-284
arms,biceps-curl,853,471,-292
arms,biceps-curl,872,452,-284
arms,biceps-curl,888,436,-276
arms,biceps-curl,904,424,-276
arms,biceps-curl,923,398,-254
arms,biceps-curl,947,369,-232
arms,biceps-curl,967,360,-245
arms,biceps-curl,986,354,-270
arms,biceps-curl,1000,344,-274
arms,biceps-curl,1003,347,-258
arms,biceps-curl,997,347,-245
arms,biceps-curl,976,344,-243
arms,biceps-curl,971,360,-243
arms,biceps-curl,958,362,-243
arms,biceps-curl,950,368,-266
arms,biceps-curl,942,370,-248
arms,biceps-curl,938,378,-252
arms,biceps-curl,944,386,-259
arms,biceps-curl,945,395,-244
arms,biceps-curl,952,412,-265
arms,biceps-curl,954,436,-270
arms,biceps-curl,967,458,-254
arms,biceps-curl,959,476,-242
arms,biceps-curl,951,513,-256
arms,biceps-curl,942,522,-257
arms,biceps-curl,920,546,-265
arms,biceps-curl,911,585,-279
arms,biceps-curl,888,616,-248
arms,biceps-curl,856,648,-240
arms,biceps-curl,840,671,-224
arms,biceps-curl,802,680,-194
arms,biceps-curl,785,680,-214
arms,biceps-curl,755,687,-238
arms,biceps-curl,745,724,-233
arms,biceps-curl,723,756,-183
arms,biceps-curl,693,780,-142
arms,biceps-curl,681,817,-129
arms,biceps-curl,647,831,-89
arms,biceps-curl,615,851,-55
arms,biceps-curl,583,862,-67
arms,biceps-curl,540,882,-60
arms,biceps-curl,499,906,-32
arms,biceps-curl,448,918,-7
arms,biceps-curl,404,942,56
arms,biceps-curl,365,936,107
arms,biceps-curl,331,949,57
arms,biceps-curl,289,960,44
arms,biceps-curl,232,970,105
arms,biceps-curl,184,976,150
arms,biceps-curl,149,957,151
arms,biceps-curl,109,940,144
arms,biceps-curl,62,936,161
arms,biceps-curl,19,924,218
arms,biceps-curl,-20,920,264
arms,biceps-curl,-52,928,268
arms,biceps-curl,-75,917,279
arms,biceps-curl,-106,897,292
arms,biceps-curl,-145,908,312
arms,biceps-curl,-181,926,328
arms,biceps-curl,-215,900,310
arms,biceps-curl,-249,886,326
arms,biceps-curl,-269,874,320
arms,biceps-curl,-301,814,283
arms,biceps-curl,-359,771,267
arms,biceps-curl,-397,760,267
arms,biceps-curl,-414,743,275
arms,biceps-curl,-438,690,226
arms,biceps-curl,-456,672,256
arms,biceps-curl,-459,662,251
arms,biceps-curl,-472,618,231
arms,biceps-curl,-471,592,228
arms,biceps-curl,-464,591,240
arms,biceps-curl,-461,584,194
arms,biceps-curl,-438,587,215
arms,biceps-curl,-425,609,268
arms,biceps-curl,-430,618,220
arms,biceps-curl,-407,650,168
arms,biceps-curl,-384,680,171
arms,biceps-curl,-368,673,256
arms,biceps-curl,-368,743,296
arms,biceps-curl,-329,736,156
arms,biceps-curl,-298,766,190
arms,biceps-curl,-266,865,304
arms,biceps-curl,-228,857,173
arms,biceps-curl,-203,849,167
arms,biceps-curl,-186,869,154
arms,biceps-curl,-143,913,111
arms,biceps-curl,-76,967,104
arms,biceps-curl,-18,969,182
arms,biceps-curl,43,974,143
arms,biceps-curl,75,982,-39
arms,biceps-curl,116,990,-70
arms,biceps-curl,163,1010,7
arms,biceps-curl,205,1022,32
arms,biceps-curl,255,1013,-35
arms,biceps-curl,277,954,-59
arms,biceps-curl,338,944,-61
arms,biceps-curl,404,983,-74
arms,biceps-curl,449,1005,-75
arms,biceps-curl,483,1008,-53
arms,biceps-curl,505,1003,-40
arms,biceps-curl,539,973,-116
arms,biceps-curl,569,939,-180
arms,biceps-curl,572,932,-163
arms,biceps-curl,580,920,-140
arms,biceps-curl,600,889,-128
arms,biceps-curl,623,831,-168
arms,biceps-curl,644,780,-224
arms,biceps-curl,658,769,-204
arms,biceps-curl,672,754,-179
arms,biceps-curl,687,726,-199
arms,biceps-curl,715,679,-236
arms,biceps-curl,734,645,-237
arms,biceps-curl,768,627,-205
arms,biceps-curl,789,598,-235
arms,biceps-curl,805,592,-264
arms,biceps-curl,818,584,-226
arms,biceps-curl,828,554,-232
arms,biceps-curl,842,534,-232
arms,biceps-curl,846,525,-230
arms,biceps-curl,841,508,-230
arms,biceps-curl,848,487,-255
arms,biceps-curl,852,476,-248
arms,biceps-curl,876,455,-242
arms,biceps-curl,907,445,-204
arms,biceps-curl,939,423,-238
arms,biceps-curl,967,413,-217
arms,biceps-curl,960,368,-234
arms,biceps-curl,968,375,-263
arms,biceps-curl,960,344,-232
arms,biceps-curl,968,360,-248
arms,biceps-curl,976,360,-232
arms,biceps-curl,961,337,-224
arms,biceps-curl,960,343,-239
arms,biceps-curl,960,359,-218
arms,biceps-curl,953,346,-223
arms,biceps-curl,931,351,-231
arms,biceps-curl,955,352,-232
arms,biceps-curl,953,359,-225
arms,biceps-curl,939,380,-231
arms,biceps-curl,961,384,-238
arms,biceps-curl,968,396,-283
arms,biceps-curl,956,412,-230
arms,biceps-curl,952,428,-232
arms,biceps-curl,946,455,-246
arms,biceps-curl,933,475,-220
arms,biceps-curl,917,480,-213
arms,biceps-curl,901,512,-200
arms,biceps-curl,901,543,-223
arms,biceps-curl,894,572,-210
arms,biceps-curl,888,603,-197
arms,biceps-curl,879,644,-195
arms,biceps-curl,859,677,-183
arms,biceps-curl,835,701,-198
arms,biceps-curl,816,720,-191
arms,biceps-curl,800,744,-164
arms,biceps-curl,777,775,-156
arms,biceps-curl,742,803,-141
arms,biceps-curl,706,827,-121
arms,biceps-curl,678,843,-99
arms,biceps-curl,648,858,-64
arms,biceps-curl,612,863,-40
arms,biceps-curl,575,857,-43
arms,biceps-curl,525,877,-15
arms,biceps-curl,472,896,48
arms,biceps-curl,428,910,55
arms,biceps-curl,389,909,74
arms,biceps-curl,352,916,88
arms,biceps-curl,324,906,112
arms,biceps-curl,303,917,110
arms,biceps-curl,260,938,111
arms,biceps-curl,212,947,140
arms,biceps-curl,184,961,160
arms,biceps-curl,137,964,156
arms,biceps-curl,92,943,143
arms,biceps-curl,58,939,199
arms,biceps-curl,6,959,254
arms,biceps-curl,-18,952,231
arms,biceps-curl,-42,952,218
arms,biceps-curl,-82,951,265
arms,biceps-curl,-136,928,288
arms,biceps-curl,-168,936,336
arms,biceps-curl,-191,928,274
arms,biceps-curl,-238,898,280
arms,biceps-curl,-285,881,340
arms,biceps-curl,-303,873,315
arms,biceps-curl,-333,851,333
arms,biceps-curl,-336,841,385
arms,biceps-curl,-377,813,372
arms,biceps-curl,-404,788,348
arms,biceps-curl,-434,745,331
arms,biceps-curl,-459,723,322
arms,biceps-curl,-470,689,301
arms,biceps-curl,-496,644,248
arms,biceps-curl,-498,597,191
arms,biceps-curl,-490,584,176
arms,biceps-curl,-477,578,182
arms,biceps-curl,-467,571,173
arms,biceps-curl,-459,573,194
arms,biceps-curl,-451,586,223
arms,biceps-curl,-448,602,217
arms,biceps-curl,-443,632,194
arms,biceps-curl,-445,653,216
arms,biceps-curl,-435,687,267
arms,biceps-curl,-402,712,245
arms,biceps-curl,-376,716,200
arms,biceps-curl,-356,760,160
arms,biceps-curl,-329,815,116
arms,biceps-curl,-297,803,163
arms,biceps-curl,-255,807,190
arms,biceps-curl,-197,883,42
arms,biceps-curl,-134,920,-75
arms,biceps-curl,-78,917,39
arms,biceps-curl,-28,950,148
arms,biceps-curl,22,1008,-27
arms,biceps-curl,58,979,-219
arms,biceps-curl,97,967,-166
arms,biceps-curl,156,1011,-16
arms,biceps-curl,219,1029,-37
arms,biceps-curl,256,990,-224
arms,biceps-curl,289,962,-247
arms,biceps-curl,333,968,-153
arms,biceps-curl,394,969,-149
arms,biceps-curl,443,972,-243
arms,biceps-curl,462,945,-261
arms,biceps-curl,500,902,-286
arms,biceps-curl,533,885,-277
arms,biceps-curl,579,855,-319
arms,biceps-curl,611,837,-314
arms,biceps-curl,648,798,-335
arms,biceps-curl,649,760,-321
arms,biceps-curl,680,744,-360
arms,biceps-curl,704,752,-288
arms,biceps-curl,704,752,-288
arms,biceps-curl,743,736,-272
arms,biceps-curl,782,698,-264
arms,biceps-curl,784,659,-264
arms,biceps-curl,799,634,-293
arms,biceps-curl,814,611,-275
arms,biceps-curl,830,573,-237
arms,biceps-curl,818,548,-259
arms,biceps-curl,829,511,-291
arms,biceps-curl,839,497,-276
arms,biceps-curl,872,490,-297
arms,biceps-curl,911,476,-304
arms,biceps-curl,956,478,-274
arms,biceps-curl,992,509,-258
arms,biceps-curl,1046,537,-279
arms,biceps-curl,1092,544,-338
arms,biceps-curl,1109,598,-279
arms,biceps-curl,1112,666,-329
arms,biceps-curl,1081,729,-366
arms,biceps-curl,1044,787,-350
arms,biceps-curl,994,832,-344
arms,biceps-curl,931,857,-349
arms,biceps-curl,864,868,-325
arms,biceps-curl,797,872,-339
arms,biceps-curl,735,876,-335
arms,biceps-curl,664,864,-272
arms,biceps-curl,597,825,-232
arms,biceps-curl,542,785,-287
arms,biceps-curl,491,715,-293
arms,biceps-curl,434,651,-208
arms,biceps-curl,379,653,-205
arms,biceps-curl,354,642,-197
arms,biceps-curl,329,586,-212
arms,biceps-curl,268,446,-284
arms,biceps-curl,216,372,-357
arms,biceps-curl,272,472,-353
arms,biceps-curl,346,551,-315
arms,biceps-curl,400,619,-312
arms,biceps-curl,424,650,-348
arms,biceps-curl,422,652,-402
arms,biceps-curl,418,658,-454
arms,biceps-curl,428,735,-406
arms,biceps-curl,448,767,-364
arms,biceps-curl,448,760,-391
arms,biceps-curl,448,759,-434
arms,biceps-curl,452,758,-440
arms,biceps-curl,489,807,-380
arms,biceps-curl,497,800,-422
arms,biceps-curl,512,800,-396
arms,biceps-curl,505,793,-314
arms,biceps-curl,528,840,-392
arms,biceps-curl,536,848,-432
arms,biceps-curl,520,840,-416
arms,biceps-curl,482,810,-439
arms,biceps-curl,473,815,-380
arms,biceps-curl,465,787,-391
arms,biceps-curl,464,798,-378
arms,biceps-curl,457,786,-369
arms,biceps-curl,456,784,-375
arms,biceps-curl,463,777,-383
arms,biceps-curl,464,776,-377
arms,biceps-curl,470,795,-389
arms,biceps-curl,484,856,-528
arms,biceps-curl,476,848,-411
arms,biceps-curl,443,799,-384
arms,biceps-curl,449,818,-403
arms,biceps-curl,456,782,-430
arms,biceps-curl,456,782,-424
arms,biceps-curl,467,787,-442
arms,biceps-curl,457,794,-456
arms,biceps-curl,433,790,-441
arms,biceps-curl,405,774,-394
arms,biceps-curl,411,768,-400
arms,biceps-curl,433,755,-446
arms,biceps-curl,444,744,-464
arms,biceps-curl,452,765,-435
arms,biceps-curl,448,772,-400
arms,biceps-curl,444,760,-388
arms,biceps-curl,466,760,-413
arms,biceps-curl,523,771,-494
arms,biceps-curl,595,771,-565
arms,biceps-curl,674,787,-552
arms,biceps-curl,770,846,-486
arms,biceps-curl,824,812,-441
arms,biceps-curl,832,747,-400
arms,biceps-curl,848,771,-381
arms,biceps-curl,819,749,-415
arms,biceps-curl,722,681,-455
arms,biceps-curl,612,666,-535
arms,biceps-curl,465,676,-625
arms,biceps-curl,279,693,-724
arms,biceps-curl,113,689,-813
arms,biceps-curl,8,584,-872
arms,biceps-curl,-63,493,-767
arms,biceps-curl,-45,399,-780
arms,biceps-curl,24,374,-909
arms,biceps-curl,84,236,-998
arms,biceps-curl,124,135,-979
arms,biceps-curl,171,118,-923
arms,biceps-curl,209,94,-855
arms,biceps-curl,224,46,-832
arms,biceps-curl,240,-16,-840
