shoulders,lateral-raise,-903,403,-57
shoulders,lateral-raise,-470,1600,-957
shoulders,lateral-raise,-1305,567,-746
shoulders,lateral-raise,-1285,-258,-505
shoulders,lateral-raise,-1158,16,-799
shoulders,lateral-raise,-936,-110,-576
shoulders,lateral-raise,-896,129,-745
shoulders,lateral-raise,-856,-94,-655
shoulders,lateral-raise,-168,68,-693
shoulders,lateral-raise,-906,-460,-390
shoulders,lateral-raise,-433,-1352,199
shoulders,lateral-raise,-1832,-1536,32
shoulders,lateral-raise,-2406,-467,-791
shoulders,lateral-raise,-534,190,-641
shoulders,lateral-raise,-182,493,-651
shoulders,lateral-raise,-333,-61,-355
shoulders,lateral-raise,-364,16,-400
shoulders,lateral-raise,-371,170,-394
shoulders,lateral-raise,-489,135,-355
shoulders,lateral-raise,-520,161,-252
shoulders,lateral-raise,-501,218,-164
shoulders,lateral-raise,-545,295,-96
shoulders,lateral-raise,-567,381,-27
shoulders,lateral-raise,-558,465,26
shoulders,lateral-raise,-503,499,81
shoulders,lateral-raise,-435,517,97
shoulders,lateral-raise,-421,492,143
shoulders,lateral-raise,-435,436,192
shoulders,lateral-raise,-425,392,201
shoulders,lateral-raise,-408,378,198
shoulders,lateral-raise,-424,331,245
shoulders,lateral-raise,-444,324,294
shoulders,lateral-raise,-455,288,251
shoulders,lateral-raise,-522,243,255
shoulders,lateral-raise,-632,184,248
shoulders,lateral-raise,-776,162,236
shoulders,lateral-raise,-892,111,184
shoulders,lateral-raise,-1085,163,171
shoulders,lateral-raise,-1331,219,259
shoulders,lateral-raise,-1545,217,259
shoulders,lateral-raise,-1678,183,207
shoulders,lateral-raise,-1717,209,228
shoulders,lateral-raise,-1692,184,273
shoulders,lateral-raise,-1611,210,311
shoulders,lateral-raise,-1578,196,243
shoulders,lateral-raise,-1576,192,148
shoulders,lateral-raise,-1542,138,178
shoulders,lateral-raise,-1502,185,255
shoulders,lateral-raise,-1504,229,394
shoulders,lateral-raise,-1582,104,237
shoulders,lateral-raise,-1516,126,58
shoulders,lateral-raise,-1259,563,294
shoulders,lateral-raise,-1352,531,571
shoulders,lateral-raise,-1639,65,609
shoulders,lateral-raise,-1761,-86,310
shoulders,lateral-raise,-1796,104,-88
shoulders,lateral-raise,-1763,217,-6
shoulders,lateral-raise,-1736,168,312
shoulders,lateral-raise,-1661,146,444
shoulders,lateral-raise,-1616,88,232
shoulders,lateral-raise,-1563,98,209
shoulders,lateral-raise,-1522,136,144
shoulders,lateral-raise,-1467,159,109
shoulders,lateral-raise,-1350,181,189
shoulders,lateral-raise,-1277,182,270
shoulders,lateral-raise,-1197,120,198
shoulders,lateral-raise,-1093,83,264
shoulders,lateral-raise,-989,73,232
shoulders,lateral-raise,-838,34,170
shoulders,lateral-raise,-709,48,203
shoulders,lateral-raise,-621,46,114
shoulders,lateral-raise,-525,18,248
shoulders,lateral-raise,-451,-42,248
shoulders,lateral-raise,-406,-61,151
shoulders,lateral-raise,-333,-33,189
shoulders,lateral-raise,-312,6,126
shoulders,lateral-raise,-322,21,62
shoulders,lateral-raise,-328,42,95
shoulders,lateral-raise,-387,68,66
shoulders,lateral-raise,-429,116,34
shoulders,lateral-raise,-448,80,-40
shoulders,lateral-raise,-549,66,88
shoulders,lateral-raise,-615,191,-49
shoulders,lateral-raise,-701,266,-315
shoulders,lateral-raise,-769,272,-486
shoulders,lateral-raise,-902,279,-553
shoulders,lateral-raise,-1075,321,-439
shoulders,lateral-raise,-1210,367,-603
shoulders,lateral-raise,-1326,331,-606
shoulders,lateral-raise,-1354,325,-740
shoulders,lateral-raise,-1387,328,-820
shoulders,lateral-raise,-1361,328,-824
shoulders,lateral-raise,-1360,312,-864
shoulders,lateral-raise,-1383,343,-856
shoulders,lateral-raise,-1437,329,-932
shoulders,lateral-raise,-1470,328,-824
shoulders,lateral-raise,-1487,364,-765
shoulders,lateral-raise,-1452,382,-881
shoulders,lateral-raise,-1413,405,-875
shoulders,lateral-raise,-1401,408,-865
shoulders,lateral-raise,-1347,408,-791
shoulders,lateral-raise,-1277,388,-880
shoulders,lateral-raise,-1232,397,-917
shoulders,lateral-raise,-1143,344,-771
shoulders,lateral-raise,-1023,370,-704
shoulders,lateral-raise,-916,313,-637
shoulders,lateral-raise,-819,311,-650
shoulders,lateral-raise,-731,264,-614
shoulders,lateral-raise,-639,218,-522
shoulders,lateral-raise,-550,161,-441
shoulders,lateral-raise,-469,100,-380
shoulders,lateral-raise,-366,120,-419
shoulders,lateral-raise,-282,87,-528
shoulders,lateral-raise,-214,48,-349
shoulders,lateral-raise,-153,61,-260
shoulders,lateral-raise,-106,50,-329
shoulders,lateral-raise,-42,15,-319
shoulders,lateral-raise,36,36,-244
shoulders,lateral-raise,103,49,-199
shoulders,lateral-raise,162,24,-234
shoulders,lateral-raise,213,17,-224
shoulders,lateral-raise,264,11,-171
shoulders,lateral-raise,312,-16,-181
shoulders,lateral-raise,348,-40,-221
shoulders,lateral-raise,385,-29,-251
shoulders,lateral-raise,411,-83,-285
shoulders,lateral-raise,403,-85,-286
shoulders,lateral-raise,418,-78,-385
shoulders,lateral-raise,438,-77,-347
shoulders,lateral-raise,426,-84,-385
shoulders,lateral-raise,398,-97,-514
shoulders,lateral-raise,377,-162,-487
shoulders,lateral-raise,393,-120,-476
shoulders,lateral-raise,332,-148,-562
shoulders,lateral-raise,309,-119,-601
shoulders,lateral-raise,289,-73,-570
shoulders,lateral-raise,241,-70,-573
shoulders,lateral-raise,183,-3,-523
shoulders,lateral-raise,107,-31,-742
shoulders,lateral-raise,52,-22,-723
shoulders,lateral-raise,-8,6,-773
shoulders,lateral-raise,-7,-21,-884
shoulders,lateral-raise,23,80,-1022
shoulders,lateral-raise,-31,64,-866
shoulders,lateral-raise,-102,118,-887
shoulders,lateral-raise,-142,128,-888
shoulders,lateral-raise,-211,128,-977
shoulders,lateral-raise,-267,157,-933
shoulders,lateral-raise,-308,210,-1028
shoulders,lateral-raise,-340,237,-984
shoulders,lateral-raise,-371,254,-983
shoulders,lateral-raise,-429,269,-944
shoulders,lateral-raise,-433,285,-1001
shoulders,lateral-raise,-483,275,-1092
shoulders,lateral-raise,-533,315,-920
shoulders,lateral-raise,-556,340,-936
shoulders,lateral-raise,-578,344,-1019
shoulders,lateral-raise,-624,401,-805
shoulders,lateral-raise,-662,435,-835
shoulders,lateral-raise,-710,391,-915
shoulders,lateral-raise,-728,405,-734
shoulders,lateral-raise,-718,404,-714
shoulders,lateral-raise,-732,397,-775
shoulders,lateral-raise,-758,400,-688
shoulders,lateral-raise,-782,381,-592
shoulders,lateral-raise,-810,386,-648
shoulders,lateral-raise,-820,387,-660
shoulders,lateral-raise,-853,401,-529
shoulders,lateral-raise,-884,400,-504
shoulders,lateral-raise,-895,376,-572
shoulders,lateral-raise,-919,391,-547
shoulders,lateral-raise,-939,394,-508
shoulders,lateral-raise,-959,369,-499
shoulders,lateral-raise,-991,363,-496
shoulders,lateral-raise,-1018,377,-508
shoulders,lateral-raise,-999,398,-462
shoulders,lateral-raise,-987,394,-408
shoulders,lateral-raise,-984,363,-410
shoulders,lateral-raise,-983,350,-429
shoulders,lateral-raise,-1016,346,-370
shoulders,lateral-raise,-1012,344,-334
shoulders,lateral-raise,-996,334,-340
shoulders,lateral-raise,-977,369,-374
shoulders,lateral-raise,-949,342,-381
shoulders,lateral-raise,-939,336,-420
shoulders,lateral-raise,-955,331,-372
shoulders,lateral-raise,-964,303,-414
shoulders,lateral-raise,-947,302,-555
shoulders,lateral-raise,-974,354,-635
shoulders,lateral-raise,-1032,440,-681
shoulders,lateral-raise,-1125,436,-858
shoulders,lateral-raise,-1203,374,-887
shoulders,lateral-raise,-1256,337,-867
shoulders,lateral-raise,-1240,384,-968
shoulders,lateral-raise,-1192,328,-928
shoulders,lateral-raise,-1192,328,-928
shoulders,lateral-raise,-1169,336,-967
shoulders,lateral-raise,-1168,321,-831
shoulders,lateral-raise,-1168,313,-928
shoulders,lateral-raise,-1146,348,-943
shoulders,lateral-raise,-1123,373,-865
shoulders,lateral-raise,-1148,383,-933
shoulders,lateral-raise,-1172,370,-855
shoulders,lateral-raise,-1203,315,-807
shoulders,lateral-raise,-1195,311,-820
shoulders,lateral-raise,-1167,299,-843
shoulders,lateral-raise,-1154,290,-786
shoulders,lateral-raise,-1122,294,-834
shoulders,lateral-raise,-1065,284,-862
shoulders,lateral-raise,-991,303,-767
shoulders,lateral-raise,-912,273,-644
shoulders,lateral-raise,-856,267,-646
shoulders,lateral-raise,-772,272,-696
shoulders,lateral-raise,-711,252,-717
shoulders,lateral-raise,-637,275,-720
shoulders,lateral-raise,-533,248,-639
shoulders,lateral-raise,-469,225,-649
shoulders,lateral-raise,-389,250,-660
shoulders,lateral-raise,-310,247,-718
shoulders,lateral-raise,-246,195,-713
shoulders,lateral-raise,-164,172,-552
shoulders,lateral-raise,-101,157,-560
shoulders,lateral-raise,-32,102,-598
shoulders,lateral-raise,24,83,-481
shoulders,lateral-raise,61,103,-432
shoulders,lateral-raise,138,96,-445
shoulders,lateral-raise,207,66,-421
shoulders,lateral-raise,253,44,-352
shoulders,lateral-raise,262,32,-341
shoulders,lateral-raise,298,48,-323
shoulders,lateral-raise,330,36,-343
shoulders,lateral-raise,368,-3,-360
shoulders,lateral-raise,406,-38,-360
shoulders,lateral-raise,420,-44,-452
shoulders,lateral-raise,478,-21,-406
shoulders,lateral-raise,474,-59,-430
shoulders,lateral-raise,480,-39,-355
shoulders,lateral-raise,480,-35,-459
shoulders,lateral-raise,475,-41,-399
shoulders,lateral-raise,446,-7,-452
shoulders,lateral-raise,429,-51,-525
shoulders,lateral-raise,399,-12,-442
shoulders,lateral-raise,383,-52,-543
shoulders,lateral-raise,374,6,-533
shoulders,lateral-raise,343,-24,-637
shoulders,lateral-raise,320,-15,-544
shoulders,lateral-raise,312,47,-536
shoulders,lateral-raise,281,17,-722
shoulders,lateral-raise,212,16,-652
shoulders,lateral-raise,201,76,-700
shoulders,lateral-raise,142,58,-682
shoulders,lateral-raise,100,85,-723
shoulders,lateral-raise,54,88,-889
shoulders,lateral-raise,7,61,-919
shoulders,lateral-raise,7,123,-780
shoulders,lateral-raise,-38,182,-667
shoulders,lateral-raise,-92,268,-781
shoulders,lateral-raise,-154,226,-810
shoulders,lateral-raise,-186,250,-868
shoulders,lateral-raise,-268,299,-823
shoulders,lateral-raise,-319,323,-806
shoulders,lateral-raise,-345,361,-836
shoulders,lateral-raise,-384,344,-886
shoulders,lateral-raise,-432,370,-878
shoulders,lateral-raise,-494,387,-905
shoulders,lateral-raise,-520,359,-928
shoulders,lateral-raise,-558,401,-861
shoulders,lateral-raise,-626,449,-872
shoulders,lateral-raise,-660,447,-903
shoulders,lateral-raise,-707,466,-836
shoulders,lateral-raise,-752,459,-796
shoulders,lateral-raise,-768,432,-804
shoulders,lateral-raise,-803,467,-827
shoulders,lateral-raise,-832,471,-797
shoulders,lateral-raise,-864,421,-707
shoulders,lateral-raise,-901,428,-710
shoulders,lateral-raise,-906,440,-810
shoulders,lateral-raise,-920,404,-752
shoulders,lateral-raise,-914,410,-546
shoulders,lateral-raise,-912,451,-639
shoulders,lateral-raise,-933,432,-656
shoulders,lateral-raise,-939,411,-519
shoulders,lateral-raise,-944,398,-566
shoulders,lateral-raise,-984,392,-564
shoulders,lateral-raise,-976,388,-462
shoulders,lateral-raise,-956,369,-440
shoulders,lateral-raise,-971,356,-405
shoulders,lateral-raise,-985,393,-472
shoulders,lateral-raise,-999,352,-399
shoulders,lateral-raise,-1025,318,-401
shoulders,lateral-raise,-984,350,-447
shoulders,lateral-raise,-985,331,-392
shoulders,lateral-raise,-992,288,-440
shoulders,lateral-raise,-993,289,-276
shoulders,lateral-raise,-1001,294,-338
shoulders,lateral-raise,-1016,264,-382
shoulders,lateral-raise,-1000,272,-320
shoulders,lateral-raise,-976,288,-392
shoulders,lateral-raise,-1007,257,-276
shoulders,lateral-raise,-970,248,-249
shoulders,lateral-raise,-968,270,-337
shoulders,lateral-raise,-953,243,-410
shoulders,lateral-raise,-923,219,-359
shoulders,lateral-raise,-962,279,-561
shoulders,lateral-raise,-1009,308,-674
shoulders,lateral-raise,-1063,332,-661
shoulders,lateral-raise,-1137,343,-773
shoulders,lateral-raise,-1184,350,-832
shoulders,lateral-raise,-1217,352,-753
shoulders,lateral-raise,-1230,316,-819
shoulders,lateral-raise,-1220,316,-842
shoulders,lateral-raise,-1205,337,-880
shoulders,lateral-raise,-1228,311,-857
shoulders,lateral-raise,-1229,318,-872
shoulders,lateral-raise,-1219,349,-935
shoulders,lateral-raise,-1216,345,-884
shoulders,lateral-raise,-1231,371,-716
shoulders,lateral-raise,-1221,397,-673
shoulders,lateral-raise,-1213,386,-775
shoulders,lateral-raise,-1203,403,-783
shoulders,lateral-raise,-1183,398,-688
shoulders,lateral-raise,-1159,388,-723
shoulders,lateral-raise,-1096,400,-812
shoulders,lateral-raise,-1013,388,-809
shoulders,lateral-raise,-943,354,-704
shoulders,lateral-raise,-855,310,-635
shoulders,lateral-raise,-752,271,-710
shoulders,lateral-raise,-654,242,-755
shoulders,lateral-raise,-577,232,-760
shoulders,lateral-raise,-520,223,-719
shoulders,lateral-raise,-426,211,-621
shoulders,lateral-raise,-339,216,-578
shoulders,lateral-raise,-290,226,-593
shoulders,lateral-raise,-226,228,-592
shoulders,lateral-raise,-173,148,-594
shoulders,lateral-raise,-114,80,-461
shoulders,lateral-raise,-76,108,-407
shoulders,lateral-raise,-5,110,-507
shoulders,lateral-raise,30,68,-484
shoulders,lateral-raise,132,56,-452
shoulders,lateral-raise,158,94,-398
shoulders,lateral-raise,195,61,-420
shoulders,lateral-raise,226,-53,-341
shoulders,lateral-raise,316,96,-397
shoulders,lateral-raise,361,13,-522
shoulders,lateral-raise,367,-30,-431
shoulders,lateral-raise,352,16,-271
shoulders,lateral-raise,352,23,-511
shoulders,lateral-raise,312,-79,-417
shoulders,lateral-raise,312,13,-245
shoulders,lateral-raise,358,1,-552
shoulders,lateral-raise,360,-37,-546
shoulders,lateral-raise,426,33,-427
shoulders,lateral-raise,353,-24,-487
shoulders,lateral-raise,358,-11,-377
shoulders,lateral-raise,333,12,-503
shoulders,lateral-raise,321,-4,-588
shoulders,lateral-raise,327,38,-515
shoulders,lateral-raise,277,42,-547
shoulders,lateral-raise,233,9,-641
shoulders,lateral-raise,224,60,-670
shoulders,lateral-raise,195,45,-760
shoulders,lateral-raise,184,49,-695
shoulders,lateral-raise,162,95,-723
shoulders,lateral-raise,109,42,-839
shoulders,lateral-raise,77,71,-738
shoulders,lateral-raise,6,140,-730
shoulders,lateral-raise,-32,125,-872
shoulders,lateral-raise,-46,157,-869
shoulders,lateral-raise,-98,201,-829
shoulders,lateral-raise,-177,172,-769
shoulders,lateral-raise,-207,226,-832
shoulders,lateral-raise,-233,288,-978
shoulders,lateral-raise,-280,272,-924
shoulders,lateral-raise,-319,276,-843
shoulders,lateral-raise,-381,295,-875
shoulders,lateral-raise,-428,318,-899
shoulders,lateral-raise,-459,343,-902
shoulders,lateral-raise,-528,365,-865
shoulders,lateral-raise,-588,378,-795
shoulders,lateral-raise,-643,359,-785
shoulders,lateral-raise,-718,352,-861
shoulders,lateral-raise,-760,381,-871
shoulders,lateral-raise,-799,393,-902
shoulders,lateral-raise,-825,376,-817
shoulders,lateral-raise,-842,403,-808
shoulders,lateral-raise,-840,366,-807
shoulders,lateral-raise,-888,371,-730
shoulders,lateral-raise,-888,408,-746
shoulders,lateral-raise,-901,404,-745
shoulders,lateral-raise,-953,391,-584
shoulders,lateral-raise,-926,424,-646
shoulders,lateral-raise,-957,420,-755
shoulders,lateral-raise,-938,391,-590
shoulders,lateral-raise,-955,378,-455
shoulders,lateral-raise,-985,319,-604
shoulders,lateral-raise,-990,314,-547
shoulders,lateral-raise,-961,352,-596
shoulders,lateral-raise,-984,336,-448
shoulders,lateral-raise,-952,288,-496
shoulders,lateral-raise,-952,288,-496
shoulders,lateral-raise,-936,280,-488
shoulders,lateral-raise,-982,303,-511
shoulders,lateral-raise,-999,274,-437
shoulders,lateral-raise,-1007,279,-337
shoulders,lateral-raise,-1001,287,-385
shoulders,lateral-raise,-1007,295,-350
shoulders,lateral-raise,-974,310,-378
shoulders,lateral-raise,-968,312,-357
shoulders,lateral-raise,-975,292,-300
shoulders,lateral-raise,-989,269,-237
shoulders,lateral-raise,-1004,264,-212
shoulders,lateral-raise,-984,258,-256
shoulders,lateral-raise,-952,291,-248
shoulders,lateral-raise,-938,293,-234
shoulders,lateral-raise,-936,238,-204
shoulders,lateral-raise,-936,254,-181
shoulders,lateral-raise,-925,267,-281
shoulders,lateral-raise,-940,239,-295
shoulders,lateral-raise,-947,239,-297
shoulders,lateral-raise,-930,243,-365
shoulders,lateral-raise,-915,235,-479
shoulders,lateral-raise,-921,245,-514
shoulders,lateral-raise,-984,265,-427
shoulders,lateral-raise,-1053,297,-493
shoulders,lateral-raise,-1116,300,-700
shoulders,lateral-raise,-1187,280,-780
shoulders,lateral-raise,-1227,291,-720
shoulders,lateral-raise,-1240,311,-749
shoulders,lateral-raise,-1250,307,-849
shoulders,lateral-raise,-1270,294,-859
shoulders,lateral-raise,-1283,301,-851
shoulders,lateral-raise,-1294,308,-830
shoulders,lateral-raise,-1299,336,-860
shoulders,lateral-raise,-1291,355,-800
shoulders,lateral-raise,-1286,377,-838
shoulders,lateral-raise,-1273,411,-906
shoulders,lateral-raise,-1298,402,-905
shoulders,lateral-raise,-1296,408,-727
shoulders,lateral-raise,-1259,397,-605
shoulders,lateral-raise,-1200,355,-717
shoulders,lateral-raise,-1117,339,-774
shoulders,lateral-raise,-1015,351,-809
shoulders,lateral-raise,-920,336,-848
shoulders,lateral-raise,-857,286,-788
shoulders,lateral-raise,-748,273,-707
shoulders,lateral-raise,-703,276,-727
shoulders,lateral-raise,-602,241,-637
shoulders,lateral-raise,-518,253,-703
shoulders,lateral-raise,-485,192,-686
shoulders,lateral-raise,-384,207,-616
shoulders,lateral-raise,-352,137,-632
shoulders,lateral-raise,-243,144,-539
shoulders,lateral-raise,-187,136,-612
shoulders,lateral-raise,-154,39,-527
shoulders,lateral-raise,-94,54,-279
shoulders,lateral-raise,-17,63,-327
shoulders,lateral-raise,27,8,-504
shoulders,lateral-raise,66,48,-398
shoulders,lateral-raise,159,29,-376
shoulders,lateral-raise,189,-48,-369
shoulders,lateral-raise,256,-32,-400
shoulders,lateral-raise,297,26,-501
shoulders,lateral-raise,340,-39,-588
shoulders,lateral-raise,434,-40,-455
shoulders,lateral-raise,401,-21,-434
shoulders,lateral-raise,393,-77,-515
shoulders,lateral-raise,400,-93,-447
shoulders,lateral-raise,400,-72,-495
shoulders,lateral-raise,410,-115,-519
shoulders,lateral-raise,436,-109,-469
shoulders,lateral-raise,443,-117,-496
shoulders,lateral-raise,449,-117,-500
shoulders,lateral-raise,452,-113,-543
shoulders,lateral-raise,457,-111,-549
shoulders,lateral-raise,431,-96,-504
shoulders,lateral-raise,408,-88,-528
shoulders,lateral-raise,393,-80,-522
shoulders,lateral-raise,357,-61,-498
shoulders,lateral-raise,319,-27,-559
shoulders,lateral-raise,275,-30,-601
shoulders,lateral-raise,243,-53,-569
shoulders,lateral-raise,209,-9,-582
shoulders,lateral-raise,172,1,-691
shoulders,lateral-raise,133,-13,-736
shoulders,lateral-raise,96,16,-722
shoulders,lateral-raise,79,42,-760
shoulders,lateral-raise,31,62,-769
shoulders,lateral-raise,-3,75,-790
shoulders,lateral-raise,-40,116,-825
shoulders,lateral-raise,-77,89,-934
shoulders,lateral-raise,-125,140,-864
shoulders,lateral-raise,-150,210,-844
shoulders,lateral-raise,-193,185,-909
shoulders,lateral-raise,-286,188,-967
shoulders,lateral-raise,-326,175,-904
shoulders,lateral-raise,-374,224,-862
shoulders,lateral-raise,-425,226,-973
shoulders,lateral-raise,-432,251,-942
shoulders,lateral-raise,-436,296,-912
shoulders,lateral-raise,-513,288,-917
shoulders,lateral-raise,-544,304,-816
shoulders,lateral-raise,-600,336,-928
shoulders,lateral-raise,-654,375,-881
shoulders,lateral-raise,-686,353,-819
shoulders,lateral-raise,-755,389,-846
shoulders,lateral-raise,-760,407,-833
shoulders,lateral-raise,-731,387,-782
shoulders,lateral-raise,-798,391,-790
shoulders,lateral-raise,-842,378,-717
shoulders,lateral-raise,-868,396,-731
shoulders,lateral-raise,-898,354,-795
shoulders,lateral-raise,-891,388,-725
shoulders,lateral-raise,-882,388,-592
shoulders,lateral-raise,-934,372,-608
shoulders,lateral-raise,-946,386,-689
shoulders,lateral-raise,-961,392,-609
shoulders,lateral-raise,-968,375,-557
shoulders,lateral-raise,-984,352,-547
shoulders,lateral-raise,-971,360,-555
shoulders,lateral-raise,-975,378,-489
shoulders,lateral-raise,-959,389,-522
shoulders,lateral-raise,-973,373,-506
shoulders,lateral-raise,-992,369,-413
shoulders,lateral-raise,-983,372,-376
shoulders,lateral-raise,-985,355,-398
shoulders,lateral-raise,-984,356,-391
shoulders,lateral-raise,-964,360,-360
shoulders,lateral-raise,-944,352,-367
shoulders,lateral-raise,-940,352,-329
shoulders,lateral-raise,-937,348,-264
shoulders,lateral-raise,-938,344,-234
shoulders,lateral-raise,-942,350,-218
shoulders,lateral-raise,-937,354,-250
shoulders,lateral-raise,-952,329,-223
shoulders,lateral-raise,-947,323,-167
shoulders,lateral-raise,-941,350,-151
shoulders,lateral-raise,-942,328,-218
shoulders,lateral-raise,-922,330,-201
shoulders,lateral-raise,-917,330,-159
shoulders,lateral-raise,-896,314,-210
shoulders,lateral-raise,-913,320,-244
shoulders,lateral-raise,-888,313,-292
shoulders,lateral-raise,-885,288,-457
shoulders,lateral-raise,-892,296,-549
shoulders,lateral-raise,-1004,350,-451
shoulders,lateral-raise,-1087,432,-480
shoulders,lateral-raise,-1205,420,-853
shoulders,lateral-raise,-1311,327,-757
shoulders,lateral-raise,-1304,398,-735
shoulders,lateral-raise,-1302,368,-834
shoulders,lateral-raise,-1271,368,-871
shoulders,lateral-raise,-1224,375,-831
shoulders,lateral-raise,-1224,321,-777
shoulders,lateral-raise,-1216,374,-854
shoulders,lateral-raise,-1284,353,-818
shoulders,lateral-raise,-1295,374,-801
shoulders,lateral-raise,-1332,398,-822
shoulders,lateral-raise,-1315,407,-874
shoulders,lateral-raise,-1333,443,-789
shoulders,lateral-raise,-1247,455,-585
shoulders,lateral-raise,-1172,443,-712
shoulders,lateral-raise,-1108,414,-803
shoulders,lateral-raise,-1045,408,-797
shoulders,lateral-raise,-989,340,-656
shoulders,lateral-raise,-904,356,-658
shoulders,lateral-raise,-821,356,-701
shoulders,lateral-raise,-748,306,-683
shoulders,lateral-raise,-667,310,-600
shoulders,lateral-raise,-608,293,-606
shoulders,lateral-raise,-534,275,-624
shoulders,lateral-raise,-443,257,-599
shoulders,lateral-raise,-413,174,-604
shoulders,lateral-raise,-339,219,-640
shoulders,lateral-raise,-260,197,-545
shoulders,lateral-raise,-195,114,-433
shoulders,lateral-raise,-130,105,-464
shoulders,lateral-raise,-75,120,-537
shoulders,lateral-raise,-32,88,-536
shoulders,lateral-raise,22,25,-385
shoulders,lateral-raise,93,66,-388
shoulders,lateral-raise,142,70,-594
shoulders,lateral-raise,177,-24,-527
shoulders,lateral-raise,232,-1,-370
shoulders,lateral-raise,271,11,-457
shoulders,lateral-raise,288,-41,-535
shoulders,lateral-raise,358,-42,-505
shoulders,lateral-raise,384,-23,-581
shoulders,lateral-raise,382,-94,-518
shoulders,lateral-raise,383,-61,-407
shoulders,lateral-raise,398,-47,-494
shoulders,lateral-raise,404,-82,-541
shoulders,lateral-raise,435,-77,-464
shoulders,lateral-raise,414,-107,-568
shoulders,lateral-raise,405,-63,-527
shoulders,lateral-raise,388,-93,-500
shoulders,lateral-raise,368,-85,-559
shoulders,lateral-raise,363,-108,-552
shoulders,lateral-raise,325,-77,-552
shoulders,lateral-raise,296,-56,-560
shoulders,lateral-raise,296,-55,-650
shoulders,lateral-raise,293,-42,-685
shoulders,lateral-raise,232,-71,-787
shoulders,lateral-raise,232,-40,-608
shoulders,lateral-raise,176,0,-656
shoulders,lateral-raise,176,0,-656
shoulders,lateral-raise,137,-16,-726
shoulders,lateral-raise,98,-31,-888
shoulders,lateral-raise,103,-2,-807
shoulders,lateral-raise,53,0,-756
shoulders,lateral-raise,-9,14,-781
shoulders,lateral-raise,-2,44,-889
shoulders,lateral-raise,-61,34,-877
shoulders,lateral-raise,-112,59,-785
shoulders,lateral-raise,-127,71,-846
shoulders,lateral-raise,-211,59,-915
shoulders,lateral-raise,-238,87,-810
shoulders,lateral-raise,-258,108,-891
shoulders,lateral-raise,-329,112,-910
shoulders,lateral-raise,-404,135,-870
shoulders,lateral-raise,-413,155,-895
shoulders,lateral-raise,-489,182,-901
shoulders,lateral-raise,-533,203,-912
shoulders,lateral-raise,-556,213,-879
shoulders,lateral-raise,-632,201,-866
shoulders,lateral-raise,-667,197,-824
shoulders,lateral-raise,-706,209,-824
shoulders,lateral-raise,-745,225,-870
shoulders,lateral-raise,-756,249,-793
shoulders,lateral-raise,-785,272,-774
shoulders,lateral-raise,-788,268,-772
shoulders,lateral-raise,-810,271,-800
shoulders,lateral-raise,-849,281,-815
shoulders,lateral-raise,-886,300,-727
shoulders,lateral-raise,-931,336,-709
shoulders,lateral-raise,-938,323,-685
shoulders,lateral-raise,-961,298,-661
shoulders,lateral-raise,-962,285,-607
shoulders,lateral-raise,-992,294,-632
shoulders,lateral-raise,-970,325,-614
shoulders,lateral-raise,-990,314,-583
shoulders,lateral-raise,-977,275,-607
shoulders,lateral-raise,-968,317,-611
shoulders,lateral-raise,-990,340,-533
shoulders,lateral-raise,-995,297,-393
shoulders,lateral-raise,-1030,275,-388
shoulders,lateral-raise,-1021,295,-461
shoulders,lateral-raise,-1011,320,-435
shoulders,lateral-raise,-1016,278,-362
shoulders,lateral-raise,-971,270,-328
shoulders,lateral-raise,-992,308,-325
shoulders,lateral-raise,-991,274,-303
shoulders,lateral-raise,-983,294,-285
shoulders,lateral-raise,-968,272,-248
shoulders,lateral-raise,-975,273,-258
shoulders,lateral-raise,-936,304,-327
shoulders,lateral-raise,-928,264,-217
shoulders,lateral-raise,-944,248,-185
shoulders,lateral-raise,-974,271,-176
shoulders,lateral-raise,-954,294,-236
shoulders,lateral-raise,-967,281,-291
shoulders,lateral-raise,-997,230,-267
shoulders,lateral-raise,-1000,231,-152
shoulders,lateral-raise,-973,246,-218
shoulders,lateral-raise,-948,201,-439
shoulders,lateral-raise,-898,172,-669
shoulders,lateral-raise,-939,320,-585
shoulders,lateral-raise,-1064,329,-478
shoulders,lateral-raise,-1150,278,-643
shoulders,lateral-raise,-1233,317,-804
shoulders,lateral-raise,-1239,388,-800
shoulders,lateral-raise,-1221,363,-751
shoulders,lateral-raise,-1221,317,-823
shoulders,lateral-raise,-1203,325,-832
shoulders,lateral-raise,-1217,326,-755
shoulders,lateral-raise,-1257,345,-700
shoulders,lateral-raise,-1315,355,-769
shoulders,lateral-raise,-1367,361,-796
shoulders,lateral-raise,-1397,368,-758
shoulders,lateral-raise,-1412,381,-770
shoulders,lateral-raise,-1408,367,-763
shoulders,lateral-raise,-1352,348,-752
shoulders,lateral-raise,-1273,364,-814
shoulders,lateral-raise,-1192,361,-831
shoulders,lateral-raise,-1108,333,-757
shoulders,lateral-raise,-1025,323,-678
shoulders,lateral-raise,-944,315,-661
shoulders,lateral-raise,-862,305,-661
shoulders,lateral-raise,-733,308,-633
shoulders,lateral-raise,-650,272,-696
shoulders,lateral-raise,-585,227,-626
shoulders,lateral-raise,-507,210,-556
shoulders,lateral-raise,-424,212,-667
shoulders,lateral-raise,-371,152,-666
shoulders,lateral-raise,-311,128,-553
shoulders,lateral-raise,-228,117,-487
shoulders,lateral-raise,-196,88,-564
shoulders,lateral-raise,-116,126,-468
shoulders,lateral-raise,-88,136,-512
shoulders,lateral-raise,-35,64,-468
shoulders,lateral-raise,46,104,-458
shoulders,lateral-raise,91,41,-531
shoulders,lateral-raise,131,-6,-546
shoulders,lateral-raise,239,90,-476
shoulders,lateral-raise,233,6,-416
shoulders,lateral-raise,250,-30,-420
shoulders,lateral-raise,304,40,-544
shoulders,lateral-raise,312,-24,-672
shoulders,lateral-raise,343,-8,-392
shoulders,lateral-raise,329,0,-475
shoulders,lateral-raise,335,-60,-607
shoulders,lateral-raise,358,-20,-485
shoulders,lateral-raise,360,-52,-565
shoulders,lateral-raise,360,-70,-471
shoulders,lateral-raise,360,-38,-470
shoulders,lateral-raise,373,-19,-539
shoulders,lateral-raise,389,-36,-578
shoulders,lateral-raise,360,-21,-552
shoulders,lateral-raise,389,-10,-575
shoulders,lateral-raise,376,-38,-602
shoulders,lateral-raise,374,-19,-590
shoulders,lateral-raise,376,3,-561
shoulders,lateral-raise,331,-14,-686
shoulders,lateral-raise,280,3,-706
shoulders,lateral-raise,253,5,-683
shoulders,lateral-raise,217,0,-705
shoulders,lateral-raise,175,25,-725
shoulders,lateral-raise,141,30,-723
shoulders,lateral-raise,86,29,-725
shoulders,lateral-raise,52,41,-782
shoulders,lateral-raise,5,48,-785
shoulders,lateral-raise,-49,65,-740
shoulders,lateral-raise,-88,92,-780
shoulders,lateral-raise,-127,92,-805
shoulders,lateral-raise,-162,113,-820
shoulders,lateral-raise,-202,141,-837
shoulders,lateral-raise,-248,138,-849
shoulders,lateral-raise,-283,168,-915
shoulders,lateral-raise,-312,198,-844
shoulders,lateral-raise,-381,199,-751
shoulders,lateral-raise,-437,211,-807
shoulders,lateral-raise,-461,254,-926
shoulders,lateral-raise,-510,239,-888
shoulders,lateral-raise,-567,265,-872
shoulders,lateral-raise,-599,290,-824
shoulders,lateral-raise,-654,290,-810
shoulders,lateral-raise,-709,283,-845
shoulders,lateral-raise,-762,313,-864
shoulders,lateral-raise,-809,292,-837
shoulders,lateral-raise,-851,315,-711
shoulders,lateral-raise,-866,324,-689
shoulders,lateral-raise,-883,310,-823
shoulders,lateral-raise,-905,350,-751
shoulders,lateral-raise,-915,337,-686
shoulders,lateral-raise,-946,342,-731
shoulders,lateral-raise,-970,317,-559
shoulders,lateral-raise,-1009,407,-700
shoulders,lateral-raise,-1032,359,-560
shoulders,lateral-raise,-1016,297,-544
shoulders,lateral-raise,-1024,358,-560
shoulders,lateral-raise,-1032,360,-530
shoulders,lateral-raise,-1010,330,-684
shoulders,lateral-raise,-1008,343,-441
shoulders,lateral-raise,-994,358,-380
shoulders,lateral-raise,-999,339,-495
shoulders,lateral-raise,-1007,336,-492
shoulders,lateral-raise,-1001,336,-441
shoulders,lateral-raise,-993,316,-380
shoulders,lateral-raise,-998,312,-311
shoulders,lateral-raise,-1000,318,-308
shoulders,lateral-raise,-1006,308,-306
shoulders,lateral-raise,-979,280,-386
shoulders,lateral-raise,-979,283,-296
shoulders,lateral-raise,-967,288,-220
shoulders,lateral-raise,-971,277,-213
shoulders,lateral-raise,-965,288,-274
shoulders,lateral-raise,-950,301,-319
shoulders,lateral-raise,-959,264,-284
shoulders,lateral-raise,-954,259,-203
shoulders,lateral-raise,-972,291,-288
shoulders,lateral-raise,-983,273,-434
shoulders,lateral-raise,-976,248,-493
shoulders,lateral-raise,-964,277,-487
shoulders,lateral-raise,-992,300,-500
shoulders,lateral-raise,-1059,315,-597
shoulders,lateral-raise,-1129,321,-735
shoulders,lateral-raise,-1194,297,-741
shoulders,lateral-raise,-1233,315,-676
shoulders,lateral-raise,-1250,358,-772
shoulders,lateral-raise,-1252,353,-811
shoulders,lateral-raise,-1281,345,-744
shoulders,lateral-raise,-1315,360,-795
shoulders,lateral-raise,-1360,351,-758
shoulders,lateral-raise,-1381,393,-726
shoulders,lateral-raise,-1408,369,-769
shoulders,lateral-raise,-1429,358,-746
shoulders,lateral-raise,-1364,382,-769
shoulders,lateral-raise,-1315,396,-855
shoulders,lateral-raise,-1272,381,-714
shoulders,lateral-raise,-1253,372,-726
shoulders,lateral-raise,-1160,396,-769
shoulders,lateral-raise,-1111,422,-845
shoulders,lateral-raise,-1052,438,-780
shoulders,lateral-raise,-1009,315,-743
shoulders,lateral-raise,-884,338,-677
shoulders,lateral-raise,-838,282,-724
shoulders,lateral-raise,-692,311,-662
shoulders,lateral-raise,-606,295,-625
shoulders,lateral-raise,-544,264,-648
shoulders,lateral-raise,-504,248,-672
shoulders,lateral-raise,-504,248,-672
shoulders,lateral-raise,-473,186,-548
shoulders,lateral-raise,-343,169,-514
shoulders,lateral-raise,-291,161,-527
shoulders,lateral-raise,-200,124,-484
shoulders,lateral-raise,-135,163,-516
shoulders,lateral-raise,-93,112,-492
shoulders,lateral-raise,-47,84,-399
shoulders,lateral-raise,40,33,-404
shoulders,lateral-raise,121,83,-493
shoulders,lateral-raise,149,39,-499
shoulders,lateral-raise,208,36,-428
shoulders,lateral-raise,230,16,-420
shoulders,lateral-raise,267,-21,-406
shoulders,lateral-raise,280,-21,-423
shoulders,lateral-raise,313,-44,-399
shoulders,lateral-raise,344,-45,-416
shoulders,lateral-raise,373,-72,-421
shoulders,lateral-raise,399,-73,-462
shoulders,lateral-raise,403,-79,-468
shoulders,lateral-raise,410,-98,-470
shoulders,lateral-raise,393,-109,-443
shoulders,lateral-raise,385,-99,-461
shoulders,lateral-raise,392,-97,-518
shoulders,lateral-raise,384,-92,-507
shoulders,lateral-raise,372,-76,-524
shoulders,lateral-raise,368,-76,-568
shoulders,lateral-raise,353,-73,-583
shoulders,lateral-raise,325,-82,-593
shoulders,lateral-raise,295,-97,-571
shoulders,lateral-raise,266,-78,-584
shoulders,lateral-raise,250,-64,-653
shoulders,lateral-raise,223,-52,-720
shoulders,lateral-raise,181,-24,-792
shoulders,lateral-raise,142,-16,-767
shoulders,lateral-raise,85,-17,-672
shoulders,lateral-raise,29,11,-760
shoulders,lateral-raise,-17,4,-840
shoulders,lateral-raise,-74,12,-836
shoulders,lateral-raise,-117,9,-808
shoulders,lateral-raise,-173,42,-775
shoulders,lateral-raise,-228,52,-857
shoulders,lateral-raise,-252,79,-829
shoulders,lateral-raise,-279,112,-856
shoulders,lateral-raise,-324,114,-849
shoulders,lateral-raise,-355,130,-809
shoulders,lateral-raise,-388,145,-901
shoulders,lateral-raise,-435,155,-1030
shoulders,lateral-raise,-476,198,-881
shoulders,lateral-raise,-553,169,-748
shoulders,lateral-raise,-593,216,-888
shoulders,lateral-raise,-671,256,-880
shoulders,lateral-raise,-757,186,-849
shoulders,lateral-raise,-768,199,-764
shoulders,lateral-raise,-783,282,-864
shoulders,lateral-raise,-828,244,-828
shoulders,lateral-raise,-832,233,-810
shoulders,lateral-raise,-867,253,-864
shoulders,lateral-raise,-913,263,-729
shoulders,lateral-raise,-887,331,-671
shoulders,lateral-raise,-906,324,-684
shoulders,lateral-raise,-950,333,-593
shoulders,lateral-raise,-1003,324,-636
shoulders,lateral-raise,-1010,308,-614
shoulders,lateral-raise,-1026,322,-629
shoulders,lateral-raise,-1032,305,-554
shoulders,lateral-raise,-1038,335,-442
shoulders,lateral-raise,-1040,347,-478
shoulders,lateral-raise,-1040,307,-496
shoulders,lateral-raise,-1040,308,-386
shoulders,lateral-raise,-1050,355,-392
shoulders,lateral-raise,-1070,357,-427
shoulders,lateral-raise,-1080,316,-443
shoulders,lateral-raise,-1058,269,-429
shoulders,lateral-raise,-1040,265,-309
shoulders,lateral-raise,-1036,309,-236
shoulders,lateral-raise,-1016,312,-340
shoulders,lateral-raise,-1000,284,-367
shoulders,lateral-raise,-996,291,-226
shoulders,lateral-raise,-999,300,-144
shoulders,lateral-raise,-1011,299,-191
shoulders,lateral-raise,-1010,294,-256
shoulders,lateral-raise,-985,280,-262
shoulders,lateral-raise,-957,277,-226
shoulders,lateral-raise,-947,258,-152
shoulders,lateral-raise,-941,245,-199
shoulders,lateral-raise,-947,270,-298
shoulders,lateral-raise,-943,262,-390
shoulders,lateral-raise,-954,267,-418
shoulders,lateral-raise,-950,290,-422
shoulders,lateral-raise,-1005,272,-495
shoulders,lateral-raise,-1058,293,-556
shoulders,lateral-raise,-1114,363,-703
shoulders,lateral-raise,-1200,303,-719
shoulders,lateral-raise,-1239,302,-660
shoulders,lateral-raise,-1237,333,-814
shoulders,lateral-raise,-1275,312,-738
shoulders,lateral-raise,-1302,312,-693
shoulders,lateral-raise,-1356,315,-745
shoulders,lateral-raise,-1309,351,-755
shoulders,lateral-raise,-1400,336,-806
shoulders,lateral-raise,-1392,328,-728
shoulders,lateral-raise,-1368,392,-680
shoulders,lateral-raise,-1376,415,-781
shoulders,lateral-raise,-1361,431,-807
shoulders,lateral-raise,-1353,425,-741
shoulders,lateral-raise,-1337,417,-663
shoulders,lateral-raise,-1257,387,-642
shoulders,lateral-raise,-1206,335,-710
shoulders,lateral-raise,-1139,342,-638
shoulders,lateral-raise,-1021,317,-637
shoulders,lateral-raise,-941,332,-705
shoulders,lateral-raise,-858,247,-625
shoulders,lateral-raise,-747,274,-594
shoulders,lateral-raise,-654,288,-562
shoulders,lateral-raise,-567,259,-523
shoulders,lateral-raise,-492,225,-621
shoulders,lateral-raise,-400,194,-636
shoulders,lateral-raise,-325,152,-548
shoulders,lateral-raise,-251,99,-459
shoulders,lateral-raise,-193,105,-468
shoulders,lateral-raise,-161,76,-523
shoulders,lateral-raise,-90,48,-506
shoulders,lateral-raise,-11,90,-480
shoulders,lateral-raise,29,89,-511
shoulders,lateral-raise,79,60,-497
shoulders,lateral-raise,137,44,-418
shoulders,lateral-raise,176,20,-440
shoulders,lateral-raise,223,8,-473
shoulders,lateral-raise,260,-25,-466
shoulders,lateral-raise,296,-57,-432
shoulders,lateral-raise,319,-55,-423
shoulders,lateral-raise,325,-51,-507
shoulders,lateral-raise,359,-44,-509
shoulders,lateral-raise,353,-79,-544
shoulders,lateral-raise,371,-93,-528
shoulders,lateral-raise,366,-90,-512
shoulders,lateral-raise,346,-118,-542
shoulders,lateral-raise,347,-98,-545
shoulders,lateral-raise,332,-98,-564
shoulders,lateral-raise,320,-84,-564
shoulders,lateral-raise,316,-91,-607
shoulders,lateral-raise,302,-67,-642
shoulders,lateral-raise,292,-57,-692
shoulders,lateral-raise,268,-96,-704
shoulders,lateral-raise,243,-92,-525
shoulders,lateral-raise,210,-75,-659
shoulders,lateral-raise,166,-94,-724
shoulders,lateral-raise,147,-80,-637
shoulders,lateral-raise,93,-77,-773
shoulders,lateral-raise,54,-42,-734
shoulders,lateral-raise,14,-71,-697
shoulders,lateral-raise,-56,-32,-737
shoulders,lateral-raise,-104,-8,-799
shoulders,lateral-raise,-151,8,-777
shoulders,lateral-raise,-205,31,-776
shoulders,lateral-raise,-253,32,-761
shoulders,lateral-raise,-285,76,-862
shoulders,lateral-raise,-302,59,-865
shoulders,lateral-raise,-374,56,-892
shoulders,lateral-raise,-377,70,-814
shoulders,lateral-raise,-423,125,-840
shoulders,lateral-raise,-458,116,-965
shoulders,lateral-raise,-489,137,-941
shoulders,lateral-raise,-515,181,-847
shoulders,lateral-raise,-586,192,-866
shoulders,lateral-raise,-608,192,-827
shoulders,lateral-raise,-648,203,-882
shoulders,lateral-raise,-686,214,-884
shoulders,lateral-raise,-707,265,-818
shoulders,lateral-raise,-759,262,-760
shoulders,lateral-raise,-809,238,-785
shoulders,lateral-raise,-834,247,-848
shoulders,lateral-raise,-859,246,-795
shoulders,lateral-raise,-877,259,-707
shoulders,lateral-raise,-853,321,-729
shoulders,lateral-raise,-871,338,-751
shoulders,lateral-raise,-937,295,-703
shoulders,lateral-raise,-952,300,-640
shoulders,lateral-raise,-978,320,-623
shoulders,lateral-raise,-995,316,-681
shoulders,lateral-raise,-985,334,-647
shoulders,lateral-raise,-1016,335,-527
shoulders,lateral-raise,-1019,315,-481
shoulders,lateral-raise,-1027,317,-506
shoulders,lateral-raise,-1047,312,-554
shoulders,lateral-raise,-1069,309,-445
shoulders,lateral-raise,-1041,307,-426
shoulders,lateral-raise,-1002,312,-450
shoulders,lateral-raise,-1015,312,-326
shoulders,lateral-raise,-990,308,-288
shoulders,lateral-raise,-982,294,-332
shoulders,lateral-raise,-981,292,-365
shoulders,lateral-raise,-1002,297,-257
shoulders,lateral-raise,-1007,278,-209
shoulders,lateral-raise,-997,303,-256
shoulders,lateral-raise,-980,290,-287
shoulders,lateral-raise,-959,254,-215
shoulders,lateral-raise,-952,243,-107
shoulders,lateral-raise,-953,273,-201
shoulders,lateral-raise,-960,278,-215
shoulders,lateral-raise,-959,257,-202
shoulders,lateral-raise,-945,272,-248
shoulders,lateral-raise,-976,264,-248
shoulders,lateral-raise,-976,296,-224
shoulders,lateral-raise,-960,265,-317
shoulders,lateral-raise,-930,294,-419
shoulders,lateral-raise,-980,363,-506
shoulders,lateral-raise,-1079,368,-607
shoulders,lateral-raise,-1117,332,-687
shoulders,lateral-raise,-1169,335,-668
shoulders,lateral-raise,-1183,377,-848
shoulders,lateral-raise,-1244,391,-793
shoulders,lateral-raise,-1276,359,-763
shoulders,lateral-raise,-1261,339,-773
shoulders,lateral-raise,-1275,336,-788
shoulders,lateral-raise,-1310,360,-750
shoulders,lateral-raise,-1326,350,-718
shoulders,lateral-raise,-1294,378,-786
shoulders,lateral-raise,-1308,403,-783
shoulders,lateral-raise,-1304,408,-736
shoulders,lateral-raise,-1317,392,-662
shoulders,lateral-raise,-1333,374,-647
shoulders,lateral-raise,-1277,398,-656
shoulders,lateral-raise,-1221,392,-675
shoulders,lateral-raise,-1148,390,-683
shoulders,lateral-raise,-1055,382,-676
shoulders,lateral-raise,-981,346,-711
shoulders,lateral-raise,-906,307,-715
shoulders,lateral-raise,-800,316,-696
shoulders,lateral-raise,-724,325,-716
shoulders,lateral-raise,-679,278,-625
shoulders,lateral-raise,-601,234,-553
shoulders,lateral-raise,-515,203,-633
shoulders,lateral-raise,-429,184,-627
shoulders,lateral-raise,-339,184,-566
shoulders,lateral-raise,-245,175,-545
shoulders,lateral-raise,-189,141,-552
shoulders,lateral-raise,-177,94,-533
shoulders,lateral-raise,-106,77,-511
shoulders,lateral-raise,-45,83,-492
shoulders,lateral-raise,9,57,-544
shoulders,lateral-raise,78,10,-536
shoulders,lateral-raise,97,-3,-505
shoulders,lateral-raise,181,14,-488
shoulders,lateral-raise,172,-5,-511
shoulders,lateral-raise,195,-60,-457
shoulders,lateral-raise,217,-39,-412
shoulders,lateral-raise,278,-38,-571
shoulders,lateral-raise,317,-83,-539
shoulders,lateral-raise,304,-108,-549
shoulders,lateral-raise,381,-74,-444
shoulders,lateral-raise,338,-96,-599
shoulders,lateral-raise,368,-96,-574
shoulders,lateral-raise,352,-112,-519
shoulders,lateral-raise,360,-104,-385
shoulders,lateral-raise,360,-96,-601
shoulders,lateral-raise,352,-134,-578
shoulders,lateral-raise,359,-136,-487
shoulders,lateral-raise,375,-143,-451
shoulders,lateral-raise,347,-144,-576
shoulders,lateral-raise,351,-130,-648
shoulders,lateral-raise,338,-142,-588
shoulders,lateral-raise,316,-111,-509
shoulders,lateral-raise,279,-104,-574
shoulders,lateral-raise,247,-85,-598
shoulders,lateral-raise,215,-74,-619
shoulders,lateral-raise,178,-78,-600
shoulders,lateral-raise,150,-56,-633
shoulders,lateral-raise,121,-42,-700
shoulders,lateral-raise,101,-40,-737
shoulders,lateral-raise,53,-13,-776
shoulders,lateral-raise,-26,-5,-682
shoulders,lateral-raise,-97,-3,-660
shoulders,lateral-raise,-169,30,-724
shoulders,lateral-raise,-214,62,-766
shoulders,lateral-raise,-289,77,-832
shoulders,lateral-raise,-358,102,-872
shoulders,lateral-raise,-393,116,-868
shoulders,lateral-raise,-433,129,-906
shoulders,lateral-raise,-472,152,-888
shoulders,lateral-raise,-500,164,-882
shoulders,lateral-raise,-541,172,-903
shoulders,lateral-raise,-587,194,-892
shoulders,lateral-raise,-634,223,-938
shoulders,lateral-raise,-693,232,-872
shoulders,lateral-raise,-730,253,-792
shoulders,lateral-raise,-769,271,-873
shoulders,lateral-raise,-795,248,-901
shoulders,lateral-raise,-821,274,-873
shoulders,lateral-raise,-851,284,-819
shoulders,lateral-raise,-910,267,-803
shoulders,lateral-raise,-955,292,-809
shoulders,lateral-raise,-990,282,-817
shoulders,lateral-raise,-1012,292,-682
shoulders,lateral-raise,-1031,301,-647
shoulders,lateral-raise,-1053,288,-697
shoulders,lateral-raise,-1041,296,-668
shoulders,lateral-raise,-1046,330,-677
shoulders,lateral-raise,-1031,292,-609
shoulders,lateral-raise,-1023,266,-551
shoulders,lateral-raise,-1013,283,-481
shoulders,lateral-raise,-985,311,-486
shoulders,lateral-raise,-990,296,-460
shoulders,lateral-raise,-961,304,-525
shoulders,lateral-raise,-992,288,-432
shoulders,lateral-raise,-952,288,-352
shoulders,lateral-raise,-952,288,-352
shoulders,lateral-raise,-991,296,-391
shoulders,lateral-raise,-992,304,-301
shoulders,lateral-raise,-970,297,-274
shoulders,lateral-raise,-953,303,-265
shoulders,lateral-raise,-938,304,-257
shoulders,lateral-raise,-943,297,-242
shoulders,lateral-raise,-937,310,-213
shoulders,lateral-raise,-963,299,-188
shoulders,lateral-raise,-961,289,-191
shoulders,lateral-raise,-979,282,-167
shoulders,lateral-raise,-972,292,-179
shoulders,lateral-raise,-980,284,-148
shoulders,lateral-raise,-996,286,-101
shoulders,lateral-raise,-989,277,-162
shoulders,lateral-raise,-984,272,-120
shoulders,lateral-raise,-989,250,-50
shoulders,lateral-raise,-976,245,-121
shoulders,lateral-raise,-973,258,-183
shoulders,lateral-raise,-976,259,-241
shoulders,lateral-raise,-995,251,-291
shoulders,lateral-raise,-999,253,-267
shoulders,lateral-raise,-996,265,-356
shoulders,lateral-raise,-1013,294,-500
shoulders,lateral-raise,-1061,291,-511
shoulders,lateral-raise,-1092,288,-496
shoulders,lateral-raise,-1123,304,-597
shoulders,lateral-raise,-1182,289,-677
shoulders,lateral-raise,-1215,286,-657
shoulders,lateral-raise,-1221,301,-665
shoulders,lateral-raise,-1213,293,-704
shoulders,lateral-raise,-1217,288,-700
shoulders,lateral-raise,-1235,308,-621
shoulders,lateral-raise,-1248,349,-593
shoulders,lateral-raise,-1277,365,-661
shoulders,lateral-raise,-1326,371,-660
shoulders,lateral-raise,-1369,380,-609
shoulders,lateral-raise,-1348,430,-575
shoulders,lateral-raise,-1328,428,-671
shoulders,lateral-raise,-1297,444,-757
shoulders,lateral-raise,-1262,454,-710
shoulders,lateral-raise,-1205,442,-644
shoulders,lateral-raise,-1121,413,-547
shoulders,lateral-raise,-1119,391,-676
shoulders,lateral-raise,-1058,341,-651
shoulders,lateral-raise,-1003,373,-623
shoulders,lateral-raise,-889,348,-688
shoulders,lateral-raise,-811,307,-755
shoulders,lateral-raise,-737,243,-584
shoulders,lateral-raise,-589,302,-588
shoulders,lateral-raise,-503,247,-720
shoulders,lateral-raise,-449,177,-688
shoulders,lateral-raise,-339,207,-641
shoulders,lateral-raise,-237,170,-564
shoulders,lateral-raise,-187,108,-582
shoulders,lateral-raise,-111,46,-642
shoulders,lateral-raise,-47,33,-627
shoulders,lateral-raise,-26,32,-575
shoulders,lateral-raise,17,-9,-507
shoulders,lateral-raise,31,4,-549
shoulders,lateral-raise,71,-18,-612
shoulders,lateral-raise,112,-11,-586
shoulders,lateral-raise,126,-2,-564
shoulders,lateral-raise,158,-66,-488
shoulders,lateral-raise,174,-41,-523
shoulders,lateral-raise,193,-58,-527
shoulders,lateral-raise,233,-78,-492
shoulders,lateral-raise,259,-75,-507
shoulders,lateral-raise,285,-72,-504
shoulders,lateral-raise,306,-62,-491
shoulders,lateral-raise,322,-76,-528
shoulders,lateral-raise,342,-74,-504
shoulders,lateral-raise,347,-64,-532
shoulders,lateral-raise,335,-77,-554
shoulders,lateral-raise,341,-105,-523
shoulders,lateral-raise,352,-99,-524
shoulders,lateral-raise,348,-92,-528
shoulders,lateral-raise,340,-96,-581
shoulders,lateral-raise,332,-84,-655
shoulders,lateral-raise,328,-80,-611
shoulders,lateral-raise,318,-70,-554
shoulders,lateral-raise,288,-53,-645
shoulders,lateral-raise,258,-48,-711
shoulders,lateral-raise,233,-48,-617
shoulders,lateral-raise,208,-51,-603
shoulders,lateral-raise,195,-64,-647
shoulders,lateral-raise,163,-65,-711
shoulders,lateral-raise,138,-32,-746
shoulders,lateral-raise,87,-15,-763
shoulders,lateral-raise,30,40,-817
shoulders,lateral-raise,-20,62,-878
shoulders,lateral-raise,-91,58,-801
shoulders,lateral-raise,-122,68,-757
shoulders,lateral-raise,-205,87,-828
shoulders,lateral-raise,-241,87,-881
shoulders,lateral-raise,-299,129,-843
shoulders,lateral-raise,-323,135,-857
shoulders,lateral-raise,-345,132,-804
shoulders,lateral-raise,-364,177,-853
shoulders,lateral-raise,-418,184,-916
shoulders,lateral-raise,-465,193,-848
shoulders,lateral-raise,-488,232,-832
shoulders,lateral-raise,-544,256,-880
shoulders,lateral-raise,-560,264,-841
shoulders,lateral-raise,-636,310,-817
shoulders,lateral-raise,-700,312,-920
shoulders,lateral-raise,-719,305,-833
shoulders,lateral-raise,-749,325,-781
shoulders,lateral-raise,-794,335,-741
shoulders,lateral-raise,-848,350,-804
shoulders,lateral-raise,-836,352,-816
shoulders,lateral-raise,-878,326,-692
shoulders,lateral-raise,-882,339,-658
shoulders,lateral-raise,-911,363,-712
shoulders,lateral-raise,-920,392,-746
shoulders,lateral-raise,-938,324,-728
shoulders,lateral-raise,-944,296,-594
shoulders,lateral-raise,-927,296,-572
shoulders,lateral-raise,-915,339,-606
shoulders,lateral-raise,-938,344,-579
shoulders,lateral-raise,-947,316,-504
shoulders,lateral-raise,-974,319,-428
shoulders,lateral-raise,-997,323,-462
shoulders,lateral-raise,-1005,311,-490
shoulders,lateral-raise,-1008,322,-417
shoulders,lateral-raise,-1004,345,-368
shoulders,lateral-raise,-988,335,-426
shoulders,lateral-raise,-988,316,-404
shoulders,lateral-raise,-992,324,-320
shoulders,lateral-raise,-999,325,-316
shoulders,lateral-raise,-1020,301,-334
shoulders,lateral-raise,-1027,298,-325
shoulders,lateral-raise,-1032,306,-272
shoulders,lateral-raise,-1029,287,-239
shoulders,lateral-raise,-1018,281,-209
shoulders,lateral-raise,-1000,291,-211
shoulders,lateral-raise,-987,267,-238
shoulders,lateral-raise,-982,245,-172
shoulders,lateral-raise,-965,263,-133
shoulders,lateral-raise,-974,267,-142
shoulders,lateral-raise,-968,238,-246
shoulders,lateral-raise,-964,260,-215
shoulders,lateral-raise,-955,269,-140
shoulders,lateral-raise,-965,257,-194
shoulders,lateral-raise,-947,272,-268
shoulders,lateral-raise,-931,314,-429
shoulders,lateral-raise,-1005,330,-548
shoulders,lateral-raise,-1101,351,-507
shoulders,lateral-raise,-1150,397,-413
shoulders,lateral-raise,-1218,284,-563
shoulders,lateral-raise,-1251,347,-712
shoulders,lateral-raise,-1304,399,-711
shoulders,lateral-raise,-1288,352,-672
shoulders,lateral-raise,-1256,368,-680
shoulders,lateral-raise,-1233,384,-773
shoulders,lateral-raise,-1255,392,-768
shoulders,lateral-raise,-1278,377,-746
shoulders,lateral-raise,-1265,398,-708
shoulders,lateral-raise,-1293,414,-704
shoulders,lateral-raise,-1289,409,-753
shoulders,lateral-raise,-1274,388,-685
shoulders,lateral-raise,-1225,371,-632
shoulders,lateral-raise,-1177,394,-670
shoulders,lateral-raise,-1124,400,-744
shoulders,lateral-raise,-1075,400,-667
shoulders,lateral-raise,-1028,370,-670
shoulders,lateral-raise,-934,395,-686
shoulders,lateral-raise,-870,345,-631
shoulders,lateral-raise,-811,342,-675
shoulders,lateral-raise,-749,347,-628
shoulders,lateral-raise,-660,349,-597
shoulders,lateral-raise,-583,362,-625
shoulders,lateral-raise,-535,304,-605
shoulders,lateral-raise,-467,240,-546
shoulders,lateral-raise,-381,256,-589
shoulders,lateral-raise,-308,240,-694
shoulders,lateral-raise,-276,165,-645
shoulders,lateral-raise,-235,145,-564
shoulders,lateral-raise,-156,156,-584
shoulders,lateral-raise,-85,152,-635
shoulders,lateral-raise,-34,134,-660
shoulders,lateral-raise,34,108,-603
shoulders,lateral-raise,105,104,-583
shoulders,lateral-raise,151,94,-632
shoulders,lateral-raise,196,83,-608
shoulders,lateral-raise,231,88,-620
shoulders,lateral-raise,264,66,-596
shoulders,lateral-raise,290,19,-471
shoulders,lateral-raise,314,10,-459
shoulders,lateral-raise,329,11,-634
shoulders,lateral-raise,348,-8,-602
shoulders,lateral-raise,336,-38,-471
shoulders,lateral-raise,334,-52,-437
shoulders,lateral-raise,330,-47,-582
shoulders,lateral-raise,337,-78,-531
shoulders,lateral-raise,345,-96,-475
shoulders,lateral-raise,348,-65,-497
shoulders,lateral-raise,324,-120,-543
shoulders,lateral-raise,300,-117,-484
shoulders,lateral-raise,335,-95,-529
shoulders,lateral-raise,328,-91,-619
shoulders,lateral-raise,329,-126,-542
shoulders,lateral-raise,343,-96,-507
shoulders,lateral-raise,296,-96,-608
shoulders,lateral-raise,280,-80,-608
shoulders,lateral-raise,280,-80,-608
shoulders,lateral-raise,264,-64,-530
shoulders,lateral-raise,241,-56,-650
shoulders,lateral-raise,203,-41,-693
shoulders,lateral-raise,185,-33,-630
shoulders,lateral-raise,141,-32,-774
shoulders,lateral-raise,87,-25,-785
shoulders,lateral-raise,80,24,-695
shoulders,lateral-raise,0,5,-760
shoulders,lateral-raise,-42,13,-783
shoulders,lateral-raise,-92,22,-790
shoulders,lateral-raise,-129,80,-842
shoulders,lateral-raise,-178,96,-826
shoulders,lateral-raise,-263,114,-887
shoulders,lateral-raise,-317,131,-820
shoulders,lateral-raise,-373,158,-868
shoulders,lateral-raise,-419,179,-855
shoulders,lateral-raise,-453,216,-837
shoulders,lateral-raise,-495,242,-865
shoulders,lateral-raise,-542,263,-870
shoulders,lateral-raise,-579,272,-764
shoulders,lateral-raise,-611,300,-830
shoulders,lateral-raise,-642,289,-901
shoulders,lateral-raise,-678,290,-828
shoulders,lateral-raise,-713,316,-776
shoulders,lateral-raise,-756,316,-804
shoulders,lateral-raise,-803,320,-825
shoulders,lateral-raise,-835,328,-790
shoulders,lateral-raise,-873,332,-740
shoulders,lateral-raise,-911,336,-714
shoulders,lateral-raise,-926,349,-709
shoulders,lateral-raise,-945,374,-708
shoulders,lateral-raise,-975,372,-714
shoulders,lateral-raise,-997,360,-601
shoulders,lateral-raise,-1000,371,-530
shoulders,lateral-raise,-1023,360,-578
shoulders,lateral-raise,-1040,362,-600
shoulders,lateral-raise,-1038,364,-587
shoulders,lateral-raise,-1034,356,-540
shoulders,lateral-raise,-1038,366,-508
shoulders,lateral-raise,-1030,362,-515
shoulders,lateral-raise,-1020,358,-499
shoulders,lateral-raise,-1001,308,-504
shoulders,lateral-raise,-1006,293,-452
shoulders,lateral-raise,-992,322,-379
shoulders,lateral-raise,-991,335,-344
shoulders,lateral-raise,-984,327,-345
shoulders,lateral-raise,-983,311,-352
shoulders,lateral-raise,-976,304,-242
shoulders,lateral-raise,-975,311,-279
shoulders,lateral-raise,-928,288,-256
shoulders,lateral-raise,-936,320,-256
shoulders,lateral-raise,-928,328,-240
shoulders,lateral-raise,-920,305,-217
shoulders,lateral-raise,-935,282,-171
shoulders,lateral-raise,-900,309,-132
shoulders,lateral-raise,-953,291,-178
shoulders,lateral-raise,-981,274,-198
shoulders,lateral-raise,-998,265,-159
shoulders,lateral-raise,-1000,251,-132
shoulders,lateral-raise,-1000,261,-102
shoulders,lateral-raise,-981,277,-102
shoulders,lateral-raise,-982,261,-166
shoulders,lateral-raise,-960,268,-299
shoulders,lateral-raise,-964,272,-324
shoulders,lateral-raise,-957,243,-326
shoulders,lateral-raise,-930,282,-261
shoulders,lateral-raise,-963,353,-373
shoulders,lateral-raise,-1047,339,-451
shoulders,lateral-raise,-1116,335,-553
shoulders,lateral-raise,-1171,384,-717
shoulders,lateral-raise,-1225,365,-727
shoulders,lateral-raise,-1276,345,-716
shoulders,lateral-raise,-1287,352,-767
shoulders,lateral-raise,-1263,343,-757
shoulders,lateral-raise,-1260,340,-724
shoulders,lateral-raise,-1268,324,-744
shoulders,lateral-raise,-1264,335,-764
shoulders,lateral-raise,-1271,368,-745
shoulders,lateral-raise,-1291,372,-724
shoulders,lateral-raise,-1301,400,-710
shoulders,lateral-raise,-1283,416,-693
shoulders,lateral-raise,-1264,389,-694
shoulders,lateral-raise,-1244,393,-701
shoulders,lateral-raise,-1170,394,-680
shoulders,lateral-raise,-1075,378,-705
shoulders,lateral-raise,-1010,381,-775
shoulders,lateral-raise,-949,345,-632
shoulders,lateral-raise,-903,349,-590
shoulders,lateral-raise,-836,296,-698
shoulders,lateral-raise,-771,291,-684
shoulders,lateral-raise,-734,267,-604
shoulders,lateral-raise,-654,245,-578
shoulders,lateral-raise,-599,227,-665
shoulders,lateral-raise,-536,194,-705
shoulders,lateral-raise,-428,158,-664
shoulders,lateral-raise,-339,141,-664
shoulders,lateral-raise,-290,115,-665
shoulders,lateral-raise,-226,65,-673
shoulders,lateral-raise,-141,78,-576
shoulders,lateral-raise,-86,47,-571
shoulders,lateral-raise,-32,24,-672
shoulders,lateral-raise,8,-8,-608
shoulders,lateral-raise,31,15,-678
shoulders,lateral-raise,139,16,-680
shoulders,lateral-raise,114,-36,-717
shoulders,lateral-raise,207,-40,-603
shoulders,lateral-raise,180,-90,-506
shoulders,lateral-raise,225,-61,-566
shoulders,lateral-raise,280,-15,-617
shoulders,lateral-raise,315,-101,-597
shoulders,lateral-raise,353,-87,-462
shoulders,lateral-raise,379,-74,-527
shoulders,lateral-raise,403,-115,-620
shoulders,lateral-raise,396,-134,-501
shoulders,lateral-raise,433,-148,-532
shoulders,lateral-raise,431,-141,-583
shoulders,lateral-raise,441,-130,-531
shoulders,lateral-raise,421,-160,-520
shoulders,lateral-raise,429,-134,-570
shoulders,lateral-raise,425,-163,-582
shoulders,lateral-raise,406,-177,-581
shoulders,lateral-raise,424,-158,-531
shoulders,lateral-raise,426,-152,-575
shoulders,lateral-raise,394,-174,-565
shoulders,lateral-raise,380,-157,-477
shoulders,lateral-raise,380,-124,-527
shoulders,lateral-raise,368,-124,-568
shoulders,lateral-raise,345,-113,-524
shoulders,lateral-raise,306,-89,-567
shoulders,lateral-raise,269,-80,-586
shoulders,lateral-raise,236,-60,-568
shoulders,lateral-raise,189,-38,-653
shoulders,lateral-raise,145,-45,-653
shoulders,lateral-raise,114,-43,-569
shoulders,lateral-raise,82,-12,-610
shoulders,lateral-raise,32,56,-762
shoulders,lateral-raise,-18,49,-816
shoulders,lateral-raise,-103,34,-789
shoulders,lateral-raise,-139,46,-756
shoulders,lateral-raise,-204,68,-876
shoulders,lateral-raise,-254,80,-911
shoulders,lateral-raise,-309,88,-812
shoulders,lateral-raise,-340,126,-789
shoulders,lateral-raise,-399,156,-879
shoulders,lateral-raise,-439,184,-868
shoulders,lateral-raise,-488,229,-843
shoulders,lateral-raise,-548,208,-796
shoulders,lateral-raise,-592,211,-706
shoulders,lateral-raise,-675,243,-816
shoulders,lateral-raise,-712,282,-910
shoulders,lateral-raise,-723,312,-712
shoulders,lateral-raise,-809,296,-697
shoulders,lateral-raise,-887,264,-775
shoulders,lateral-raise,-911,303,-861
shoulders,lateral-raise,-973,296,-856
shoulders,lateral-raise,-983,289,-729
shoulders,lateral-raise,-1028,324,-764
shoulders,lateral-raise,-1025,342,-718
shoulders,lateral-raise,-1073,309,-740
shoulders,lateral-raise,-1087,318,-546
shoulders,lateral-raise,-1068,347,-572
shoulders,lateral-raise,-1084,313,-630
shoulders,lateral-raise,-1075,323,-494
shoulders,lateral-raise,-1035,334,-462
shoulders,lateral-raise,-1060,342,-494
shoulders,lateral-raise,-1060,344,-480
shoulders,lateral-raise,-1050,338,-403
shoulders,lateral-raise,-1059,342,-337
shoulders,lateral-raise,-1075,366,-358
shoulders,lateral-raise,-1075,355,-344
shoulders,lateral-raise,-1067,324,-277
shoulders,lateral-raise,-1044,312,-243
shoulders,lateral-raise,-1022,326,-230
shoulders,lateral-raise,-1016,331,-247
shoulders,lateral-raise,-1012,324,-192
shoulders,lateral-raise,-1008,324,-153
shoulders,lateral-raise,-1016,295,-147
shoulders,lateral-raise,-1020,272,-108
shoulders,lateral-raise,-981,303,-111
shoulders,lateral-raise,-944,299,-169
shoulders,lateral-raise,-933,260,-169
shoulders,lateral-raise,-923,273,-120
shoulders,lateral-raise,-944,280,-143
shoulders,lateral-raise,-971,253,-148
shoulders,lateral-raise,-976,254,-107
shoulders,lateral-raise,-973,267,-123
shoulders,lateral-raise,-971,269,-141
shoulders,lateral-raise,-974,264,-131
shoulders,lateral-raise,-963,266,-122
shoulders,lateral-raise,-950,266,-126
shoulders,lateral-raise,-936,238,-114
shoulders,lateral-raise,-903,212,-98
shoulders,lateral-raise,-860,224,-106
shoulders,lateral-raise,-801,221,-109
shoulders,lateral-raise,-731,207,-83
shoulders,lateral-raise,-704,200,-12
shoulders,lateral-raise,-704,200,-3
shoulders,lateral-raise,-697,199,-81
shoulders,lateral-raise,-634,190,-79
shoulders,lateral-raise,-581,167,10
shoulders,lateral-raise,-651,152,-73
shoulders,lateral-raise,-712,143,-84
shoulders,lateral-raise,-696,112,32
shoulders,lateral-raise,-680,72,112
shoulders,lateral-raise,-680,72,112
shoulders,lateral-raise,-765,165,27
shoulders,lateral-raise,-829,168,-105
shoulders,lateral-raise,-839,168,-105
shoulders,lateral-raise,-796,132,64
shoulders,lateral-raise,-821,114,23
shoulders,lateral-raise,-817,91,-33
shoulders,lateral-raise,-782,54,49
shoulders,lateral-raise,-823,88,111
shoulders,lateral-raise,-865,89,55
shoulders,lateral-raise,-916,37,27
shoulders,lateral-raise,-872,55,92
shoulders,lateral-raise,-886,130,88
shoulders,lateral-raise,-937,123,68
shoulders,lateral-raise,-998,164,-5
shoulders,lateral-raise,-1027,162,-26
shoulders,lateral-raise,-1027,157,19
shoulders,lateral-raise,-1045,139,87
shoulders,lateral-raise,-1071,143,102
shoulders,lateral-raise,-1095,147,91
shoulders,lateral-raise,-1114,154,78
shoulders,lateral-raise,-1143,169,58
shoulders,lateral-raise,-1173,167,61
shoulders,lateral-raise,-1188,182,72
shoulders,lateral-raise,-1196,208,64
shoulders,lateral-raise,-1212,204,60
shoulders,lateral-raise,-1232,207,79
shoulders,lateral-raise,-1236,209,92
shoulders,lateral-raise,-1243,181,102
shoulders,lateral-raise,-1256,171,117
shoulders,lateral-raise,-1262,186,89
shoulders,lateral-raise,-1272,221,50
shoulders,lateral-raise,-1281,247,34
shoulders,lateral-raise,-1293,218,32
shoulders,lateral-raise,-1270,200,53
shoulders,lateral-raise,-1217,223,49
shoulders,lateral-raise,-1182,233,11
shoulders,lateral-raise,-1157,203,21
shoulders,lateral-raise,-1096,166,62
shoulders,lateral-raise,-1063,180,21
shoulders,lateral-raise,-1032,248,72
shoulders,lateral-raise,-1029,242,89
shoulders,lateral-raise,-1019,217,21
shoulders,lateral-raise,-1037,222,10
shoulders,lateral-raise,-1069,210,30
shoulders,lateral-raise,-1110,224,72
shoulders,lateral-raise,-1164,219,76
shoulders,lateral-raise,-1208,184,136
shoulders,lateral-raise,-1316,409,330
shoulders,lateral-raise,-1252,435,-90
shoulders,lateral-raise,-1393,518,358
shoulders,lateral-raise,-1495,298,170
shoulders,lateral-raise,-1504,459,75
shoulders,lateral-raise,-1626,647,-133
shoulders,lateral-raise,-1632,611,-114
shoulders,lateral-raise,-1625,644,-163
shoulders,lateral-raise,-1560,641,-147
shoulders,lateral-raise,-1489,640,-151
shoulders,lateral-raise,-1405,647,-138
shoulders,lateral-raise,-1319,628,-116
shoulders,lateral-raise,-1226,644,-171
shoulders,lateral-raise,-1151,629,-292
shoulders,lateral-raise,-1093,605,-394
shoulders,lateral-raise,-1026,588,-398
shoulders,lateral-raise,-937,572,-392
shoulders,lateral-raise,-843,642,-403
shoulders,lateral-raise,-738,689,-391
shoulders,lateral-raise,-655,642,-438
shoulders,lateral-raise,-590,553,-438
shoulders,lateral-raise,-522,474,-383
shoulders,lateral-raise,-461,433,-335
shoulders,lateral-raise,-407,414,-330
shoulders,lateral-raise,-342,380,-327
shoulders,lateral-raise,-290,347,-365
shoulders,lateral-raise,-255,353,-435
shoulders,lateral-raise,-232,380,-468
shoulders,lateral-raise,-212,400,-456
shoulders,lateral-raise,-204,412,-436
shoulders,lateral-raise,-197,409,-432
shoulders,lateral-raise,-188,389,-436
shoulders,lateral-raise,-195,386,-464
shoulders,lateral-raise,-203,400,-506
shoulders,lateral-raise,-205,400,-529
shoulders,lateral-raise,-191,388,-541
shoulders,lateral-raise,-173,357,-536
shoulders,lateral-raise,-163,331,-536
shoulders,lateral-raise,-150,308,-560
shoulders,lateral-raise,-142,273,-634
shoulders,lateral-raise,-130,256,-680
shoulders,lateral-raise,-110,248,-690
shoulders,lateral-raise,-104,208,-718
shoulders,lateral-raise,-97,142,-697
shoulders,lateral-raise,-69,101,-650
shoulders,lateral-raise,-57,93,-721
shoulders,lateral-raise,-66,131,-853
shoulders,lateral-raise,-79,193,-873
shoulders,lateral-raise,-68,192,-821
shoulders,lateral-raise,-33,130,-794
shoulders,lateral-raise,-40,151,-822
shoulders,lateral-raise,-40,136,-906
shoulders,lateral-raise,-48,144,-936
shoulders,lateral-raise,-48,152,-952
