arms,biceps-curl,-1368,160,24
arms,biceps-curl,-1267,98,443
arms,biceps-curl,-1279,301,737
arms,biceps-curl,-1317,245,96
arms,biceps-curl,-1284,284,12
arms,biceps-curl,-1273,309,65
arms,biceps-curl,-1349,263,-158
arms,biceps-curl,-1428,174,-185
arms,biceps-curl,-1473,160,-117
arms,biceps-curl,-1513,186,104
arms,biceps-curl,-1501,205,406
arms,biceps-curl,-1515,127,360
arms,biceps-curl,-1526,62,177
arms,biceps-curl,-1516,66,122
arms,biceps-curl,-1518,61,80
arms,biceps-curl,-1503,73,92
arms,biceps-curl,-1496,58,158
arms,biceps-curl,-1470,43,205
arms,biceps-curl,-1436,50,185
arms,biceps-curl,-1399,86,183
arms,biceps-curl,-1374,99,202
arms,biceps-curl,-1336,91,162
arms,biceps-curl,-1272,97,48
arms,biceps-curl,-1184,69,66
arms,biceps-curl,-1086,3,157
arms,biceps-curl,-980,-24,92
arms,biceps-curl,-893,-1,50
arms,biceps-curl,-842,12,114
arms,biceps-curl,-788,26,210
arms,biceps-curl,-735,35,280
arms,biceps-curl,-667,35,254
arms,biceps-curl,-588,70,255
arms,biceps-curl,-542,63,225
arms,biceps-curl,-488,46,195
arms,biceps-curl,-454,72,207
arms,biceps-curl,-397,87,256
arms,biceps-curl,-345,115,220
arms,biceps-curl,-336,106,120
arms,biceps-curl,-348,120,141
arms,biceps-curl,-308,146,302
arms,biceps-curl,-304,175,369
arms,biceps-curl,-354,274,363
arms,biceps-curl,-445,328,429
arms,biceps-curl,-525,372,311
arms,biceps-curl,-609,389,202
arms,biceps-curl,-683,365,417
arms,biceps-curl,-783,338,309
arms,biceps-curl,-861,363,438
arms,biceps-curl,-939,400,409
arms,biceps-curl,-992,400,428
arms,biceps-curl,-1008,416,560
arms,biceps-curl,-1048,432,568
arms,biceps-curl,-994,463,684
arms,biceps-curl,-969,479,635
arms,biceps-curl,-938,502,654
arms,biceps-curl,-892,526,678
arms,biceps-curl,-852,564,759
arms,biceps-curl,-820,610,796
arms,biceps-curl,-796,630,786
arms,biceps-curl,-765,612,804
arms,biceps-curl,-747,628,886
arms,biceps-curl,-700,651,866
arms,biceps-curl,-688,687,763
arms,biceps-curl,-670,708,808
arms,biceps-curl,-617,688,932
arms,biceps-curl,-577,680,962
arms,biceps-curl,-557,691,910
arms,biceps-curl,-514,696,883
arms,biceps-curl,-459,717,838
arms,biceps-curl,-384,733,847
arms,biceps-curl,-327,726,894
arms,biceps-curl,-293,696,859
arms,biceps-curl,-257,675,810
arms,biceps-curl,-200,659,813
arms,biceps-curl,-142,657,746
arms,biceps-curl,-95,676,697
arms,biceps-curl,-32,676,704
arms,biceps-curl,50,637,781
arms,biceps-curl,125,601,865
arms,biceps-curl,160,596,665
arms,biceps-curl,200,583,437
arms,biceps-curl,295,534,504
arms,biceps-curl,380,496,576
arms,biceps-curl,436,487,486
arms,biceps-curl,459,461,358
arms,biceps-curl,474,437,400
arms,biceps-curl,503,405,363
arms,biceps-curl,520,337,272
arms,biceps-curl,528,305,80
arms,biceps-curl,562,246,96
arms,biceps-curl,603,183,34
arms,biceps-curl,643,145,-99
arms,biceps-curl,672,116,-82
arms,biceps-curl,737,97,25
arms,biceps-curl,704,108,-79
arms,biceps-curl,706,122,-4
arms,biceps-curl,720,87,132
arms,biceps-curl,719,147,94
arms,biceps-curl,704,179,77
arms,biceps-curl,704,224,156
arms,biceps-curl,703,234,230
arms,biceps-curl,656,296,160
arms,biceps-curl,624,376,304
arms,biceps-curl,655,392,708
arms,biceps-curl,580,400,530
arms,biceps-curl,501,452,423
arms,biceps-curl,532,558,708
arms,biceps-curl,565,525,572
arms,biceps-curl,554,583,559
arms,biceps-curl,552,681,635
arms,biceps-curl,545,636,641
arms,biceps-curl,485,617,673
arms,biceps-curl,434,730,667
arms,biceps-curl,418,717,670
arms,biceps-curl,374,668,696
arms,biceps-curl,342,732,792
arms,biceps-curl,307,743,755
arms,biceps-curl,263,697,767
arms,biceps-curl,210,691,789
arms,biceps-curl,176,701,855
arms,biceps-curl,163,638,781
arms,biceps-curl,125,704,903
arms,biceps-curl,51,725,810
arms,biceps-curl,21,687,737
arms,biceps-curl,-7,702,945
arms,biceps-curl,-75,681,805
arms,biceps-curl,-116,694,705
arms,biceps-curl,-132,696,868
arms,biceps-curl,-182,656,754
arms,biceps-curl,-228,719,687
arms,biceps-curl,-236,753,840
arms,biceps-curl,-280,677,826
arms,biceps-curl,-352,695,768
arms,biceps-curl,-397,748,716
arms,biceps-curl,-438,695,667
arms,biceps-curl,-445,699,811
arms,biceps-curl,-466,697,741
arms,biceps-curl,-522,599,603
arms,biceps-curl,-523,574,745
arms,biceps-curl,-527,589,772
arms,biceps-curl,-595,546,639
arms,biceps-curl,-673,571,570
arms,biceps-curl,-653,549,675
arms,biceps-curl,-684,532,576
arms,biceps-curl,-735,511,416
arms,biceps-curl,-732,500,645
arms,biceps-curl,-757,480,575
arms,biceps-curl,-791,476,510
arms,biceps-curl,-785,441,490
arms,biceps-curl,-803,457,428
arms,biceps-curl,-848,464,384
arms,biceps-curl,-848,470,532
arms,biceps-curl,-840,408,416
arms,biceps-curl,-856,440,448
arms,biceps-curl,-887,409,378
arms,biceps-curl,-903,393,406
arms,biceps-curl,-964,452,371
arms,biceps-curl,-946,492,477
arms,biceps-curl,-980,475,524
arms,biceps-curl,-977,479,612
arms,biceps-curl,-990,500,460
arms,biceps-curl,-999,511,505
arms,biceps-curl,-961,505,618
arms,biceps-curl,-946,485,596
arms,biceps-curl,-907,492,553
arms,biceps-curl,-854,538,659
arms,biceps-curl,-852,540,672
arms,biceps-curl,-845,547,675
arms,biceps-curl,-840,591,686
arms,biceps-curl,-862,640,704
arms,biceps-curl,-867,651,712
arms,biceps-curl,-844,679,732
arms,biceps-curl,-812,691,788
arms,biceps-curl,-795,678,749
arms,biceps-curl,-750,677,769
arms,biceps-curl,-693,698,812
arms,biceps-curl,-633,690,881
arms,biceps-curl,-571,676,861
arms,biceps-curl,-512,688,776
arms,biceps-curl,-445,708,814
arms,biceps-curl,-390,709,868
arms,biceps-curl,-350,685,854
arms,biceps-curl,-288,679,866
arms,biceps-curl,-216,678,864
arms,biceps-curl,-183,658,774
arms,biceps-curl,-142,631,785
arms,biceps-curl,-82,592,840
arms,biceps-curl,-38,568,777
arms,biceps-curl,24,545,739
arms,biceps-curl,103,542,780
arms,biceps-curl,179,572,717
arms,biceps-curl,246,552,657
arms,biceps-curl,304,515,562
arms,biceps-curl,375,472,566
arms,biceps-curl,441,469,526
arms,biceps-curl,487,441,381
arms,biceps-curl,526,361,421
arms,biceps-curl,561,318,476
arms,biceps-curl,569,299,307
arms,biceps-curl,582,255,92
arms,biceps-curl,644,238,374
arms,biceps-curl,694,217,340
arms,biceps-curl,664,231,264
arms,biceps-curl,648,184,248
arms,biceps-curl,672,176,280
arms,biceps-curl,672,176,280
arms,biceps-curl,719,176,233
arms,biceps-curl,712,168,171
arms,biceps-curl,734,123,235
arms,biceps-curl,707,156,167
arms,biceps-curl,690,160,174
arms,biceps-curl,674,146,413
arms,biceps-curl,631,233,366
arms,biceps-curl,591,275,432
arms,biceps-curl,571,273,513
arms,biceps-curl,530,355,471
arms,biceps-curl,477,419,406
arms,biceps-curl,470,444,670
arms,biceps-curl,466,448,807
arms,biceps-curl,453,500,704
arms,biceps-curl,470,514,756
arms,biceps-curl,437,523,816
arms,biceps-curl,384,586,829
arms,biceps-curl,358,672,903
arms,biceps-curl,332,640,885
arms,biceps-curl,291,624,862
arms,biceps-curl,253,659,900
arms,biceps-curl,236,654,795
arms,biceps-curl,202,627,743
arms,biceps-curl,155,633,838
arms,biceps-curl,108,640,860
arms,biceps-curl,57,655,813
arms,biceps-curl,-5,706,803
arms,biceps-curl,-73,732,844
arms,biceps-curl,-117,721,860
arms,biceps-curl,-142,702,883
arms,biceps-curl,-167,697,929
arms,biceps-curl,-201,709,845
arms,biceps-curl,-227,690,806
arms,biceps-curl,-269,661,843
arms,biceps-curl,-322,661,820
arms,biceps-curl,-351,672,794
arms,biceps-curl,-383,666,798
arms,biceps-curl,-430,648,761
arms,biceps-curl,-455,646,673
arms,biceps-curl,-488,630,692
arms,biceps-curl,-532,602,655
arms,biceps-curl,-583,633,693
arms,biceps-curl,-584,559,704
arms,biceps-curl,-631,556,610
arms,biceps-curl,-629,579,627
arms,biceps-curl,-671,535,646
arms,biceps-curl,-667,526,614
arms,biceps-curl,-715,497,480
arms,biceps-curl,-769,519,489
arms,biceps-curl,-808,488,521
arms,biceps-curl,-840,504,583
arms,biceps-curl,-848,457,413
arms,biceps-curl,-833,471,454
arms,biceps-curl,-869,442,381
arms,biceps-curl,-916,425,427
arms,biceps-curl,-927,431,396
arms,biceps-curl,-942,425,371
arms,biceps-curl,-937,451,354
arms,biceps-curl,-943,456,452
arms,biceps-curl,-951,463,426
arms,biceps-curl,-946,464,391
arms,biceps-curl,-956,433,396
arms,biceps-curl,-960,442,479
arms,biceps-curl,-966,483,516
arms,biceps-curl,-985,496,531
arms,biceps-curl,-986,507,586
arms,biceps-curl,-962,523,559
arms,biceps-curl,-931,533,531
arms,biceps-curl,-895,526,574
arms,biceps-curl,-865,535,654
arms,biceps-curl,-851,554,664
arms,biceps-curl,-834,569,616
arms,biceps-curl,-824,589,668
arms,biceps-curl,-837,600,711
arms,biceps-curl,-836,617,704
arms,biceps-curl,-808,640,716
arms,biceps-curl,-784,652,743
arms,biceps-curl,-765,660,768
arms,biceps-curl,-731,682,772
arms,biceps-curl,-677,701,806
arms,biceps-curl,-617,683,819
arms,biceps-curl,-566,673,782
arms,biceps-curl,-510,705,807
arms,biceps-curl,-448,741,799
arms,biceps-curl,-388,747,759
arms,biceps-curl,-309,731,801
arms,biceps-curl,-246,711,800
arms,biceps-curl,-187,684,819
arms,biceps-curl,-134,676,756
arms,biceps-curl,-66,686,757
arms,biceps-curl,-9,673,793
arms,biceps-curl,19,644,749
arms,biceps-curl,43,625,671
arms,biceps-curl,103,633,699
arms,biceps-curl,152,636,669
arms,biceps-curl,215,604,647
arms,biceps-curl,276,568,627
arms,biceps-curl,316,564,489
arms,biceps-curl,379,502,504
arms,biceps-curl,433,463,488
arms,biceps-curl,464,424,232
arms,biceps-curl,520,336,384
arms,biceps-curl,605,297,415
arms,biceps-curl,623,281,302
arms,biceps-curl,639,228,169
arms,biceps-curl,669,239,248
arms,biceps-curl,693,183,235
arms,biceps-curl,668,162,127
arms,biceps-curl,678,160,71
arms,biceps-curl,700,147,51
arms,biceps-curl,724,118,55
arms,biceps-curl,722,163,94
arms,biceps-curl,714,207,54
arms,biceps-curl,712,204,263
arms,biceps-curl,688,235,336
arms,biceps-curl,646,282,267
arms,biceps-curl,626,285,390
arms,biceps-curl,592,312,461
arms,biceps-curl,565,370,390
arms,biceps-curl,560,417,479
arms,biceps-curl,550,442,651
arms,biceps-curl,534,481,573
arms,biceps-curl,519,527,600
arms,biceps-curl,508,513,621
arms,biceps-curl,500,518,590
arms,biceps-curl,492,602,666
arms,biceps-curl,456,628,696
arms,biceps-curl,393,608,657
arms,biceps-curl,356,653,714
arms,biceps-curl,331,675,804
arms,biceps-curl,264,658,710
arms,biceps-curl,214,711,676
arms,biceps-curl,196,750,809
arms,biceps-curl,129,723,775
arms,biceps-curl,83,733,774
arms,biceps-curl,51,747,813
arms,biceps-curl,3,747,852
arms,biceps-curl,-26,756,855
arms,biceps-curl,-85,780,775
arms,biceps-curl,-122,706,755
arms,biceps-curl,-142,741,840
arms,biceps-curl,-199,820,830
arms,biceps-curl,-234,734,779
arms,biceps-curl,-281,691,728
arms,biceps-curl,-296,702,754
arms,biceps-curl,-348,695,675
arms,biceps-curl,-379,738,688
arms,biceps-curl,-407,687,628
arms,biceps-curl,-483,679,671
arms,biceps-curl,-521,663,764
arms,biceps-curl,-545,647,682
arms,biceps-curl,-568,608,735
arms,biceps-curl,-592,648,585
arms,biceps-curl,-654,601,646
arms,biceps-curl,-694,577,602
arms,biceps-curl,-711,524,630
arms,biceps-curl,-741,527,668
arms,biceps-curl,-751,549,608
arms,biceps-curl,-794,496,516
arms,biceps-curl,-861,508,436
arms,biceps-curl,-832,519,524
arms,biceps-curl,-837,494,544
arms,biceps-curl,-846,456,506
arms,biceps-curl,-867,436,415
arms,biceps-curl,-902,432,392
arms,biceps-curl,-906,456,439
arms,biceps-curl,-910,464,364
arms,biceps-curl,-912,458,339
arms,biceps-curl,-912,434,447
arms,biceps-curl,-949,435,380
arms,biceps-curl,-999,420,335
arms,biceps-curl,-1021,408,408
arms,biceps-curl,-1024,427,501
arms,biceps-curl,-1019,445,508
arms,biceps-curl,-1003,457,484
arms,biceps-curl,-970,494,506
arms,biceps-curl,-944,512,549
arms,biceps-curl,-920,512,584
arms,biceps-curl,-889,528,615
arms,biceps-curl,-854,547,625
arms,biceps-curl,-832,574,616
arms,biceps-curl,-829,592,633
arms,biceps-curl,-824,586,682
arms,biceps-curl,-824,591,729
arms,biceps-curl,-827,628,744
arms,biceps-curl,-827,651,733
arms,biceps-curl,-806,653,717
arms,biceps-curl,-772,648,723
arms,biceps-curl,-726,653,712
arms,biceps-curl,-665,660,708
arms,biceps-curl,-610,656,714
arms,biceps-curl,-552,682,768
arms,biceps-curl,-483,695,773
arms,biceps-curl,-422,721,801
arms,biceps-curl,-369,731,831
arms,biceps-curl,-329,745,780
arms,biceps-curl,-282,752,761
arms,biceps-curl,-235,749,769
arms,biceps-curl,-187,722,781
arms,biceps-curl,-133,654,829
arms,biceps-curl,-84,633,784
arms,biceps-curl,2,648,775
arms,biceps-curl,64,656,744
arms,biceps-curl,144,704,808
arms,biceps-curl,144,704,808
arms,biceps-curl,206,665,862
arms,biceps-curl,246,641,773
arms,biceps-curl,248,610,746
arms,biceps-curl,292,579,708
arms,biceps-curl,325,555,704
arms,biceps-curl,377,552,655
arms,biceps-curl,411,572,552
arms,biceps-curl,436,543,536
arms,biceps-curl,447,497,458
arms,biceps-curl,467,469,427
arms,biceps-curl,484,427,263
arms,biceps-curl,518,356,264
arms,biceps-curl,540,307,339
arms,biceps-curl,578,302,280
arms,biceps-curl,620,209,114
arms,biceps-curl,637,195,121
arms,biceps-curl,672,182,78
arms,biceps-curl,708,153,-21
arms,biceps-curl,750,129,-61
arms,biceps-curl,782,125,-59
arms,biceps-curl,806,114,4
arms,biceps-curl,807,126,70
arms,biceps-curl,796,161,101
arms,biceps-curl,775,180,183
arms,biceps-curl,740,204,252
arms,biceps-curl,708,251,329
arms,biceps-curl,674,306,467
arms,biceps-curl,634,347,430
arms,biceps-curl,609,347,377
arms,biceps-curl,600,363,523
arms,biceps-curl,600,416,680
arms,biceps-curl,594,399,709
arms,biceps-curl,576,398,505
arms,biceps-curl,563,461,610
arms,biceps-curl,553,474,613
arms,biceps-curl,513,512,562
arms,biceps-curl,496,584,749
arms,biceps-curl,484,574,810
arms,biceps-curl,435,625,811
arms,biceps-curl,380,649,766
arms,biceps-curl,339,630,713
arms,biceps-curl,340,655,896
arms,biceps-curl,267,648,727
arms,biceps-curl,191,639,682
arms,biceps-curl,181,581,781
arms,biceps-curl,146,625,998
arms,biceps-curl,83,633,735
arms,biceps-curl,115,641,821
arms,biceps-curl,15,662,767
arms,biceps-curl,-24,608,745
arms,biceps-curl,-64,648,847
arms,biceps-curl,-103,695,817
arms,biceps-curl,-157,666,770
arms,biceps-curl,-175,679,924
arms,biceps-curl,-234,680,724
arms,biceps-curl,-247,651,811
arms,biceps-curl,-297,648,803
arms,biceps-curl,-338,696,820
arms,biceps-curl,-377,671,717
arms,biceps-curl,-417,657,826
arms,biceps-curl,-449,656,799
arms,biceps-curl,-493,668,765
arms,biceps-curl,-552,660,748
arms,biceps-curl,-562,650,809
arms,biceps-curl,-589,631,752
arms,biceps-curl,-645,591,597
arms,biceps-curl,-691,571,620
arms,biceps-curl,-699,557,593
arms,biceps-curl,-706,547,555
arms,biceps-curl,-732,519,562
arms,biceps-curl,-734,504,606
arms,biceps-curl,-733,495,563
arms,biceps-curl,-745,492,481
arms,biceps-curl,-769,487,434
arms,biceps-curl,-788,488,449
arms,biceps-curl,-824,472,464
arms,biceps-curl,-868,444,440
arms,biceps-curl,-887,444,432
arms,biceps-curl,-900,444,390
arms,biceps-curl,-914,447,349
arms,biceps-curl,-944,440,345
arms,biceps-curl,-968,425,327
arms,biceps-curl,-977,449,378
arms,biceps-curl,-992,437,443
arms,biceps-curl,-992,392,472
arms,biceps-curl,-985,408,466
arms,biceps-curl,-973,403,506
arms,biceps-curl,-978,407,560
arms,biceps-curl,-962,440,570
arms,biceps-curl,-959,427,560
arms,biceps-curl,-918,477,674
arms,biceps-curl,-884,537,661
arms,biceps-curl,-896,576,588
arms,biceps-curl,-855,572,654
arms,biceps-curl,-845,556,678
arms,biceps-curl,-820,584,620
arms,biceps-curl,-781,585,724
arms,biceps-curl,-752,602,753
arms,biceps-curl,-749,632,665
arms,biceps-curl,-695,624,681
arms,biceps-curl,-672,616,712
arms,biceps-curl,-648,656,768
arms,biceps-curl,-594,695,791
arms,biceps-curl,-524,719,830
arms,biceps-curl,-520,705,780
arms,biceps-curl,-454,704,864
arms,biceps-curl,-412,711,815
arms,biceps-curl,-352,726,857
arms,biceps-curl,-303,694,850
arms,biceps-curl,-249,681,841
arms,biceps-curl,-214,673,749
arms,biceps-curl,-144,678,823
arms,biceps-curl,-85,692,867
arms,biceps-curl,-48,696,775
arms,biceps-curl,13,696,703
arms,biceps-curl,55,702,705
arms,biceps-curl,97,671,773
arms,biceps-curl,134,640,697
arms,biceps-curl,186,653,690
arms,biceps-curl,244,639,717
arms,biceps-curl,274,599,646
arms,biceps-curl,304,560,595
arms,biceps-curl,376,516,601
arms,biceps-curl,438,483,604
arms,biceps-curl,473,476,509
arms,biceps-curl,509,480,407
arms,biceps-curl,556,432,432
arms,biceps-curl,569,372,365
arms,biceps-curl,570,356,281
arms,biceps-curl,596,310,328
arms,biceps-curl,597,249,264
arms,biceps-curl,602,227,170
arms,biceps-curl,631,202,191
arms,biceps-curl,668,209,188
arms,biceps-curl,696,210,71
arms,biceps-curl,730,144,37
arms,biceps-curl,778,135,25
arms,biceps-curl,807,138,-34
arms,biceps-curl,822,119,25
arms,biceps-curl,820,162,4
arms,biceps-curl,823,175,69
arms,biceps-curl,787,208,118
arms,biceps-curl,765,244,263
arms,biceps-curl,740,271,368
arms,biceps-curl,680,313,234
arms,biceps-curl,677,368,392
arms,biceps-curl,653,373,464
arms,biceps-curl,631,417,590
arms,biceps-curl,621,432,496
arms,biceps-curl,578,435,616
arms,biceps-curl,607,489,772
arms,biceps-curl,568,512,639
arms,biceps-curl,528,528,585
arms,biceps-curl,512,606,576
arms,biceps-curl,512,593,652
arms,biceps-curl,460,585,693
arms,biceps-curl,427,591,681
arms,biceps-curl,395,635,780
arms,biceps-curl,336,668,806
arms,biceps-curl,314,672,692
arms,biceps-curl,305,692,865
arms,biceps-curl,232,670,761
arms,biceps-curl,203,677,715
arms,biceps-curl,188,668,762
arms,biceps-curl,160,640,800
arms,biceps-curl,146,650,796
arms,biceps-curl,92,679,826
arms,biceps-curl,50,682,801
arms,biceps-curl,24,637,779
arms,biceps-curl,-21,637,818
arms,biceps-curl,-71,643,871
arms,biceps-curl,-108,620,799
arms,biceps-curl,-158,618,749
arms,biceps-curl,-203,670,789
arms,biceps-curl,-243,673,798
arms,biceps-curl,-286,644,806
arms,biceps-curl,-329,652,812
arms,biceps-curl,-368,652,780
arms,biceps-curl,-415,644,718
arms,biceps-curl,-466,655,742
arms,biceps-curl,-502,643,768
arms,biceps-curl,-550,609,622
arms,biceps-curl,-608,587,581
arms,biceps-curl,-571,547,788
arms,biceps-curl,-533,509,848
arms,biceps-curl,-665,523,577
arms,biceps-curl,-717,563,584
arms,biceps-curl,-730,551,757
arms,biceps-curl,-752,514,689
arms,biceps-curl,-800,509,642
arms,biceps-curl,-820,476,560
arms,biceps-curl,-808,464,574
arms,biceps-curl,-816,459,593
arms,biceps-curl,-848,437,473
arms,biceps-curl,-847,424,473
arms,biceps-curl,-840,424,449
arms,biceps-curl,-836,419,491
arms,biceps-curl,-813,385,393
arms,biceps-curl,-858,393,343
arms,biceps-curl,-881,400,414
arms,biceps-curl,-890,400,392
arms,biceps-curl,-920,392,385
arms,biceps-curl,-920,376,424
arms,biceps-curl,-928,376,400
arms,biceps-curl,-951,415,400
arms,biceps-curl,-937,416,400
arms,biceps-curl,-936,394,407
arms,biceps-curl,-951,428,415
arms,biceps-curl,-931,403,437
arms,biceps-curl,-928,400,405
arms,biceps-curl,-962,441,373
arms,biceps-curl,-988,428,475
arms,biceps-curl,-972,417,646
arms,biceps-curl,-955,422,572
arms,biceps-curl,-977,461,519
arms,biceps-curl,-936,496,566
arms,biceps-curl,-914,498,619
arms,biceps-curl,-878,496,661
arms,biceps-curl,-870,513,672
arms,biceps-curl,-834,547,672
arms,biceps-curl,-790,586,714
arms,biceps-curl,-761,610,802
arms,biceps-curl,-742,641,781
arms,biceps-curl,-717,656,754
arms,biceps-curl,-653,637,788
arms,biceps-curl,-607,637,799
arms,biceps-curl,-578,652,801
arms,biceps-curl,-539,648,783
arms,biceps-curl,-488,644,756
arms,biceps-curl,-425,675,767
arms,biceps-curl,-363,689,813
arms,biceps-curl,-296,686,837
arms,biceps-curl,-229,721,821
arms,biceps-curl,-176,741,861
arms,biceps-curl,-134,730,910
arms,biceps-curl,-95,723,877
arms,biceps-curl,-64,720,875
arms,biceps-curl,-22,709,841
arms,biceps-curl,12,718,784
arms,biceps-curl,45,723,858
arms,biceps-curl,62,727,840
arms,biceps-curl,94,642,674
arms,biceps-curl,149,596,697
arms,biceps-curl,202,572,669
arms,biceps-curl,252,525,635
arms,biceps-curl,312,511,540
arms,biceps-curl,359,496,536
arms,biceps-curl,402,448,630
arms,biceps-curl,420,443,596
arms,biceps-curl,456,396,442
arms,biceps-curl,459,352,526
arms,biceps-curl,499,350,286
arms,biceps-curl,560,320,241
arms,biceps-curl,561,336,280
arms,biceps-curl,623,296,264
arms,biceps-curl,663,242,256
arms,biceps-curl,664,240,248
arms,biceps-curl,694,270,166
arms,biceps-curl,732,228,175
arms,biceps-curl,750,253,155
arms,biceps-curl,766,263,61
arms,biceps-curl,782,230,116
arms,biceps-curl,791,231,175
arms,biceps-curl,799,193,112
arms,biceps-curl,775,228,96
arms,biceps-curl,768,240,127
arms,biceps-curl,732,234,275
arms,biceps-curl,708,285,344
arms,biceps-curl,675,304,404
arms,biceps-curl,653,304,457
arms,biceps-curl,610,385,542
arms,biceps-curl,576,398,518
arms,biceps-curl,563,425,575
arms,biceps-curl,550,488,555
arms,biceps-curl,534,459,531
arms,biceps-curl,519,484,558
arms,biceps-curl,503,586,720
arms,biceps-curl,483,597,754
arms,biceps-curl,430,622,734
arms,biceps-curl,376,676,756
arms,biceps-curl,348,661,774
arms,biceps-curl,303,669,802
arms,biceps-curl,253,693,702
arms,biceps-curl,220,673,669
arms,biceps-curl,186,670,733
arms,biceps-curl,148,686,765
arms,biceps-curl,89,699,829
arms,biceps-curl,53,690,784
arms,biceps-curl,19,685,808
arms,biceps-curl,-18,721,799
arms,biceps-curl,-54,704,832
arms,biceps-curl,-105,712,838
arms,biceps-curl,-158,732,756
arms,biceps-curl,-190,709,787
arms,biceps-curl,-238,667,788
arms,biceps-curl,-242,648,824
arms,biceps-curl,-295,655,671
arms,biceps-curl,-333,682,779
arms,biceps-curl,-363,642,750
arms,biceps-curl,-390,601,727
arms,biceps-curl,-444,609,659
arms,biceps-curl,-493,617,771
arms,biceps-curl,-570,632,693
arms,biceps-curl,-601,640,633
arms,biceps-curl,-624,632,680
arms,biceps-curl,-680,608,712
arms,biceps-curl,-680,608,712
arms,biceps-curl,-703,592,743
arms,biceps-curl,-742,569,554
arms,biceps-curl,-751,598,589
arms,biceps-curl,-788,578,577
arms,biceps-curl,-806,547,605
arms,biceps-curl,-829,516,482
arms,biceps-curl,-839,471,553
arms,biceps-curl,-867,477,501
arms,biceps-curl,-879,500,488
arms,biceps-curl,-848,460,450
arms,biceps-curl,-871,442,390
arms,biceps-curl,-898,440,424
arms,biceps-curl,-857,416,399
arms,biceps-curl,-874,414,373
arms,biceps-curl,-888,410,346
arms,biceps-curl,-899,386,309
arms,biceps-curl,-915,371,312
arms,biceps-curl,-920,368,310
arms,biceps-curl,-935,368,339
arms,biceps-curl,-944,358,322
arms,biceps-curl,-944,371,273
arms,biceps-curl,-962,371,247
arms,biceps-curl,-976,347,296
arms,biceps-curl,-976,369,381
arms,biceps-curl,-984,404,348
arms,biceps-curl,-1004,408,341
arms,biceps-curl,-1016,404,393
arms,biceps-curl,-1009,407,376
arms,biceps-curl,-987,419,440
arms,biceps-curl,-968,427,483
arms,biceps-curl,-959,414,437
arms,biceps-curl,-941,393,484
arms,biceps-curl,-933,416,520
arms,biceps-curl,-925,440,544
arms,biceps-curl,-915,456,555
arms,biceps-curl,-893,465,593
arms,biceps-curl,-864,488,561
arms,biceps-curl,-858,498,636
arms,biceps-curl,-833,526,657
arms,biceps-curl,-800,520,703
arms,biceps-curl,-765,535,760
arms,biceps-curl,-751,603,751
arms,biceps-curl,-729,617,711
arms,biceps-curl,-640,623,754
arms,biceps-curl,-635,621,773
arms,biceps-curl,-587,666,815
arms,biceps-curl,-534,687,806
arms,biceps-curl,-509,673,785
arms,biceps-curl,-446,688,798
arms,biceps-curl,-392,680,728
arms,biceps-curl,-360,704,744
arms,biceps-curl,-282,704,806
arms,biceps-curl,-250,712,762
arms,biceps-curl,-203,742,760
arms,biceps-curl,-120,788,891
arms,biceps-curl,-126,778,754
arms,biceps-curl,-65,776,736
arms,biceps-curl,-22,762,770
arms,biceps-curl,44,767,736
arms,biceps-curl,102,775,708
arms,biceps-curl,131,719,774
arms,biceps-curl,198,623,724
arms,biceps-curl,276,588,686
arms,biceps-curl,343,596,656
arms,biceps-curl,389,583,757
arms,biceps-curl,406,559,772
arms,biceps-curl,397,525,673
arms,biceps-curl,413,512,548
arms,biceps-curl,449,481,494
arms,biceps-curl,489,474,493
arms,biceps-curl,523,485,467
arms,biceps-curl,536,456,448
arms,biceps-curl,545,414,408
arms,biceps-curl,552,378,311
arms,biceps-curl,573,360,306
arms,biceps-curl,612,308,368
arms,biceps-curl,620,248,323
arms,biceps-curl,630,233,134
arms,biceps-curl,681,224,59
arms,biceps-curl,719,194,83
arms,biceps-curl,744,142,-32
arms,biceps-curl,786,113,-65
arms,biceps-curl,825,82,-69
arms,biceps-curl,837,80,-109
arms,biceps-curl,840,86,-72
arms,biceps-curl,849,74,-42
arms,biceps-curl,830,98,-30
arms,biceps-curl,822,117,44
arms,biceps-curl,812,162,128
arms,biceps-curl,793,199,156
arms,biceps-curl,758,217,184
arms,biceps-curl,719,199,275
arms,biceps-curl,709,240,381
arms,biceps-curl,692,281,336
arms,biceps-curl,667,296,400
arms,biceps-curl,636,355,510
arms,biceps-curl,668,383,500
arms,biceps-curl,629,379,539
arms,biceps-curl,592,428,588
arms,biceps-curl,599,503,655
arms,biceps-curl,560,464,616
arms,biceps-curl,528,544,624
arms,biceps-curl,520,583,686
arms,biceps-curl,474,607,726
arms,biceps-curl,457,615,676
arms,biceps-curl,412,652,701
arms,biceps-curl,379,706,761
arms,biceps-curl,313,684,684
arms,biceps-curl,277,714,699
arms,biceps-curl,232,727,831
arms,biceps-curl,198,695,849
arms,biceps-curl,148,663,753
arms,biceps-curl,124,699,815
arms,biceps-curl,78,676,870
arms,biceps-curl,35,676,809
arms,biceps-curl,7,709,704
arms,biceps-curl,-17,681,733
arms,biceps-curl,-56,653,874
arms,biceps-curl,-130,664,854
arms,biceps-curl,-175,703,857
arms,biceps-curl,-228,730,870
arms,biceps-curl,-289,722,878
arms,biceps-curl,-340,675,814
arms,biceps-curl,-364,657,818
arms,biceps-curl,-407,655,808
arms,biceps-curl,-452,652,768
arms,biceps-curl,-472,640,800
arms,biceps-curl,-495,612,797
arms,biceps-curl,-523,593,753
arms,biceps-curl,-554,559,729
arms,biceps-curl,-600,538,727
arms,biceps-curl,-638,558,746
arms,biceps-curl,-669,553,729
arms,biceps-curl,-704,511,683
arms,biceps-curl,-712,477,683
arms,biceps-curl,-741,472,638
arms,biceps-curl,-768,474,566
arms,biceps-curl,-773,473,553
arms,biceps-curl,-784,445,551
arms,biceps-curl,-788,412,580
arms,biceps-curl,-802,404,521
arms,biceps-curl,-824,416,419
arms,biceps-curl,-891,419,349
arms,biceps-curl,-903,433,413
arms,biceps-curl,-902,434,438
arms,biceps-curl,-930,400,422
arms,biceps-curl,-890,397,398
arms,biceps-curl,-910,378,316
arms,biceps-curl,-970,399,364
arms,biceps-curl,-991,382,423
arms,biceps-curl,-976,347,401
arms,biceps-curl,-976,432,439
arms,biceps-curl,-952,424,369
arms,biceps-curl,-968,401,446
arms,biceps-curl,-953,408,501
arms,biceps-curl,-937,371,489
arms,biceps-curl,-943,390,517
arms,biceps-curl,-930,442,527
arms,biceps-curl,-921,448,584
arms,biceps-curl,-940,455,606
arms,biceps-curl,-937,496,595
arms,biceps-curl,-929,511,585
arms,biceps-curl,-903,525,641
arms,biceps-curl,-890,540,582
arms,biceps-curl,-864,562,548
arms,biceps-curl,-815,586,644
arms,biceps-curl,-754,586,663
arms,biceps-curl,-714,590,712
arms,biceps-curl,-699,624,747
arms,biceps-curl,-659,651,757
arms,biceps-curl,-620,646,770
arms,biceps-curl,-588,660,756
arms,biceps-curl,-528,677,801
arms,biceps-curl,-477,699,757
arms,biceps-curl,-446,725,723
arms,biceps-curl,-385,714,804
arms,biceps-curl,-302,696,848
arms,biceps-curl,-256,716,868
arms,biceps-curl,-244,740,892
arms,biceps-curl,-211,729,855
arms,biceps-curl,-162,730,848
arms,biceps-curl,-134,732,783
arms,biceps-curl,-91,698,679
arms,biceps-curl,-30,700,727
arms,biceps-curl,17,735,741
arms,biceps-curl,67,760,754
arms,biceps-curl,101,744,693
arms,biceps-curl,101,695,705
arms,biceps-curl,130,651,638
arms,biceps-curl,187,640,552
arms,biceps-curl,234,644,538
arms,biceps-curl,297,640,483
arms,biceps-curl,341,581,456
arms,biceps-curl,402,567,471
arms,biceps-curl,459,545,271
arms,biceps-curl,521,468,351
arms,biceps-curl,578,447,396
arms,biceps-curl,595,437,398
arms,biceps-curl,628,406,182
arms,biceps-curl,675,381,172
arms,biceps-curl,718,337,324
arms,biceps-curl,688,351,253
arms,biceps-curl,704,328,144
arms,biceps-curl,720,272,176
arms,biceps-curl,720,272,176
arms,biceps-curl,712,233,184
arms,biceps-curl,758,217,138
arms,biceps-curl,782,171,99
arms,biceps-curl,799,168,-43
arms,biceps-curl,850,175,-70
arms,biceps-curl,863,197,-51
arms,biceps-curl,878,193,-21
arms,biceps-curl,867,179,-9
arms,biceps-curl,831,209,31
arms,biceps-curl,799,229,180
arms,biceps-curl,767,257,247
arms,biceps-curl,724,312,232
arms,biceps-curl,700,346,283
arms,biceps-curl,685,375,407
arms,biceps-curl,652,390,359
arms,biceps-curl,618,424,358
arms,biceps-curl,587,466,450
arms,biceps-curl,566,449,473
arms,biceps-curl,570,486,583
arms,biceps-curl,557,510,556
arms,biceps-curl,521,513,520
arms,biceps-curl,500,538,584
arms,biceps-curl,483,582,698
arms,biceps-curl,439,625,697
arms,biceps-curl,392,668,612
arms,biceps-curl,376,696,688
arms,biceps-curl,350,689,751
arms,biceps-curl,309,701,693
arms,biceps-curl,283,725,731
arms,biceps-curl,232,710,749
arms,biceps-curl,169,702,660
arms,biceps-curl,121,706,649
arms,biceps-curl,85,712,760
arms,biceps-curl,75,726,848
arms,biceps-curl,17,700,750
arms,biceps-curl,-32,708,945
arms,biceps-curl,-93,673,833
arms,biceps-curl,-152,714,825
arms,biceps-curl,-168,694,906
arms,biceps-curl,-236,688,844
arms,biceps-curl,-290,691,870
arms,biceps-curl,-345,707,795
arms,biceps-curl,-400,714,812
arms,biceps-curl,-453,676,822
arms,biceps-curl,-491,652,757
arms,biceps-curl,-519,684,791
arms,biceps-curl,-514,638,703
arms,biceps-curl,-538,614,789
arms,biceps-curl,-568,568,729
arms,biceps-curl,-576,584,767
arms,biceps-curl,-600,584,633
arms,biceps-curl,-639,576,648
arms,biceps-curl,-655,568,640
arms,biceps-curl,-693,575,573
arms,biceps-curl,-718,554,473
arms,biceps-curl,-727,509,600
arms,biceps-curl,-742,490,553
arms,biceps-curl,-771,474,476
arms,biceps-curl,-789,479,484
arms,biceps-curl,-812,473,442
arms,biceps-curl,-829,459,470
arms,biceps-curl,-857,450,461
arms,biceps-curl,-858,442,426
arms,biceps-curl,-874,428,369
arms,biceps-curl,-909,407,335
arms,biceps-curl,-931,411,328
arms,biceps-curl,-925,389,360
arms,biceps-curl,-946,371,302
arms,biceps-curl,-970,358,295
arms,biceps-curl,-966,367,297
arms,biceps-curl,-974,386,283
arms,biceps-curl,-989,373,312
arms,biceps-curl,-996,351,336
arms,biceps-curl,-1004,370,362
arms,biceps-curl,-1029,355,326
arms,biceps-curl,-1028,340,344
arms,biceps-curl,-996,383,443
arms,biceps-curl,-991,401,424
arms,biceps-curl,-986,396,407
arms,biceps-curl,-968,407,483
arms,biceps-curl,-981,432,504
arms,biceps-curl,-985,462,514
arms,biceps-curl,-966,472,571
arms,biceps-curl,-954,488,584
arms,biceps-curl,-915,523,597
arms,biceps-curl,-905,523,631
arms,biceps-curl,-867,521,713
arms,biceps-curl,-845,546,664
arms,biceps-curl,-796,564,619
arms,biceps-curl,-729,596,747
arms,biceps-curl,-692,582,733
arms,biceps-curl,-639,583,758
arms,biceps-curl,-597,616,780
arms,biceps-curl,-579,615,766
arms,biceps-curl,-550,605,806
arms,biceps-curl,-531,591,837
arms,biceps-curl,-484,649,749
arms,biceps-curl,-436,662,806
arms,biceps-curl,-375,642,882
arms,biceps-curl,-350,672,771
arms,biceps-curl,-296,680,880
arms,biceps-curl,-256,656,856
arms,biceps-curl,-209,648,794
arms,biceps-curl,-140,640,800
arms,biceps-curl,-39,655,770
arms,biceps-curl,12,656,724
arms,biceps-curl,59,677,799
arms,biceps-curl,78,631,829
arms,biceps-curl,87,604,846
arms,biceps-curl,121,600,775
arms,biceps-curl,154,626,747
arms,biceps-curl,192,619,693
arms,biceps-curl,243,566,723
arms,biceps-curl,298,522,700
arms,biceps-curl,330,494,641
arms,biceps-curl,370,517,578
arms,biceps-curl,412,534,616
arms,biceps-curl,451,525,651
arms,biceps-curl,464,494,577
arms,biceps-curl,474,465,465
arms,biceps-curl,539,421,449
arms,biceps-curl,590,381,426
arms,biceps-curl,609,373,358
arms,biceps-curl,638,372,404
arms,biceps-curl,656,372,417
arms,biceps-curl,664,355,305
arms,biceps-curl,680,316,188
arms,biceps-curl,703,265,140
arms,biceps-curl,738,221,103
arms,biceps-curl,778,229,49
arms,biceps-curl,817,226,16
arms,biceps-curl,846,194,-29
arms,biceps-curl,865,214,-54
arms,biceps-curl,880,209,-58
arms,biceps-curl,872,187,-56
arms,biceps-curl,846,189,-51
arms,biceps-curl,814,189,2
arms,biceps-curl,783,198,38
arms,biceps-curl,756,196,100
arms,biceps-curl,732,220,178
arms,biceps-curl,689,258,195
arms,biceps-curl,659,269,248
arms,biceps-curl,633,294,315
arms,biceps-curl,604,328,344
arms,biceps-curl,622,364,429
arms,biceps-curl,602,356,448
arms,biceps-curl,562,442,408
arms,biceps-curl,572,453,550
arms,biceps-curl,535,426,598
arms,biceps-curl,520,460,465
arms,biceps-curl,511,536,632
arms,biceps-curl,488,521,641
arms,biceps-curl,440,607,703
arms,biceps-curl,409,624,681
arms,biceps-curl,400,632,840
arms,biceps-curl,348,617,803
arms,biceps-curl,293,696,785
arms,biceps-curl,288,718,870
arms,biceps-curl,232,748,936
arms,biceps-curl,169,745,896
arms,biceps-curl,127,764,835
arms,biceps-curl,48,761,831
arms,biceps-curl,-12,703,876
arms,biceps-curl,-61,688,931
arms,biceps-curl,-78,712,932
arms,biceps-curl,-115,702,804
arms,biceps-curl,-157,685,852
arms,biceps-curl,-213,647,838
arms,biceps-curl,-237,643,848
arms,biceps-curl,-282,643,822
arms,biceps-curl,-324,645,815
arms,biceps-curl,-361,663,794
arms,biceps-curl,-414,667,771
arms,biceps-curl,-472,664,800
arms,biceps-curl,-500,628,797
arms,biceps-curl,-547,583,772
arms,biceps-curl,-609,568,722
arms,biceps-curl,-636,584,696
arms,biceps-curl,-640,592,670
arms,biceps-curl,-669,573,628
arms,biceps-curl,-708,546,628
arms,biceps-curl,-725,511,607
arms,biceps-curl,-744,478,555
arms,biceps-curl,-756,470,500
arms,biceps-curl,-785,480,474
arms,biceps-curl,-816,477,461
arms,biceps-curl,-848,456,451
arms,biceps-curl,-848,424,450
arms,biceps-curl,-859,422,438
arms,biceps-curl,-892,416,341
arms,biceps-curl,-904,416,318
arms,biceps-curl,-909,409,352
arms,biceps-curl,-935,384,390
arms,biceps-curl,-959,383,310
arms,biceps-curl,-955,376,267
arms,biceps-curl,-969,376,282
arms,biceps-curl,-975,371,296
arms,biceps-curl,-970,338,293
arms,biceps-curl,-985,349,266
arms,biceps-curl,-1002,322,203
arms,biceps-curl,-1023,352,251
arms,biceps-curl,-1008,352,307
arms,biceps-curl,-1024,336,400
arms,biceps-curl,-1040,400,408
arms,biceps-curl,-1040,400,408
arms,biceps-curl,-1001,423,424
arms,biceps-curl,-1000,394,325
arms,biceps-curl,-970,370,454
arms,biceps-curl,-968,375,500
arms,biceps-curl,-968,383,490
arms,biceps-curl,-947,384,516
arms,biceps-curl,-951,411,527
arms,biceps-curl,-925,429,528
arms,biceps-curl,-927,465,606
arms,biceps-curl,-928,504,554
arms,biceps-curl,-909,493,542
arms,biceps-curl,-898,488,568
arms,biceps-curl,-872,517,605
arms,biceps-curl,-835,545,605
arms,biceps-curl,-785,558,600
arms,biceps-curl,-725,571,622
arms,biceps-curl,-667,560,643
arms,biceps-curl,-612,572,694
arms,biceps-curl,-582,614,715
arms,biceps-curl,-547,637,769
arms,biceps-curl,-514,626,789
arms,biceps-curl,-482,625,780
arms,biceps-curl,-425,636,784
arms,biceps-curl,-355,644,788
arms,biceps-curl,-292,640,816
arms,biceps-curl,-252,659,809
arms,biceps-curl,-214,692,820
arms,biceps-curl,-173,700,861
arms,biceps-curl,-140,707,838
arms,biceps-curl,-99,747,785
arms,biceps-curl,-62,815,734
arms,biceps-curl,-26,834,785
arms,biceps-curl,-11,819,842
arms,biceps-curl,13,787,800
arms,biceps-curl,50,744,732
arms,biceps-curl,92,737,659
arms,biceps-curl,157,716,699
arms,biceps-curl,198,692,730
arms,biceps-curl,221,652,767
arms,biceps-curl,250,642,828
arms,biceps-curl,303,648,649
arms,biceps-curl,375,643,609
arms,biceps-curl,407,610,594
arms,biceps-curl,401,570,687
arms,biceps-curl,414,525,624
arms,biceps-curl,468,492,616
arms,biceps-curl,505,445,526
arms,biceps-curl,513,407,500
arms,biceps-curl,537,391,431
arms,biceps-curl,584,367,383
arms,biceps-curl,600,305,273
arms,biceps-curl,608,273,280
arms,biceps-curl,631,287,234
arms,biceps-curl,669,295,217
arms,biceps-curl,679,187,26
arms,biceps-curl,730,183,-113
arms,biceps-curl,792,170,-128
arms,biceps-curl,820,134,-169
arms,biceps-curl,797,108,-223
arms,biceps-curl,825,104,-76
arms,biceps-curl,826,117,-110
arms,biceps-curl,824,126,-85
arms,biceps-curl,806,116,-42
arms,biceps-curl,782,141,9
arms,biceps-curl,776,169,150
arms,biceps-curl,737,198,155
arms,biceps-curl,715,230,201
arms,biceps-curl,691,240,327
arms,biceps-curl,660,265,310
arms,biceps-curl,633,310,336
arms,biceps-curl,614,333,424
arms,biceps-curl,594,368,424
arms,biceps-curl,566,414,422
arms,biceps-curl,522,454,483
arms,biceps-curl,488,489,537
arms,biceps-curl,460,512,528
arms,biceps-curl,440,547,512
arms,biceps-curl,436,598,535
arms,biceps-curl,432,645,679
arms,biceps-curl,378,669,746
arms,biceps-curl,291,677,610
arms,biceps-curl,257,714,634
arms,biceps-curl,209,735,705
arms,biceps-curl,141,736,731
arms,biceps-curl,72,776,733
arms,biceps-curl,21,780,753
arms,biceps-curl,-42,763,786
arms,biceps-curl,-113,784,870
arms,biceps-curl,-186,764,772
arms,biceps-curl,-212,778,814
arms,biceps-curl,-290,772,764
arms,biceps-curl,-338,728,798
arms,biceps-curl,-381,729,756
arms,biceps-curl,-386,734,771
arms,biceps-curl,-490,717,754
arms,biceps-curl,-512,693,819
arms,biceps-curl,-584,676,768
arms,biceps-curl,-668,709,678
arms,biceps-curl,-722,671,660
arms,biceps-curl,-753,655,725
arms,biceps-curl,-784,632,616
arms,biceps-curl,-816,616,536
arms,biceps-curl,-816,600,544
arms,biceps-curl,-839,577,559
arms,biceps-curl,-847,561,418
arms,biceps-curl,-855,545,335
arms,biceps-curl,-906,515,392
arms,biceps-curl,-926,498,393
arms,biceps-curl,-935,489,365
arms,biceps-curl,-963,448,287
arms,biceps-curl,-994,414,233
arms,biceps-curl,-1013,402,294
arms,biceps-curl,-1016,400,287
arms,biceps-curl,-1004,376,274
arms,biceps-curl,-976,362,243
arms,biceps-curl,-962,349,232
arms,biceps-curl,-932,355,243
arms,biceps-curl,-931,338,232
arms,biceps-curl,-899,317,277
arms,biceps-curl,-870,317,233
arms,biceps-curl,-869,330,182
arms,biceps-curl,-834,312,195
arms,biceps-curl,-803,268,227
arms,biceps-curl,-791,270,209
arms,biceps-curl,-784,262,162
arms,biceps-curl,-772,228,177
arms,biceps-curl,-764,232,164
arms,biceps-curl,-760,225,143
arms,biceps-curl,-741,200,146
arms,biceps-curl,-700,161,155
arms,biceps-curl,-667,142,187
arms,biceps-curl,-672,171,155
arms,biceps-curl,-669,167,124
arms,biceps-curl,-655,189,104
arms,biceps-curl,-648,189,82
arms,biceps-curl,-680,200,56
arms,biceps-curl,-724,188,120
arms,biceps-curl,-743,151,183
arms,biceps-curl,-735,132,145
arms,biceps-curl,-792,156,102
arms,biceps-curl,-840,185,94
arms,biceps-curl,-837,160,88
arms,biceps-curl,-836,157,89
arms,biceps-curl,-884,145,97
arms,biceps-curl,-863,154,115
arms,biceps-curl,-857,166,173
arms,biceps-curl,-867,155,150
arms,biceps-curl,-894,185,135
arms,biceps-curl,-956,190,131
arms,biceps-curl,-1019,159,167
arms,biceps-curl,-1081,143,141
arms,biceps-curl,-1104,112,32
arms,biceps-curl,-1112,152,32
arms,biceps-curl,-1190,206,117
arms,biceps-curl,-1207,223,120
arms,biceps-curl,-1186,239,90
arms,biceps-curl,-1177,276,81
arms,biceps-curl,-1183,273,109
arms,biceps-curl,-1212,195,91
arms,biceps-curl,-1216,198,108
arms,biceps-curl,-1209,233,99
arms,biceps-curl,-1208,240,135
arms,biceps-curl,-1214,253,125
arms,biceps-curl,-1197,250,95
arms,biceps-curl,-1198,254,76
arms,biceps-curl,-1200,244,107
arms,biceps-curl,-1189,263,114
arms,biceps-curl,-1190,239,106
arms,biceps-curl,-1181,235,120
arms,biceps-curl,-1165,235,91
arms,biceps-curl,-1165,242,57
arms,biceps-curl,-1153,248,63
arms,biceps-curl,-1149,234,91
arms,biceps-curl,-1147,219,81
arms,biceps-curl,-1131,234,55
arms,biceps-curl,-1124,244,65
arms,biceps-curl,-1140,244,76
arms,biceps-curl,-1160,240,60
arms,biceps-curl,-1149,217,33
arms,biceps-curl,-1073,196,-21
arms,biceps-curl,-1057,220,91
arms,biceps-curl,-1167,232,318
arms,biceps-curl,-1290,203,267
arms,biceps-curl,-1449,248,-25
arms,biceps-curl,-1626,309,-313
arms,biceps-curl,-1709,320,-214
arms,biceps-curl,-1654,388,89
arms,biceps-curl,-1577,503,154
arms,biceps-curl,-1468,606,430
arms,biceps-curl,-1431,646,430
arms,biceps-curl,-1476,662,314
arms,biceps-curl,-1475,656,243
arms,biceps-curl,-1416,666,222
arms,biceps-curl,-1331,707,207
arms,biceps-curl,-1224,721,160
arms,biceps-curl,-1126,724,105
arms,biceps-curl,-1013,697,5
arms,biceps-curl,-926,651,-66
arms,biceps-curl,-833,664,-18
arms,biceps-curl,-756,569,-45
arms,biceps-curl,-700,480,-124
arms,biceps-curl,-630,472,-208
arms,biceps-curl,-568,472,-224
