arms,biceps-curl,1008,536,488
arms,biceps-curl,1039,505,465
arms,biceps-curl,1032,405,456
arms,biceps-curl,1047,325,396
arms,biceps-curl,1106,327,334
arms,biceps-curl,1162,292,307
arms,biceps-curl,1252,232,339
arms,biceps-curl,1353,217,344
arms,biceps-curl,1375,169,331
arms,biceps-curl,1369,180,361
arms,biceps-curl,1406,171,336
arms,biceps-curl,1490,131,347
arms,biceps-curl,1530,138,443
arms,biceps-curl,1530,150,596
arms,biceps-curl,1517,106,474
arms,biceps-curl,1456,121,347
arms,biceps-curl,1432,93,179
arms,biceps-curl,1443,224,-40
arms,biceps-curl,1423,294,7
arms,biceps-curl,1383,263,70
arms,biceps-curl,1335,124,-70
arms,biceps-curl,1312,220,-211
arms,biceps-curl,1240,388,101
arms,biceps-curl,1223,399,329
arms,biceps-curl,1372,263,242
arms,biceps-curl,1548,160,84
arms,biceps-curl,1674,156,-51
arms,biceps-curl,1754,166,-35
arms,biceps-curl,1776,174,22
arms,biceps-curl,1732,176,104
arms,biceps-curl,1653,211,202
arms,biceps-curl,1609,225,219
arms,biceps-curl,1569,243,186
arms,biceps-curl,1528,237,104
arms,biceps-curl,1478,213,137
arms,biceps-curl,1438,201,233
arms,biceps-curl,1409,166,149
arms,biceps-curl,1344,143,149
arms,biceps-curl,1310,194,93
arms,biceps-curl,1249,148,37
arms,biceps-curl,1118,131,154
arms,biceps-curl,998,94,206
arms,biceps-curl,908,9,132
arms,biceps-curl,832,-30,163
arms,biceps-curl,724,-59,223
arms,biceps-curl,634,-21,219
arms,biceps-curl,577,2,229
arms,biceps-curl,499,32,108
arms,biceps-curl,420,137,53
arms,biceps-curl,343,159,-2
arms,biceps-curl,296,120,-70
arms,biceps-curl,320,120,126
arms,biceps-curl,336,66,27
arms,biceps-curl,336,171,-22
arms,biceps-curl,403,198,110
arms,biceps-curl,459,149,18
arms,biceps-curl,578,144,-13
arms,biceps-curl,697,74,-114
arms,biceps-curl,678,57,-162
arms,biceps-curl,699,109,-28
arms,biceps-curl,776,140,-85
arms,biceps-curl,811,163,-161
arms,biceps-curl,791,230,-319
arms,biceps-curl,850,200,-336
arms,biceps-curl,878,190,-181
arms,biceps-curl,869,209,-157
arms,biceps-curl,886,249,-263
arms,biceps-curl,907,296,-239
arms,biceps-curl,923,344,-261
arms,biceps-curl,943,345,-324
arms,biceps-curl,962,405,-220
arms,biceps-curl,978,477,-173
arms,biceps-curl,993,468,-146
arms,biceps-curl,1004,461,-99
arms,biceps-curl,995,494,-123
arms,biceps-curl,984,516,-115
arms,biceps-curl,984,520,-88
arms,biceps-curl,996,539,-58
arms,biceps-curl,1012,575,6
arms,biceps-curl,1027,603,43
arms,biceps-curl,1043,616,26
arms,biceps-curl,1054,639,32
arms,biceps-curl,1049,700,89
arms,biceps-curl,1018,750,73
arms,biceps-curl,1003,771,83
arms,biceps-curl,982,805,106
arms,biceps-curl,943,832,195
arms,biceps-curl,888,857,260
arms,biceps-curl,835,926,299
arms,biceps-curl,784,942,270
arms,biceps-curl,718,932,290
arms,biceps-curl,646,922,288
arms,biceps-curl,592,928,256
arms,biceps-curl,499,927,259
arms,biceps-curl,379,916,274
arms,biceps-curl,289,901,275
arms,biceps-curl,175,932,193
arms,biceps-curl,88,893,279
arms,biceps-curl,-3,863,351
arms,biceps-curl,-52,847,336
arms,biceps-curl,-129,831,346
arms,biceps-curl,-168,800,408
arms,biceps-curl,-168,752,344
arms,biceps-curl,-230,729,336
arms,biceps-curl,-270,667,328
arms,biceps-curl,-332,604,417
arms,biceps-curl,-365,556,322
arms,biceps-curl,-425,509,319
arms,biceps-curl,-495,420,125
arms,biceps-curl,-579,360,69
arms,biceps-curl,-645,325,17
arms,biceps-curl,-702,268,1
arms,biceps-curl,-687,256,32
arms,biceps-curl,-705,237,-78
arms,biceps-curl,-718,268,-40
arms,biceps-curl,-726,286,37
arms,biceps-curl,-676,305,102
arms,biceps-curl,-628,340,92
arms,biceps-curl,-600,368,37
arms,biceps-curl,-634,376,153
arms,biceps-curl,-595,422,260
arms,biceps-curl,-570,497,260
arms,biceps-curl,-538,538,267
arms,biceps-curl,-493,600,331
arms,biceps-curl,-395,716,355
arms,biceps-curl,-306,776,374
arms,biceps-curl,-267,818,412
arms,biceps-curl,-200,908,388
arms,biceps-curl,-129,956,256
arms,biceps-curl,-97,970,222
arms,biceps-curl,-70,996,297
arms,biceps-curl,-11,997,177
arms,biceps-curl,40,1011,95
arms,biceps-curl,83,1037,197
arms,biceps-curl,158,1044,102
arms,biceps-curl,209,1078,-34
arms,biceps-curl,301,1078,-2
arms,biceps-curl,338,1002,8
arms,biceps-curl,378,950,35
arms,biceps-curl,441,933,-93
arms,biceps-curl,498,896,-101
arms,biceps-curl,539,883,-21
arms,biceps-curl,579,887,-50
arms,biceps-curl,604,770,-94
arms,biceps-curl,667,821,-104
arms,biceps-curl,719,839,-22
arms,biceps-curl,721,783,-8
arms,biceps-curl,788,763,-21
arms,biceps-curl,831,653,-119
arms,biceps-curl,907,626,-31
arms,biceps-curl,953,644,-120
arms,biceps-curl,977,576,-114
arms,biceps-curl,1016,576,-169
arms,biceps-curl,1064,568,-239
arms,biceps-curl,1087,591,-139
arms,biceps-curl,1118,615,-75
arms,biceps-curl,1209,586,-147
arms,biceps-curl,1180,606,-137
arms,biceps-curl,1133,615,-65
arms,biceps-curl,1072,637,-70
arms,biceps-curl,1023,620,-113
arms,biceps-curl,996,576,-113
arms,biceps-curl,953,594,-53
arms,biceps-curl,944,600,-59
arms,biceps-curl,956,612,-45
arms,biceps-curl,942,682,-46
arms,biceps-curl,971,692,-89
arms,biceps-curl,1007,694,-104
arms,biceps-curl,988,752,-37
arms,biceps-curl,971,792,19
arms,biceps-curl,957,811,37
arms,biceps-curl,947,836,40
arms,biceps-curl,919,833,84
arms,biceps-curl,875,857,117
arms,biceps-curl,833,875,157
arms,biceps-curl,780,885,215
arms,biceps-curl,713,900,240
arms,biceps-curl,634,904,273
arms,biceps-curl,576,904,304
arms,biceps-curl,510,931,285
arms,biceps-curl,415,956,290
arms,biceps-curl,343,945,295
arms,biceps-curl,278,946,284
arms,biceps-curl,197,944,283
arms,biceps-curl,113,914,234
arms,biceps-curl,32,910,224
arms,biceps-curl,-51,917,232
arms,biceps-curl,-122,907,264
arms,biceps-curl,-182,872,281
arms,biceps-curl,-259,800,255
arms,biceps-curl,-349,749,266
arms,biceps-curl,-422,722,252
arms,biceps-curl,-473,721,268
arms,biceps-curl,-507,686,296
arms,biceps-curl,-521,636,324
arms,biceps-curl,-533,581,188
arms,biceps-curl,-560,549,276
arms,biceps-curl,-565,437,209
arms,biceps-curl,-600,407,200
arms,biceps-curl,-602,332,60
arms,biceps-curl,-626,292,18
arms,biceps-curl,-650,228,42
arms,biceps-curl,-697,160,-81
arms,biceps-curl,-728,144,-112
arms,biceps-curl,-768,128,72
arms,biceps-curl,-768,128,72
arms,biceps-curl,-784,136,111
arms,biceps-curl,-754,182,13
arms,biceps-curl,-737,221,75
arms,biceps-curl,-736,290,182
arms,biceps-curl,-707,353,192
arms,biceps-curl,-669,325,59
arms,biceps-curl,-644,368,217
arms,biceps-curl,-620,456,228
arms,biceps-curl,-583,518,276
arms,biceps-curl,-544,534,250
arms,biceps-curl,-455,666,259
arms,biceps-curl,-402,740,222
arms,biceps-curl,-368,770,243
arms,biceps-curl,-371,839,342
arms,biceps-curl,-343,875,198
arms,biceps-curl,-306,885,142
arms,biceps-curl,-264,935,152
arms,biceps-curl,-212,1001,167
arms,biceps-curl,-138,1024,107
arms,biceps-curl,-90,1010,50
arms,biceps-curl,-57,1014,40
arms,biceps-curl,18,1046,0
arms,biceps-curl,111,1051,7
arms,biceps-curl,160,1028,57
arms,biceps-curl,208,1020,24
arms,biceps-curl,306,1012,-47
arms,biceps-curl,375,1033,5
arms,biceps-curl,409,1023,-17
arms,biceps-curl,470,947,-136
arms,biceps-curl,525,928,-104
arms,biceps-curl,565,913,-80
arms,biceps-curl,603,862,-60
arms,biceps-curl,633,819,-121
arms,biceps-curl,688,821,-160
arms,biceps-curl,709,818,-137
arms,biceps-curl,738,806,-122
arms,biceps-curl,792,754,-117
arms,biceps-curl,814,726,-84
arms,biceps-curl,826,691,-88
arms,biceps-curl,900,669,-132
arms,biceps-curl,941,652,-95
arms,biceps-curl,924,632,-132
arms,biceps-curl,911,621,-153
arms,biceps-curl,951,557,-149
arms,biceps-curl,947,527,-67
arms,biceps-curl,981,455,-26
arms,biceps-curl,1032,451,-46
arms,biceps-curl,1033,495,-28
arms,biceps-curl,1057,471,-113
arms,biceps-curl,1080,440,-136
arms,biceps-curl,1104,472,-104
arms,biceps-curl,1081,456,-120
arms,biceps-curl,1080,479,-97
arms,biceps-curl,1073,465,-163
arms,biceps-curl,1050,479,-73
arms,biceps-curl,1005,544,-28
arms,biceps-curl,993,573,-10
arms,biceps-curl,999,596,-22
arms,biceps-curl,1020,553,-37
arms,biceps-curl,1024,596,12
arms,biceps-curl,1018,633,18
arms,biceps-curl,1004,671,35
arms,biceps-curl,1006,698,28
arms,biceps-curl,973,728,36
arms,biceps-curl,931,765,46
arms,biceps-curl,887,798,65
arms,biceps-curl,850,824,77
arms,biceps-curl,803,853,91
arms,biceps-curl,733,895,96
arms,biceps-curl,674,912,140
arms,biceps-curl,613,922,173
arms,biceps-curl,561,933,190
arms,biceps-curl,490,949,231
arms,biceps-curl,396,964,230
arms,biceps-curl,323,956,179
arms,biceps-curl,252,944,224
arms,biceps-curl,181,948,265
arms,biceps-curl,119,952,243
arms,biceps-curl,55,938,249
arms,biceps-curl,-13,930,274
arms,biceps-curl,-70,918,336
arms,biceps-curl,-108,871,348
arms,biceps-curl,-178,856,345
arms,biceps-curl,-249,840,332
arms,biceps-curl,-314,792,251
arms,biceps-curl,-364,743,254
arms,biceps-curl,-403,679,209
arms,biceps-curl,-457,608,171
arms,biceps-curl,-534,574,320
arms,biceps-curl,-550,524,238
arms,biceps-curl,-560,440,113
arms,biceps-curl,-637,379,113
arms,biceps-curl,-695,383,201
arms,biceps-curl,-694,331,90
arms,biceps-curl,-724,295,93
arms,biceps-curl,-699,228,11
arms,biceps-curl,-732,191,-28
arms,biceps-curl,-766,178,15
arms,biceps-curl,-736,208,-2
arms,biceps-curl,-736,201,-30
arms,biceps-curl,-720,240,32
arms,biceps-curl,-704,256,80
arms,biceps-curl,-673,279,127
arms,biceps-curl,-664,341,82
arms,biceps-curl,-694,344,207
arms,biceps-curl,-660,373,150
arms,biceps-curl,-620,469,280
arms,biceps-curl,-574,494,254
arms,biceps-curl,-554,537,228
arms,biceps-curl,-485,597,271
arms,biceps-curl,-426,667,332
arms,biceps-curl,-410,667,211
arms,biceps-curl,-389,745,300
arms,biceps-curl,-281,816,264
arms,biceps-curl,-242,856,281
arms,biceps-curl,-223,812,130
arms,biceps-curl,-171,825,192
arms,biceps-curl,-109,986,210
arms,biceps-curl,-51,1030,97
arms,biceps-curl,4,1011,94
arms,biceps-curl,108,1112,56
arms,biceps-curl,189,1171,40
arms,biceps-curl,236,1112,84
arms,biceps-curl,328,1121,32
arms,biceps-curl,380,1087,15
arms,biceps-curl,384,1020,40
arms,biceps-curl,408,1032,8
arms,biceps-curl,439,1013,-39
arms,biceps-curl,489,969,-12
arms,biceps-curl,546,942,27
arms,biceps-curl,592,900,30
arms,biceps-curl,624,853,27
arms,biceps-curl,658,824,-40
arms,biceps-curl,709,818,1
arms,biceps-curl,712,805,28
arms,biceps-curl,744,784,-64
arms,biceps-curl,778,757,-53
arms,biceps-curl,800,754,8
arms,biceps-curl,848,703,8
arms,biceps-curl,876,654,35
arms,biceps-curl,892,639,106
arms,biceps-curl,912,595,30
arms,biceps-curl,940,545,-71
arms,biceps-curl,931,544,-64
arms,biceps-curl,991,510,-72
arms,biceps-curl,1033,538,-117
arms,biceps-curl,1041,496,-99
arms,biceps-curl,1052,496,-119
arms,biceps-curl,1090,494,-36
arms,biceps-curl,1111,467,-185
arms,biceps-curl,1087,520,-41
arms,biceps-curl,1064,520,-72
arms,biceps-curl,1048,544,-120
arms,biceps-curl,1009,552,-35
arms,biceps-curl,970,537,-32
arms,biceps-curl,975,543,-17
arms,biceps-curl,983,580,-31
arms,biceps-curl,977,605,4
arms,biceps-curl,990,615,36
arms,biceps-curl,1006,623,33
arms,biceps-curl,968,664,52
arms,biceps-curl,973,705,10
arms,biceps-curl,957,744,-32
arms,biceps-curl,909,795,34
arms,biceps-curl,866,796,62
arms,biceps-curl,821,810,76
arms,biceps-curl,774,850,114
arms,biceps-curl,743,881,61
arms,biceps-curl,682,888,21
arms,biceps-curl,598,909,84
arms,biceps-curl,548,910,105
arms,biceps-curl,487,939,175
arms,biceps-curl,427,950,186
arms,biceps-curl,362,944,174
arms,biceps-curl,274,953,175
arms,biceps-curl,210,986,203
arms,biceps-curl,146,966,224
arms,biceps-curl,56,1004,312
arms,biceps-curl,4,1019,323
arms,biceps-curl,-41,963,228
arms,biceps-curl,-116,987,263
arms,biceps-curl,-165,973,299
arms,biceps-curl,-216,910,254
arms,biceps-curl,-288,890,228
arms,biceps-curl,-337,903,274
arms,biceps-curl,-377,834,304
arms,biceps-curl,-442,734,285
arms,biceps-curl,-482,665,339
arms,biceps-curl,-506,618,357
arms,biceps-curl,-563,573,246
arms,biceps-curl,-592,534,250
arms,biceps-curl,-601,493,249
arms,biceps-curl,-637,453,164
arms,biceps-curl,-653,431,227
arms,biceps-curl,-641,383,163
arms,biceps-curl,-646,330,112
arms,biceps-curl,-639,285,-20
arms,biceps-curl,-686,205,-2
arms,biceps-curl,-677,173,-92
arms,biceps-curl,-730,145,-126
arms,biceps-curl,-754,152,-100
arms,biceps-curl,-784,160,-31
arms,biceps-curl,-776,168,8
arms,biceps-curl,-752,200,8
arms,biceps-curl,-752,200,8
arms,biceps-curl,-736,239,31
arms,biceps-curl,-706,301,47
arms,biceps-curl,-764,326,145
arms,biceps-curl,-695,343,64
arms,biceps-curl,-674,373,92
arms,biceps-curl,-644,432,215
arms,biceps-curl,-585,488,239
arms,biceps-curl,-549,536,227
arms,biceps-curl,-479,622,204
arms,biceps-curl,-413,704,314
arms,biceps-curl,-381,788,232
arms,biceps-curl,-346,748,194
arms,biceps-curl,-307,728,86
arms,biceps-curl,-273,860,14
arms,biceps-curl,-253,996,78
arms,biceps-curl,-151,1070,199
arms,biceps-curl,-83,1051,161
arms,biceps-curl,-52,1042,38
arms,biceps-curl,14,1127,-18
arms,biceps-curl,101,1143,19
arms,biceps-curl,131,1078,53
arms,biceps-curl,168,1008,-33
arms,biceps-curl,278,1023,-61
arms,biceps-curl,356,1043,22
arms,biceps-curl,420,992,44
arms,biceps-curl,510,972,24
arms,biceps-curl,556,932,24
arms,biceps-curl,581,879,20
arms,biceps-curl,645,895,-41
arms,biceps-curl,719,891,-81
arms,biceps-curl,755,844,-30
arms,biceps-curl,801,768,-55
arms,biceps-curl,869,709,-99
arms,biceps-curl,890,709,-120
arms,biceps-curl,942,715,-76
arms,biceps-curl,952,684,-82
arms,biceps-curl,1000,628,-145
arms,biceps-curl,1018,604,-74
arms,biceps-curl,1004,568,-72
arms,biceps-curl,1016,560,-116
arms,biceps-curl,1010,524,-51
arms,biceps-curl,987,489,11
arms,biceps-curl,1006,416,-142
arms,biceps-curl,1037,420,-162
arms,biceps-curl,1018,447,-58
arms,biceps-curl,1033,439,-9
arms,biceps-curl,1047,425,-33
arms,biceps-curl,1040,432,-155
arms,biceps-curl,1048,433,-63
arms,biceps-curl,1040,472,-24
arms,biceps-curl,1024,504,-40
arms,biceps-curl,1032,504,-87
arms,biceps-curl,1070,512,-42
arms,biceps-curl,1027,542,-18
arms,biceps-curl,1046,537,-96
arms,biceps-curl,1034,557,-68
arms,biceps-curl,1025,567,-57
arms,biceps-curl,983,623,12
arms,biceps-curl,943,672,37
arms,biceps-curl,916,726,53
arms,biceps-curl,893,736,12
arms,biceps-curl,869,767,56
arms,biceps-curl,846,800,36
arms,biceps-curl,811,843,77
arms,biceps-curl,794,885,56
arms,biceps-curl,759,929,68
arms,biceps-curl,701,955,80
arms,biceps-curl,669,944,12
arms,biceps-curl,618,961,42
arms,biceps-curl,533,971,134
arms,biceps-curl,496,978,197
arms,biceps-curl,427,989,128
arms,biceps-curl,304,970,91
arms,biceps-curl,209,952,168
arms,biceps-curl,122,948,224
arms,biceps-curl,40,932,236
arms,biceps-curl,-19,924,259
arms,biceps-curl,-77,935,262
arms,biceps-curl,-126,944,282
arms,biceps-curl,-168,917,316
arms,biceps-curl,-229,845,253
arms,biceps-curl,-300,777,188
arms,biceps-curl,-382,743,209
arms,biceps-curl,-456,720,253
arms,biceps-curl,-485,701,210
arms,biceps-curl,-514,686,251
arms,biceps-curl,-520,644,271
arms,biceps-curl,-537,575,214
arms,biceps-curl,-586,512,242
arms,biceps-curl,-599,457,256
arms,biceps-curl,-626,420,177
arms,biceps-curl,-645,363,104
arms,biceps-curl,-704,301,157
arms,biceps-curl,-711,277,53
arms,biceps-curl,-756,212,2
arms,biceps-curl,-782,186,57
arms,biceps-curl,-771,199,-59
arms,biceps-curl,-799,188,-5
arms,biceps-curl,-786,248,30
arms,biceps-curl,-814,256,-21
arms,biceps-curl,-752,240,-184
arms,biceps-curl,-736,328,288
arms,biceps-curl,-736,336,78
arms,biceps-curl,-698,359,118
arms,biceps-curl,-666,420,90
arms,biceps-curl,-686,453,292
arms,biceps-curl,-609,520,291
arms,biceps-curl,-551,591,253
arms,biceps-curl,-489,607,296
arms,biceps-curl,-433,681,344
arms,biceps-curl,-404,735,287
arms,biceps-curl,-349,776,253
arms,biceps-curl,-330,821,384
arms,biceps-curl,-280,886,315
arms,biceps-curl,-229,916,239
arms,biceps-curl,-205,920,207
arms,biceps-curl,-139,1020,222
arms,biceps-curl,-96,1010,183
arms,biceps-curl,-41,1000,118
arms,biceps-curl,20,1044,208
arms,biceps-curl,75,1020,272
arms,biceps-curl,158,973,124
arms,biceps-curl,219,992,52
arms,biceps-curl,205,976,81
arms,biceps-curl,270,961,10
arms,biceps-curl,344,972,15
arms,biceps-curl,352,924,108
arms,biceps-curl,395,865,55
arms,biceps-curl,480,833,-73
arms,biceps-curl,557,848,-81
arms,biceps-curl,614,881,-29
arms,biceps-curl,675,853,-53
arms,biceps-curl,728,839,-26
arms,biceps-curl,788,812,13
arms,biceps-curl,846,717,-90
arms,biceps-curl,883,712,-9
arms,biceps-curl,908,690,8
arms,biceps-curl,997,622,-53
arms,biceps-curl,1006,576,-18
arms,biceps-curl,1018,562,0
arms,biceps-curl,1068,518,11
arms,biceps-curl,1053,507,13
arms,biceps-curl,1050,484,-107
arms,biceps-curl,1089,464,-41
arms,biceps-curl,1054,458,-21
arms,biceps-curl,1041,423,-88
arms,biceps-curl,1047,416,-31
arms,biceps-curl,1040,415,-27
arms,biceps-curl,1042,399,-57
arms,biceps-curl,1063,394,-63
arms,biceps-curl,1040,433,-41
arms,biceps-curl,1040,464,-72
arms,biceps-curl,1040,464,-48
arms,biceps-curl,1040,472,-79
arms,biceps-curl,1025,480,19
arms,biceps-curl,1002,532,39
arms,biceps-curl,1022,543,-77
arms,biceps-curl,981,573,-31
arms,biceps-curl,969,590,18
arms,biceps-curl,948,612,106
arms,biceps-curl,937,636,93
arms,biceps-curl,923,673,36
arms,biceps-curl,920,731,100
arms,biceps-curl,895,750,77
arms,biceps-curl,876,788,94
arms,biceps-curl,884,794,80
arms,biceps-curl,865,826,141
arms,biceps-curl,817,862,129
arms,biceps-curl,795,904,128
arms,biceps-curl,781,946,83
arms,biceps-curl,715,965,102
arms,biceps-curl,655,993,192
arms,biceps-curl,597,979,175
arms,biceps-curl,517,992,192
arms,biceps-curl,449,1029,254
arms,biceps-curl,372,1010,229
arms,biceps-curl,286,972,209
arms,biceps-curl,196,980,192
arms,biceps-curl,106,973,191
arms,biceps-curl,27,937,239
arms,biceps-curl,-34,928,214
arms,biceps-curl,-96,908,167
arms,biceps-curl,-168,870,208
arms,biceps-curl,-216,844,265
arms,biceps-curl,-276,841,254
arms,biceps-curl,-331,823,219
arms,biceps-curl,-384,707,248
arms,biceps-curl,-431,669,300
arms,biceps-curl,-462,671,339
arms,biceps-curl,-462,620,218
arms,biceps-curl,-494,532,227
arms,biceps-curl,-545,494,321
arms,biceps-curl,-578,480,336
arms,biceps-curl,-590,438,276
arms,biceps-curl,-616,384,280
arms,biceps-curl,-621,345,207
arms,biceps-curl,-651,344,226
arms,biceps-curl,-681,285,71
arms,biceps-curl,-759,259,56
arms,biceps-curl,-760,204,-28
arms,biceps-curl,-866,152,-82
arms,biceps-curl,-896,151,-120
arms,biceps-curl,-912,128,-112
arms,biceps-curl,-904,120,-24
arms,biceps-curl,-904,120,-24
arms,biceps-curl,-896,159,54
arms,biceps-curl,-828,160,-28
arms,biceps-curl,-794,190,13
arms,biceps-curl,-785,243,133
arms,biceps-curl,-748,312,101
arms,biceps-curl,-702,327,82
arms,biceps-curl,-682,417,237
arms,biceps-curl,-600,465,277
arms,biceps-curl,-577,537,267
arms,biceps-curl,-551,590,308
arms,biceps-curl,-482,575,351
arms,biceps-curl,-446,628,318
arms,biceps-curl,-405,683,233
arms,biceps-curl,-358,725,271
arms,biceps-curl,-344,781,246
arms,biceps-curl,-333,805,202
arms,biceps-curl,-296,834,171
arms,biceps-curl,-260,914,160
arms,biceps-curl,-223,972,219
arms,biceps-curl,-198,970,246
arms,biceps-curl,-146,979,175
arms,biceps-curl,-108,988,110
arms,biceps-curl,-52,980,152
arms,biceps-curl,21,993,109
arms,biceps-curl,112,1020,80
arms,biceps-curl,234,963,94
arms,biceps-curl,333,925,111
arms,biceps-curl,401,968,142
arms,biceps-curl,503,965,85
arms,biceps-curl,616,931,64
arms,biceps-curl,680,882,34
arms,biceps-curl,764,895,68
arms,biceps-curl,795,906,86
arms,biceps-curl,825,856,15
arms,biceps-curl,895,853,98
arms,biceps-curl,874,806,95
arms,biceps-curl,926,783,74
arms,biceps-curl,948,697,60
arms,biceps-curl,964,587,2
arms,biceps-curl,969,616,28
arms,biceps-curl,954,574,82
arms,biceps-curl,1001,525,-9
arms,biceps-curl,1010,511,24
arms,biceps-curl,1023,500,21
arms,biceps-curl,1016,471,4
arms,biceps-curl,1020,459,33
arms,biceps-curl,1056,407,-36
arms,biceps-curl,1056,392,17
arms,biceps-curl,1064,392,40
arms,biceps-curl,1048,400,24
arms,biceps-curl,1072,368,-24
arms,biceps-curl,1072,391,-1
arms,biceps-curl,1080,407,-68
arms,biceps-curl,1050,386,-42
arms,biceps-curl,1041,428,84
arms,biceps-curl,1040,439,153
arms,biceps-curl,1061,426,111
arms,biceps-curl,1098,438,111
arms,biceps-curl,1084,500,165
arms,biceps-curl,1100,492,130
arms,biceps-curl,1098,507,50
arms,biceps-curl,1077,562,82
arms,biceps-curl,1042,594,108
arms,biceps-curl,1026,606,112
arms,biceps-curl,1007,642,152
arms,biceps-curl,967,656,146
arms,biceps-curl,871,694,141
arms,biceps-curl,843,759,144
arms,biceps-curl,823,779,98
arms,biceps-curl,759,835,121
arms,biceps-curl,709,872,157
arms,biceps-curl,664,886,155
arms,biceps-curl,613,923,161
arms,biceps-curl,536,940,207
arms,biceps-curl,455,944,269
arms,biceps-curl,388,932,252
arms,biceps-curl,302,927,223
arms,biceps-curl,222,966,236
arms,biceps-curl,164,992,250
arms,biceps-curl,98,992,215
arms,biceps-curl,37,1008,136
arms,biceps-curl,-7,1029,151
arms,biceps-curl,-55,1012,202
arms,biceps-curl,-104,978,248
arms,biceps-curl,-146,924,240
arms,biceps-curl,-229,857,219
arms,biceps-curl,-307,840,219
arms,biceps-curl,-349,825,233
arms,biceps-curl,-398,764,178
arms,biceps-curl,-451,699,179
arms,biceps-curl,-495,672,307
arms,biceps-curl,-527,631,208
arms,biceps-curl,-563,583,135
arms,biceps-curl,-585,536,134
arms,biceps-curl,-638,525,162
arms,biceps-curl,-626,443,129
arms,biceps-curl,-639,395,202
arms,biceps-curl,-623,341,145
arms,biceps-curl,-610,292,159
arms,biceps-curl,-649,216,142
arms,biceps-curl,-672,200,88
arms,biceps-curl,-736,136,16
arms,biceps-curl,-783,120,-100
arms,biceps-curl,-845,90,-51
arms,biceps-curl,-893,66,-85
arms,biceps-curl,-911,79,-66
arms,biceps-curl,-926,87,-93
arms,biceps-curl,-907,95,-82
arms,biceps-curl,-884,137,-46
arms,biceps-curl,-867,171,-7
arms,biceps-curl,-857,254,169
arms,biceps-curl,-780,234,-14
arms,biceps-curl,-741,298,15
arms,biceps-curl,-706,344,70
arms,biceps-curl,-661,364,92
arms,biceps-curl,-596,414,79
arms,biceps-curl,-531,510,111
arms,biceps-curl,-501,555,220
arms,biceps-curl,-459,649,311
arms,biceps-curl,-415,696,209
arms,biceps-curl,-400,721,146
arms,biceps-curl,-386,760,195
arms,biceps-curl,-334,832,164
arms,biceps-curl,-295,872,111
arms,biceps-curl,-279,863,117
arms,biceps-curl,-243,927,120
arms,biceps-curl,-164,1020,64
arms,biceps-curl,-81,1021,77
arms,biceps-curl,-33,1018,140
arms,biceps-curl,19,1037,97
arms,biceps-curl,77,1021,85
arms,biceps-curl,141,1006,101
arms,biceps-curl,214,992,17
arms,biceps-curl,279,1015,-3
arms,biceps-curl,365,1012,56
arms,biceps-curl,385,918,95
arms,biceps-curl,499,920,98
arms,biceps-curl,592,958,6
arms,biceps-curl,685,923,55
arms,biceps-curl,732,944,92
arms,biceps-curl,773,904,87
arms,biceps-curl,794,848,86
arms,biceps-curl,815,832,-19
arms,biceps-curl,875,753,-19
arms,biceps-curl,859,713,44
arms,biceps-curl,922,669,20
arms,biceps-curl,939,645,-9
arms,biceps-curl,967,620,-17
arms,biceps-curl,961,575,-23
arms,biceps-curl,977,559,-13
arms,biceps-curl,992,542,48
arms,biceps-curl,1008,488,40
arms,biceps-curl,1040,440,32
arms,biceps-curl,1048,401,32
arms,biceps-curl,1071,385,-6
arms,biceps-curl,1065,369,-1
arms,biceps-curl,1071,339,-15
arms,biceps-curl,1079,336,27
arms,biceps-curl,1059,336,67
arms,biceps-curl,1049,356,17
arms,biceps-curl,1055,353,8
arms,biceps-curl,1049,365,34
arms,biceps-curl,997,393,116
arms,biceps-curl,1003,406,74
arms,biceps-curl,1038,384,14
arms,biceps-curl,1030,388,100
arms,biceps-curl,1047,415,84
arms,biceps-curl,1073,435,19
arms,biceps-curl,1058,478,16
arms,biceps-curl,1043,522,61
arms,biceps-curl,1050,541,60
arms,biceps-curl,1036,569,117
arms,biceps-curl,1005,603,131
arms,biceps-curl,960,648,93
arms,biceps-curl,918,681,80
arms,biceps-curl,895,697,89
arms,biceps-curl,884,721,96
arms,biceps-curl,856,756,108
arms,biceps-curl,820,791,85
arms,biceps-curl,797,819,77
arms,biceps-curl,763,839,108
arms,biceps-curl,709,858,107
arms,biceps-curl,640,895,144
arms,biceps-curl,571,919,195
arms,biceps-curl,519,904,188
arms,biceps-curl,455,909,206
arms,biceps-curl,379,907,277
arms,biceps-curl,320,885,219
arms,biceps-curl,237,894,107
arms,biceps-curl,185,905,178
arms,biceps-curl,106,942,286
arms,biceps-curl,55,919,245
arms,biceps-curl,9,946,208
arms,biceps-curl,-55,951,229
arms,biceps-curl,-100,948,311
arms,biceps-curl,-167,970,277
arms,biceps-curl,-212,977,341
arms,biceps-curl,-248,925,262
arms,biceps-curl,-317,905,250
arms,biceps-curl,-371,916,268
arms,biceps-curl,-408,863,217
arms,biceps-curl,-409,848,234
arms,biceps-curl,-432,848,312
arms,biceps-curl,-456,800,224
arms,biceps-curl,-456,800,224
arms,biceps-curl,-495,777,193
arms,biceps-curl,-519,730,222
arms,biceps-curl,-535,661,306
arms,biceps-curl,-529,634,356
arms,biceps-curl,-542,553,324
arms,biceps-curl,-558,544,362
arms,biceps-curl,-587,428,368
arms,biceps-curl,-612,435,288
arms,biceps-curl,-629,414,155
arms,biceps-curl,-657,357,192
arms,biceps-curl,-664,344,171
arms,biceps-curl,-694,308,154
arms,biceps-curl,-733,267,164
arms,biceps-curl,-773,245,139
arms,biceps-curl,-795,223,39
arms,biceps-curl,-843,211,0
arms,biceps-curl,-869,208,-47
arms,biceps-curl,-887,193,-62
arms,biceps-curl,-886,189,-46
arms,biceps-curl,-885,211,-2
arms,biceps-curl,-874,219,29
arms,biceps-curl,-842,234,72
arms,biceps-curl,-807,265,82
arms,biceps-curl,-775,292,76
arms,biceps-curl,-728,324,128
arms,biceps-curl,-688,356,183
arms,biceps-curl,-662,390,233
arms,biceps-curl,-622,423,286
arms,biceps-curl,-590,459,338
arms,biceps-curl,-560,499,381
arms,biceps-curl,-505,541,370
arms,biceps-curl,-453,626,363
arms,biceps-curl,-412,716,395
arms,biceps-curl,-326,813,378
arms,biceps-curl,-295,842,256
arms,biceps-curl,-298,857,305
arms,biceps-curl,-245,888,288
arms,biceps-curl,-174,928,282
arms,biceps-curl,-115,967,244
arms,biceps-curl,-91,943,188
arms,biceps-curl,-51,981,207
arms,biceps-curl,47,1033,99
arms,biceps-curl,81,1005,119
arms,biceps-curl,108,1034,160
arms,biceps-curl,251,1047,156
arms,biceps-curl,280,1042,129
arms,biceps-curl,367,1060,222
arms,biceps-curl,356,998,201
arms,biceps-curl,441,958,211
arms,biceps-curl,473,888,33
arms,biceps-curl,567,888,159
arms,biceps-curl,607,880,183
arms,biceps-curl,669,804,77
arms,biceps-curl,747,763,79
arms,biceps-curl,767,804,87
arms,biceps-curl,832,744,109
arms,biceps-curl,882,701,98
arms,biceps-curl,929,655,-54
arms,biceps-curl,956,668,-7
arms,biceps-curl,960,685,41
arms,biceps-curl,954,637,80
arms,biceps-curl,952,556,-30
arms,biceps-curl,970,500,-70
arms,biceps-curl,988,488,-1
arms,biceps-curl,1015,477,47
arms,biceps-curl,1018,439,45
arms,biceps-curl,1027,381,40
arms,biceps-curl,1048,323,-13
arms,biceps-curl,1066,314,-9
arms,biceps-curl,1072,305,-7
arms,biceps-curl,1110,310,-64
arms,biceps-curl,1131,320,-64
arms,biceps-curl,1132,333,-18
arms,biceps-curl,1110,374,47
arms,biceps-curl,1084,379,30
arms,biceps-curl,1084,356,-4
arms,biceps-curl,1080,348,8
arms,biceps-curl,1057,351,33
arms,biceps-curl,1047,392,72
arms,biceps-curl,1056,415,62
arms,biceps-curl,1066,405,38
arms,biceps-curl,1062,445,61
arms,biceps-curl,1026,492,135
arms,biceps-curl,1019,534,130
arms,biceps-curl,1019,576,72
arms,biceps-curl,989,578,96
arms,biceps-curl,942,598,147
arms,biceps-curl,923,647,157
arms,biceps-curl,886,694,198
arms,biceps-curl,864,730,155
arms,biceps-curl,805,787,184
arms,biceps-curl,788,777,156
arms,biceps-curl,769,819,187
arms,biceps-curl,771,834,232
arms,biceps-curl,736,855,187
arms,biceps-curl,675,909,207
arms,biceps-curl,624,958,207
arms,biceps-curl,541,1011,281
arms,biceps-curl,492,935,295
arms,biceps-curl,414,921,277
arms,biceps-curl,352,944,168
arms,biceps-curl,264,976,256
arms,biceps-curl,202,968,194
arms,biceps-curl,162,998,260
arms,biceps-curl,115,940,279
arms,biceps-curl,61,958,214
arms,biceps-curl,-15,967,272
arms,biceps-curl,-66,947,329
arms,biceps-curl,-133,930,288
arms,biceps-curl,-217,921,327
arms,biceps-curl,-278,874,258
arms,biceps-curl,-345,845,221
arms,biceps-curl,-416,809,241
arms,biceps-curl,-456,788,212
arms,biceps-curl,-505,778,265
arms,biceps-curl,-537,730,328
arms,biceps-curl,-555,673,350
arms,biceps-curl,-582,645,320
arms,biceps-curl,-608,598,262
arms,biceps-curl,-621,561,271
arms,biceps-curl,-634,508,268
arms,biceps-curl,-645,451,218
arms,biceps-curl,-657,413,257
arms,biceps-curl,-655,355,304
arms,biceps-curl,-648,307,231
arms,biceps-curl,-652,267,139
arms,biceps-curl,-672,204,92
arms,biceps-curl,-703,118,49
arms,biceps-curl,-753,57,42
arms,biceps-curl,-803,-1,-31
arms,biceps-curl,-846,-61,-132
arms,biceps-curl,-894,-56,-91
arms,biceps-curl,-904,-44,-78
arms,biceps-curl,-904,-24,-73
arms,biceps-curl,-896,-13,-34
arms,biceps-curl,-877,16,-26
arms,biceps-curl,-862,42,-59
arms,biceps-curl,-840,73,-34
arms,biceps-curl,-834,111,6
arms,biceps-curl,-808,162,18
arms,biceps-curl,-777,197,20
arms,biceps-curl,-747,226,98
arms,biceps-curl,-722,280,145
arms,biceps-curl,-697,363,204
arms,biceps-curl,-698,420,283
arms,biceps-curl,-660,446,168
arms,biceps-curl,-625,497,227
arms,biceps-curl,-563,574,253
arms,biceps-curl,-508,635,300
arms,biceps-curl,-452,684,246
arms,biceps-curl,-383,754,202
arms,biceps-curl,-335,816,264
arms,biceps-curl,-281,832,232
arms,biceps-curl,-210,925,216
arms,biceps-curl,-185,905,216
arms,biceps-curl,-162,941,231
arms,biceps-curl,-102,966,174
arms,biceps-curl,-39,1018,154
arms,biceps-curl,-4,1052,96
arms,biceps-curl,48,1049,143
arms,biceps-curl,116,1061,112
arms,biceps-curl,200,1051,104
arms,biceps-curl,286,1054,66
arms,biceps-curl,341,1081,124
arms,biceps-curl,394,1016,132
arms,biceps-curl,479,963,28
arms,biceps-curl,538,963,84
arms,biceps-curl,563,979,92
arms,biceps-curl,600,957,53
arms,biceps-curl,674,918,-18
arms,biceps-curl,745,889,44
arms,biceps-curl,783,855,101
arms,biceps-curl,825,811,42
arms,biceps-curl,867,792,5
arms,biceps-curl,898,756,12
arms,biceps-curl,916,702,16
arms,biceps-curl,937,672,37
arms,biceps-curl,964,612,48
arms,biceps-curl,972,545,5
arms,biceps-curl,972,528,-32
arms,biceps-curl,987,521,-57
arms,biceps-curl,1003,502,-78
arms,biceps-curl,1018,472,-58
arms,biceps-curl,1029,433,-27
arms,biceps-curl,1036,405,-1
arms,biceps-curl,1053,367,-19
arms,biceps-curl,1051,314,-14
arms,biceps-curl,1063,336,13
arms,biceps-curl,1078,327,17
arms,biceps-curl,1070,317,-2
arms,biceps-curl,1070,350,0
arms,biceps-curl,1079,348,22
arms,biceps-curl,1053,358,1
arms,biceps-curl,1075,355,-44
arms,biceps-curl,1084,377,20
arms,biceps-curl,1066,418,71
arms,biceps-curl,1076,392,11
arms,biceps-curl,1046,452,-15
arms,biceps-curl,1031,487,60
arms,biceps-curl,1023,473,102
arms,biceps-curl,1013,489,71
arms,biceps-curl,960,512,49
arms,biceps-curl,944,528,80
arms,biceps-curl,904,560,120
arms,biceps-curl,904,560,120
arms,biceps-curl,912,583,81
arms,biceps-curl,897,614,27
arms,biceps-curl,881,668,54
arms,biceps-curl,865,708,-2
arms,biceps-curl,843,755,99
arms,biceps-curl,819,767,98
arms,biceps-curl,802,775,178
arms,biceps-curl,747,789,112
arms,biceps-curl,671,812,83
arms,biceps-curl,631,848,99
arms,biceps-curl,556,868,154
arms,biceps-curl,506,902,186
arms,biceps-curl,437,912,174
arms,biceps-curl,393,929,151
arms,biceps-curl,306,953,183
arms,biceps-curl,245,917,189
arms,biceps-curl,206,928,205
arms,biceps-curl,156,969,231
arms,biceps-curl,106,954,186
arms,biceps-curl,64,960,171
arms,biceps-curl,34,985,189
arms,biceps-curl,-7,992,196
arms,biceps-curl,-71,983,174
arms,biceps-curl,-133,997,206
arms,biceps-curl,-180,1000,200
arms,biceps-curl,-223,969,144
arms,biceps-curl,-274,956,196
arms,biceps-curl,-322,939,242
arms,biceps-curl,-361,902,234
arms,biceps-curl,-410,888,264
arms,biceps-curl,-451,873,306
arms,biceps-curl,-468,848,336
arms,biceps-curl,-491,837,333
arms,biceps-curl,-504,800,362
arms,biceps-curl,-527,756,413
arms,biceps-curl,-555,714,343
arms,biceps-curl,-595,657,280
arms,biceps-curl,-628,584,317
arms,biceps-curl,-636,553,423
arms,biceps-curl,-621,521,359
arms,biceps-curl,-611,490,245
arms,biceps-curl,-619,460,317
arms,biceps-curl,-591,429,371
arms,biceps-curl,-584,360,289
arms,biceps-curl,-584,305,241
arms,biceps-curl,-586,307,245
arms,biceps-curl,-609,253,217
arms,biceps-curl,-627,214,228
arms,biceps-curl,-691,166,157
arms,biceps-curl,-785,112,71
arms,biceps-curl,-871,80,1
arms,biceps-curl,-934,41,-109
arms,biceps-curl,-982,10,-21
arms,biceps-curl,-984,30,-23
arms,biceps-curl,-969,47,-9
arms,biceps-curl,-932,98,42
arms,biceps-curl,-900,132,34
arms,biceps-curl,-835,170,32
arms,biceps-curl,-811,209,119
arms,biceps-curl,-756,242,129
arms,biceps-curl,-687,267,128
arms,biceps-curl,-629,340,202
arms,biceps-curl,-598,354,290
arms,biceps-curl,-545,440,318
arms,biceps-curl,-482,512,320
arms,biceps-curl,-419,584,309
arms,biceps-curl,-395,624,266
arms,biceps-curl,-387,685,337
arms,biceps-curl,-318,773,277
arms,biceps-curl,-295,813,226
arms,biceps-curl,-256,873,299
arms,biceps-curl,-205,889,335
arms,biceps-curl,-183,894,306
arms,biceps-curl,-150,951,180
arms,biceps-curl,-82,1013,80
arms,biceps-curl,-20,1048,156
arms,biceps-curl,19,1033,167
arms,biceps-curl,95,1063,132
arms,biceps-curl,178,1107,145
arms,biceps-curl,210,1053,83
arms,biceps-curl,256,1006,70
arms,biceps-curl,344,998,59
arms,biceps-curl,431,991,50
arms,biceps-curl,499,963,93
arms,biceps-curl,593,971,57
arms,biceps-curl,680,954,28
arms,biceps-curl,689,897,101
arms,biceps-curl,733,865,51
arms,biceps-curl,792,828,2
arms,biceps-curl,796,829,32
arms,biceps-curl,816,779,24
arms,biceps-curl,852,719,-9
arms,biceps-curl,876,676,-21
arms,biceps-curl,898,651,-43
arms,biceps-curl,913,622,-17
arms,biceps-curl,922,603,-21
arms,biceps-curl,935,558,-5
arms,biceps-curl,931,533,-48
arms,biceps-curl,968,496,53
arms,biceps-curl,968,487,-7
arms,biceps-curl,968,448,32
arms,biceps-curl,976,432,40
arms,biceps-curl,999,440,-45
arms,biceps-curl,1023,394,-40
arms,biceps-curl,1046,340,-62
arms,biceps-curl,1077,343,24
arms,biceps-curl,1073,358,46
arms,biceps-curl,1086,339,20
arms,biceps-curl,1040,316,64
arms,biceps-curl,1012,325,45
arms,biceps-curl,1001,335,20
arms,biceps-curl,987,336,-16
arms,biceps-curl,990,348,26
arms,biceps-curl,992,328,52
arms,biceps-curl,1010,344,74
arms,biceps-curl,1022,341,51
arms,biceps-curl,1069,369,34
arms,biceps-curl,1099,389,64
arms,biceps-curl,1088,413,91
arms,biceps-curl,1065,419,65
arms,biceps-curl,1051,446,43
arms,biceps-curl,1010,488,59
arms,biceps-curl,970,509,81
arms,biceps-curl,947,543,106
arms,biceps-curl,919,559,94
arms,biceps-curl,900,573,130
arms,biceps-curl,872,612,144
arms,biceps-curl,844,647,104
arms,biceps-curl,825,671,104
arms,biceps-curl,794,701,93
arms,biceps-curl,763,745,127
arms,biceps-curl,728,765,166
arms,biceps-curl,698,769,94
arms,biceps-curl,662,801,84
arms,biceps-curl,611,832,165
arms,biceps-curl,579,840,176
arms,biceps-curl,538,858,164
arms,biceps-curl,521,871,152
arms,biceps-curl,456,903,205
arms,biceps-curl,426,936,238
arms,biceps-curl,397,919,207
arms,biceps-curl,357,954,136
arms,biceps-curl,338,986,213
arms,biceps-curl,308,964,275
arms,biceps-curl,286,976,284
arms,biceps-curl,260,932,265
arms,biceps-curl,169,963,269
arms,biceps-curl,108,985,239
arms,biceps-curl,67,993,235
arms,biceps-curl,-9,999,277
arms,biceps-curl,-26,976,376
arms,biceps-curl,-80,976,368
arms,biceps-curl,-120,992,328
arms,biceps-curl,-167,992,390
arms,biceps-curl,-168,992,339
arms,biceps-curl,-213,1007,276
arms,biceps-curl,-274,1023,338
arms,biceps-curl,-316,981,344
arms,biceps-curl,-348,976,316
arms,biceps-curl,-386,921,339
arms,biceps-curl,-432,839,377
arms,biceps-curl,-453,772,377
arms,biceps-curl,-494,760,427
arms,biceps-curl,-516,748,440
arms,biceps-curl,-520,720,410
arms,biceps-curl,-538,712,429
arms,biceps-curl,-544,660,446
arms,biceps-curl,-566,607,481
arms,biceps-curl,-581,560,458
arms,biceps-curl,-600,502,366
arms,biceps-curl,-628,475,364
arms,biceps-curl,-660,462,394
arms,biceps-curl,-662,446,309
arms,biceps-curl,-684,417,299
arms,biceps-curl,-700,378,349
arms,biceps-curl,-696,347,261
arms,biceps-curl,-708,319,209
arms,biceps-curl,-712,280,228
arms,biceps-curl,-704,256,220
arms,biceps-curl,-708,234,150
arms,biceps-curl,-733,180,103
arms,biceps-curl,-757,144,125
arms,biceps-curl,-778,128,33
arms,biceps-curl,-825,98,1
arms,biceps-curl,-849,68,51
arms,biceps-curl,-908,29,11
arms,biceps-curl,-992,27,-7
arms,biceps-curl,-1007,27,-112
arms,biceps-curl,-1038,11,-116
arms,biceps-curl,-1011,19,-1
arms,biceps-curl,-958,74,-32
arms,biceps-curl,-954,93,9
arms,biceps-curl,-870,143,-16
arms,biceps-curl,-826,168,5
arms,biceps-curl,-793,177,101
arms,biceps-curl,-751,228,114
arms,biceps-curl,-691,253,48
arms,biceps-curl,-648,298,176
arms,biceps-curl,-583,386,313
arms,biceps-curl,-571,415,322
arms,biceps-curl,-502,506,350
arms,biceps-curl,-454,553,314
arms,biceps-curl,-384,584,376
arms,biceps-curl,-352,648,312
arms,biceps-curl,-352,648,312
arms,biceps-curl,-298,702,273
arms,biceps-curl,-296,811,333
arms,biceps-curl,-266,801,299
arms,biceps-curl,-213,909,252
arms,biceps-curl,-172,941,241
arms,biceps-curl,-133,909,282
arms,biceps-curl,-73,945,172
arms,biceps-curl,-11,1032,245
arms,biceps-curl,26,1022,225
arms,biceps-curl,76,1003,114
arms,biceps-curl,150,1056,76
arms,biceps-curl,222,1066,66
arms,biceps-curl,281,1005,229
arms,biceps-curl,330,1030,173
arms,biceps-curl,467,948,33
arms,biceps-curl,525,893,111
arms,biceps-curl,591,914,205
arms,biceps-curl,665,948,193
arms,biceps-curl,713,901,28
arms,biceps-curl,814,826,-107
arms,biceps-curl,867,800,-90
arms,biceps-curl,904,764,-29
arms,biceps-curl,953,745,27
arms,biceps-curl,980,702,27
arms,biceps-curl,1004,636,-12
arms,biceps-curl,1039,612,-51
arms,biceps-curl,1053,571,-65
arms,biceps-curl,1047,507,-34
arms,biceps-curl,1039,456,-26
arms,biceps-curl,1010,418,-43
arms,biceps-curl,994,396,-54
arms,biceps-curl,961,359,-64
arms,biceps-curl,909,303,-53
arms,biceps-curl,883,246,-35
arms,biceps-curl,865,222,-33
arms,biceps-curl,832,205,-2
arms,biceps-curl,784,176,32
arms,biceps-curl,754,184,14
arms,biceps-curl,731,213,-31
arms,biceps-curl,704,222,0
arms,biceps-curl,666,175,-4
arms,biceps-curl,643,140,-21
arms,biceps-curl,658,164,-8
arms,biceps-curl,670,185,0
arms,biceps-curl,659,188,53
arms,biceps-curl,690,153,20
arms,biceps-curl,711,160,-10
arms,biceps-curl,696,158,74
arms,biceps-curl,698,128,109
arms,biceps-curl,777,137,7
arms,biceps-curl,847,191,-47
arms,biceps-curl,910,231,-32
arms,biceps-curl,897,171,44
arms,biceps-curl,956,153,123
arms,biceps-curl,1048,188,26
arms,biceps-curl,1056,192,45
arms,biceps-curl,1056,136,97
arms,biceps-curl,1049,142,124
arms,biceps-curl,1075,204,95
arms,biceps-curl,1119,196,10
arms,biceps-curl,1134,192,-21
arms,biceps-curl,1167,155,-18
arms,biceps-curl,1182,162,14
arms,biceps-curl,1196,233,65
arms,biceps-curl,1229,222,17
arms,biceps-curl,1234,208,3
arms,biceps-curl,1243,192,19
arms,biceps-curl,1253,200,-18
arms,biceps-curl,1251,213,-76
arms,biceps-curl,1233,186,-91
arms,biceps-curl,1229,178,-88
arms,biceps-curl,1237,203,-88
arms,biceps-curl,1231,212,-70
arms,biceps-curl,1237,199,4
arms,biceps-curl,1231,192,73
arms,biceps-curl,1224,164,12
arms,biceps-curl,1251,144,-52
arms,biceps-curl,1283,178,-18
arms,biceps-curl,1307,240,1
arms,biceps-curl,1307,287,12
arms,biceps-curl,1481,341,43
arms,biceps-curl,1722,402,60
arms,biceps-curl,1645,375,54
arms,biceps-curl,1670,446,66
arms,biceps-curl,1811,604,-65
arms,biceps-curl,1928,547,-490
arms,biceps-curl,1768,653,-267
arms,biceps-curl,1654,793,-156
arms,biceps-curl,1525,760,-162
arms,biceps-curl,1382,773,-158
arms,biceps-curl,1239,718,-221
arms,biceps-curl,1123,642,-269
arms,biceps-curl,1009,608,-263
arms,biceps-curl,881,564,-294
arms,biceps-curl,781,542,-282
arms,biceps-curl,695,525,-295
arms,biceps-curl,618,492,-292
arms,biceps-curl,558,454,-338
arms,biceps-curl,526,430,-366
arms,biceps-curl,488,391,-328
arms,biceps-curl,472,360,-328
