1408,192,176,biceps-curl,,,
1385,200,238,biceps-curl,,,
1384,192,324,biceps-curl,,,
1377,214,321,biceps-curl,,,
1376,311,181,biceps-curl,,,
1362,313,296,biceps-curl,,,
1332,263,291,biceps-curl,,,
1314,222,206,biceps-curl,,,
1279,129,99,biceps-curl,,,
1181,79,204,biceps-curl,,,
1084,91,232,biceps-curl,,,
996,77,220,biceps-curl,,,
946,66,101,biceps-curl,,,
865,64,76,biceps-curl,,,
794,87,6,biceps-curl,,,
715,107,-46,biceps-curl,,,
656,123,31,biceps-curl,,,
593,154,151,biceps-curl,,,
553,173,177,biceps-curl,,,
539,171,74,biceps-curl,,,
546,158,49,biceps-curl,,,
533,161,86,biceps-curl,,,
507,164,145,biceps-curl,,,
500,160,162,biceps-curl,,,
516,181,140,biceps-curl,,,
520,220,176,biceps-curl,,,
489,263,320,biceps-curl,,,
464,310,439,biceps-curl,,,
496,340,448,biceps-curl,,,
576,374,428,biceps-curl,,,
648,455,371,biceps-curl,,,
678,573,346,biceps-curl,,,
656,689,434,biceps-curl,,,
603,731,539,biceps-curl,,,
585,768,536,biceps-curl,,,
538,817,530,biceps-curl,,,
539,863,552,biceps-curl,,,
520,878,565,biceps-curl,,,
486,876,596,biceps-curl,,,
451,895,573,biceps-curl,,,
432,925,549,biceps-curl,,,
420,945,597,biceps-curl,,,
368,951,593,biceps-curl,,,
363,951,646,biceps-curl,,,
332,988,674,biceps-curl,,,
301,958,635,biceps-curl,,,
271,945,659,biceps-curl,,,
251,950,611,biceps-curl,,,
175,928,652,biceps-curl,,,
158,919,580,biceps-curl,,,
88,888,695,biceps-curl,,,
56,872,609,biceps-curl,,,
-14,818,608,biceps-curl,,,
-54,770,494,biceps-curl,,,
-153,723,510,biceps-curl,,,
-211,771,483,biceps-curl,,,
-287,755,437,biceps-curl,,,
-345,731,509,biceps-curl,,,
-372,687,363,biceps-curl,,,
-429,653,369,biceps-curl,,,
-453,661,448,biceps-curl,,,
-456,626,299,biceps-curl,,,
-506,591,287,biceps-curl,,,
-556,626,387,biceps-curl,,,
-544,581,369,biceps-curl,,,
-547,508,352,biceps-curl,,,
-552,388,101,biceps-curl,,,
-579,322,84,biceps-curl,,,
-629,296,117,biceps-curl,,,
-684,268,127,biceps-curl,,,
-719,236,3,biceps-curl,,,
-742,205,-23,biceps-curl,,,
-757,197,53,biceps-curl,,,
-764,200,-23,biceps-curl,,,
-781,191,-52,biceps-curl,,,
-792,180,-33,biceps-curl,,,
-792,188,-44,biceps-curl,,,
-800,200,-9,biceps-curl,,,
-797,211,34,biceps-curl,,,
-777,224,21,biceps-curl,,,
-775,231,20,biceps-curl,,,
-768,243,96,biceps-curl,,,
-747,269,160,biceps-curl,,,
-740,310,247,biceps-curl,,,
-715,336,285,biceps-curl,,,
-694,386,270,biceps-curl,,,
-665,424,294,biceps-curl,,,
-632,433,357,biceps-curl,,,
-584,471,265,biceps-curl,,,
-558,524,337,biceps-curl,,,
-552,587,463,biceps-curl,,,
-534,680,603,biceps-curl,,,
-463,683,532,biceps-curl,,,
-448,708,577,biceps-curl,,,
-396,774,566,biceps-curl,,,
-325,803,686,biceps-curl,,,
-298,774,615,biceps-curl,,,
-244,825,612,biceps-curl,,,
-206,840,645,biceps-curl,,,
-176,842,603,biceps-curl,,,
-182,871,511,biceps-curl,,,
-104,848,744,biceps-curl,,,
-64,848,640,biceps-curl,,,
-17,832,640,biceps-curl,,,
37,794,632,biceps-curl,,,
70,852,684,biceps-curl,,,
116,834,681,biceps-curl,,,
199,861,623,biceps-curl,,,
250,822,616,biceps-curl,,,
236,864,828,biceps-curl,,,
272,799,697,biceps-curl,,,
300,693,592,biceps-curl,,,
285,786,805,biceps-curl,,,
336,822,703,biceps-curl,,,
382,776,584,biceps-curl,,,
421,754,654,biceps-curl,,,
484,741,562,biceps-curl,,,
543,786,668,biceps-curl,,,
533,748,763,biceps-curl,,,
552,704,603,biceps-curl,,,
588,681,502,biceps-curl,,,
615,657,486,biceps-curl,,,
624,638,504,biceps-curl,,,
643,623,529,biceps-curl,,,
683,616,505,biceps-curl,,,
726,607,476,biceps-curl,,,
756,575,393,biceps-curl,,,
792,584,380,biceps-curl,,,
812,585,486,biceps-curl,,,
860,541,543,biceps-curl,,,
945,532,591,biceps-curl,,,
989,556,596,biceps-curl,,,
1021,623,542,biceps-curl,,,
1022,698,561,biceps-curl,,,
969,728,585,biceps-curl,,,
906,731,570,biceps-curl,,,
851,744,525,biceps-curl,,,
819,748,554,biceps-curl,,,
783,729,562,biceps-curl,,,
720,760,583,biceps-curl,,,
714,782,632,biceps-curl,,,
698,778,663,biceps-curl,,,
699,789,698,biceps-curl,,,
671,815,721,biceps-curl,,,
617,844,652,biceps-curl,,,
537,820,644,biceps-curl,,,
489,802,714,biceps-curl,,,
433,814,720,biceps-curl,,,
372,796,672,biceps-curl,,,
325,762,833,biceps-curl,,,
286,783,732,biceps-curl,,,
246,760,652,biceps-curl,,,
176,777,768,biceps-curl,,,
152,839,760,biceps-curl,,,
90,863,675,biceps-curl,,,
50,856,763,biceps-curl,,,
18,819,708,biceps-curl,,,
-35,801,602,biceps-curl,,,
-104,814,613,biceps-curl,,,
-189,795,679,biceps-curl,,,
-207,765,606,biceps-curl,,,
-228,760,539,biceps-curl,,,
-278,708,528,biceps-curl,,,
-339,658,560,biceps-curl,,,
-371,617,549,biceps-curl,,,
-394,566,472,biceps-curl,,,
-441,534,560,biceps-curl,,,
-473,517,411,biceps-curl,,,
-486,495,241,biceps-curl,,,
-515,439,189,biceps-curl,,,
-570,395,336,biceps-curl,,,
-602,353,350,biceps-curl,,,
-633,331,258,biceps-curl,,,
-648,333,210,biceps-curl,,,
-657,304,117,biceps-curl,,,
-713,271,92,biceps-curl,,,
-735,234,55,biceps-curl,,,
-753,179,-25,biceps-curl,,,
-784,128,-36,biceps-curl,,,
-784,127,-78,biceps-curl,,,
-788,167,-118,biceps-curl,,,
-785,177,-75,biceps-curl,,,
-783,188,-11,biceps-curl,,,
-773,222,27,biceps-curl,,,
-747,238,32,biceps-curl,,,
-749,260,60,biceps-curl,,,
-733,288,73,biceps-curl,,,
-704,320,154,biceps-curl,,,
-686,359,241,biceps-curl,,,
-696,394,388,biceps-curl,,,
-713,440,404,biceps-curl,,,
-632,434,216,biceps-curl,,,
-582,423,342,biceps-curl,,,
-568,453,531,biceps-curl,,,
-521,478,516,biceps-curl,,,
-457,520,421,biceps-curl,,,
-466,602,586,biceps-curl,,,
-467,616,669,biceps-curl,,,
-374,614,542,biceps-curl,,,
-362,614,617,biceps-curl,,,
-377,757,861,biceps-curl,,,
-284,718,602,biceps-curl,,,
-207,676,640,biceps-curl,,,
-160,792,896,biceps-curl,,,
-120,768,776,biceps-curl,,,
-50,737,652,biceps-curl,,,
-63,713,891,biceps-curl,,,
-19,712,748,biceps-curl,,,
72,734,743,biceps-curl,,,
101,736,851,biceps-curl,,,
111,757,934,biceps-curl,,,
221,760,835,biceps-curl,,,
287,713,803,biceps-curl,,,
309,724,800,biceps-curl,,,
382,734,832,biceps-curl,,,
400,693,846,biceps-curl,,,
436,638,715,biceps-curl,,,
501,624,678,biceps-curl,,,
531,624,691,biceps-curl,,,
558,618,718,biceps-curl,,,
617,611,663,biceps-curl,,,
682,582,706,biceps-curl,,,
714,537,662,biceps-curl,,,
740,550,656,biceps-curl,,,
771,549,575,biceps-curl,,,
812,541,532,biceps-curl,,,
850,548,570,biceps-curl,,,
873,535,571,biceps-curl,,,
876,524,506,biceps-curl,,,
908,532,464,biceps-curl,,,
956,532,464,biceps-curl,,,
975,517,493,biceps-curl,,,
991,536,557,biceps-curl,,,
997,583,618,biceps-curl,,,
979,598,645,biceps-curl,,,
954,605,595,biceps-curl,,,
924,612,569,biceps-curl,,,
861,629,551,biceps-curl,,,
798,629,514,biceps-curl,,,
759,642,602,biceps-curl,,,
722,648,662,biceps-curl,,,
726,654,610,biceps-curl,,,
716,674,614,biceps-curl,,,
699,685,687,biceps-curl,,,
678,706,715,biceps-curl,,,
666,713,710,biceps-curl,,,
632,727,647,biceps-curl,,,
588,759,733,biceps-curl,,,
555,751,813,biceps-curl,,,
460,741,841,biceps-curl,,,
420,721,782,biceps-curl,,,
380,738,759,biceps-curl,,,
324,769,743,biceps-curl,,,
239,784,727,biceps-curl,,,
208,776,705,biceps-curl,,,
168,784,823,biceps-curl,,,
152,768,770,biceps-curl,,,
122,783,707,biceps-curl,,,
90,769,659,biceps-curl,,,
15,804,773,biceps-curl,,,
-13,801,663,biceps-curl,,,
-72,786,669,biceps-curl,,,
-135,757,706,biceps-curl,,,
-171,759,659,biceps-curl,,,
-215,734,524,biceps-curl,,,
-275,709,642,biceps-curl,,,
-313,667,562,biceps-curl,,,
-386,620,492,biceps-curl,,,
-432,590,433,biceps-curl,,,
-474,584,479,biceps-curl,,,
-521,551,454,biceps-curl,,,
-541,520,437,biceps-curl,,,
-560,496,414,biceps-curl,,,
-578,463,456,biceps-curl,,,
-574,399,364,biceps-curl,,,
-587,344,164,biceps-curl,,,
-605,309,103,biceps-curl,,,
-639,283,147,biceps-curl,,,
-668,255,108,biceps-curl,,,
-676,203,-2,biceps-curl,,,
-700,144,-104,biceps-curl,,,
-743,139,-140,biceps-curl,,,
-761,156,-154,biceps-curl,,,
-787,148,-128,biceps-curl,,,
-825,171,-5,biceps-curl,,,
-813,195,-32,biceps-curl,,,
-805,185,-87,biceps-curl,,,
-794,209,50,biceps-curl,,,
-792,221,26,biceps-curl,,,
-790,232,21,biceps-curl,,,
-750,259,122,biceps-curl,,,
-749,273,279,biceps-curl,,,
-741,347,325,biceps-curl,,,
-684,384,278,biceps-curl,,,
-670,415,244,biceps-curl,,,
-661,458,353,biceps-curl,,,
-636,532,484,biceps-curl,,,
-585,560,383,biceps-curl,,,
-581,604,487,biceps-curl,,,
-518,628,430,biceps-curl,,,
-500,659,421,biceps-curl,,,
-468,683,492,biceps-curl,,,
-495,636,771,biceps-curl,,,
-367,693,597,biceps-curl,,,
-353,791,550,biceps-curl,,,
-376,744,736,biceps-curl,,,
-240,728,560,biceps-curl,,,
-240,728,560,biceps-curl,,,
-224,844,754,biceps-curl,,,
-194,856,577,biceps-curl,,,
-147,826,806,biceps-curl,,,
-64,846,634,biceps-curl,,,
23,834,530,biceps-curl,,,
18,860,813,biceps-curl,,,
30,850,849,biceps-curl,,,
132,788,561,biceps-curl,,,
159,776,667,biceps-curl,,,
192,795,863,biceps-curl,,,
231,806,737,biceps-curl,,,
276,832,736,biceps-curl,,,
317,781,664,biceps-curl,,,
345,771,678,biceps-curl,,,
385,731,707,biceps-curl,,,
460,728,658,biceps-curl,,,
467,747,716,biceps-curl,,,
502,721,704,biceps-curl,,,
563,684,598,biceps-curl,,,
608,677,605,biceps-curl,,,
652,675,580,biceps-curl,,,
694,659,567,biceps-curl,,,
669,626,687,biceps-curl,,,
678,571,656,biceps-curl,,,
724,548,540,biceps-curl,,,
732,572,524,biceps-curl,,,
758,577,524,biceps-curl,,,
802,550,507,biceps-curl,,,
814,525,554,biceps-curl,,,
797,514,637,biceps-curl,,,
807,492,541,biceps-curl,,,
852,478,438,biceps-curl,,,
896,493,440,biceps-curl,,,
933,496,390,biceps-curl,,,
991,485,361,biceps-curl,,,
1026,503,467,biceps-curl,,,
1028,528,504,biceps-curl,,,
1012,560,532,biceps-curl,,,
989,595,522,biceps-curl,,,
944,629,455,biceps-curl,,,
899,617,504,biceps-curl,,,
836,629,597,biceps-curl,,,
802,660,552,biceps-curl,,,
723,678,599,biceps-curl,,,
739,668,601,biceps-curl,,,
692,703,673,biceps-curl,,,
651,699,672,biceps-curl,,,
687,743,567,biceps-curl,,,
671,727,716,biceps-curl,,,
631,680,831,biceps-curl,,,
569,664,737,biceps-curl,,,
584,703,643,biceps-curl,,,
538,727,739,biceps-curl,,,
476,713,699,biceps-curl,,,
384,734,769,biceps-curl,,,
369,722,648,biceps-curl,,,
298,755,653,biceps-curl,,,
206,774,820,biceps-curl,,,
172,783,721,biceps-curl,,,
129,771,722,biceps-curl,,,
88,768,817,biceps-curl,,,
55,768,766,biceps-curl,,,
6,780,750,biceps-curl,,,
-8,802,823,biceps-curl,,,
-2,745,814,biceps-curl,,,
-39,681,789,biceps-curl,,,
-83,659,703,biceps-curl,,,
-143,693,611,biceps-curl,,,
-199,732,645,biceps-curl,,,
-236,714,665,biceps-curl,,,
-296,663,666,biceps-curl,,,
-356,617,644,biceps-curl,,,
-398,582,561,biceps-curl,,,
-451,568,529,biceps-curl,,,
-497,551,527,biceps-curl,,,
-512,528,536,biceps-curl,,,
-520,489,548,biceps-curl,,,
-528,452,477,biceps-curl,,,
-549,430,355,biceps-curl,,,
-596,384,298,biceps-curl,,,
-621,333,222,biceps-curl,,,
-650,298,137,biceps-curl,,,
-701,282,236,biceps-curl,,,
-704,253,258,biceps-curl,,,
-725,195,193,biceps-curl,,,
-741,152,112,biceps-curl,,,
-754,152,85,biceps-curl,,,
-766,152,8,biceps-curl,,,
-788,152,-20,biceps-curl,,,
-798,152,-27,biceps-curl,,,
-800,149,5,biceps-curl,,,
-825,145,65,biceps-curl,,,
-788,192,105,biceps-curl,,,
-772,228,124,biceps-curl,,,
-785,217,196,biceps-curl,,,
-734,280,227,biceps-curl,,,
-719,283,264,biceps-curl,,,
-701,318,428,biceps-curl,,,
-652,400,480,biceps-curl,,,
-584,409,334,biceps-curl,,,
-568,440,520,biceps-curl,,,
-512,488,528,biceps-curl,,,
-504,441,551,biceps-curl,,,
-489,531,613,biceps-curl,,,
-488,588,631,biceps-curl,,,
-444,541,566,biceps-curl,,,
-419,615,581,biceps-curl,,,
-353,722,696,biceps-curl,,,
-324,681,678,biceps-curl,,,
-353,732,812,biceps-curl,,,
-269,705,612,biceps-curl,,,
-159,690,687,biceps-curl,,,
-136,707,807,biceps-curl,,,
-76,742,844,biceps-curl,,,
-68,687,807,biceps-curl,,,
-49,716,895,biceps-curl,,,
38,730,841,biceps-curl,,,
83,712,822,biceps-curl,,,
120,715,858,biceps-curl,,,
182,725,847,biceps-curl,,,
193,728,891,biceps-curl,,,
213,718,895,biceps-curl,,,
278,693,835,biceps-curl,,,
308,680,875,biceps-curl,,,
356,658,855,biceps-curl,,,
442,607,759,biceps-curl,,,
504,592,756,biceps-curl,,,
524,616,826,biceps-curl,,,
549,598,828,biceps-curl,,,
588,561,737,biceps-curl,,,
602,565,698,biceps-curl,,,
635,578,686,biceps-curl,,,
679,559,642,biceps-curl,,,
692,535,658,biceps-curl,,,
672,517,668,biceps-curl,,,
685,509,592,biceps-curl,,,
717,502,578,biceps-curl,,,
735,489,575,biceps-curl,,,
758,474,563,biceps-curl,,,
780,482,588,biceps-curl,,,
799,486,565,biceps-curl,,,
836,482,505,biceps-curl,,,
896,487,410,biceps-curl,,,
959,481,407,biceps-curl,,,
921,490,527,biceps-curl,,,
979,504,564,biceps-curl,,,
999,508,545,biceps-curl,,,
991,545,625,biceps-curl,,,
972,555,630,biceps-curl,,,
919,600,604,biceps-curl,,,
895,608,540,biceps-curl,,,
855,616,672,biceps-curl,,,
785,624,688,biceps-curl,,,
776,640,610,biceps-curl,,,
715,655,692,biceps-curl,,,
682,626,666,biceps-curl,,,
687,595,657,biceps-curl,,,
674,613,592,biceps-curl,,,
623,644,640,biceps-curl,,,
616,641,628,biceps-curl,,,
603,633,584,biceps-curl,,,
567,652,713,biceps-curl,,,
547,662,731,biceps-curl,,,
532,639,685,biceps-curl,,,
474,650,751,biceps-curl,,,
427,650,735,biceps-curl,,,
370,688,686,biceps-curl,,,
307,715,694,biceps-curl,,,
261,742,747,biceps-curl,,,
216,752,768,biceps-curl,,,
185,762,778,biceps-curl,,,
141,768,710,biceps-curl,,,
96,782,659,biceps-curl,,,
48,778,665,biceps-curl,,,
-34,768,672,biceps-curl,,,
-76,768,642,biceps-curl,,,
-109,776,641,biceps-curl,,,
-160,788,656,biceps-curl,,,
-180,788,679,biceps-curl,,,
-202,802,679,biceps-curl,,,
-242,813,651,biceps-curl,,,
-274,793,651,biceps-curl,,,
-298,778,655,biceps-curl,,,
-309,759,624,biceps-curl,,,
-321,738,514,biceps-curl,,,
-371,720,482,biceps-curl,,,
-421,686,476,biceps-curl,,,
-455,626,537,biceps-curl,,,
-488,567,504,biceps-curl,,,
-539,548,512,biceps-curl,,,
-566,556,481,biceps-curl,,,
-569,535,321,biceps-curl,,,
-603,504,370,biceps-curl,,,
-617,494,427,biceps-curl,,,
-629,441,352,biceps-curl,,,
-660,402,258,biceps-curl,,,
-688,360,179,biceps-curl,,,
-743,302,194,biceps-curl,,,
-737,287,143,biceps-curl,,,
-754,275,120,biceps-curl,,,
-778,207,1,biceps-curl,,,
-808,183,-136,biceps-curl,,,
-824,160,-120,biceps-curl,,,
-816,168,72,biceps-curl,,,
-816,168,72,biceps-curl,,,
-793,176,-52,biceps-curl,,,
-807,168,5,biceps-curl,,,
-793,183,75,biceps-curl,,,
-807,213,95,biceps-curl,,,
-794,230,82,biceps-curl,,,
-792,267,87,biceps-curl,,,
-792,258,143,biceps-curl,,,
-765,283,132,biceps-curl,,,
-727,340,187,biceps-curl,,,
-720,358,346,biceps-curl,,,
-701,397,372,biceps-curl,,,
-678,432,362,biceps-curl,,,
-625,452,342,biceps-curl,,,
-608,479,451,biceps-curl,,,
-591,538,424,biceps-curl,,,
-568,603,441,biceps-curl,,,
-528,619,469,biceps-curl,,,
-512,687,559,biceps-curl,,,
-477,708,529,biceps-curl,,,
-437,720,461,biceps-curl,,,
-410,796,605,biceps-curl,,,
-391,804,577,biceps-curl,,,
-362,828,503,biceps-curl,,,
-356,868,565,biceps-curl,,,
-324,844,568,biceps-curl,,,
-242,847,582,biceps-curl,,,
-189,828,635,biceps-curl,,,
-162,790,662,biceps-curl,,,
-124,788,663,biceps-curl,,,
-67,770,624,biceps-curl,,,
-24,781,615,biceps-curl,,,
-4,782,675,biceps-curl,,,
54,778,761,biceps-curl,,,
109,747,808,biceps-curl,,,
153,738,774,biceps-curl,,,
201,739,726,biceps-curl,,,
237,728,770,biceps-curl,,,
286,738,712,biceps-curl,,,
335,759,775,biceps-curl,,,
372,718,731,biceps-curl,,,
425,680,687,biceps-curl,,,
475,684,704,biceps-curl,,,
528,700,628,biceps-curl,,,
540,679,648,biceps-curl,,,
625,673,658,biceps-curl,,,
631,676,740,biceps-curl,,,
619,638,687,biceps-curl,,,
667,615,568,biceps-curl,,,
727,599,578,biceps-curl,,,
680,576,631,biceps-curl,,,
712,552,529,biceps-curl,,,
712,544,567,biceps-curl,,,
689,536,560,biceps-curl,,,
748,521,433,biceps-curl,,,
818,527,431,biceps-curl,,,
831,507,539,biceps-curl,,,
867,518,482,biceps-curl,,,
954,506,390,biceps-curl,,,
1035,517,303,biceps-curl,,,
1094,520,392,biceps-curl,,,
1098,526,454,biceps-curl,,,
1071,559,551,biceps-curl,,,
1022,598,504,biceps-curl,,,
984,608,439,biceps-curl,,,
930,597,487,biceps-curl,,,
867,609,545,biceps-curl,,,
837,600,538,biceps-curl,,,
800,608,533,biceps-curl,,,
764,641,551,biceps-curl,,,
752,631,560,biceps-curl,,,
733,611,603,biceps-curl,,,
701,636,623,biceps-curl,,,
679,669,589,biceps-curl,,,
659,641,684,biceps-curl,,,
669,591,763,biceps-curl,,,
668,596,696,biceps-curl,,,
640,624,633,biceps-curl,,,
606,650,653,biceps-curl,,,
558,668,714,biceps-curl,,,
529,654,702,biceps-curl,,,
501,656,672,biceps-curl,,,
451,689,730,biceps-curl,,,
407,698,775,biceps-curl,,,
370,696,730,biceps-curl,,,
312,715,698,biceps-curl,,,
265,732,742,biceps-curl,,,
216,767,706,biceps-curl,,,
155,795,691,biceps-curl,,,
94,824,734,biceps-curl,,,
81,813,711,biceps-curl,,,
46,776,716,biceps-curl,,,
-2,777,640,biceps-curl,,,
-56,785,637,biceps-curl,,,
-103,794,635,biceps-curl,,,
-146,804,690,biceps-curl,,,
-166,771,651,biceps-curl,,,
-221,732,673,biceps-curl,,,
-276,773,677,biceps-curl,,,
-328,736,533,biceps-curl,,,
-337,736,632,biceps-curl,,,
-360,736,616,biceps-curl,,,
-352,672,528,biceps-curl,,,
-414,618,528,biceps-curl,,,
-454,616,566,biceps-curl,,,
-449,571,486,biceps-curl,,,
-492,546,444,biceps-curl,,,
-532,537,340,biceps-curl,,,
-564,515,370,biceps-curl,,,
-588,492,369,biceps-curl,,,
-592,455,348,biceps-curl,,,
-599,402,266,biceps-curl,,,
-625,424,318,biceps-curl,,,
-638,389,255,biceps-curl,,,
-670,346,280,biceps-curl,,,
-674,312,202,biceps-curl,,,
-701,258,53,biceps-curl,,,
-762,184,25,biceps-curl,,,
-795,160,-38,biceps-curl,,,
-826,144,-109,biceps-curl,,,
-855,121,-128,biceps-curl,,,
-874,122,-108,biceps-curl,,,
-890,152,-5,biceps-curl,,,
-859,187,42,biceps-curl,,,
-814,222,63,biceps-curl,,,
-791,249,187,biceps-curl,,,
-763,293,222,biceps-curl,,,
-740,348,152,biceps-curl,,,
-732,380,213,biceps-curl,,,
-721,388,286,biceps-curl,,,
-687,405,289,biceps-curl,,,
-643,466,344,biceps-curl,,,
-614,489,376,biceps-curl,,,
-582,477,361,biceps-curl,,,
-537,553,362,biceps-curl,,,
-493,616,427,biceps-curl,,,
-466,595,472,biceps-curl,,,
-464,613,493,biceps-curl,,,
-388,694,520,biceps-curl,,,
-332,724,596,biceps-curl,,,
-300,736,667,biceps-curl,,,
-231,817,583,biceps-curl,,,
-198,851,623,biceps-curl,,,
-182,858,670,biceps-curl,,,
-127,844,624,biceps-curl,,,
-73,891,612,biceps-curl,,,
-22,818,556,biceps-curl,,,
53,834,659,biceps-curl,,,
96,845,801,biceps-curl,,,
101,814,648,biceps-curl,,,
178,783,657,biceps-curl,,,
226,760,829,biceps-curl,,,
297,760,736,biceps-curl,,,
351,736,688,biceps-curl,,,
414,775,672,biceps-curl,,,
370,753,702,biceps-curl,,,
450,685,674,biceps-curl,,,
529,680,584,biceps-curl,,,
557,687,676,biceps-curl,,,
553,667,723,biceps-curl,,,
620,637,714,biceps-curl,,,
645,572,665,biceps-curl,,,
681,580,539,biceps-curl,,,
739,609,563,biceps-curl,,,
771,566,545,biceps-curl,,,
794,552,536,biceps-curl,,,
871,558,454,biceps-curl,,,
913,537,418,biceps-curl,,,
920,506,483,biceps-curl,,,
947,496,447,biceps-curl,,,
981,501,421,biceps-curl,,,
1007,494,388,biceps-curl,,,
1021,493,398,biceps-curl,,,
1024,486,435,biceps-curl,,,
1019,480,453,biceps-curl,,,
1016,489,483,biceps-curl,,,
986,505,508,biceps-curl,,,
964,516,487,biceps-curl,,,
968,524,428,biceps-curl,,,
964,536,465,biceps-curl,,,
938,540,573,biceps-curl,,,
916,525,552,biceps-curl,,,
907,529,514,biceps-curl,,,
862,568,579,biceps-curl,,,
821,607,602,biceps-curl,,,
799,641,577,biceps-curl,,,
765,659,560,biceps-curl,,,
757,656,581,biceps-curl,,,
728,642,616,biceps-curl,,,
672,655,679,biceps-curl,,,
657,678,675,biceps-curl,,,
608,700,616,biceps-curl,,,
582,725,620,biceps-curl,,,
566,768,635,biceps-curl,,,
519,761,655,biceps-curl,,,
473,733,700,biceps-curl,,,
436,760,749,biceps-curl,,,
409,762,684,biceps-curl,,,
359,777,654,biceps-curl,,,
346,786,651,biceps-curl,,,
283,809,755,biceps-curl,,,
214,824,687,biceps-curl,,,
182,832,672,biceps-curl,,,
104,824,672,biceps-curl,,,
56,808,720,biceps-curl,,,
56,808,720,biceps-curl,,,
33,816,673,biceps-curl,,,
-6,816,611,biceps-curl,,,
-53,846,563,biceps-curl,,,
-85,819,699,biceps-curl,,,
-145,780,619,biceps-curl,,,
-187,776,482,biceps-curl,,,
-247,769,491,biceps-curl,,,
-303,755,516,biceps-curl,,,
-325,713,474,biceps-curl,,,
-372,704,528,biceps-curl,,,
-440,679,414,biceps-curl,,,
-498,666,442,biceps-curl,,,
-524,623,423,biceps-curl,,,
-562,597,425,biceps-curl,,,
-598,547,404,biceps-curl,,,
-619,501,408,biceps-curl,,,
-624,462,411,biceps-curl,,,
-614,453,464,biceps-curl,,,
-598,426,333,biceps-curl,,,
-616,365,246,biceps-curl,,,
-609,317,298,biceps-curl,,,
-596,273,301,biceps-curl,,,
-613,235,228,biceps-curl,,,
-632,207,109,biceps-curl,,,
-684,160,0,biceps-curl,,,
-763,124,6,biceps-curl,,,
-807,116,-32,biceps-curl,,,
-851,108,-154,biceps-curl,,,
-899,97,-159,biceps-curl,,,
-907,91,-159,biceps-curl,,,
-912,105,-149,biceps-curl,,,
-906,143,-60,biceps-curl,,,
-885,189,-13,biceps-curl,,,
-848,210,42,biceps-curl,,,
-806,244,153,biceps-curl,,,
-775,272,257,biceps-curl,,,
-758,274,274,biceps-curl,,,
-766,292,244,biceps-curl,,,
-725,337,201,biceps-curl,,,
-676,370,209,biceps-curl,,,
-636,377,361,biceps-curl,,,
-648,392,464,biceps-curl,,,
-604,437,403,biceps-curl,,,
-588,474,299,biceps-curl,,,
-609,548,435,biceps-curl,,,
-548,585,456,biceps-curl,,,
-508,604,392,biceps-curl,,,
-557,666,618,biceps-curl,,,
-503,712,643,biceps-curl,,,
-456,728,489,biceps-curl,,,
-408,776,583,biceps-curl,,,
-392,760,693,biceps-curl,,,
-362,775,597,biceps-curl,,,
-405,865,488,biceps-curl,,,
-291,828,684,biceps-curl,,,
-251,795,747,biceps-curl,,,
-150,806,689,biceps-curl,,,
-129,781,680,biceps-curl,,,
-95,763,693,biceps-curl,,,
-68,793,703,biceps-curl,,,
12,749,742,biceps-curl,,,
82,724,696,biceps-curl,,,
90,750,777,biceps-curl,,,
141,766,779,biceps-curl,,,
177,762,820,biceps-curl,,,
234,688,829,biceps-curl,,,
288,651,829,biceps-curl,,,
336,648,779,biceps-curl,,,
377,668,803,biceps-curl,,,
387,655,862,biceps-curl,,,
417,626,851,biceps-curl,,,
505,597,776,biceps-curl,,,
552,584,776,biceps-curl,,,
535,575,795,biceps-curl,,,
549,564,759,biceps-curl,,,
604,548,676,biceps-curl,,,
659,532,624,biceps-curl,,,
692,521,636,biceps-curl,,,
696,498,672,biceps-curl,,,
703,483,719,biceps-curl,,,
715,488,641,biceps-curl,,,
735,494,506,biceps-curl,,,
772,510,511,biceps-curl,,,
795,506,561,biceps-curl,,,
818,480,595,biceps-curl,,,
868,473,529,biceps-curl,,,
907,456,435,biceps-curl,,,
932,460,458,biceps-curl,,,
914,476,564,biceps-curl,,,
892,472,584,biceps-curl,,,
888,418,525,biceps-curl,,,
921,431,502,biceps-curl,,,
928,463,464,biceps-curl,,,
930,461,506,biceps-curl,,,
941,492,520,biceps-curl,,,
922,522,526,biceps-curl,,,
932,538,586,biceps-curl,,,
893,562,683,biceps-curl,,,
847,591,604,biceps-curl,,,
831,577,518,biceps-curl,,,
808,600,464,biceps-curl,,,
776,568,608,biceps-curl,,,
745,514,577,biceps-curl,,,
752,527,576,biceps-curl,,,
730,550,606,biceps-curl,,,
735,567,623,biceps-curl,,,
707,575,681,biceps-curl,,,
648,604,751,biceps-curl,,,
613,608,671,biceps-curl,,,
588,601,649,biceps-curl,,,
558,626,733,biceps-curl,,,
539,651,708,biceps-curl,,,
486,675,677,biceps-curl,,,
472,668,630,biceps-curl,,,
443,670,716,biceps-curl,,,
386,678,723,biceps-curl,,,
357,680,690,biceps-curl,,,
314,707,729,biceps-curl,,,
259,715,705,biceps-curl,,,
199,737,751,biceps-curl,,,
156,732,797,biceps-curl,,,
120,749,862,biceps-curl,,,
90,768,835,biceps-curl,,,
62,764,766,biceps-curl,,,
18,760,782,biceps-curl,,,
-12,739,762,biceps-curl,,,
-56,740,736,biceps-curl,,,
-96,760,733,biceps-curl,,,
-125,782,708,biceps-curl,,,
-167,812,669,biceps-curl,,,
-196,796,675,biceps-curl,,,
-240,755,709,biceps-curl,,,
-276,730,632,biceps-curl,,,
-308,708,612,biceps-curl,,,
-350,680,643,biceps-curl,,,
-402,659,614,biceps-curl,,,
-434,636,586,biceps-curl,,,
-467,608,624,biceps-curl,,,
-498,591,620,biceps-curl,,,
-516,532,510,biceps-curl,,,
-547,491,532,biceps-curl,,,
-540,472,443,biceps-curl,,,
-590,462,379,biceps-curl,,,
-613,412,451,biceps-curl,,,
-605,390,375,biceps-curl,,,
-630,373,318,biceps-curl,,,
-615,349,296,biceps-curl,,,
-612,318,243,biceps-curl,,,
-647,294,348,biceps-curl,,,
-634,262,182,biceps-curl,,,
-681,230,136,biceps-curl,,,
-721,176,119,biceps-curl,,,
-775,168,25,biceps-curl,,,
-869,137,-124,biceps-curl,,,
-925,90,-128,biceps-curl,,,
-943,73,-165,biceps-curl,,,
-951,50,-183,biceps-curl,,,
-966,55,-105,biceps-curl,,,
-954,91,-68,biceps-curl,,,
-911,116,-71,biceps-curl,,,
-871,140,-39,biceps-curl,,,
-851,170,72,biceps-curl,,,
-810,195,52,biceps-curl,,,
-781,225,90,biceps-curl,,,
-770,244,110,biceps-curl,,,
-756,266,188,biceps-curl,,,
-746,301,222,biceps-curl,,,
-711,329,274,biceps-curl,,,
-653,358,264,biceps-curl,,,
-627,400,327,biceps-curl,,,
-604,452,419,biceps-curl,,,
-567,492,418,biceps-curl,,,
-542,533,438,biceps-curl,,,
-522,580,492,biceps-curl,,,
-494,627,476,biceps-curl,,,
-480,631,487,biceps-curl,,,
-443,628,570,biceps-curl,,,
-388,688,600,biceps-curl,,,
-349,705,542,biceps-curl,,,
-306,709,559,biceps-curl,,,
-315,780,501,biceps-curl,,,
-299,816,441,biceps-curl,,,
-197,829,674,biceps-curl,,,
-147,830,802,biceps-curl,,,
-97,812,780,biceps-curl,,,
-39,810,733,biceps-curl,,,
40,768,703,biceps-curl,,,
65,783,825,biceps-curl,,,
73,805,910,biceps-curl,,,
149,768,696,biceps-curl,,,
188,746,705,biceps-curl,,,
216,754,817,biceps-curl,,,
285,755,823,biceps-curl,,,
337,737,732,biceps-curl,,,
348,743,744,biceps-curl,,,
373,731,702,biceps-curl,,,
407,700,701,biceps-curl,,,
460,669,770,biceps-curl,,,
501,640,592,biceps-curl,,,
554,636,679,biceps-curl,,,
588,584,671,biceps-curl,,,
657,591,653,biceps-curl,,,
704,568,552,biceps-curl,,,
760,576,576,biceps-curl,,,
752,560,623,biceps-curl,,,
782,530,517,biceps-curl,,,
814,513,505,biceps-curl,,,
823,497,482,biceps-curl,,,
860,482,480,biceps-curl,,,
906,487,438,biceps-curl,,,
967,474,391,biceps-curl,,,
969,465,411,biceps-curl,,,
1040,438,351,biceps-curl,,,
1088,438,406,biceps-curl,,,
1115,452,387,biceps-curl,,,
1126,438,418,biceps-curl,,,
1087,450,426,biceps-curl,,,
1055,473,435,biceps-curl,,,
1037,502,379,biceps-curl,,,
989,517,428,biceps-curl,,,
957,520,464,biceps-curl,,,
921,510,500,biceps-curl,,,
889,514,495,biceps-curl,,,
870,534,480,biceps-curl,,,
855,530,508,biceps-curl,,,
835,516,550,biceps-curl,,,
807,516,572,biceps-curl,,,
771,537,526,biceps-curl,,,
748,556,548,biceps-curl,,,
736,568,631,biceps-curl,,,
717,580,648,biceps-curl,,,
697,584,620,biceps-curl,,,
664,584,638,biceps-curl,,,
606,597,751,biceps-curl,,,
565,619,741,biceps-curl,,,
543,633,641,biceps-curl,,,
498,651,686,biceps-curl,,,
454,659,723,biceps-curl,,,
406,664,680,biceps-curl,,,
368,662,710,biceps-curl,,,
320,656,773,biceps-curl,,,
286,668,764,biceps-curl,,,
247,720,833,biceps-curl,,,
213,771,854,biceps-curl,,,
193,758,835,biceps-curl,,,
155,788,908,biceps-curl,,,
123,803,848,biceps-curl,,,
91,775,850,biceps-curl,,,
53,771,862,biceps-curl,,,
23,786,845,biceps-curl,,,
5,726,815,biceps-curl,,,
-34,705,804,biceps-curl,,,
-81,729,722,biceps-curl,,,
-128,775,785,biceps-curl,,,
-152,697,855,biceps-curl,,,
-183,657,685,biceps-curl,,,
-252,664,566,biceps-curl,,,
-323,657,642,biceps-curl,,,
-379,598,619,biceps-curl,,,
-427,535,545,biceps-curl,,,
-453,542,578,biceps-curl,,,
-476,483,536,biceps-curl,,,
-480,445,528,biceps-curl,,,
-473,447,541,biceps-curl,,,
-447,378,449,biceps-curl,,,
-471,310,467,biceps-curl,,,
-468,284,450,biceps-curl,,,
-488,292,369,biceps-curl,,,
-536,244,321,biceps-curl,,,
-558,224,267,biceps-curl,,,
-614,219,205,biceps-curl,,,
-687,205,173,biceps-curl,,,
-753,185,188,biceps-curl,,,
-801,151,151,biceps-curl,,,
-854,141,101,biceps-curl,,,
-917,163,83,biceps-curl,,,
-962,176,71,biceps-curl,,,
-989,167,68,biceps-curl,,,
-996,177,39,biceps-curl,,,
-984,184,-12,biceps-curl,,,
-953,172,18,biceps-curl,,,
-902,175,87,biceps-curl,,,
-840,184,62,biceps-curl,,,
-793,187,96,biceps-curl,,,
-755,189,219,biceps-curl,,,
-700,199,233,biceps-curl,,,
-677,241,263,biceps-curl,,,
-650,280,337,biceps-curl,,,
-592,319,471,biceps-curl,,,
-548,368,523,biceps-curl,,,
-511,366,461,biceps-curl,,,
-469,379,487,biceps-curl,,,
-414,444,548,biceps-curl,,,
-399,485,619,biceps-curl,,,
-378,517,654,biceps-curl,,,
-407,569,652,biceps-curl,,,
-361,573,688,biceps-curl,,,
-328,569,770,biceps-curl,,,
-326,632,784,biceps-curl,,,
-309,688,777,biceps-curl,,,
-285,692,736,biceps-curl,,,
-251,726,893,biceps-curl,,,
-171,694,840,biceps-curl,,,
-80,666,684,biceps-curl,,,
-88,720,808,biceps-curl,,,
-8,720,864,biceps-curl,,,
-8,720,864,biceps-curl,,,
70,619,786,biceps-curl,,,
133,684,929,biceps-curl,,,
143,718,906,biceps-curl,,,
188,691,853,biceps-curl,,,
292,645,762,biceps-curl,,,
318,654,857,biceps-curl,,,
340,656,858,biceps-curl,,,
424,609,849,biceps-curl,,,
466,600,822,biceps-curl,,,
516,625,740,biceps-curl,,,
553,651,770,biceps-curl,,,
560,638,766,biceps-curl,,,
625,638,707,biceps-curl,,,
682,600,688,biceps-curl,,,
718,578,716,biceps-curl,,,
750,549,690,biceps-curl,,,
781,531,619,biceps-curl,,,
787,513,572,biceps-curl,,,
804,494,545,biceps-curl,,,
811,493,546,biceps-curl,,,
840,491,520,biceps-curl,,,
900,461,447,biceps-curl,,,
941,449,460,biceps-curl,,,
944,477,512,biceps-curl,,,
964,480,448,biceps-curl,,,
1007,456,395,biceps-curl,,,
1031,444,394,biceps-curl,,,
1036,440,361,biceps-curl,,,
1029,440,362,biceps-curl,,,
1027,440,408,biceps-curl,,,
1023,440,447,biceps-curl,,,
993,440,391,biceps-curl,,,
965,448,325,biceps-curl,,,
950,459,398,biceps-curl,,,
926,441,501,biceps-curl,,,
913,433,433,biceps-curl,,,
894,456,412,biceps-curl,,,
892,456,412,biceps-curl,,,
899,456,464,biceps-curl,,,
877,459,515,biceps-curl,,,
865,476,499,biceps-curl,,,
867,493,513,biceps-curl,,,
838,482,528,biceps-curl,,,
822,498,577,biceps-curl,,,
802,513,586,biceps-curl,,,
748,521,606,biceps-curl,,,
710,536,656,biceps-curl,,,
686,537,554,biceps-curl,,,
639,560,593,biceps-curl,,,
600,576,639,biceps-curl,,,
576,560,585,biceps-curl,,,
545,568,662,biceps-curl,,,
536,568,717,biceps-curl,,,
506,568,653,biceps-curl,,,
468,612,684,biceps-curl,,,
450,616,667,biceps-curl,,,
406,623,692,biceps-curl,,,
352,651,676,biceps-curl,,,
331,669,712,biceps-curl,,,
276,711,681,biceps-curl,,,
207,764,647,biceps-curl,,,
173,782,714,biceps-curl,,,
150,784,718,biceps-curl,,,
132,819,724,biceps-curl,,,
117,838,734,biceps-curl,,,
95,862,764,biceps-curl,,,
104,867,754,biceps-curl,,,
96,853,770,biceps-curl,,,
68,833,815,biceps-curl,,,
46,799,792,biceps-curl,,,
26,789,787,biceps-curl,,,
11,773,832,biceps-curl,,,
-23,769,820,biceps-curl,,,
-65,793,757,biceps-curl,,,
-97,829,699,biceps-curl,,,
-124,864,736,biceps-curl,,,
-140,857,769,biceps-curl,,,
-155,825,677,biceps-curl,,,
-193,812,619,biceps-curl,,,
-237,788,605,biceps-curl,,,
-262,750,568,biceps-curl,,,
-296,718,577,biceps-curl,,,
-348,656,563,biceps-curl,,,
-390,595,474,biceps-curl,,,
-450,589,465,biceps-curl,,,
-490,576,590,biceps-curl,,,
-510,513,575,biceps-curl,,,
-544,494,567,biceps-curl,,,
-552,482,490,biceps-curl,,,
-578,451,470,biceps-curl,,,
-594,403,459,biceps-curl,,,
-633,380,416,biceps-curl,,,
-649,360,319,biceps-curl,,,
-698,353,354,biceps-curl,,,
-712,311,364,biceps-curl,,,
-717,299,328,biceps-curl,,,
-762,255,263,biceps-curl,,,
-783,249,255,biceps-curl,,,
-771,261,239,biceps-curl,,,
-832,200,219,biceps-curl,,,
-816,208,312,biceps-curl,,,
-816,200,192,biceps-curl,,,
-878,138,223,biceps-curl,,,
-865,159,224,biceps-curl,,,
-894,115,112,biceps-curl,,,
-896,83,177,biceps-curl,,,
-889,73,13,biceps-curl,,,
-902,51,132,biceps-curl,,,
-911,89,56,biceps-curl,,,
-952,83,7,biceps-curl,,,
-953,93,26,biceps-curl,,,
-971,96,13,biceps-curl,,,
-982,90,-23,biceps-curl,,,
-972,100,-32,biceps-curl,,,
-962,86,15,biceps-curl,,,
-926,91,9,biceps-curl,,,
-895,113,-17,biceps-curl,,,
-856,136,68,biceps-curl,,,
-803,170,44,biceps-curl,,,
-759,174,28,biceps-curl,,,
-729,193,203,biceps-curl,,,
-701,203,213,biceps-curl,,,
-679,219,189,biceps-curl,,,
-641,259,247,biceps-curl,,,
-599,315,337,biceps-curl,,,
-576,361,409,biceps-curl,,,
-520,392,432,biceps-curl,,,
-464,416,501,biceps-curl,,,
-430,428,535,biceps-curl,,,
-365,467,549,biceps-curl,,,
-300,519,623,biceps-curl,,,
-259,563,674,biceps-curl,,,
-185,592,672,biceps-curl,,,
-81,613,620,biceps-curl,,,
-61,725,734,biceps-curl,,,
-59,759,760,biceps-curl,,,
-13,813,699,biceps-curl,,,
50,817,682,biceps-curl,,,
100,800,793,biceps-curl,,,
137,808,730,biceps-curl,,,
236,841,680,biceps-curl,,,
312,860,743,biceps-curl,,,
350,812,786,biceps-curl,,,
393,784,837,biceps-curl,,,
486,743,699,biceps-curl,,,
526,739,668,biceps-curl,,,
576,757,636,biceps-curl,,,
644,722,612,biceps-curl,,,
688,664,730,biceps-curl,,,
694,662,644,biceps-curl,,,
817,624,575,biceps-curl,,,
840,624,529,biceps-curl,,,
864,672,623,biceps-curl,,,
926,618,453,biceps-curl,,,
974,578,471,biceps-curl,,,
991,524,412,biceps-curl,,,
1007,513,342,biceps-curl,,,
1022,498,272,biceps-curl,,,
1017,440,285,biceps-curl,,,
982,398,240,biceps-curl,,,
949,385,199,biceps-curl,,,
898,364,146,biceps-curl,,,
837,328,130,biceps-curl,,,
774,246,122,biceps-curl,,,
736,230,120,biceps-curl,,,
722,232,161,biceps-curl,,,
714,243,147,biceps-curl,,,
684,181,164,biceps-curl,,,
656,201,154,biceps-curl,,,
669,224,91,biceps-curl,,,
721,234,84,biceps-curl,,,
685,235,165,biceps-curl,,,
648,246,103,biceps-curl,,,
667,228,23,biceps-curl,,,
702,190,70,biceps-curl,,,
724,167,108,biceps-curl,,,
711,148,108,biceps-curl,,,
756,148,64,biceps-curl,,,
847,141,89,biceps-curl,,,
880,135,161,biceps-curl,,,
869,148,145,biceps-curl,,,
900,154,99,biceps-curl,,,
992,145,42,biceps-curl,,,
1034,106,72,biceps-curl,,,
1021,105,136,biceps-curl,,,
1038,145,128,biceps-curl,,,
1080,200,109,biceps-curl,,,
1092,216,77,biceps-curl,,,
1115,216,27,biceps-curl,,,
1096,203,77,biceps-curl,,,
1101,174,144,biceps-curl,,,
1194,188,166,biceps-curl,,,
1192,171,155,biceps-curl,,,
1160,155,121,biceps-curl,,,
1165,177,75,biceps-curl,,,
1190,223,164,biceps-curl,,,
1181,215,128,biceps-curl,,,
1217,209,19,biceps-curl,,,
1225,216,55,biceps-curl,,,
1231,214,126,biceps-curl,,,
1224,186,104,biceps-curl,,,
1224,224,96,biceps-curl,,,
1208,232,112,biceps-curl,,,
