arms,biceps-curl,1408,192,176
arms,biceps-curl,1385,200,238
arms,biceps-curl,1384,192,324
arms,biceps-curl,1377,214,321
arms,biceps-curl,1376,311,181
arms,biceps-curl,1362,313,296
arms,biceps-curl,1332,263,291
arms,biceps-curl,1314,222,206
arms,biceps-curl,1279,129,99
arms,biceps-curl,1181,79,204
arms,biceps-curl,1084,91,232
arms,biceps-curl,996,77,220
arms,biceps-curl,946,66,101
arms,biceps-curl,865,64,76
arms,biceps-curl,794,87,6
arms,biceps-curl,715,107,-46
arms,biceps-curl,656,123,31
arms,biceps-curl,593,154,151
arms,biceps-curl,553,173,177
arms,biceps-curl,539,171,74
arms,biceps-curl,546,158,49
arms,biceps-curl,533,161,86
arms,biceps-curl,507,164,145
arms,biceps-curl,500,160,162
arms,biceps-curl,516,181,140
arms,biceps-curl,520,220,176
arms,biceps-curl,489,263,320
arms,biceps-curl,464,310,439
arms,biceps-curl,496,340,448
arms,biceps-curl,576,374,428
arms,biceps-curl,648,455,371
arms,biceps-curl,678,573,346
arms,biceps-curl,656,689,434
arms,biceps-curl,603,731,539
arms,biceps-curl,585,768,536
arms,biceps-curl,538,817,530
arms,biceps-curl,539,863,552
arms,biceps-curl,520,878,565
arms,biceps-curl,486,876,596
arms,biceps-curl,451,895,573
arms,biceps-curl,432,925,549
arms,biceps-curl,420,945,597
arms,biceps-curl,368,951,593
arms,biceps-curl,363,951,646
arms,biceps-curl,332,988,674
arms,biceps-curl,301,958,635
arms,biceps-curl,271,945,659
arms,biceps-curl,251,950,611
arms,biceps-curl,175,928,652
arms,biceps-curl,158,919,580
arms,biceps-curl,88,888,695
arms,biceps-curl,56,872,609
arms,biceps-curl,-14,818,608
arms,biceps-curl,-54,770,494
arms,biceps-curl,-153,723,510
arms,biceps-curl,-211,771,483
arms,biceps-curl,-287,755,437
arms,biceps-curl,-345,731,509
arms,biceps-curl,-372,687,363
arms,biceps-curl,-429,653,369
arms,biceps-curl,-453,661,448
arms,biceps-curl,-456,626,299
arms,biceps-curl,-506,591,287
arms,biceps-curl,-556,626,387
arms,biceps-curl,-544,581,369
arms,biceps-curl,-547,508,352
arms,biceps-curl,-552,388,101
arms,biceps-curl,-579,322,84
arms,biceps-curl,-629,296,117
arms,biceps-curl,-684,268,127
arms,biceps-curl,-719,236,3
arms,biceps-curl,-742,205,-23
arms,biceps-curl,-757,197,53
arms,biceps-curl,-764,200,-23
arms,biceps-curl,-781,191,-52
arms,biceps-curl,-792,180,-33
arms,biceps-curl,-792,188,-44
arms,biceps-curl,-800,200,-9
arms,biceps-curl,-797,211,34
arms,biceps-curl,-777,224,21
arms,biceps-curl,-775,231,20
arms,biceps-curl,-768,243,96
arms,biceps-curl,-747,269,160
arms,biceps-curl,-740,310,247
arms,biceps-curl,-715,336,285
arms,biceps-curl,-694,386,270
arms,biceps-curl,-665,424,294
arms,biceps-curl,-632,433,357
arms,biceps-curl,-584,471,265
arms,biceps-curl,-558,524,337
arms,biceps-curl,-552,587,463
arms,biceps-curl,-534,680,603
arms,biceps-curl,-463,683,532
arms,biceps-curl,-448,708,577
arms,biceps-curl,-396,774,566
arms,biceps-curl,-325,803,686
arms,biceps-curl,-298,774,615
arms,biceps-curl,-244,825,612
arms,biceps-curl,-206,840,645
arms,biceps-curl,-176,842,603
arms,biceps-curl,-182,871,511
arms,biceps-curl,-104,848,744
arms,biceps-curl,-64,848,640
arms,biceps-curl,-17,832,640
arms,biceps-curl,37,794,632
arms,biceps-curl,70,852,684
arms,biceps-curl,116,834,681
arms,biceps-curl,199,861,623
arms,biceps-curl,250,822,616
arms,biceps-curl,236,864,828
arms,biceps-curl,272,799,697
arms,biceps-curl,300,693,592
arms,biceps-curl,285,786,805
arms,biceps-curl,336,822,703
arms,biceps-curl,382,776,584
arms,biceps-curl,421,754,654
arms,biceps-curl,484,741,562
arms,biceps-curl,543,786,668
arms,biceps-curl,533,748,763
arms,biceps-curl,552,704,603
arms,biceps-curl,588,681,502
arms,biceps-curl,615,657,486
arms,biceps-curl,624,638,504
arms,biceps-curl,643,623,529
arms,biceps-curl,683,616,505
arms,biceps-curl,726,607,476
arms,biceps-curl,756,575,393
arms,biceps-curl,792,584,380
arms,biceps-curl,812,585,486
arms,biceps-curl,860,541,543
arms,biceps-curl,945,532,591
arms,biceps-curl,989,556,596
arms,biceps-curl,1021,623,542
arms,biceps-curl,1022,698,561
arms,biceps-curl,969,728,585
arms,biceps-curl,906,731,570
arms,biceps-curl,851,744,525
arms,biceps-curl,819,748,554
arms,biceps-curl,783,729,562
arms,biceps-curl,720,760,583
arms,biceps-curl,714,782,632
arms,biceps-curl,698,778,663
arms,biceps-curl,699,789,698
arms,biceps-curl,671,815,721
arms,biceps-curl,617,844,652
arms,biceps-curl,537,820,644
arms,biceps-curl,489,802,714
arms,biceps-curl,433,814,720
arms,biceps-curl,372,796,672
arms,biceps-curl,325,762,833
arms,biceps-curl,286,783,732
arms,biceps-curl,246,760,652
arms,biceps-curl,176,777,768
arms,biceps-curl,152,839,760
arms,biceps-curl,90,863,675
arms,biceps-curl,50,856,763
arms,biceps-curl,18,819,708
arms,biceps-curl,-35,801,602
arms,biceps-curl,-104,814,613
arms,biceps-curl,-189,795,679
arms,biceps-curl,-207,765,606
arms,biceps-curl,-228,760,539
arms,biceps-curl,-278,708,528
arms,biceps-curl,-339,658,560
arms,biceps-curl,-371,617,549
arms,biceps-curl,-394,566,472
arms,biceps-curl,-441,534,560
arms,biceps-curl,-473,517,411
arms,biceps-curl,-486,495,241
arms,biceps-curl,-515,439,189
arms,biceps-curl,-570,395,336
arms,biceps-curl,-602,353,350
arms,biceps-curl,-633,331,258
arms,biceps-curl,-648,333,210
arms,biceps-curl,-657,304,117
arms,biceps-curl,-713,271,92
arms,biceps-curl,-735,234,55
arms,biceps-curl,-753,179,-25
arms,biceps-curl,-784,128,-36
arms,biceps-curl,-784,127,-78
arms,biceps-curl,-788,167,-118
arms,biceps-curl,-785,177,-75
arms,biceps-curl,-783,188,-11
arms,biceps-curl,-773,222,27
arms,biceps-curl,-747,238,32
arms,biceps-curl,-749,260,60
arms,biceps-curl,-733,288,73
arms,biceps-curl,-704,320,154
arms,biceps-curl,-686,359,241
arms,biceps-curl,-696,394,388
arms,biceps-curl,-713,440,404
arms,biceps-curl,-632,434,216
arms,biceps-curl,-582,423,342
arms,biceps-curl,-568,453,531
arms,biceps-curl,-521,478,516
arms,biceps-curl,-457,520,421
arms,biceps-curl,-466,602,586
arms,biceps-curl,-467,616,669
arms,biceps-curl,-374,614,542
arms,biceps-curl,-362,614,617
arms,biceps-curl,-377,757,861
arms,biceps-curl,-284,718,602
arms,biceps-curl,-207,676,640
arms,biceps-curl,-160,792,896
arms,biceps-curl,-120,768,776
arms,biceps-curl,-50,737,652
arms,biceps-curl,-63,713,891
arms,biceps-curl,-19,712,748
arms,biceps-curl,72,734,743
arms,biceps-curl,101,736,851
arms,biceps-curl,111,757,934
arms,biceps-curl,221,760,835
arms,biceps-curl,287,713,803
arms,biceps-curl,309,724,800
arms,biceps-curl,382,734,832
arms,biceps-curl,400,693,846
arms,biceps-curl,436,638,715
arms,biceps-curl,501,624,678
arms,biceps-curl,531,624,691
arms,biceps-curl,558,618,718
arms,biceps-curl,617,611,663
arms,biceps-curl,682,582,706
arms,biceps-curl,714,537,662
arms,biceps-curl,740,550,656
arms,biceps-curl,771,549,575
arms,biceps-curl,812,541,532
arms,biceps-curl,850,548,570
arms,biceps-curl,873,535,571
arms,biceps-curl,876,524,506
arms,biceps-curl,908,532,464
arms,biceps-curl,956,532,464
arms,biceps-curl,975,517,493
arms,biceps-curl,991,536,557
arms,biceps-curl,997,583,618
arms,biceps-curl,979,598,645
arms,biceps-curl,954,605,595
arms,biceps-curl,924,612,569
arms,biceps-curl,861,629,551
arms,biceps-curl,798,629,514
arms,biceps-curl,759,642,602
arms,biceps-curl,722,648,662
arms,biceps-curl,726,654,610
arms,biceps-curl,716,674,614
arms,biceps-curl,699,685,687
arms,biceps-curl,678,706,715
arms,biceps-curl,666,713,710
arms,biceps-curl,632,727,647
arms,biceps-curl,588,759,733
arms,biceps-curl,555,751,813
arms,biceps-curl,460,741,841
arms,biceps-curl,420,721,782
arms,biceps-curl,380,738,759
arms,biceps-curl,324,769,743
arms,biceps-curl,239,784,727
arms,biceps-curl,208,776,705
arms,biceps-curl,168,784,823
arms,biceps-curl,152,768,770
arms,biceps-curl,122,783,707
arms,biceps-curl,90,769,659
arms,biceps-curl,15,804,773
arms,biceps-curl,-13,801,663
arms,biceps-curl,-72,786,669
arms,biceps-curl,-135,757,706
arms,biceps-curl,-171,759,659
arms,biceps-curl,-215,734,524
arms,biceps-curl,-275,709,642
arms,biceps-curl,-313,667,562
arms,biceps-curl,-386,620,492
arms,biceps-curl,-432,590,433
arms,biceps-curl,-474,584,479
arms,biceps-curl,-521,551,454
arms,biceps-curl,-541,520,437
arms,biceps-curl,-560,496,414
arms,biceps-curl,-578,463,456
arms,biceps-curl,-574,399,364
arms,biceps-curl,-587,344,164
arms,biceps-curl,-605,309,103
arms,biceps-curl,-639,283,147
arms,biceps-curl,-668,255,108
arms,biceps-curl,-676,203,-2
arms,biceps-curl,-700,144,-104
arms,biceps-curl,-743,139,-140
arms,biceps-curl,-761,156,-154
arms,biceps-curl,-787,148,-128
arms,biceps-curl,-825,171,-5
arms,biceps-curl,-813,195,-32
arms,biceps-curl,-805,185,-87
arms,biceps-curl,-794,209,50
arms,biceps-curl,-792,221,26
arms,biceps-curl,-790,232,21
arms,biceps-curl,-750,259,122
arms,biceps-curl,-749,273,279
arms,biceps-curl,-741,347,325
arms,biceps-curl,-684,384,278
arms,biceps-curl,-670,415,244
arms,biceps-curl,-661,458,353
arms,biceps-curl,-636,532,484
arms,biceps-curl,-585,560,383
arms,biceps-curl,-581,604,487
arms,biceps-curl,-518,628,430
arms,biceps-curl,-500,659,421
arms,biceps-curl,-468,683,492
arms,biceps-curl,-495,636,771
arms,biceps-curl,-367,693,597
arms,biceps-curl,-353,791,550
arms,biceps-curl,-376,744,736
arms,biceps-curl,-240,728,560
arms,biceps-curl,-240,728,560
arms,biceps-curl,-224,844,754
arms,biceps-curl,-194,856,577
arms,biceps-curl,-147,826,806
arms,biceps-curl,-64,846,634
arms,biceps-curl,23,834,530
arms,biceps-curl,18,860,813
arms,biceps-curl,30,850,849
arms,biceps-curl,132,788,561
arms,biceps-curl,159,776,667
arms,biceps-curl,192,795,863
arms,biceps-curl,231,806,737
arms,biceps-curl,276,832,736
arms,biceps-curl,317,781,664
arms,biceps-curl,345,771,678
arms,biceps-curl,385,731,707
arms,biceps-curl,460,728,658
arms,biceps-curl,467,747,716
arms,biceps-curl,502,721,704
arms,biceps-curl,563,684,598
arms,biceps-curl,608,677,605
arms,biceps-curl,652,675,580
arms,biceps-curl,694,659,567
arms,biceps-curl,669,626,687
arms,biceps-curl,678,571,656
arms,biceps-curl,724,548,540
arms,biceps-curl,732,572,524
arms,biceps-curl,758,577,524
arms,biceps-curl,802,550,507
arms,biceps-curl,814,525,554
arms,biceps-curl,797,514,637
arms,biceps-curl,807,492,541
arms,biceps-curl,852,478,438
arms,biceps-curl,896,493,440
arms,biceps-curl,933,496,390
arms,biceps-curl,991,485,361
arms,biceps-curl,1026,503,467
arms,biceps-curl,1028,528,504
arms,biceps-curl,1012,560,532
arms,biceps-curl,989,595,522
arms,biceps-curl,944,629,455
arms,biceps-curl,899,617,504
arms,biceps-curl,836,629,597
arms,biceps-curl,802,660,552
arms,biceps-curl,723,678,599
arms,biceps-curl,739,668,601
arms,biceps-curl,692,703,673
arms,biceps-curl,651,699,672
arms,biceps-curl,687,743,567
arms,biceps-curl,671,727,716
arms,biceps-curl,631,680,831
arms,biceps-curl,569,664,737
arms,biceps-curl,584,703,643
arms,biceps-curl,538,727,739
arms,biceps-curl,476,713,699
arms,biceps-curl,384,734,769
arms,biceps-curl,369,722,648
arms,biceps-curl,298,755,653
arms,biceps-curl,206,774,820
arms,biceps-curl,172,783,721
arms,biceps-curl,129,771,722
arms,biceps-curl,88,768,817
arms,biceps-curl,55,768,766
arms,biceps-curl,6,780,750
arms,biceps-curl,-8,802,823
arms,biceps-curl,-2,745,814
arms,biceps-curl,-39,681,789
arms,biceps-curl,-83,659,703
arms,biceps-curl,-143,693,611
arms,biceps-curl,-199,732,645
arms,biceps-curl,-236,714,665
arms,biceps-curl,-296,663,666
arms,biceps-curl,-356,617,644
arms,biceps-curl,-398,582,561
arms,biceps-curl,-451,568,529
arms,biceps-curl,-497,551,527
arms,biceps-curl,-512,528,536
arms,biceps-curl,-520,489,548
arms,biceps-curl,-528,452,477
arms,biceps-curl,-549,430,355
arms,biceps-curl,-596,384,298
arms,biceps-curl,-621,333,222
arms,biceps-curl,-650,298,137
arms,biceps-curl,-701,282,236
arms,biceps-curl,-704,253,258
arms,biceps-curl,-725,195,193
arms,biceps-curl,-741,152,112
arms,biceps-curl,-754,152,85
arms,biceps-curl,-766,152,8
arms,biceps-curl,-788,152,-20
arms,biceps-curl,-798,152,-27
arms,biceps-curl,-800,149,5
arms,biceps-curl,-825,145,65
arms,biceps-curl,-788,192,105
arms,biceps-curl,-772,228,124
arms,biceps-curl,-785,217,196
arms,biceps-curl,-734,280,227
arms,biceps-curl,-719,283,264
arms,biceps-curl,-701,318,428
arms,biceps-curl,-652,400,480
arms,biceps-curl,-584,409,334
arms,biceps-curl,-568,440,520
arms,biceps-curl,-512,488,528
arms,biceps-curl,-504,441,551
arms,biceps-curl,-489,531,613
arms,biceps-curl,-488,588,631
arms,biceps-curl,-444,541,566
arms,biceps-curl,-419,615,581
arms,biceps-curl,-353,722,696
arms,biceps-curl,-324,681,678
arms,biceps-curl,-353,732,812
arms,biceps-curl,-269,705,612
arms,biceps-curl,-159,690,687
arms,biceps-curl,-136,707,807
arms,biceps-curl,-76,742,844
arms,biceps-curl,-68,687,807
arms,biceps-curl,-49,716,895
arms,biceps-curl,38,730,841
arms,biceps-curl,83,712,822
arms,biceps-curl,120,715,858
arms,biceps-curl,182,725,847
arms,biceps-curl,193,728,891
arms,biceps-curl,213,718,895
arms,biceps-curl,278,693,835
arms,biceps-curl,308,680,875
arms,biceps-curl,356,658,855
arms,biceps-curl,442,607,759
arms,biceps-curl,504,592,756
arms,biceps-curl,524,616,826
arms,biceps-curl,549,598,828
arms,biceps-curl,588,561,737
arms,biceps-curl,602,565,698
arms,biceps-curl,635,578,686
arms,biceps-curl,679,559,642
arms,biceps-curl,692,535,658
arms,biceps-curl,672,517,668
arms,biceps-curl,685,509,592
arms,biceps-curl,717,502,578
arms,biceps-curl,735,489,575
arms,biceps-curl,758,474,563
arms,biceps-curl,780,482,588
arms,biceps-curl,799,486,565
arms,biceps-curl,836,482,505
arms,biceps-curl,896,487,410
arms,biceps-curl,959,481,407
arms,biceps-curl,921,490,527
arms,biceps-curl,979,504,564
arms,biceps-curl,999,508,545
arms,biceps-curl,991,545,625
arms,biceps-curl,972,555,630
arms,biceps-curl,919,600,604
arms,biceps-curl,895,608,540
arms,biceps-curl,855,616,672
arms,biceps-curl,785,624,688
arms,biceps-curl,776,640,610
arms,biceps-curl,715,655,692
arms,biceps-curl,682,626,666
arms,biceps-curl,687,595,657
arms,biceps-curl,674,613,592
arms,biceps-curl,623,644,640
arms,biceps-curl,616,641,628
arms,biceps-curl,603,633,584
arms,biceps-curl,567,652,713
arms,biceps-curl,547,662,731
arms,biceps-curl,532,639,685
arms,biceps-curl,474,650,751
arms,biceps-curl,427,650,735
arms,biceps-curl,370,688,686
arms,biceps-curl,307,715,694
arms,biceps-curl,261,742,747
arms,biceps-curl,216,752,768
arms,biceps-curl,185,762,778
arms,biceps-curl,141,768,710
arms,biceps-curl,96,782,659
arms,biceps-curl,48,778,665
arms,biceps-curl,-34,768,672
arms,biceps-curl,-76,768,642
arms,biceps-curl,-109,776,641
arms,biceps-curl,-160,788,656
arms,biceps-curl,-180,788,679
arms,biceps-curl,-202,802,679
arms,biceps-curl,-242,813,651
arms,biceps-curl,-274,793,651
arms,biceps-curl,-298,778,655
arms,biceps-curl,-309,759,624
arms,biceps-curl,-321,738,514
arms,biceps-curl,-371,720,482
arms,biceps-curl,-421,686,476
arms,biceps-curl,-455,626,537
arms,biceps-curl,-488,567,504
arms,biceps-curl,-539,548,512
arms,biceps-curl,-566,556,481
arms,biceps-curl,-569,535,321
arms,biceps-curl,-603,504,370
arms,biceps-curl,-617,494,427
arms,biceps-curl,-629,441,352
arms,biceps-curl,-660,402,258
arms,biceps-curl,-688,360,179
arms,biceps-curl,-743,302,194
arms,biceps-curl,-737,287,143
arms,biceps-curl,-754,275,120
arms,biceps-curl,-778,207,1
arms,biceps-curl,-808,183,-136
arms,biceps-curl,-824,160,-120
arms,biceps-curl,-816,168,72
arms,biceps-curl,-816,168,72
arms,biceps-curl,-793,176,-52
arms,biceps-curl,-807,168,5
arms,biceps-curl,-793,183,75
arms,biceps-curl,-807,213,95
arms,biceps-curl,-794,230,82
arms,biceps-curl,-792,267,87
arms,biceps-curl,-792,258,143
arms,biceps-curl,-765,283,132
arms,biceps-curl,-727,340,187
arms,biceps-curl,-720,358,346
arms,biceps-curl,-701,397,372
arms,biceps-curl,-678,432,362
arms,biceps-curl,-625,452,342
arms,biceps-curl,-608,479,451
arms,biceps-curl,-591,538,424
arms,biceps-curl,-568,603,441
arms,biceps-curl,-528,619,469
arms,biceps-curl,-512,687,559
arms,biceps-curl,-477,708,529
arms,biceps-curl,-437,720,461
arms,biceps-curl,-410,796,605
arms,biceps-curl,-391,804,577
arms,biceps-curl,-362,828,503
arms,biceps-curl,-356,868,565
arms,biceps-curl,-324,844,568
arms,biceps-curl,-242,847,582
arms,biceps-curl,-189,828,635
arms,biceps-curl,-162,790,662
arms,biceps-curl,-124,788,663
arms,biceps-curl,-67,770,624
arms,biceps-curl,-24,781,615
arms,biceps-curl,-4,782,675
arms,biceps-curl,54,778,761
arms,biceps-curl,109,747,808
arms,biceps-curl,153,738,774
arms,biceps-curl,201,739,726
arms,biceps-curl,237,728,770
arms,biceps-curl,286,738,712
arms,biceps-curl,335,759,775
arms,biceps-curl,372,718,731
arms,biceps-curl,425,680,687
arms,biceps-curl,475,684,704
arms,biceps-curl,528,700,628
arms,biceps-curl,540,679,648
arms,biceps-curl,625,673,658
arms,biceps-curl,631,676,740
arms,biceps-curl,619,638,687
arms,biceps-curl,667,615,568
arms,biceps-curl,727,599,578
arms,biceps-curl,680,576,631
arms,biceps-curl,712,552,529
arms,biceps-curl,712,544,567
arms,biceps-curl,689,536,560
arms,biceps-curl,748,521,433
arms,biceps-curl,818,527,431
arms,biceps-curl,831,507,539
arms,biceps-curl,867,518,482
arms,biceps-curl,954,506,390
arms,biceps-curl,1035,517,303
arms,biceps-curl,1094,520,392
arms,biceps-curl,1098,526,454
arms,biceps-curl,1071,559,551
arms,biceps-curl,1022,598,504
arms,biceps-curl,984,608,439
arms,biceps-curl,930,597,487
arms,biceps-curl,867,609,545
arms,biceps-curl,837,600,538
arms,biceps-curl,800,608,533
arms,biceps-curl,764,641,551
arms,biceps-curl,752,631,560
arms,biceps-curl,733,611,603
arms,biceps-curl,701,636,623
arms,biceps-curl,679,669,589
arms,biceps-curl,659,641,684
arms,biceps-curl,669,591,763
arms,biceps-curl,668,596,696
arms,biceps-curl,640,624,633
arms,biceps-curl,606,650,653
arms,biceps-curl,558,668,714
arms,biceps-curl,529,654,702
arms,biceps-curl,501,656,672
arms,biceps-curl,451,689,730
arms,biceps-curl,407,698,775
arms,biceps-curl,370,696,730
arms,biceps-curl,312,715,698
arms,biceps-curl,265,732,742
arms,biceps-curl,216,767,706
arms,biceps-curl,155,795,691
arms,biceps-curl,94,824,734
arms,biceps-curl,81,813,711
arms,biceps-curl,46,776,716
arms,biceps-curl,-2,777,640
arms,biceps-curl,-56,785,637
arms,biceps-curl,-103,794,635
arms,biceps-curl,-146,804,690
arms,biceps-curl,-166,771,651
arms,biceps-curl,-221,732,673
arms,biceps-curl,-276,773,677
arms,biceps-curl,-328,736,533
arms,biceps-curl,-337,736,632
arms,biceps-curl,-360,736,616
arms,biceps-curl,-352,672,528
arms,biceps-curl,-414,618,528
arms,biceps-curl,-454,616,566
arms,biceps-curl,-449,571,486
arms,biceps-curl,-492,546,444
arms,biceps-curl,-532,537,340
arms,biceps-curl,-564,515,370
arms,biceps-curl,-588,492,369
arms,biceps-curl,-592,455,348
arms,biceps-curl,-599,402,266
arms,biceps-curl,-625,424,318
arms,biceps-curl,-638,389,255
arms,biceps-curl,-670,346,280
arms,biceps-curl,-674,312,202
arms,biceps-curl,-701,258,53
arms,biceps-curl,-762,184,25
arms,biceps-curl,-795,160,-38
arms,biceps-curl,-826,144,-109
arms,biceps-curl,-855,121,-128
arms,biceps-curl,-874,122,-108
arms,biceps-curl,-890,152,-5
arms,biceps-curl,-859,187,42
arms,biceps-curl,-814,222,63
arms,biceps-curl,-791,249,187
arms,biceps-curl,-763,293,222
arms,biceps-curl,-740,348,152
arms,biceps-curl,-732,380,213
arms,biceps-curl,-721,388,286
arms,biceps-curl,-687,405,289
arms,biceps-curl,-643,466,344
arms,biceps-curl,-614,489,376
arms,biceps-curl,-582,477,361
arms,biceps-curl,-537,553,362
arms,biceps-curl,-493,616,427
arms,biceps-curl,-466,595,472
arms,biceps-curl,-464,613,493
arms,biceps-curl,-388,694,520
arms,biceps-curl,-332,724,596
arms,biceps-curl,-300,736,667
arms,biceps-curl,-231,817,583
arms,biceps-curl,-198,851,623
arms,biceps-curl,-182,858,670
arms,biceps-curl,-127,844,624
arms,biceps-curl,-73,891,612
arms,biceps-curl,-22,818,556
arms,biceps-curl,53,834,659
arms,biceps-curl,96,845,801
arms,biceps-curl,101,814,648
arms,biceps-curl,178,783,657
arms,biceps-curl,226,760,829
arms,biceps-curl,297,760,736
arms,biceps-curl,351,736,688
arms,biceps-curl,414,775,672
arms,biceps-curl,370,753,702
arms,biceps-curl,450,685,674
arms,biceps-curl,529,680,584
arms,biceps-curl,557,687,676
arms,biceps-curl,553,667,723
arms,biceps-curl,620,637,714
arms,biceps-curl,645,572,665
arms,biceps-curl,681,580,539
arms,biceps-curl,739,609,563
arms,biceps-curl,771,566,545
arms,biceps-curl,794,552,536
arms,biceps-curl,871,558,454
arms,biceps-curl,913,537,418
arms,biceps-curl,920,506,483
arms,biceps-curl,947,496,447
arms,biceps-curl,981,501,421
arms,biceps-curl,1007,494,388
arms,biceps-curl,1021,493,398
arms,biceps-curl,1024,486,435
arms,biceps-curl,1019,480,453
arms,biceps-curl,1016,489,483
arms,biceps-curl,986,505,508
arms,biceps-curl,964,516,487
arms,biceps-curl,968,524,428
arms,biceps-curl,964,536,465
arms,biceps-curl,938,540,573
arms,biceps-curl,916,525,552
arms,biceps-curl,907,529,514
arms,biceps-curl,862,568,579
arms,biceps-curl,821,607,602
arms,biceps-curl,799,641,577
arms,biceps-curl,765,659,560
arms,biceps-curl,757,656,581
arms,biceps-curl,728,642,616
arms,biceps-curl,672,655,679
arms,biceps-curl,657,678,675
arms,biceps-curl,608,700,616
arms,biceps-curl,582,725,620
arms,biceps-curl,566,768,635
arms,biceps-curl,519,761,655
arms,biceps-curl,473,733,700
arms,biceps-curl,436,760,749
arms,biceps-curl,409,762,684
arms,biceps-curl,359,777,654
arms,biceps-curl,346,786,651
arms,biceps-curl,283,809,755
arms,biceps-curl,214,824,687
arms,biceps-curl,182,832,672
arms,biceps-curl,104,824,672
arms,biceps-curl,56,808,720
arms,biceps-curl,56,808,720
arms,biceps-curl,33,816,673
arms,biceps-curl,-6,816,611
arms,biceps-curl,-53,846,563
arms,biceps-curl,-85,819,699
arms,biceps-curl,-145,780,619
arms,biceps-curl,-187,776,482
arms,biceps-curl,-247,769,491
arms,biceps-curl,-303,755,516
arms,biceps-curl,-325,713,474
arms,biceps-curl,-372,704,528
arms,biceps-curl,-440,679,414
arms,biceps-curl,-498,666,442
arms,biceps-curl,-524,623,423
arms,biceps-curl,-562,597,425
arms,biceps-curl,-598,547,404
arms,biceps-curl,-619,501,408
arms,biceps-curl,-624,462,411
arms,biceps-curl,-614,453,464
arms,biceps-curl,-598,426,333
arms,biceps-curl,-616,365,246
arms,biceps-curl,-609,317,298
arms,biceps-curl,-596,273,301
arms,biceps-curl,-613,235,228
arms,biceps-curl,-632,207,109
arms,biceps-curl,-684,160,0
arms,biceps-curl,-763,124,6
arms,biceps-curl,-807,116,-32
arms,biceps-curl,-851,108,-154
arms,biceps-curl,-899,97,-159
arms,biceps-curl,-907,91,-159
arms,biceps-curl,-912,105,-149
arms,biceps-curl,-906,143,-60
arms,biceps-curl,-885,189,-13
arms,biceps-curl,-848,210,42
arms,biceps-curl,-806,244,153
arms,biceps-curl,-775,272,257
arms,biceps-curl,-758,274,274
arms,biceps-curl,-766,292,244
arms,biceps-curl,-725,337,201
arms,biceps-curl,-676,370,209
arms,biceps-curl,-636,377,361
arms,biceps-curl,-648,392,464
arms,biceps-curl,-604,437,403
arms,biceps-curl,-588,474,299
arms,biceps-curl,-609,548,435
arms,biceps-curl,-548,585,456
arms,biceps-curl,-508,604,392
arms,biceps-curl,-557,666,618
arms,biceps-curl,-503,712,643
arms,biceps-curl,-456,728,489
arms,biceps-curl,-408,776,583
arms,biceps-curl,-392,760,693
arms,biceps-curl,-362,775,597
arms,biceps-curl,-405,865,488
arms,biceps-curl,-291,828,684
arms,biceps-curl,-251,795,747
arms,biceps-curl,-150,806,689
arms,biceps-curl,-129,781,680
arms,biceps-curl,-95,763,693
arms,biceps-curl,-68,793,703
arms,biceps-curl,12,749,742
arms,biceps-curl,82,724,696
arms,biceps-curl,90,750,777
arms,biceps-curl,141,766,779
arms,biceps-curl,177,762,820
arms,biceps-curl,234,688,829
arms,biceps-curl,288,651,829
arms,biceps-curl,336,648,779
arms,biceps-curl,377,668,803
arms,biceps-curl,387,655,862
arms,biceps-curl,417,626,851
arms,biceps-curl,505,597,776
arms,biceps-curl,552,584,776
arms,biceps-curl,535,575,795
arms,biceps-curl,549,564,759
arms,biceps-curl,604,548,676
arms,biceps-curl,659,532,624
arms,biceps-curl,692,521,636
arms,biceps-curl,696,498,672
arms,biceps-curl,703,483,719
arms,biceps-curl,715,488,641
arms,biceps-curl,735,494,506
arms,biceps-curl,772,510,511
arms,biceps-curl,795,506,561
arms,biceps-curl,818,480,595
arms,biceps-curl,868,473,529
arms,biceps-curl,907,456,435
arms,biceps-curl,932,460,458
arms,biceps-curl,914,476,564
arms,biceps-curl,892,472,584
arms,biceps-curl,888,418,525
arms,biceps-curl,921,431,502
arms,biceps-curl,928,463,464
arms,biceps-curl,930,461,506
arms,biceps-curl,941,492,520
arms,biceps-curl,922,522,526
arms,biceps-curl,932,538,586
arms,biceps-curl,893,562,683
arms,biceps-curl,847,591,604
arms,biceps-curl,831,577,518
arms,biceps-curl,808,600,464
arms,biceps-curl,776,568,608
arms,biceps-curl,745,514,577
arms,biceps-curl,752,527,576
arms,biceps-curl,730,550,606
arms,biceps-curl,735,567,623
arms,biceps-curl,707,575,681
arms,biceps-curl,648,604,751
arms,biceps-curl,613,608,671
arms,biceps-curl,588,601,649
arms,biceps-curl,558,626,733
arms,biceps-curl,539,651,708
arms,biceps-curl,486,675,677
arms,biceps-curl,472,668,630
arms,biceps-curl,443,670,716
arms,biceps-curl,386,678,723
arms,biceps-curl,357,680,690
arms,biceps-curl,314,707,729
arms,biceps-curl,259,715,705
arms,biceps-curl,199,737,751
arms,biceps-curl,156,732,797
arms,biceps-curl,120,749,862
arms,biceps-curl,90,768,835
arms,biceps-curl,62,764,766
arms,biceps-curl,18,760,782
arms,biceps-curl,-12,739,762
arms,biceps-curl,-56,740,736
arms,biceps-curl,-96,760,733
arms,biceps-curl,-125,782,708
arms,biceps-curl,-167,812,669
arms,biceps-curl,-196,796,675
arms,biceps-curl,-240,755,709
arms,biceps-curl,-276,730,632
arms,biceps-curl,-308,708,612
arms,biceps-curl,-350,680,643
arms,biceps-curl,-402,659,614
arms,biceps-curl,-434,636,586
arms,biceps-curl,-467,608,624
arms,biceps-curl,-498,591,620
arms,biceps-curl,-516,532,510
arms,biceps-curl,-547,491,532
arms,biceps-curl,-540,472,443
arms,biceps-curl,-590,462,379
arms,biceps-curl,-613,412,451
arms,biceps-curl,-605,390,375
arms,biceps-curl,-630,373,318
arms,biceps-curl,-615,349,296
arms,biceps-curl,-612,318,243
arms,biceps-curl,-647,294,348
arms,biceps-curl,-634,262,182
arms,biceps-curl,-681,230,136
arms,biceps-curl,-721,176,119
arms,biceps-curl,-775,168,25
arms,biceps-curl,-869,137,-124
arms,biceps-curl,-925,90,-128
arms,biceps-curl,-943,73,-165
arms,biceps-curl,-951,50,-183
arms,biceps-curl,-966,55,-105
arms,biceps-curl,-954,91,-68
arms,biceps-curl,-911,116,-71
arms,biceps-curl,-871,140,-39
arms,biceps-curl,-851,170,72
arms,biceps-curl,-810,195,52
arms,biceps-curl,-781,225,90
arms,biceps-curl,-770,244,110
arms,biceps-curl,-756,266,188
arms,biceps-curl,-746,301,222
arms,biceps-curl,-711,329,274
arms,biceps-curl,-653,358,264
arms,biceps-curl,-627,400,327
arms,biceps-curl,-604,452,419
arms,biceps-curl,-567,492,418
arms,biceps-curl,-542,533,438
arms,biceps-curl,-522,580,492
arms,biceps-curl,-494,627,476
arms,biceps-curl,-480,631,487
arms,biceps-curl,-443,628,570
arms,biceps-curl,-388,688,600
arms,biceps-curl,-349,705,542
arms,biceps-curl,-306,709,559
arms,biceps-curl,-315,780,501
arms,biceps-curl,-299,816,441
arms,biceps-curl,-197,829,674
arms,biceps-curl,-147,830,802
arms,biceps-curl,-97,812,780
arms,biceps-curl,-39,810,733
arms,biceps-curl,40,768,703
arms,biceps-curl,65,783,825
arms,biceps-curl,73,805,910
arms,biceps-curl,149,768,696
arms,biceps-curl,188,746,705
arms,biceps-curl,216,754,817
arms,biceps-curl,285,755,823
arms,biceps-curl,337,737,732
arms,biceps-curl,348,743,744
arms,biceps-curl,373,731,702
arms,biceps-curl,407,700,701
arms,biceps-curl,460,669,770
arms,biceps-curl,501,640,592
arms,biceps-curl,554,636,679
arms,biceps-curl,588,584,671
arms,biceps-curl,657,591,653
arms,biceps-curl,704,568,552
arms,biceps-curl,760,576,576
arms,biceps-curl,752,560,623
arms,biceps-curl,782,530,517
arms,biceps-curl,814,513,505
arms,biceps-curl,823,497,482
arms,biceps-curl,860,482,480
arms,biceps-curl,906,487,438
arms,biceps-curl,967,474,391
arms,biceps-curl,969,465,411
arms,biceps-curl,1040,438,351
arms,biceps-curl,1088,438,406
arms,biceps-curl,1115,452,387
arms,biceps-curl,1126,438,418
arms,biceps-curl,1087,450,426
arms,biceps-curl,1055,473,435
arms,biceps-curl,1037,502,379
arms,biceps-curl,989,517,428
arms,biceps-curl,957,520,464
arms,biceps-curl,921,510,500
arms,biceps-curl,889,514,495
arms,biceps-curl,870,534,480
arms,biceps-curl,855,530,508
arms,biceps-curl,835,516,550
arms,biceps-curl,807,516,572
arms,biceps-curl,771,537,526
arms,biceps-curl,748,556,548
arms,biceps-curl,736,568,631
arms,biceps-curl,717,580,648
arms,biceps-curl,697,584,620
arms,biceps-curl,664,584,638
arms,biceps-curl,606,597,751
arms,biceps-curl,565,619,741
arms,biceps-curl,543,633,641
arms,biceps-curl,498,651,686
arms,biceps-curl,454,659,723
arms,biceps-curl,406,664,680
arms,biceps-curl,368,662,710
arms,biceps-curl,320,656,773
arms,biceps-curl,286,668,764
arms,biceps-curl,247,720,833
arms,biceps-curl,213,771,854
arms,biceps-curl,193,758,835
arms,biceps-curl,155,788,908
arms,biceps-curl,123,803,848
arms,biceps-curl,91,775,850
arms,biceps-curl,53,771,862
arms,biceps-curl,23,786,845
arms,biceps-curl,5,726,815
arms,biceps-curl,-34,705,804
arms,biceps-curl,-81,729,722
arms,biceps-curl,-128,775,785
arms,biceps-curl,-152,697,855
arms,biceps-curl,-183,657,685
arms,biceps-curl,-252,664,566
arms,biceps-curl,-323,657,642
arms,biceps-curl,-379,598,619
arms,biceps-curl,-427,535,545
arms,biceps-curl,-453,542,578
arms,biceps-curl,-476,483,536
arms,biceps-curl,-480,445,528
arms,biceps-curl,-473,447,541
arms,biceps-curl,-447,378,449
arms,biceps-curl,-471,310,467
arms,biceps-curl,-468,284,450
arms,biceps-curl,-488,292,369
arms,biceps-curl,-536,244,321
arms,biceps-curl,-558,224,267
arms,biceps-curl,-614,219,205
arms,biceps-curl,-687,205,173
arms,biceps-curl,-753,185,188
arms,biceps-curl,-801,151,151
arms,biceps-curl,-854,141,101
arms,biceps-curl,-917,163,83
arms,biceps-curl,-962,176,71
arms,biceps-curl,-989,167,68
arms,biceps-curl,-996,177,39
arms,biceps-curl,-984,184,-12
arms,biceps-curl,-953,172,18
arms,biceps-curl,-902,175,87
arms,biceps-curl,-840,184,62
arms,biceps-curl,-793,187,96
arms,biceps-curl,-755,189,219
arms,biceps-curl,-700,199,233
arms,biceps-curl,-677,241,263
arms,biceps-curl,-650,280,337
arms,biceps-curl,-592,319,471
arms,biceps-curl,-548,368,523
arms,biceps-curl,-511,366,461
arms,biceps-curl,-469,379,487
arms,biceps-curl,-414,444,548
arms,biceps-curl,-399,485,619
arms,biceps-curl,-378,517,654
arms,biceps-curl,-407,569,652
arms,biceps-curl,-361,573,688
arms,biceps-curl,-328,569,770
arms,biceps-curl,-326,632,784
arms,biceps-curl,-309,688,777
arms,biceps-curl,-285,692,736
arms,biceps-curl,-251,726,893
arms,biceps-curl,-171,694,840
arms,biceps-curl,-80,666,684
arms,biceps-curl,-88,720,808
arms,biceps-curl,-8,720,864
arms,biceps-curl,-8,720,864
arms,biceps-curl,70,619,786
arms,biceps-curl,133,684,929
arms,biceps-curl,143,718,906
arms,biceps-curl,188,691,853
arms,biceps-curl,292,645,762
arms,biceps-curl,318,654,857
arms,biceps-curl,340,656,858
arms,biceps-curl,424,609,849
arms,biceps-curl,466,600,822
arms,biceps-curl,516,625,740
arms,biceps-curl,553,651,770
arms,biceps-curl,560,638,766
arms,biceps-curl,625,638,707
arms,biceps-curl,682,600,688
arms,biceps-curl,718,578,716
arms,biceps-curl,750,549,690
arms,biceps-curl,781,531,619
arms,biceps-curl,787,513,572
arms,biceps-curl,804,494,545
arms,biceps-curl,811,493,546
arms,biceps-curl,840,491,520
arms,biceps-curl,900,461,447
arms,biceps-curl,941,449,460
arms,biceps-curl,944,477,512
arms,biceps-curl,964,480,448
arms,biceps-curl,1007,456,395
arms,biceps-curl,1031,444,394
arms,biceps-curl,1036,440,361
arms,biceps-curl,1029,440,362
arms,biceps-curl,1027,440,408
arms,biceps-curl,1023,440,447
arms,biceps-curl,993,440,391
arms,biceps-curl,965,448,325
arms,biceps-curl,950,459,398
arms,biceps-curl,926,441,501
arms,biceps-curl,913,433,433
arms,biceps-curl,894,456,412
arms,biceps-curl,892,456,412
arms,biceps-curl,899,456,464
arms,biceps-curl,877,459,515
arms,biceps-curl,865,476,499
arms,biceps-curl,867,493,513
arms,biceps-curl,838,482,528
arms,biceps-curl,822,498,577
arms,biceps-curl,802,513,586
arms,biceps-curl,748,521,606
arms,biceps-curl,710,536,656
arms,biceps-curl,686,537,554
arms,biceps-curl,639,560,593
arms,biceps-curl,600,576,639
arms,biceps-curl,576,560,585
arms,biceps-curl,545,568,662
arms,biceps-curl,536,568,717
arms,biceps-curl,506,568,653
arms,biceps-curl,468,612,684
arms,biceps-curl,450,616,667
arms,biceps-curl,406,623,692
arms,biceps-curl,352,651,676
arms,biceps-curl,331,669,712
arms,biceps-curl,276,711,681
arms,biceps-curl,207,764,647
arms,biceps-curl,173,782,714
arms,biceps-curl,150,784,718
arms,biceps-curl,132,819,724
arms,biceps-curl,117,838,734
arms,biceps-curl,95,862,764
arms,biceps-curl,104,867,754
arms,biceps-curl,96,853,770
arms,biceps-curl,68,833,815
arms,biceps-curl,46,799,792
arms,biceps-curl,26,789,787
arms,biceps-curl,11,773,832
arms,biceps-curl,-23,769,820
arms,biceps-curl,-65,793,757
arms,biceps-curl,-97,829,699
arms,biceps-curl,-124,864,736
arms,biceps-curl,-140,857,769
arms,biceps-curl,-155,825,677
arms,biceps-curl,-193,812,619
arms,biceps-curl,-237,788,605
arms,biceps-curl,-262,750,568
arms,biceps-curl,-296,718,577
arms,biceps-curl,-348,656,563
arms,biceps-curl,-390,595,474
arms,biceps-curl,-450,589,465
arms,biceps-curl,-490,576,590
arms,biceps-curl,-510,513,575
arms,biceps-curl,-544,494,567
arms,biceps-curl,-552,482,490
arms,biceps-curl,-578,451,470
arms,biceps-curl,-594,403,459
arms,biceps-curl,-633,380,416
arms,biceps-curl,-649,360,319
arms,biceps-curl,-698,353,354
arms,biceps-curl,-712,311,364
arms,biceps-curl,-717,299,328
arms,biceps-curl,-762,255,263
arms,biceps-curl,-783,249,255
arms,biceps-curl,-771,261,239
arms,biceps-curl,-832,200,219
arms,biceps-curl,-816,208,312
arms,biceps-curl,-816,200,192
arms,biceps-curl,-878,138,223
arms,biceps-curl,-865,159,224
arms,biceps-curl,-894,115,112
arms,biceps-curl,-896,83,177
arms,biceps-curl,-889,73,13
arms,biceps-curl,-902,51,132
arms,biceps-curl,-911,89,56
arms,biceps-curl,-952,83,7
arms,biceps-curl,-953,93,26
arms,biceps-curl,-971,96,13
arms,biceps-curl,-982,90,-23
arms,biceps-curl,-972,100,-32
arms,biceps-curl,-962,86,15
arms,biceps-curl,-926,91,9
arms,biceps-curl,-895,113,-17
arms,biceps-curl,-856,136,68
arms,biceps-curl,-803,170,44
arms,biceps-curl,-759,174,28
arms,biceps-curl,-729,193,203
arms,biceps-curl,-701,203,213
arms,biceps-curl,-679,219,189
arms,biceps-curl,-641,259,247
arms,biceps-curl,-599,315,337
arms,biceps-curl,-576,361,409
arms,biceps-curl,-520,392,432
arms,biceps-curl,-464,416,501
arms,biceps-curl,-430,428,535
arms,biceps-curl,-365,467,549
arms,biceps-curl,-300,519,623
arms,biceps-curl,-259,563,674
arms,biceps-curl,-185,592,672
arms,biceps-curl,-81,613,620
arms,biceps-curl,-61,725,734
arms,biceps-curl,-59,759,760
arms,biceps-curl,-13,813,699
arms,biceps-curl,50,817,682
arms,biceps-curl,100,800,793
arms,biceps-curl,137,808,730
arms,biceps-curl,236,841,680
arms,biceps-curl,312,860,743
arms,biceps-curl,350,812,786
arms,biceps-curl,393,784,837
arms,biceps-curl,486,743,699
arms,biceps-curl,526,739,668
arms,biceps-curl,576,757,636
arms,biceps-curl,644,722,612
arms,biceps-curl,688,664,730
arms,biceps-curl,694,662,644
arms,biceps-curl,817,624,575
arms,biceps-curl,840,624,529
arms,biceps-curl,864,672,623
arms,biceps-curl,926,618,453
arms,biceps-curl,974,578,471
arms,biceps-curl,991,524,412
arms,biceps-curl,1007,513,342
arms,biceps-curl,1022,498,272
arms,biceps-curl,1017,440,285
arms,biceps-curl,982,398,240
arms,biceps-curl,949,385,199
arms,biceps-curl,898,364,146
arms,biceps-curl,837,328,130
arms,biceps-curl,774,246,122
arms,biceps-curl,736,230,120
arms,biceps-curl,722,232,161
arms,biceps-curl,714,243,147
arms,biceps-curl,684,181,164
arms,biceps-curl,656,201,154
arms,biceps-curl,669,224,91
arms,biceps-curl,721,234,84
arms,biceps-curl,685,235,165
arms,biceps-curl,648,246,103
arms,biceps-curl,667,228,23
arms,biceps-curl,702,190,70
arms,biceps-curl,724,167,108
arms,biceps-curl,711,148,108
arms,biceps-curl,756,148,64
arms,biceps-curl,847,141,89
arms,biceps-curl,880,135,161
arms,biceps-curl,869,148,145
arms,biceps-curl,900,154,99
arms,biceps-curl,992,145,42
arms,biceps-curl,1034,106,72
arms,biceps-curl,1021,105,136
arms,biceps-curl,1038,145,128
arms,biceps-curl,1080,200,109
arms,biceps-curl,1092,216,77
arms,biceps-curl,1115,216,27
arms,biceps-curl,1096,203,77
arms,biceps-curl,1101,174,144
arms,biceps-curl,1194,188,166
arms,biceps-curl,1192,171,155
arms,biceps-curl,1160,155,121
arms,biceps-curl,1165,177,75
arms,biceps-curl,1190,223,164
arms,biceps-curl,1181,215,128
arms,biceps-curl,1217,209,19
arms,biceps-curl,1225,216,55
arms,biceps-curl,1231,214,126
arms,biceps-curl,1224,186,104
arms,biceps-curl,1224,224,96
arms,biceps-curl,1208,232,112
