1536,456,224,triceps-extension,,,
1451,557,340,triceps-extension,,,
1326,583,146,triceps-extension,,,
1268,629,151,triceps-extension,,,
1213,632,188,triceps-extension,,,
1229,703,106,triceps-extension,,,
1211,712,166,triceps-extension,,,
1126,773,149,triceps-extension,,,
1025,797,244,triceps-extension,,,
910,852,231,triceps-extension,,,
913,908,243,triceps-extension,,,
877,939,155,triceps-extension,,,
810,968,68,triceps-extension,,,
745,1000,77,triceps-extension,,,
694,1019,82,triceps-extension,,,
641,1035,30,triceps-extension,,,
619,1062,-154,triceps-extension,,,
584,1114,-285,triceps-extension,,,
532,1136,-139,triceps-extension,,,
443,1156,-30,triceps-extension,,,
371,1101,-77,triceps-extension,,,
333,1065,-75,triceps-extension,,,
226,1094,32,triceps-extension,,,
130,970,-120,triceps-extension,,,
29,844,-325,triceps-extension,,,
-108,792,-268,triceps-extension,,,
-180,683,-265,triceps-extension,,,
-240,516,-381,triceps-extension,,,
-352,326,-403,triceps-extension,,,
-464,215,-427,triceps-extension,,,
-514,157,-538,triceps-extension,,,
-510,110,-615,triceps-extension,,,
-540,47,-585,triceps-extension,,,
-603,-53,-504,triceps-extension,,,
-630,-13,-562,triceps-extension,,,
-578,-45,-597,triceps-extension,,,
-591,-61,-536,triceps-extension,,,
-631,-74,-464,triceps-extension,,,
-684,-92,-398,triceps-extension,,,
-637,-137,-464,triceps-extension,,,
-602,-160,-456,triceps-extension,,,
-609,-134,-414,triceps-extension,,,
-625,-163,-359,triceps-extension,,,
-664,-174,-306,triceps-extension,,,
-608,-161,-290,triceps-extension,,,
-544,-175,-400,triceps-extension,,,
-481,-216,-257,triceps-extension,,,
-491,-59,-107,triceps-extension,,,
-418,-108,-144,triceps-extension,,,
-305,-190,-149,triceps-extension,,,
-328,-121,-56,triceps-extension,,,
-360,-183,-8,triceps-extension,,,
-438,-192,8,triceps-extension,,,
-486,-260,-91,triceps-extension,,,
-525,-264,-59,triceps-extension,,,
-616,-279,-56,triceps-extension,,,
-731,-237,30,triceps-extension,,,
-814,-246,54,triceps-extension,,,
-838,-350,36,triceps-extension,,,
-847,-401,-35,triceps-extension,,,
-907,-349,30,triceps-extension,,,
-920,-304,86,triceps-extension,,,
-914,-315,46,triceps-extension,,,
-876,-392,26,triceps-extension,,,
-858,-387,24,triceps-extension,,,
-845,-416,41,triceps-extension,,,
-829,-426,81,triceps-extension,,,
-808,-435,85,triceps-extension,,,
-821,-461,117,triceps-extension,,,
-807,-538,70,triceps-extension,,,
-772,-591,101,triceps-extension,,,
-760,-586,149,triceps-extension,,,
-774,-581,166,triceps-extension,,,
-744,-620,140,triceps-extension,,,
-716,-644,155,triceps-extension,,,
-691,-669,188,triceps-extension,,,
-660,-720,148,triceps-extension,,,
-625,-740,189,triceps-extension,,,
-585,-754,272,triceps-extension,,,
-580,-765,247,triceps-extension,,,
-567,-772,192,triceps-extension,,,
-531,-816,205,triceps-extension,,,
-500,-834,257,triceps-extension,,,
-471,-821,232,triceps-extension,,,
-451,-830,254,triceps-extension,,,
-430,-843,291,triceps-extension,,,
-396,-828,263,triceps-extension,,,
-361,-865,233,triceps-extension,,,
-336,-875,277,triceps-extension,,,
-314,-852,324,triceps-extension,,,
-311,-897,292,triceps-extension,,,
-275,-925,314,triceps-extension,,,
-253,-916,353,triceps-extension,,,
-237,-945,361,triceps-extension,,,
-217,-994,376,triceps-extension,,,
-176,-1011,431,triceps-extension,,,
-176,-1036,471,triceps-extension,,,
-172,-1073,397,triceps-extension,,,
-135,-1090,374,triceps-extension,,,
-126,-1119,450,triceps-extension,,,
-87,-1105,338,triceps-extension,,,
-64,-1144,400,triceps-extension,,,
-48,-1144,392,triceps-extension,,,
-48,-1144,392,triceps-extension,,,
-32,-1144,353,triceps-extension,,,
-2,-1114,337,triceps-extension,,,
22,-1082,440,triceps-extension,,,
9,-1087,390,triceps-extension,,,
-6,-1095,355,triceps-extension,,,
-22,-1075,387,triceps-extension,,,
-44,-1065,453,triceps-extension,,,
-41,-1051,457,triceps-extension,,,
-79,-1055,417,triceps-extension,,,
-126,-1050,478,triceps-extension,,,
-136,-1048,465,triceps-extension,,,
-172,-1030,468,triceps-extension,,,
-196,-1012,484,triceps-extension,,,
-211,-1014,448,triceps-extension,,,
-255,-988,426,triceps-extension,,,
-277,-954,402,triceps-extension,,,
-301,-939,387,triceps-extension,,,
-337,-921,359,triceps-extension,,,
-377,-892,354,triceps-extension,,,
-416,-870,350,triceps-extension,,,
-451,-850,339,triceps-extension,,,
-491,-831,309,triceps-extension,,,
-538,-794,327,triceps-extension,,,
-568,-760,339,triceps-extension,,,
-588,-728,316,triceps-extension,,,
-608,-681,304,triceps-extension,,,
-616,-634,278,triceps-extension,,,
-623,-576,260,triceps-extension,,,
-619,-526,227,triceps-extension,,,
-606,-512,195,triceps-extension,,,
-619,-497,215,triceps-extension,,,
-624,-472,194,triceps-extension,,,
-627,-464,184,triceps-extension,,,
-640,-435,187,triceps-extension,,,
-666,-401,187,triceps-extension,,,
-693,-384,171,triceps-extension,,,
-706,-390,160,triceps-extension,,,
-714,-398,152,triceps-extension,,,
-729,-370,135,triceps-extension,,,
-755,-371,150,triceps-extension,,,
-736,-358,118,triceps-extension,,,
-749,-379,144,triceps-extension,,,
-815,-357,143,triceps-extension,,,
-811,-389,136,triceps-extension,,,
-836,-421,145,triceps-extension,,,
-872,-401,218,triceps-extension,,,
-872,-418,159,triceps-extension,,,
-871,-441,143,triceps-extension,,,
-854,-456,121,triceps-extension,,,
-784,-447,152,triceps-extension,,,
-800,-393,200,triceps-extension,,,
-730,-439,107,triceps-extension,,,
-720,-463,172,triceps-extension,,,
-698,-524,176,triceps-extension,,,
-681,-513,176,triceps-extension,,,
-680,-491,197,triceps-extension,,,
-638,-495,214,triceps-extension,,,
-659,-516,264,triceps-extension,,,
-617,-627,265,triceps-extension,,,
-595,-674,303,triceps-extension,,,
-605,-667,350,triceps-extension,,,
-577,-676,372,triceps-extension,,,
-544,-668,334,triceps-extension,,,
-536,-693,338,triceps-extension,,,
-525,-773,327,triceps-extension,,,
-470,-828,309,triceps-extension,,,
-416,-824,401,triceps-extension,,,
-368,-800,459,triceps-extension,,,
-347,-797,454,triceps-extension,,,
-334,-825,453,triceps-extension,,,
-299,-864,475,triceps-extension,,,
-257,-885,497,triceps-extension,,,
-231,-888,504,triceps-extension,,,
-211,-914,474,triceps-extension,,,
-188,-957,494,triceps-extension,,,
-148,-984,528,triceps-extension,,,
-120,-1007,539,triceps-extension,,,
-116,-1035,556,triceps-extension,,,
-105,-1073,527,triceps-extension,,,
-83,-1107,530,triceps-extension,,,
-51,-1112,550,triceps-extension,,,
-20,-1106,509,triceps-extension,,,
9,-1093,498,triceps-extension,,,
32,-1091,477,triceps-extension,,,
48,-1088,466,triceps-extension,,,
48,-1072,488,triceps-extension,,,
43,-1070,495,triceps-extension,,,
30,-1062,508,triceps-extension,,,
16,-1052,492,triceps-extension,,,
-8,-1040,482,triceps-extension,,,
-13,-1038,500,triceps-extension,,,
-41,-1028,540,triceps-extension,,,
-84,-1005,523,triceps-extension,,,
-104,-992,530,triceps-extension,,,
-107,-989,500,triceps-extension,,,
-132,-966,523,triceps-extension,,,
-169,-951,484,triceps-extension,,,
-176,-935,519,triceps-extension,,,
-178,-926,506,triceps-extension,,,
-224,-896,549,triceps-extension,,,
-216,-896,464,triceps-extension,,,
-248,-872,528,triceps-extension,,,
-271,-864,458,triceps-extension,,,
-325,-864,426,triceps-extension,,,
-373,-849,506,triceps-extension,,,
-405,-848,439,triceps-extension,,,
-437,-834,461,triceps-extension,,,
-454,-818,401,triceps-extension,,,
-483,-761,440,triceps-extension,,,
-508,-745,428,triceps-extension,,,
-532,-724,385,triceps-extension,,,
-561,-701,344,triceps-extension,,,
-574,-665,367,triceps-extension,,,
-576,-620,328,triceps-extension,,,
-576,-584,324,triceps-extension,,,
-605,-559,305,triceps-extension,,,
-633,-535,279,triceps-extension,,,
-635,-523,256,triceps-extension,,,
-648,-504,290,triceps-extension,,,
-717,-491,317,triceps-extension,,,
-762,-463,295,triceps-extension,,,
-773,-462,242,triceps-extension,,,
-781,-472,221,triceps-extension,,,
-739,-468,220,triceps-extension,,,
-721,-404,229,triceps-extension,,,
-744,-344,240,triceps-extension,,,
-728,-340,216,triceps-extension,,,
-700,-332,196,triceps-extension,,,
-722,-294,226,triceps-extension,,,
-745,-275,245,triceps-extension,,,
-776,-288,242,triceps-extension,,,
-835,-304,253,triceps-extension,,,
-837,-328,254,triceps-extension,,,
-855,-316,270,triceps-extension,,,
-880,-301,266,triceps-extension,,,
-856,-317,248,triceps-extension,,,
-860,-323,252,triceps-extension,,,
-839,-307,238,triceps-extension,,,
-852,-304,272,triceps-extension,,,
-830,-326,282,triceps-extension,,,
-807,-318,312,triceps-extension,,,
-819,-320,305,triceps-extension,,,
-780,-351,296,triceps-extension,,,
-820,-357,364,triceps-extension,,,
-759,-420,340,triceps-extension,,,
-749,-400,326,triceps-extension,,,
-733,-400,373,triceps-extension,,,
-772,-411,415,triceps-extension,,,
-724,-522,407,triceps-extension,,,
-673,-551,401,triceps-extension,,,
-687,-537,415,triceps-extension,,,
-640,-576,377,triceps-extension,,,
-616,-600,455,triceps-extension,,,
-546,-662,479,triceps-extension,,,
-521,-649,495,triceps-extension,,,
-505,-648,466,triceps-extension,,,
-511,-692,471,triceps-extension,,,
-469,-725,486,triceps-extension,,,
-429,-763,495,triceps-extension,,,
-397,-761,476,triceps-extension,,,
-345,-727,499,triceps-extension,,,
-323,-727,530,triceps-extension,,,
-320,-766,479,triceps-extension,,,
-289,-819,507,triceps-extension,,,
-238,-838,532,triceps-extension,,,
-195,-834,530,triceps-extension,,,
-178,-866,517,triceps-extension,,,
-165,-919,540,triceps-extension,,,
-128,-914,579,triceps-extension,,,
-91,-920,571,triceps-extension,,,
-65,-953,560,triceps-extension,,,
-31,-973,580,triceps-extension,,,
3,-990,597,triceps-extension,,,
11,-1014,572,triceps-extension,,,
12,-1033,565,triceps-extension,,,
33,-1053,619,triceps-extension,,,
56,-1047,660,triceps-extension,,,
84,-1028,628,triceps-extension,,,
104,-1024,615,triceps-extension,,,
104,-1017,629,triceps-extension,,,
100,-1015,634,triceps-extension,,,
93,-1031,646,triceps-extension,,,
78,-1030,661,triceps-extension,,,
61,-1010,689,triceps-extension,,,
50,-997,644,triceps-extension,,,
43,-984,619,triceps-extension,,,
43,-963,635,triceps-extension,,,
27,-947,614,triceps-extension,,,
11,-927,597,triceps-extension,,,
-4,-902,608,triceps-extension,,,
-18,-894,608,triceps-extension,,,
-28,-888,608,triceps-extension,,,
-45,-885,605,triceps-extension,,,
-68,-872,593,triceps-extension,,,
-95,-872,603,triceps-extension,,,
-134,-868,612,triceps-extension,,,
-169,-847,594,triceps-extension,,,
-179,-838,607,triceps-extension,,,
-203,-824,598,triceps-extension,,,
-235,-823,578,triceps-extension,,,
-272,-808,605,triceps-extension,,,
-282,-808,552,triceps-extension,,,
-336,-808,536,triceps-extension,,,
-368,-800,512,triceps-extension,,,
-399,-784,520,triceps-extension,,,
-438,-754,497,triceps-extension,,,
-447,-737,444,triceps-extension,,,
-463,-692,462,triceps-extension,,,
-464,-688,443,triceps-extension,,,
-492,-674,426,triceps-extension,,,
-523,-679,404,triceps-extension,,,
-568,-667,407,triceps-extension,,,
-589,-651,395,triceps-extension,,,
-617,-623,386,triceps-extension,,,
-618,-616,409,triceps-extension,,,
-652,-580,458,triceps-extension,,,
-664,-568,366,triceps-extension,,,
-687,-534,368,triceps-extension,,,
-696,-514,384,triceps-extension,,,
-718,-501,346,triceps-extension,,,
-723,-501,333,triceps-extension,,,
-730,-468,336,triceps-extension,,,
-741,-428,296,triceps-extension,,,
-768,-402,282,triceps-extension,,,
-775,-411,274,triceps-extension,,,
-759,-402,273,triceps-extension,,,
-743,-384,280,triceps-extension,,,
-744,-355,276,triceps-extension,,,
-740,-316,272,triceps-extension,,,
-763,-304,276,triceps-extension,,,
-789,-322,251,triceps-extension,,,
-780,-358,230,triceps-extension,,,
-808,-366,241,triceps-extension,,,
-824,-365,232,triceps-extension,,,
-812,-396,256,triceps-extension,,,
-820,-410,267,triceps-extension,,,
-808,-384,238,triceps-extension,,,
-821,-355,267,triceps-extension,,,
-811,-353,247,triceps-extension,,,
-789,-350,264,triceps-extension,,,
-747,-382,264,triceps-extension,,,
-728,-364,278,triceps-extension,,,
-774,-344,329,triceps-extension,,,
-753,-412,355,triceps-extension,,,
-696,-455,337,triceps-extension,,,
-692,-447,353,triceps-extension,,,
-664,-438,392,triceps-extension,,,
-620,-434,352,triceps-extension,,,
-645,-518,413,triceps-extension,,,
-619,-633,455,triceps-extension,,,
-570,-640,443,triceps-extension,,,
-593,-642,491,triceps-extension,,,
-606,-675,542,triceps-extension,,,
-528,-768,480,triceps-extension,,,
-480,-752,496,triceps-extension,,,
-472,-744,543,triceps-extension,,,
-396,-797,460,triceps-extension,,,
-362,-837,493,triceps-extension,,,
-316,-789,525,triceps-extension,,,
-255,-784,514,triceps-extension,,,
-227,-812,547,triceps-extension,,,
-183,-836,545,triceps-extension,,,
-123,-853,544,triceps-extension,,,
-73,-817,564,triceps-extension,,,
-51,-846,543,triceps-extension,,,
-42,-912,555,triceps-extension,,,
-28,-940,584,triceps-extension,,,
-6,-938,604,triceps-extension,,,
-17,-936,665,triceps-extension,,,
-41,-975,694,triceps-extension,,,
-37,-1008,696,triceps-extension,,,
-11,-1016,696,triceps-extension,,,
5,-1011,721,triceps-extension,,,
33,-998,706,triceps-extension,,,
72,-992,664,triceps-extension,,,
102,-983,667,triceps-extension,,,
112,-967,684,triceps-extension,,,
116,-960,697,triceps-extension,,,
108,-960,696,triceps-extension,,,
88,-956,692,triceps-extension,,,
68,-948,684,triceps-extension,,,
45,-948,683,triceps-extension,,,
21,-959,692,triceps-extension,,,
-2,-955,688,triceps-extension,,,
-26,-942,672,triceps-extension,,,
-55,-934,651,triceps-extension,,,
-74,-910,644,triceps-extension,,,
-72,-912,624,triceps-extension,,,
-85,-893,611,triceps-extension,,,
-87,-883,594,triceps-extension,,,
-109,-867,607,triceps-extension,,,
-126,-854,569,triceps-extension,,,
-156,-844,542,triceps-extension,,,
-192,-830,579,triceps-extension,,,
-200,-824,563,triceps-extension,,,
-235,-823,572,triceps-extension,,,
-252,-815,548,triceps-extension,,,
-274,-809,526,triceps-extension,,,
-292,-814,514,triceps-extension,,,
-323,-797,529,triceps-extension,,,
-348,-775,540,triceps-extension,,,
-395,-769,577,triceps-extension,,,
-441,-775,481,triceps-extension,,,
-464,-760,504,triceps-extension,,,
-480,-744,504,triceps-extension,,,
-504,-720,464,triceps-extension,,,
-504,-720,464,triceps-extension,,,
-535,-673,495,triceps-extension,,,
-544,-664,412,triceps-extension,,,
-559,-642,445,triceps-extension,,,
-640,-611,463,triceps-extension,,,
-641,-587,393,triceps-extension,,,
-661,-556,384,triceps-extension,,,
-671,-538,391,triceps-extension,,,
-659,-509,345,triceps-extension,,,
-649,-471,349,triceps-extension,,,
-635,-445,327,triceps-extension,,,
-620,-409,308,triceps-extension,,,
-634,-388,316,triceps-extension,,,
-681,-360,320,triceps-extension,,,
-736,-352,320,triceps-extension,,,
-774,-374,309,triceps-extension,,,
-822,-389,304,triceps-extension,,,
-861,-371,304,triceps-extension,,,
-862,-365,309,triceps-extension,,,
-831,-358,307,triceps-extension,,,
-802,-338,304,triceps-extension,,,
-792,-282,299,triceps-extension,,,
-738,-261,278,triceps-extension,,,
-718,-285,299,triceps-extension,,,
-711,-292,282,triceps-extension,,,
-740,-284,296,triceps-extension,,,
-788,-326,340,triceps-extension,,,
-791,-383,339,triceps-extension,,,
-796,-410,366,triceps-extension,,,
-805,-415,367,triceps-extension,,,
-827,-398,367,triceps-extension,,,
-795,-423,406,triceps-extension,,,
-721,-428,416,triceps-extension,,,
-704,-381,430,triceps-extension,,,
-699,-381,446,triceps-extension,,,
-654,-451,436,triceps-extension,,,
-643,-501,453,triceps-extension,,,
-634,-478,430,triceps-extension,,,
-646,-516,460,triceps-extension,,,
-651,-587,507,triceps-extension,,,
-600,-621,537,triceps-extension,,,
-564,-608,516,triceps-extension,,,
-540,-613,533,triceps-extension,,,
-511,-647,525,triceps-extension,,,
-448,-683,551,triceps-extension,,,
-389,-649,548,triceps-extension,,,
-367,-660,576,triceps-extension,,,
-359,-707,492,triceps-extension,,,
-345,-747,546,triceps-extension,,,
-358,-809,583,triceps-extension,,,
-296,-840,553,triceps-extension,,,
-264,-824,639,triceps-extension,,,
-272,-863,640,triceps-extension,,,
-257,-902,625,triceps-extension,,,
-174,-882,661,triceps-extension,,,
-139,-858,664,triceps-extension,,,
-86,-856,614,triceps-extension,,,
-38,-870,650,triceps-extension,,,
16,-804,615,triceps-extension,,,
31,-792,581,triceps-extension,,,
19,-812,556,triceps-extension,,,
-3,-860,603,triceps-extension,,,
-2,-922,641,triceps-extension,,,
0,-960,678,triceps-extension,,,
-18,-974,694,triceps-extension,,,
-13,-993,707,triceps-extension,,,
3,-1011,690,triceps-extension,,,
13,-1000,707,triceps-extension,,,
21,-987,725,triceps-extension,,,
44,-964,692,triceps-extension,,,
56,-922,692,triceps-extension,,,
66,-890,733,triceps-extension,,,
77,-866,692,triceps-extension,,,
71,-860,666,triceps-extension,,,
60,-864,676,triceps-extension,,,
48,-864,664,triceps-extension,,,
24,-872,672,triceps-extension,,,
-4,-880,707,triceps-extension,,,
-27,-887,710,triceps-extension,,,
-51,-892,681,triceps-extension,,,
-71,-878,665,triceps-extension,,,
-83,-861,640,triceps-extension,,,
-94,-853,613,triceps-extension,,,
-113,-833,617,triceps-extension,,,
-128,-805,643,triceps-extension,,,
-141,-795,659,triceps-extension,,,
-180,-782,631,triceps-extension,,,
-210,-781,601,triceps-extension,,,
-222,-792,616,triceps-extension,,,
-252,-790,604,triceps-extension,,,
-293,-780,635,triceps-extension,,,
-319,-770,611,triceps-extension,,,
-348,-773,586,triceps-extension,,,
-373,-756,568,triceps-extension,,,
-404,-730,604,triceps-extension,,,
-425,-695,582,triceps-extension,,,
-436,-686,568,triceps-extension,,,
-476,-671,567,triceps-extension,,,
-514,-656,549,triceps-extension,,,
-537,-656,514,triceps-extension,,,
-553,-648,553,triceps-extension,,,
-584,-632,592,triceps-extension,,,
-600,-616,504,triceps-extension,,,
-631,-600,551,triceps-extension,,,
-647,-570,491,triceps-extension,,,
-626,-531,451,triceps-extension,,,
-646,-484,484,triceps-extension,,,
-619,-459,481,triceps-extension,,,
-609,-435,480,triceps-extension,,,
-628,-418,446,triceps-extension,,,
-619,-409,400,triceps-extension,,,
-655,-388,418,triceps-extension,,,
-721,-378,424,triceps-extension,,,
-761,-395,387,triceps-extension,,,
-786,-388,328,triceps-extension,,,
-745,-390,283,triceps-extension,,,
-751,-358,295,triceps-extension,,,
-766,-350,304,triceps-extension,,,
-730,-330,293,triceps-extension,,,
-744,-336,320,triceps-extension,,,
-765,-339,346,triceps-extension,,,
-783,-336,377,triceps-extension,,,
-811,-336,354,triceps-extension,,,
-843,-322,319,triceps-extension,,,
-820,-357,285,triceps-extension,,,
-809,-370,281,triceps-extension,,,
-816,-377,279,triceps-extension,,,
-800,-384,268,triceps-extension,,,
-807,-376,264,triceps-extension,,,
-828,-384,267,triceps-extension,,,
-811,-388,301,triceps-extension,,,
-760,-416,362,triceps-extension,,,
-715,-422,395,triceps-extension,,,
-690,-372,391,triceps-extension,,,
-700,-369,413,triceps-extension,,,
-714,-430,419,triceps-extension,,,
-667,-496,458,triceps-extension,,,
-656,-510,491,triceps-extension,,,
-651,-509,482,triceps-extension,,,
-646,-535,488,triceps-extension,,,
-648,-590,500,triceps-extension,,,
-591,-625,538,triceps-extension,,,
-555,-603,539,triceps-extension,,,
-524,-619,527,triceps-extension,,,
-469,-643,569,triceps-extension,,,
-444,-694,615,triceps-extension,,,
-372,-678,611,triceps-extension,,,
-341,-669,629,triceps-extension,,,
-310,-717,609,triceps-extension,,,
-284,-770,618,triceps-extension,,,
-230,-799,638,triceps-extension,,,
-191,-777,606,triceps-extension,,,
-168,-808,537,triceps-extension,,,
-192,-848,591,triceps-extension,,,
-169,-879,600,triceps-extension,,,
-130,-910,608,triceps-extension,,,
-121,-905,623,triceps-extension,,,
-113,-926,617,triceps-extension,,,
-112,-964,587,triceps-extension,,,
-112,-982,626,triceps-extension,,,
-71,-991,680,triceps-extension,,,
-51,-985,695,triceps-extension,,,
-28,-984,696,triceps-extension,,,
-11,-997,683,triceps-extension,,,
-8,-1006,742,triceps-extension,,,
10,-1002,718,triceps-extension,,,
22,-988,722,triceps-extension,,,
30,-978,745,triceps-extension,,,
26,-982,702,triceps-extension,,,
19,-962,723,triceps-extension,,,
11,-941,718,triceps-extension,,,
8,-931,704,triceps-extension,,,
-7,-913,704,triceps-extension,,,
-11,-890,675,triceps-extension,,,
-22,-880,633,triceps-extension,,,
-45,-867,656,triceps-extension,,,
-69,-865,658,triceps-extension,,,
-88,-868,644,triceps-extension,,,
-112,-860,644,triceps-extension,,,
-140,-848,620,triceps-extension,,,
-152,-847,593,triceps-extension,,,
-166,-842,587,triceps-extension,,,
-191,-827,590,triceps-extension,,,
-213,-829,563,triceps-extension,,,
-244,-818,544,triceps-extension,,,
-273,-811,538,triceps-extension,,,
-299,-816,525,triceps-extension,,,
-333,-811,510,triceps-extension,,,
-360,-798,493,triceps-extension,,,
-374,-792,499,triceps-extension,,,
-416,-786,484,triceps-extension,,,
-444,-762,458,triceps-extension,,,
-463,-740,423,triceps-extension,,,
-488,-723,448,triceps-extension,,,
-495,-700,447,triceps-extension,,,
-533,-679,440,triceps-extension,,,
-566,-673,434,triceps-extension,,,
-601,-678,394,triceps-extension,,,
-613,-661,357,triceps-extension,,,
-656,-629,393,triceps-extension,,,
-658,-597,322,triceps-extension,,,
-688,-560,352,triceps-extension,,,
-681,-559,344,triceps-extension,,,
-728,-520,328,triceps-extension,,,
-736,-488,304,triceps-extension,,,
-736,-488,304,triceps-extension,,,
-728,-465,296,triceps-extension,,,
-705,-449,258,triceps-extension,,,
-674,-441,256,triceps-extension,,,
-665,-389,256,triceps-extension,,,
-693,-313,227,triceps-extension,,,
-696,-360,203,triceps-extension,,,
-689,-402,166,triceps-extension,,,
-768,-395,187,triceps-extension,,,
-771,-412,218,triceps-extension,,,
-812,-397,262,triceps-extension,,,
-867,-398,247,triceps-extension,,,
-862,-388,204,triceps-extension,,,
-874,-372,227,triceps-extension,,,
-828,-374,188,triceps-extension,,,
-797,-354,201,triceps-extension,,,
-787,-333,194,triceps-extension,,,
-763,-312,179,triceps-extension,,,
-737,-360,207,triceps-extension,,,
-738,-377,249,triceps-extension,,,
-758,-363,250,triceps-extension,,,
-773,-369,240,triceps-extension,,,
-789,-398,271,triceps-extension,,,
-804,-446,335,triceps-extension,,,
-791,-489,351,triceps-extension,,,
-764,-480,336,triceps-extension,,,
-756,-483,367,triceps-extension,,,
-719,-530,382,triceps-extension,,,
-637,-545,399,triceps-extension,,,
-592,-523,448,triceps-extension,,,
-576,-533,419,triceps-extension,,,
-543,-616,407,triceps-extension,,,
-513,-683,447,triceps-extension,,,
-480,-713,448,triceps-extension,,,
-461,-773,493,triceps-extension,,,
-456,-810,520,triceps-extension,,,
-451,-848,518,triceps-extension,,,
-427,-905,510,triceps-extension,,,
-370,-942,506,triceps-extension,,,
-291,-905,508,triceps-extension,,,
-227,-873,491,triceps-extension,,,
-131,-839,472,triceps-extension,,,
-68,-808,464,triceps-extension,,,
-46,-847,432,triceps-extension,,,
-33,-846,481,triceps-extension,,,
-41,-896,491,triceps-extension,,,
-48,-964,516,triceps-extension,,,
-46,-1001,554,triceps-extension,,,
-24,-1009,588,triceps-extension,,,
-23,-1032,665,triceps-extension,,,
0,-1048,704,triceps-extension,,,
8,-1040,672,triceps-extension,,,
39,-1017,688,triceps-extension,,,
55,-1016,703,triceps-extension,,,
78,-1038,704,triceps-extension,,,
29,-1025,689,triceps-extension,,,
53,-995,659,triceps-extension,,,
42,-971,642,triceps-extension,,,
40,-982,613,triceps-extension,,,
20,-971,595,triceps-extension,,,
3,-955,559,triceps-extension,,,
-6,-946,565,triceps-extension,,,
-14,-944,574,triceps-extension,,,
-22,-938,528,triceps-extension,,,
-42,-942,536,triceps-extension,,,
-65,-927,555,triceps-extension,,,
-78,-926,532,triceps-extension,,,
-85,-923,531,triceps-extension,,,
-114,-936,510,triceps-extension,,,
-148,-929,511,triceps-extension,,,
-175,-910,510,triceps-extension,,,
-189,-899,494,triceps-extension,,,
-201,-887,483,triceps-extension,,,
-212,-880,453,triceps-extension,,,
-233,-867,441,triceps-extension,,,
-252,-856,448,triceps-extension,,,
-272,-852,448,triceps-extension,,,
-300,-840,448,triceps-extension,,,
-330,-836,444,triceps-extension,,,
-359,-833,454,triceps-extension,,,
-378,-821,469,triceps-extension,,,
-402,-810,470,triceps-extension,,,
-434,-794,489,triceps-extension,,,
-467,-775,495,triceps-extension,,,
-483,-749,477,triceps-extension,,,
-517,-720,469,triceps-extension,,,
-551,-697,474,triceps-extension,,,
-573,-678,480,triceps-extension,,,
-592,-666,421,triceps-extension,,,
-624,-644,386,triceps-extension,,,
-659,-628,433,triceps-extension,,,
-703,-614,408,triceps-extension,,,
-737,-601,418,triceps-extension,,,
-783,-567,451,triceps-extension,,,
-820,-558,389,triceps-extension,,,
-836,-536,412,triceps-extension,,,
-804,-471,380,triceps-extension,,,
-761,-387,340,triceps-extension,,,
-684,-333,304,triceps-extension,,,
-633,-294,308,triceps-extension,,,
-649,-246,374,triceps-extension,,,
-680,-192,312,triceps-extension,,,
-672,-264,280,triceps-extension,,,
-757,-311,334,triceps-extension,,,
-775,-335,268,triceps-extension,,,
-813,-314,353,triceps-extension,,,
-816,-370,287,triceps-extension,,,
-795,-340,237,triceps-extension,,,
-848,-308,225,triceps-extension,,,
-822,-297,244,triceps-extension,,,
-809,-283,275,triceps-extension,,,
-828,-273,273,triceps-extension,,,
-813,-291,297,triceps-extension,,,
-827,-290,292,triceps-extension,,,
-844,-288,288,triceps-extension,,,
-830,-312,247,triceps-extension,,,
-772,-372,232,triceps-extension,,,
-746,-392,260,triceps-extension,,,
-733,-408,321,triceps-extension,,,
-702,-432,276,triceps-extension,,,
-708,-445,265,triceps-extension,,,
-730,-502,329,triceps-extension,,,
-707,-536,384,triceps-extension,,,
-656,-527,391,triceps-extension,,,
-654,-524,411,triceps-extension,,,
-642,-541,415,triceps-extension,,,
-628,-589,433,triceps-extension,,,
-632,-660,476,triceps-extension,,,
-601,-704,480,triceps-extension,,,
-565,-719,498,triceps-extension,,,
-527,-735,517,triceps-extension,,,
-472,-764,524,triceps-extension,,,
-411,-766,555,triceps-extension,,,
-347,-722,557,triceps-extension,,,
-297,-727,555,triceps-extension,,,
-253,-760,574,triceps-extension,,,
-203,-763,597,triceps-extension,,,
-169,-741,590,triceps-extension,,,
-147,-766,584,triceps-extension,,,
-142,-823,592,triceps-extension,,,
-152,-902,612,triceps-extension,,,
-123,-949,632,triceps-extension,,,
-102,-976,746,triceps-extension,,,
-97,-1017,739,triceps-extension,,,
-96,-1059,679,triceps-extension,,,
-57,-1067,668,triceps-extension,,,
-58,-1033,648,triceps-extension,,,
-13,-981,651,triceps-extension,,,
15,-951,675,triceps-extension,,,
7,-945,702,triceps-extension,,,
-8,-952,681,triceps-extension,,,
-17,-944,704,triceps-extension,,,
-40,-960,688,triceps-extension,,,
-80,-960,680,triceps-extension,,,
-103,-960,672,triceps-extension,,,
-119,-975,634,triceps-extension,,,
-142,-976,647,triceps-extension,,,
-151,-954,655,triceps-extension,,,
-173,-938,606,triceps-extension,,,
-169,-887,635,triceps-extension,,,
-188,-880,565,triceps-extension,,,
-199,-867,559,triceps-extension,,,
-200,-851,560,triceps-extension,,,
-225,-848,547,triceps-extension,,,
-244,-836,556,triceps-extension,,,
-266,-814,566,triceps-extension,,,
-284,-808,533,triceps-extension,,,
-305,-802,554,triceps-extension,,,
-323,-794,535,triceps-extension,,,
-339,-792,498,triceps-extension,,,
-376,-797,493,triceps-extension,,,
-392,-795,506,triceps-extension,,,
-417,-792,522,triceps-extension,,,
-432,-782,523,triceps-extension,,,
-446,-771,497,triceps-extension,,,
-474,-759,484,triceps-extension,,,
-501,-735,484,triceps-extension,,,
-524,-712,455,triceps-extension,,,
-540,-688,432,triceps-extension,,,
-567,-668,455,triceps-extension,,,
-599,-657,465,triceps-extension,,,
-629,-637,448,triceps-extension,,,
-656,-617,441,triceps-extension,,,
-662,-605,448,triceps-extension,,,
-678,-588,448,triceps-extension,,,
-688,-559,393,triceps-extension,,,
-688,-533,365,triceps-extension,,,
-675,-496,360,triceps-extension,,,
-648,-457,372,triceps-extension,,,
-650,-433,384,triceps-extension,,,
-652,-403,342,triceps-extension,,,
-652,-368,316,triceps-extension,,,
-688,-375,263,triceps-extension,,,
-701,-405,295,triceps-extension,,,
-761,-421,313,triceps-extension,,,
-800,-411,283,triceps-extension,,,
-806,-423,291,triceps-extension,,,
-836,-420,259,triceps-extension,,,
-802,-445,229,triceps-extension,,,
-758,-418,275,triceps-extension,,,
-820,-362,299,triceps-extension,,,
-757,-392,225,triceps-extension,,,
-697,-392,241,triceps-extension,,,
-728,-376,288,triceps-extension,,,
-712,-368,240,triceps-extension,,,
-712,-368,240,triceps-extension,,,
-689,-384,294,triceps-extension,,,
-673,-422,304,triceps-extension,,,
-724,-394,319,triceps-extension,,,
-728,-458,364,triceps-extension,,,
-671,-514,354,triceps-extension,,,
-636,-485,373,triceps-extension,,,
-714,-494,390,triceps-extension,,,
-681,-549,332,triceps-extension,,,
-646,-567,392,triceps-extension,,,
-627,-574,484,triceps-extension,,,
-605,-619,467,triceps-extension,,,
-546,-644,480,triceps-extension,,,
-487,-619,506,triceps-extension,,,
-461,-625,523,triceps-extension,,,
-400,-665,528,triceps-extension,,,
-376,-685,550,triceps-extension,,,
-371,-709,544,triceps-extension,,,
-343,-776,551,triceps-extension,,,
-279,-833,585,triceps-extension,,,
-258,-824,590,triceps-extension,,,
-232,-822,621,triceps-extension,,,
-208,-854,608,triceps-extension,,,
-173,-881,611,triceps-extension,,,
-119,-867,644,triceps-extension,,,
-92,-848,656,triceps-extension,,,
-92,-871,656,triceps-extension,,,
-85,-914,663,triceps-extension,,,
-61,-932,701,triceps-extension,,,
-48,-938,708,triceps-extension,,,
-45,-968,693,triceps-extension,,,
-37,-995,712,triceps-extension,,,
-20,-1006,729,triceps-extension,,,
-5,-1016,749,triceps-extension,,,
-29,-1016,736,triceps-extension,,,
-46,-1006,730,triceps-extension,,,
-22,-984,691,triceps-extension,,,
-12,-982,699,triceps-extension,,,
-2,-974,650,triceps-extension,,,
-8,-964,685,triceps-extension,,,
-13,-949,706,triceps-extension,,,
-35,-930,697,triceps-extension,,,
-47,-903,632,triceps-extension,,,
-44,-892,633,triceps-extension,,,
-64,-872,636,triceps-extension,,,
-68,-871,608,triceps-extension,,,
-105,-863,604,triceps-extension,,,
-113,-855,569,triceps-extension,,,
-122,-848,578,triceps-extension,,,
-169,-840,616,triceps-extension,,,
-192,-824,600,triceps-extension,,,
-216,-840,568,triceps-extension,,,
-270,-824,537,triceps-extension,,,
-280,-832,521,triceps-extension,,,
-310,-825,527,triceps-extension,,,
-327,-809,506,triceps-extension,,,
-349,-815,511,triceps-extension,,,
-387,-802,449,triceps-extension,,,
-426,-780,488,triceps-extension,,,
-465,-769,509,triceps-extension,,,
-498,-768,492,triceps-extension,,,
-523,-762,488,triceps-extension,,,
-547,-741,500,triceps-extension,,,
-552,-730,480,triceps-extension,,,
-558,-716,472,triceps-extension,,,
-577,-689,455,triceps-extension,,,
-595,-669,442,triceps-extension,,,
-611,-648,445,triceps-extension,,,
-642,-619,432,triceps-extension,,,
-656,-608,399,triceps-extension,,,
-661,-598,359,triceps-extension,,,
-688,-573,339,triceps-extension,,,
-704,-541,304,triceps-extension,,,
-717,-510,280,triceps-extension,,,
-745,-496,263,triceps-extension,,,
-756,-475,231,triceps-extension,,,
-764,-436,220,triceps-extension,,,
-768,-404,197,triceps-extension,,,
-771,-381,183,triceps-extension,,,
-780,-357,228,triceps-extension,,,
-773,-344,220,triceps-extension,,,
-771,-338,179,triceps-extension,,,
-758,-328,180,triceps-extension,,,
-719,-325,130,triceps-extension,,,
-709,-317,125,triceps-extension,,,
-725,-312,141,triceps-extension,,,
-748,-314,147,triceps-extension,,,
-783,-336,136,triceps-extension,,,
-819,-380,151,triceps-extension,,,
-868,-404,176,triceps-extension,,,
-852,-435,133,triceps-extension,,,
-845,-413,160,triceps-extension,,,
-851,-396,180,triceps-extension,,,
-781,-376,132,triceps-extension,,,
-737,-376,163,triceps-extension,,,
-781,-381,222,triceps-extension,,,
-709,-414,211,triceps-extension,,,
-751,-407,232,triceps-extension,,,
-735,-481,235,triceps-extension,,,
-720,-497,274,triceps-extension,,,
-727,-520,304,triceps-extension,,,
-696,-528,296,triceps-extension,,,
-696,-528,320,triceps-extension,,,
-649,-582,336,triceps-extension,,,
-648,-592,382,triceps-extension,,,
-573,-622,384,triceps-extension,,,
-568,-617,464,triceps-extension,,,
-525,-602,408,triceps-extension,,,
-520,-649,435,triceps-extension,,,
-520,-683,495,triceps-extension,,,
-467,-715,491,triceps-extension,,,
-423,-707,527,triceps-extension,,,
-391,-717,549,triceps-extension,,,
-365,-757,527,triceps-extension,,,
-312,-768,592,triceps-extension,,,
-278,-768,622,triceps-extension,,,
-255,-820,601,triceps-extension,,,
-242,-879,603,triceps-extension,,,
-218,-901,613,triceps-extension,,,
-176,-936,669,triceps-extension,,,
-150,-957,691,triceps-extension,,,
-124,-965,678,triceps-extension,,,
-88,-982,677,triceps-extension,,,
-49,-978,699,triceps-extension,,,
-10,-977,685,triceps-extension,,,
30,-980,686,triceps-extension,,,
52,-976,704,triceps-extension,,,
56,-984,712,triceps-extension,,,
48,-992,728,triceps-extension,,,
40,-996,721,triceps-extension,,,
26,-1014,683,triceps-extension,,,
5,-1035,659,triceps-extension,,,
0,-1030,664,triceps-extension,,,
-6,-1010,661,triceps-extension,,,
-19,-997,647,triceps-extension,,,
-32,-981,624,triceps-extension,,,
-51,-947,600,triceps-extension,,,
-61,-910,572,triceps-extension,,,
-77,-881,533,triceps-extension,,,
-94,-862,512,triceps-extension,,,
-116,-852,526,triceps-extension,,,
-133,-842,492,triceps-extension,,,
-162,-850,488,triceps-extension,,,
-201,-857,511,triceps-extension,,,
-215,-864,472,triceps-extension,,,
-250,-864,471,triceps-extension,,,
-266,-863,466,triceps-extension,,,
-283,-856,476,triceps-extension,,,
-306,-855,442,triceps-extension,,,
-330,-847,465,triceps-extension,,,
-352,-832,478,triceps-extension,,,
-360,-823,440,triceps-extension,,,
-376,-800,448,triceps-extension,,,
-392,-784,440,triceps-extension,,,
-415,-784,386,triceps-extension,,,
-431,-784,422,triceps-extension,,,
-462,-769,409,triceps-extension,,,
-486,-753,408,triceps-extension,,,
-517,-759,422,triceps-extension,,,
-534,-739,396,triceps-extension,,,
-550,-716,406,triceps-extension,,,
-579,-705,408,triceps-extension,,,
-630,-697,388,triceps-extension,,,
-659,-702,384,triceps-extension,,,
-695,-692,378,triceps-extension,,,
-728,-658,382,triceps-extension,,,
-754,-630,366,triceps-extension,,,
-766,-613,377,triceps-extension,,,
-774,-586,356,triceps-extension,,,
-787,-565,376,triceps-extension,,,
-792,-518,360,triceps-extension,,,
-792,-471,344,triceps-extension,,,
-787,-441,329,triceps-extension,,,
-784,-408,277,triceps-extension,,,
-770,-369,220,triceps-extension,,,
-751,-356,200,triceps-extension,,,
-744,-321,222,triceps-extension,,,
-748,-284,223,triceps-extension,,,
-764,-276,204,triceps-extension,,,
-788,-272,165,triceps-extension,,,
-815,-279,150,triceps-extension,,,
-821,-288,137,triceps-extension,,,
-808,-291,101,triceps-extension,,,
-808,-293,123,triceps-extension,,,
-805,-294,140,triceps-extension,,,
-820,-298,157,triceps-extension,,,
-848,-293,136,triceps-extension,,,
-848,-309,120,triceps-extension,,,
-875,-327,140,triceps-extension,,,
-873,-344,128,triceps-extension,,,
-881,-346,162,triceps-extension,,,
-838,-352,138,triceps-extension,,,
-832,-354,129,triceps-extension,,,
-819,-367,165,triceps-extension,,,
-768,-385,191,triceps-extension,,,
-771,-361,227,triceps-extension,,,
-777,-414,244,triceps-extension,,,
-730,-450,275,triceps-extension,,,
-691,-462,355,triceps-extension,,,
-714,-454,374,triceps-extension,,,
-728,-522,274,triceps-extension,,,
-622,-546,307,triceps-extension,,,
-592,-577,368,triceps-extension,,,
-600,-616,352,triceps-extension,,,
-544,-656,400,triceps-extension,,,
-497,-703,485,triceps-extension,,,
-443,-704,465,triceps-extension,,,
-440,-704,479,triceps-extension,,,
-404,-740,444,triceps-extension,,,
-393,-773,469,triceps-extension,,,
-343,-811,500,triceps-extension,,,
-302,-809,490,triceps-extension,,,
-269,-841,535,triceps-extension,,,
-257,-900,544,triceps-extension,,,
-205,-937,588,triceps-extension,,,
-149,-919,563,triceps-extension,,,
-112,-906,576,triceps-extension,,,
-57,-904,560,triceps-extension,,,
17,-898,581,triceps-extension,,,
51,-902,570,triceps-extension,,,
61,-942,587,triceps-extension,,,
69,-997,579,triceps-extension,,,
77,-1036,619,triceps-extension,,,
80,-1068,648,triceps-extension,,,
75,-1061,701,triceps-extension,,,
72,-1039,741,triceps-extension,,,
81,-1041,726,triceps-extension,,,
66,-1031,708,triceps-extension,,,
77,-1004,700,triceps-extension,,,
116,-992,668,triceps-extension,,,
109,-980,636,triceps-extension,,,
81,-961,636,triceps-extension,,,
68,-948,605,triceps-extension,,,
57,-934,570,triceps-extension,,,
51,-917,565,triceps-extension,,,
53,-900,542,triceps-extension,,,
45,-883,523,triceps-extension,,,
29,-880,502,triceps-extension,,,
3,-864,560,triceps-extension,,,
-10,-864,553,triceps-extension,,,
-27,-871,538,triceps-extension,,,
-54,-886,538,triceps-extension,,,
-48,-880,512,triceps-extension,,,
-53,-876,501,triceps-extension,,,
-74,-861,539,triceps-extension,,,
-81,-848,519,triceps-extension,,,
-91,-847,508,triceps-extension,,,
-109,-839,488,triceps-extension,,,
-137,-833,494,triceps-extension,,,
-146,-840,527,triceps-extension,,,
-162,-838,454,triceps-extension,,,
-185,-817,515,triceps-extension,,,
-200,-825,554,triceps-extension,,,
-200,-841,583,triceps-extension,,,
-208,-864,560,triceps-extension,,,
-232,-848,584,triceps-extension,,,
-224,-848,553,triceps-extension,,,
-224,-863,590,triceps-extension,,,
-209,-842,555,triceps-extension,,,
-237,-833,596,triceps-extension,,,
-233,-818,571,triceps-extension,,,
-246,-823,610,triceps-extension,,,
-289,-804,616,triceps-extension,,,
-283,-807,589,triceps-extension,,,
-300,-808,591,triceps-extension,,,
-342,-795,636,triceps-extension,,,
-358,-792,605,triceps-extension,,,
-378,-792,592,triceps-extension,,,
-413,-786,592,triceps-extension,,,
-447,-784,569,triceps-extension,,,
-456,-790,549,triceps-extension,,,
-494,-770,593,triceps-extension,,,
-528,-749,590,triceps-extension,,,
-536,-739,556,triceps-extension,,,
-556,-721,569,triceps-extension,,,
-563,-707,531,triceps-extension,,,
-579,-690,505,triceps-extension,,,
-601,-676,525,triceps-extension,,,
-608,-663,506,triceps-extension,,,
-629,-639,488,triceps-extension,,,
-648,-616,472,triceps-extension,,,
-652,-596,444,triceps-extension,,,
-674,-577,418,triceps-extension,,,
-700,-564,399,triceps-extension,,,
-717,-547,408,triceps-extension,,,
-739,-515,405,triceps-extension,,,
-756,-487,379,triceps-extension,,,
-776,-478,324,triceps-extension,,,
-773,-477,283,triceps-extension,,,
-763,-446,269,triceps-extension,,,
-754,-412,266,triceps-extension,,,
-749,-375,261,triceps-extension,,,
-712,-348,224,triceps-extension,,,
-690,-334,192,triceps-extension,,,
-700,-326,181,triceps-extension,,,
-717,-327,211,triceps-extension,,,
-736,-356,159,triceps-extension,,,
-737,-376,157,triceps-extension,,,
-750,-375,180,triceps-extension,,,
-787,-367,157,triceps-extension,,,
-807,-363,140,triceps-extension,,,
-804,-382,177,triceps-extension,,,
-849,-361,192,triceps-extension,,,
-862,-368,191,triceps-extension,,,
-824,-375,169,triceps-extension,,,
-832,-352,192,triceps-extension,,,
-824,-360,176,triceps-extension,,,
-824,-360,176,triceps-extension,,,
-746,-360,277,triceps-extension,,,
-744,-413,303,triceps-extension,,,
-744,-386,244,triceps-extension,,,
-729,-420,204,triceps-extension,,,
-671,-481,279,triceps-extension,,,
-692,-460,302,triceps-extension,,,
-689,-497,284,triceps-extension,,,
-675,-564,360,triceps-extension,,,
-659,-556,383,triceps-extension,,,
-656,-577,384,triceps-extension,,,
-637,-646,378,triceps-extension,,,
-578,-664,430,triceps-extension,,,
-525,-658,448,triceps-extension,,,
-512,-667,471,triceps-extension,,,
-467,-700,469,triceps-extension,,,
-405,-723,496,triceps-extension,,,
-368,-728,517,triceps-extension,,,
-355,-743,525,triceps-extension,,,
-327,-792,513,triceps-extension,,,
-293,-806,537,triceps-extension,,,
-266,-809,574,triceps-extension,,,
-252,-852,566,triceps-extension,,,
-239,-902,574,triceps-extension,,,
-207,-928,588,triceps-extension,,,
-172,-940,588,triceps-extension,,,
-141,-948,577,triceps-extension,,,
-109,-945,578,triceps-extension,,,
-78,-932,604,triceps-extension,,,
-43,-911,621,triceps-extension,,,
-5,-885,637,triceps-extension,,,
21,-895,611,triceps-extension,,,
16,-929,596,triceps-extension,,,
21,-958,640,triceps-extension,,,
27,-987,656,triceps-extension,,,
18,-994,646,triceps-extension,,,
22,-1002,644,triceps-extension,,,
16,-1008,696,triceps-extension,,,
14,-1002,696,triceps-extension,,,
3,-982,701,triceps-extension,,,
-13,-974,707,triceps-extension,,,
0,-964,669,triceps-extension,,,
-4,-939,716,triceps-extension,,,
-23,-908,651,triceps-extension,,,
-17,-887,619,triceps-extension,,,
-26,-877,586,triceps-extension,,,
-40,-847,597,triceps-extension,,,
-42,-839,567,triceps-extension,,,
-64,-832,561,triceps-extension,,,
-65,-833,584,triceps-extension,,,
-96,-856,576,triceps-extension,,,
-104,-872,552,triceps-extension,,,
-127,-864,560,triceps-extension,,,
-151,-864,575,triceps-extension,,,
-174,-894,531,triceps-extension,,,
-183,-845,521,triceps-extension,,,
-184,-840,563,triceps-extension,,,
-170,-819,519,triceps-extension,,,
-175,-782,539,triceps-extension,,,
-176,-783,531,triceps-extension,,,
-189,-771,515,triceps-extension,,,
-217,-762,525,triceps-extension,,,
-243,-785,553,triceps-extension,,,
-272,-798,548,triceps-extension,,,
-298,-800,526,triceps-extension,,,
-338,-811,549,triceps-extension,,,
-374,-833,543,triceps-extension,,,
-400,-851,585,triceps-extension,,,
-413,-845,592,triceps-extension,,,
-436,-825,564,triceps-extension,,,
-453,-786,577,triceps-extension,,,
-456,-778,568,triceps-extension,,,
-451,-761,598,triceps-extension,,,
-466,-731,636,triceps-extension,,,
-493,-707,627,triceps-extension,,,
-516,-700,608,triceps-extension,,,
-532,-712,576,triceps-extension,,,
-540,-720,556,triceps-extension,,,
-551,-720,571,triceps-extension,,,
-560,-709,563,triceps-extension,,,
-563,-696,539,triceps-extension,,,
-574,-683,550,triceps-extension,,,
-593,-658,557,triceps-extension,,,
-625,-639,549,triceps-extension,,,
-664,-624,539,triceps-extension,,,
-685,-621,531,triceps-extension,,,
-701,-606,514,triceps-extension,,,
-717,-577,459,triceps-extension,,,
-736,-556,446,triceps-extension,,,
-766,-538,442,triceps-extension,,,
-786,-518,434,triceps-extension,,,
-794,-505,386,triceps-extension,,,
-801,-477,389,triceps-extension,,,
-807,-460,368,triceps-extension,,,
-796,-435,326,triceps-extension,,,
-773,-403,306,triceps-extension,,,
-749,-365,265,triceps-extension,,,
-717,-335,270,triceps-extension,,,
-686,-318,246,triceps-extension,,,
-664,-295,215,triceps-extension,,,
-657,-280,202,triceps-extension,,,
-680,-272,264,triceps-extension,,,
-736,-248,176,triceps-extension,,,
-767,-326,75,triceps-extension,,,
-814,-381,64,triceps-extension,,,
-853,-369,79,triceps-extension,,,
-856,-375,124,triceps-extension,,,
-885,-333,114,triceps-extension,,,
-902,-293,133,triceps-extension,,,
-870,-329,102,triceps-extension,,,
-884,-289,109,triceps-extension,,,
-849,-280,73,triceps-extension,,,
-783,-280,45,triceps-extension,,,
-675,-292,-3,triceps-extension,,,
-690,-266,32,triceps-extension,,,
-722,-291,54,triceps-extension,,,
-745,-275,62,triceps-extension,,,
-724,-325,3,triceps-extension,,,
-680,-347,-13,triceps-extension,,,
-643,-307,8,triceps-extension,,,
-688,-171,108,triceps-extension,,,
-626,-178,32,triceps-extension,,,
-563,-171,-29,triceps-extension,,,
-555,-117,-35,triceps-extension,,,
-548,-117,-66,triceps-extension,,,
-613,-89,-15,triceps-extension,,,
-626,-81,-35,triceps-extension,,,
-596,-64,-124,triceps-extension,,,
-627,-51,-109,triceps-extension,,,
-696,-80,-87,triceps-extension,,,
-766,-38,-122,triceps-extension,,,
-787,-11,-205,triceps-extension,,,
-808,-22,-307,triceps-extension,,,
-856,16,-333,triceps-extension,,,
-905,39,-299,triceps-extension,,,
-912,85,-300,triceps-extension,,,
-896,114,-379,triceps-extension,,,
-898,174,-372,triceps-extension,,,
-899,224,-470,triceps-extension,,,
-896,243,-519,triceps-extension,,,
-920,310,-556,triceps-extension,,,
-924,357,-544,triceps-extension,,,
-931,381,-544,triceps-extension,,,
-902,421,-551,triceps-extension,,,
-848,523,-573,triceps-extension,,,
-796,578,-514,triceps-extension,,,
-710,603,-467,triceps-extension,,,
-577,689,-371,triceps-extension,,,
-509,768,-334,triceps-extension,,,
-393,847,-402,triceps-extension,,,
-291,845,-423,triceps-extension,,,
-189,952,-241,triceps-extension,,,
-95,936,-272,triceps-extension,,,
-25,976,-264,triceps-extension,,,
38,984,-210,triceps-extension,,,
108,946,-307,triceps-extension,,,
187,951,-81,triceps-extension,,,
243,937,-122,triceps-extension,,,
327,900,-99,triceps-extension,,,
357,903,16,triceps-extension,,,
476,945,-118,triceps-extension,,,
436,845,-131,triceps-extension,,,
450,791,-17,triceps-extension,,,
558,854,2,triceps-extension,,,
745,816,-50,triceps-extension,,,
834,788,-4,triceps-extension,,,
789,731,40,triceps-extension,,,
848,729,54,triceps-extension,,,
975,686,-5,triceps-extension,,,
1021,653,33,triceps-extension,,,
1050,664,22,triceps-extension,,,
1100,590,25,triceps-extension,,,
1164,559,65,triceps-extension,,,
1221,539,94,triceps-extension,,,
1245,488,48,triceps-extension,,,
1239,433,-10,triceps-extension,,,
1215,430,49,triceps-extension,,,
1212,431,62,triceps-extension,,,
1216,428,32,triceps-extension,,,
1204,398,6,triceps-extension,,,
1185,341,-33,triceps-extension,,,
1150,314,-13,triceps-extension,,,
1115,299,-10,triceps-extension,,,
1093,314,-34,triceps-extension,,,
1079,322,-33,triceps-extension,,,
1055,324,-23,triceps-extension,,,
1032,311,-1,triceps-extension,,,
1013,264,116,triceps-extension,,,
998,318,174,triceps-extension,,,
994,334,143,triceps-extension,,,
1044,278,72,triceps-extension,,,
1072,342,73,triceps-extension,,,
1147,250,186,triceps-extension,,,
1255,141,248,triceps-extension,,,
1287,234,1,triceps-extension,,,
1145,300,-131,triceps-extension,,,
981,378,-86,triceps-extension,,,
920,248,41,triceps-extension,,,
922,251,232,triceps-extension,,,
940,276,354,triceps-extension,,,
974,237,281,triceps-extension,,,
950,204,183,triceps-extension,,,
904,280,158,triceps-extension,,,
896,288,96,triceps-extension,,,
