arms,triceps-extension,1536,456,224
arms,triceps-extension,1451,557,340
arms,triceps-extension,1326,583,146
arms,triceps-extension,1268,629,151
arms,triceps-extension,1213,632,188
arms,triceps-extension,1229,703,106
arms,triceps-extension,1211,712,166
arms,triceps-extension,1126,773,149
arms,triceps-extension,1025,797,244
arms,triceps-extension,910,852,231
arms,triceps-extension,913,908,243
arms,triceps-extension,877,939,155
arms,triceps-extension,810,968,68
arms,triceps-extension,745,1000,77
arms,triceps-extension,694,1019,82
arms,triceps-extension,641,1035,30
arms,triceps-extension,619,1062,-154
arms,triceps-extension,584,1114,-285
arms,triceps-extension,532,1136,-139
arms,triceps-extension,443,1156,-30
arms,triceps-extension,371,1101,-77
arms,triceps-extension,333,1065,-75
arms,triceps-extension,226,1094,32
arms,triceps-extension,130,970,-120
arms,triceps-extension,29,844,-325
arms,triceps-extension,-108,792,-268
arms,triceps-extension,-180,683,-265
arms,triceps-extension,-240,516,-381
arms,triceps-extension,-352,326,-403
arms,triceps-extension,-464,215,-427
arms,triceps-extension,-514,157,-538
arms,triceps-extension,-510,110,-615
arms,triceps-extension,-540,47,-585
arms,triceps-extension,-603,-53,-504
arms,triceps-extension,-630,-13,-562
arms,triceps-extension,-578,-45,-597
arms,triceps-extension,-591,-61,-536
arms,triceps-extension,-631,-74,-464
arms,triceps-extension,-684,-92,-398
arms,triceps-extension,-637,-137,-464
arms,triceps-extension,-602,-160,-456
arms,triceps-extension,-609,-134,-414
arms,triceps-extension,-625,-163,-359
arms,triceps-extension,-664,-174,-306
arms,triceps-extension,-608,-161,-290
arms,triceps-extension,-544,-175,-400
arms,triceps-extension,-481,-216,-257
arms,triceps-extension,-491,-59,-107
arms,triceps-extension,-418,-108,-144
arms,triceps-extension,-305,-190,-149
arms,triceps-extension,-328,-121,-56
arms,triceps-extension,-360,-183,-8
arms,triceps-extension,-438,-192,8
arms,triceps-extension,-486,-260,-91
arms,triceps-extension,-525,-264,-59
arms,triceps-extension,-616,-279,-56
arms,triceps-extension,-731,-237,30
arms,triceps-extension,-814,-246,54
arms,triceps-extension,-838,-350,36
arms,triceps-extension,-847,-401,-35
arms,triceps-extension,-907,-349,30
arms,triceps-extension,-920,-304,86
arms,triceps-extension,-914,-315,46
arms,triceps-extension,-876,-392,26
arms,triceps-extension,-858,-387,24
arms,triceps-extension,-845,-416,41
arms,triceps-extension,-829,-426,81
arms,triceps-extension,-808,-435,85
arms,triceps-extension,-821,-461,117
arms,triceps-extension,-807,-538,70
arms,triceps-extension,-772,-591,101
arms,triceps-extension,-760,-586,149
arms,triceps-extension,-774,-581,166
arms,triceps-extension,-744,-620,140
arms,triceps-extension,-716,-644,155
arms,triceps-extension,-691,-669,188
arms,triceps-extension,-660,-720,148
arms,triceps-extension,-625,-740,189
arms,triceps-extension,-585,-754,272
arms,triceps-extension,-580,-765,247
arms,triceps-extension,-567,-772,192
arms,triceps-extension,-531,-816,205
arms,triceps-extension,-500,-834,257
arms,triceps-extension,-471,-821,232
arms,triceps-extension,-451,-830,254
arms,triceps-extension,-430,-843,291
arms,triceps-extension,-396,-828,263
arms,triceps-extension,-361,-865,233
arms,triceps-extension,-336,-875,277
arms,triceps-extension,-314,-852,324
arms,triceps-extension,-311,-897,292
arms,triceps-extension,-275,-925,314
arms,triceps-extension,-253,-916,353
arms,triceps-extension,-237,-945,361
arms,triceps-extension,-217,-994,376
arms,triceps-extension,-176,-1011,431
arms,triceps-extension,-176,-1036,471
arms,triceps-extension,-172,-1073,397
arms,triceps-extension,-135,-1090,374
arms,triceps-extension,-126,-1119,450
arms,triceps-extension,-87,-1105,338
arms,triceps-extension,-64,-1144,400
arms,triceps-extension,-48,-1144,392
arms,triceps-extension,-48,-1144,392
arms,triceps-extension,-32,-1144,353
arms,triceps-extension,-2,-1114,337
arms,triceps-extension,22,-1082,440
arms,triceps-extension,9,-1087,390
arms,triceps-extension,-6,-1095,355
arms,triceps-extension,-22,-1075,387
arms,triceps-extension,-44,-1065,453
arms,triceps-extension,-41,-1051,457
arms,triceps-extension,-79,-1055,417
arms,triceps-extension,-126,-1050,478
arms,triceps-extension,-136,-1048,465
arms,triceps-extension,-172,-1030,468
arms,triceps-extension,-196,-1012,484
arms,triceps-extension,-211,-1014,448
arms,triceps-extension,-255,-988,426
arms,triceps-extension,-277,-954,402
arms,triceps-extension,-301,-939,387
arms,triceps-extension,-337,-921,359
arms,triceps-extension,-377,-892,354
arms,triceps-extension,-416,-870,350
arms,triceps-extension,-451,-850,339
arms,triceps-extension,-491,-831,309
arms,triceps-extension,-538,-794,327
arms,triceps-extension,-568,-760,339
arms,triceps-extension,-588,-728,316
arms,triceps-extension,-608,-681,304
arms,triceps-extension,-616,-634,278
arms,triceps-extension,-623,-576,260
arms,triceps-extension,-619,-526,227
arms,triceps-extension,-606,-512,195
arms,triceps-extension,-619,-497,215
arms,triceps-extension,-624,-472,194
arms,triceps-extension,-627,-464,184
arms,triceps-extension,-640,-435,187
arms,triceps-extension,-666,-401,187
arms,triceps-extension,-693,-384,171
arms,triceps-extension,-706,-390,160
arms,triceps-extension,-714,-398,152
arms,triceps-extension,-729,-370,135
arms,triceps-extension,-755,-371,150
arms,triceps-extension,-736,-358,118
arms,triceps-extension,-749,-379,144
arms,triceps-extension,-815,-357,143
arms,triceps-extension,-811,-389,136
arms,triceps-extension,-836,-421,145
arms,triceps-extension,-872,-401,218
arms,triceps-extension,-872,-418,159
arms,triceps-extension,-871,-441,143
arms,triceps-extension,-854,-456,121
arms,triceps-extension,-784,-447,152
arms,triceps-extension,-800,-393,200
arms,triceps-extension,-730,-439,107
arms,triceps-extension,-720,-463,172
arms,triceps-extension,-698,-524,176
arms,triceps-extension,-681,-513,176
arms,triceps-extension,-680,-491,197
arms,triceps-extension,-638,-495,214
arms,triceps-extension,-659,-516,264
arms,triceps-extension,-617,-627,265
arms,triceps-extension,-595,-674,303
arms,triceps-extension,-605,-667,350
arms,triceps-extension,-577,-676,372
arms,triceps-extension,-544,-668,334
arms,triceps-extension,-536,-693,338
arms,triceps-extension,-525,-773,327
arms,triceps-extension,-470,-828,309
arms,triceps-extension,-416,-824,401
arms,triceps-extension,-368,-800,459
arms,triceps-extension,-347,-797,454
arms,triceps-extension,-334,-825,453
arms,triceps-extension,-299,-864,475
arms,triceps-extension,-257,-885,497
arms,triceps-extension,-231,-888,504
arms,triceps-extension,-211,-914,474
arms,triceps-extension,-188,-957,494
arms,triceps-extension,-148,-984,528
arms,triceps-extension,-120,-1007,539
arms,triceps-extension,-116,-1035,556
arms,triceps-extension,-105,-1073,527
arms,triceps-extension,-83,-1107,530
arms,triceps-extension,-51,-1112,550
arms,triceps-extension,-20,-1106,509
arms,triceps-extension,9,-1093,498
arms,triceps-extension,32,-1091,477
arms,triceps-extension,48,-1088,466
arms,triceps-extension,48,-1072,488
arms,triceps-extension,43,-1070,495
arms,triceps-extension,30,-1062,508
arms,triceps-extension,16,-1052,492
arms,triceps-extension,-8,-1040,482
arms,triceps-extension,-13,-1038,500
arms,triceps-extension,-41,-1028,540
arms,triceps-extension,-84,-1005,523
arms,triceps-extension,-104,-992,530
arms,triceps-extension,-107,-989,500
arms,triceps-extension,-132,-966,523
arms,triceps-extension,-169,-951,484
arms,triceps-extension,-176,-935,519
arms,triceps-extension,-178,-926,506
arms,triceps-extension,-224,-896,549
arms,triceps-extension,-216,-896,464
arms,triceps-extension,-248,-872,528
arms,triceps-extension,-271,-864,458
arms,triceps-extension,-325,-864,426
arms,triceps-extension,-373,-849,506
arms,triceps-extension,-405,-848,439
arms,triceps-extension,-437,-834,461
arms,triceps-extension,-454,-818,401
arms,triceps-extension,-483,-761,440
arms,triceps-extension,-508,-745,428
arms,triceps-extension,-532,-724,385
arms,triceps-extension,-561,-701,344
arms,triceps-extension,-574,-665,367
arms,triceps-extension,-576,-620,328
arms,triceps-extension,-576,-584,324
arms,triceps-extension,-605,-559,305
arms,triceps-extension,-633,-535,279
arms,triceps-extension,-635,-523,256
arms,triceps-extension,-648,-504,290
arms,triceps-extension,-717,-491,317
arms,triceps-extension,-762,-463,295
arms,triceps-extension,-773,-462,242
arms,triceps-extension,-781,-472,221
arms,triceps-extension,-739,-468,220
arms,triceps-extension,-721,-404,229
arms,triceps-extension,-744,-344,240
arms,triceps-extension,-728,-340,216
arms,triceps-extension,-700,-332,196
arms,triceps-extension,-722,-294,226
arms,triceps-extension,-745,-275,245
arms,triceps-extension,-776,-288,242
arms,triceps-extension,-835,-304,253
arms,triceps-extension,-837,-328,254
arms,triceps-extension,-855,-316,270
arms,triceps-extension,-880,-301,266
arms,triceps-extension,-856,-317,248
arms,triceps-extension,-860,-323,252
arms,triceps-extension,-839,-307,238
arms,triceps-extension,-852,-304,272
arms,triceps-extension,-830,-326,282
arms,triceps-extension,-807,-318,312
arms,triceps-extension,-819,-320,305
arms,triceps-extension,-780,-351,296
arms,triceps-extension,-820,-357,364
arms,triceps-extension,-759,-420,340
arms,triceps-extension,-749,-400,326
arms,triceps-extension,-733,-400,373
arms,triceps-extension,-772,-411,415
arms,triceps-extension,-724,-522,407
arms,triceps-extension,-673,-551,401
arms,triceps-extension,-687,-537,415
arms,triceps-extension,-640,-576,377
arms,triceps-extension,-616,-600,455
arms,triceps-extension,-546,-662,479
arms,triceps-extension,-521,-649,495
arms,triceps-extension,-505,-648,466
arms,triceps-extension,-511,-692,471
arms,triceps-extension,-469,-725,486
arms,triceps-extension,-429,-763,495
arms,triceps-extension,-397,-761,476
arms,triceps-extension,-345,-727,499
arms,triceps-extension,-323,-727,530
arms,triceps-extension,-320,-766,479
arms,triceps-extension,-289,-819,507
arms,triceps-extension,-238,-838,532
arms,triceps-extension,-195,-834,530
arms,triceps-extension,-178,-866,517
arms,triceps-extension,-165,-919,540
arms,triceps-extension,-128,-914,579
arms,triceps-extension,-91,-920,571
arms,triceps-extension,-65,-953,560
arms,triceps-extension,-31,-973,580
arms,triceps-extension,3,-990,597
arms,triceps-extension,11,-1014,572
arms,triceps-extension,12,-1033,565
arms,triceps-extension,33,-1053,619
arms,triceps-extension,56,-1047,660
arms,triceps-extension,84,-1028,628
arms,triceps-extension,104,-1024,615
arms,triceps-extension,104,-1017,629
arms,triceps-extension,100,-1015,634
arms,triceps-extension,93,-1031,646
arms,triceps-extension,78,-1030,661
arms,triceps-extension,61,-1010,689
arms,triceps-extension,50,-997,644
arms,triceps-extension,43,-984,619
arms,triceps-extension,43,-963,635
arms,triceps-extension,27,-947,614
arms,triceps-extension,11,-927,597
arms,triceps-extension,-4,-902,608
arms,triceps-extension,-18,-894,608
arms,triceps-extension,-28,-888,608
arms,triceps-extension,-45,-885,605
arms,triceps-extension,-68,-872,593
arms,triceps-extension,-95,-872,603
arms,triceps-extension,-134,-868,612
arms,triceps-extension,-169,-847,594
arms,triceps-extension,-179,-838,607
arms,triceps-extension,-203,-824,598
arms,triceps-extension,-235,-823,578
arms,triceps-extension,-272,-808,605
arms,triceps-extension,-282,-808,552
arms,triceps-extension,-336,-808,536
arms,triceps-extension,-368,-800,512
arms,triceps-extension,-399,-784,520
arms,triceps-extension,-438,-754,497
arms,triceps-extension,-447,-737,444
arms,triceps-extension,-463,-692,462
arms,triceps-extension,-464,-688,443
arms,triceps-extension,-492,-674,426
arms,triceps-extension,-523,-679,404
arms,triceps-extension,-568,-667,407
arms,triceps-extension,-589,-651,395
arms,triceps-extension,-617,-623,386
arms,triceps-extension,-618,-616,409
arms,triceps-extension,-652,-580,458
arms,triceps-extension,-664,-568,366
arms,triceps-extension,-687,-534,368
arms,triceps-extension,-696,-514,384
arms,triceps-extension,-718,-501,346
arms,triceps-extension,-723,-501,333
arms,triceps-extension,-730,-468,336
arms,triceps-extension,-741,-428,296
arms,triceps-extension,-768,-402,282
arms,triceps-extension,-775,-411,274
arms,triceps-extension,-759,-402,273
arms,triceps-extension,-743,-384,280
arms,triceps-extension,-744,-355,276
arms,triceps-extension,-740,-316,272
arms,triceps-extension,-763,-304,276
arms,triceps-extension,-789,-322,251
arms,triceps-extension,-780,-358,230
arms,triceps-extension,-808,-366,241
arms,triceps-extension,-824,-365,232
arms,triceps-extension,-812,-396,256
arms,triceps-extension,-820,-410,267
arms,triceps-extension,-808,-384,238
arms,triceps-extension,-821,-355,267
arms,triceps-extension,-811,-353,247
arms,triceps-extension,-789,-350,264
arms,triceps-extension,-747,-382,264
arms,triceps-extension,-728,-364,278
arms,triceps-extension,-774,-344,329
arms,triceps-extension,-753,-412,355
arms,triceps-extension,-696,-455,337
arms,triceps-extension,-692,-447,353
arms,triceps-extension,-664,-438,392
arms,triceps-extension,-620,-434,352
arms,triceps-extension,-645,-518,413
arms,triceps-extension,-619,-633,455
arms,triceps-extension,-570,-640,443
arms,triceps-extension,-593,-642,491
arms,triceps-extension,-606,-675,542
arms,triceps-extension,-528,-768,480
arms,triceps-extension,-480,-752,496
arms,triceps-extension,-472,-744,543
arms,triceps-extension,-396,-797,460
arms,triceps-extension,-362,-837,493
arms,triceps-extension,-316,-789,525
arms,triceps-extension,-255,-784,514
arms,triceps-extension,-227,-812,547
arms,triceps-extension,-183,-836,545
arms,triceps-extension,-123,-853,544
arms,triceps-extension,-73,-817,564
arms,triceps-extension,-51,-846,543
arms,triceps-extension,-42,-912,555
arms,triceps-extension,-28,-940,584
arms,triceps-extension,-6,-938,604
arms,triceps-extension,-17,-936,665
arms,triceps-extension,-41,-975,694
arms,triceps-extension,-37,-1008,696
arms,triceps-extension,-11,-1016,696
arms,triceps-extension,5,-1011,721
arms,triceps-extension,33,-998,706
arms,triceps-extension,72,-992,664
arms,triceps-extension,102,-983,667
arms,triceps-extension,112,-967,684
arms,triceps-extension,116,-960,697
arms,triceps-extension,108,-960,696
arms,triceps-extension,88,-956,692
arms,triceps-extension,68,-948,684
arms,triceps-extension,45,-948,683
arms,triceps-extension,21,-959,692
arms,triceps-extension,-2,-955,688
arms,triceps-extension,-26,-942,672
arms,triceps-extension,-55,-934,651
arms,triceps-extension,-74,-910,644
arms,triceps-extension,-72,-912,624
arms,triceps-extension,-85,-893,611
arms,triceps-extension,-87,-883,594
arms,triceps-extension,-109,-867,607
arms,triceps-extension,-126,-854,569
arms,triceps-extension,-156,-844,542
arms,triceps-extension,-192,-830,579
arms,triceps-extension,-200,-824,563
arms,triceps-extension,-235,-823,572
arms,triceps-extension,-252,-815,548
arms,triceps-extension,-274,-809,526
arms,triceps-extension,-292,-814,514
arms,triceps-extension,-323,-797,529
arms,triceps-extension,-348,-775,540
arms,triceps-extension,-395,-769,577
arms,triceps-extension,-441,-775,481
arms,triceps-extension,-464,-760,504
arms,triceps-extension,-480,-744,504
arms,triceps-extension,-504,-720,464
arms,triceps-extension,-504,-720,464
arms,triceps-extension,-535,-673,495
arms,triceps-extension,-544,-664,412
arms,triceps-extension,-559,-642,445
arms,triceps-extension,-640,-611,463
arms,triceps-extension,-641,-587,393
arms,triceps-extension,-661,-556,384
arms,triceps-extension,-671,-538,391
arms,triceps-extension,-659,-509,345
arms,triceps-extension,-649,-471,349
arms,triceps-extension,-635,-445,327
arms,triceps-extension,-620,-409,308
arms,triceps-extension,-634,-388,316
arms,triceps-extension,-681,-360,320
arms,triceps-extension,-736,-352,320
arms,triceps-extension,-774,-374,309
arms,triceps-extension,-822,-389,304
arms,triceps-extension,-861,-371,304
arms,triceps-extension,-862,-365,309
arms,triceps-extension,-831,-358,307
arms,triceps-extension,-802,-338,304
arms,triceps-extension,-792,-282,299
arms,triceps-extension,-738,-261,278
arms,triceps-extension,-718,-285,299
arms,triceps-extension,-711,-292,282
arms,triceps-extension,-740,-284,296
arms,triceps-extension,-788,-326,340
arms,triceps-extension,-791,-383,339
arms,triceps-extension,-796,-410,366
arms,triceps-extension,-805,-415,367
arms,triceps-extension,-827,-398,367
arms,triceps-extension,-795,-423,406
arms,triceps-extension,-721,-428,416
arms,triceps-extension,-704,-381,430
arms,triceps-extension,-699,-381,446
arms,triceps-extension,-654,-451,436
arms,triceps-extension,-643,-501,453
arms,triceps-extension,-634,-478,430
arms,triceps-extension,-646,-516,460
arms,triceps-extension,-651,-587,507
arms,triceps-extension,-600,-621,537
arms,triceps-extension,-564,-608,516
arms,triceps-extension,-540,-613,533
arms,triceps-extension,-511,-647,525
arms,triceps-extension,-448,-683,551
arms,triceps-extension,-389,-649,548
arms,triceps-extension,-367,-660,576
arms,triceps-extension,-359,-707,492
arms,triceps-extension,-345,-747,546
arms,triceps-extension,-358,-809,583
arms,triceps-extension,-296,-840,553
arms,triceps-extension,-264,-824,639
arms,triceps-extension,-272,-863,640
arms,triceps-extension,-257,-902,625
arms,triceps-extension,-174,-882,661
arms,triceps-extension,-139,-858,664
arms,triceps-extension,-86,-856,614
arms,triceps-extension,-38,-870,650
arms,triceps-extension,16,-804,615
arms,triceps-extension,31,-792,581
arms,triceps-extension,19,-812,556
arms,triceps-extension,-3,-860,603
arms,triceps-extension,-2,-922,641
arms,triceps-extension,0,-960,678
arms,triceps-extension,-18,-974,694
arms,triceps-extension,-13,-993,707
arms,triceps-extension,3,-1011,690
arms,triceps-extension,13,-1000,707
arms,triceps-extension,21,-987,725
arms,triceps-extension,44,-964,692
arms,triceps-extension,56,-922,692
arms,triceps-extension,66,-890,733
arms,triceps-extension,77,-866,692
arms,triceps-extension,71,-860,666
arms,triceps-extension,60,-864,676
arms,triceps-extension,48,-864,664
arms,triceps-extension,24,-872,672
arms,triceps-extension,-4,-880,707
arms,triceps-extension,-27,-887,710
arms,triceps-extension,-51,-892,681
arms,triceps-extension,-71,-878,665
arms,triceps-extension,-83,-861,640
arms,triceps-extension,-94,-853,613
arms,triceps-extension,-113,-833,617
arms,triceps-extension,-128,-805,643
arms,triceps-extension,-141,-795,659
arms,triceps-extension,-180,-782,631
arms,triceps-extension,-210,-781,601
arms,triceps-extension,-222,-792,616
arms,triceps-extension,-252,-790,604
arms,triceps-extension,-293,-780,635
arms,triceps-extension,-319,-770,611
arms,triceps-extension,-348,-773,586
arms,triceps-extension,-373,-756,568
arms,triceps-extension,-404,-730,604
arms,triceps-extension,-425,-695,582
arms,triceps-extension,-436,-686,568
arms,triceps-extension,-476,-671,567
arms,triceps-extension,-514,-656,549
arms,triceps-extension,-537,-656,514
arms,triceps-extension,-553,-648,553
arms,triceps-extension,-584,-632,592
arms,triceps-extension,-600,-616,504
arms,triceps-extension,-631,-600,551
arms,triceps-extension,-647,-570,491
arms,triceps-extension,-626,-531,451
arms,triceps-extension,-646,-484,484
arms,triceps-extension,-619,-459,481
arms,triceps-extension,-609,-435,480
arms,triceps-extension,-628,-418,446
arms,triceps-extension,-619,-409,400
arms,triceps-extension,-655,-388,418
arms,triceps-extension,-721,-378,424
arms,triceps-extension,-761,-395,387
arms,triceps-extension,-786,-388,328
arms,triceps-extension,-745,-390,283
arms,triceps-extension,-751,-358,295
arms,triceps-extension,-766,-350,304
arms,triceps-extension,-730,-330,293
arms,triceps-extension,-744,-336,320
arms,triceps-extension,-765,-339,346
arms,triceps-extension,-783,-336,377
arms,triceps-extension,-811,-336,354
arms,triceps-extension,-843,-322,319
arms,triceps-extension,-820,-357,285
arms,triceps-extension,-809,-370,281
arms,triceps-extension,-816,-377,279
arms,triceps-extension,-800,-384,268
arms,triceps-extension,-807,-376,264
arms,triceps-extension,-828,-384,267
arms,triceps-extension,-811,-388,301
arms,triceps-extension,-760,-416,362
arms,triceps-extension,-715,-422,395
arms,triceps-extension,-690,-372,391
arms,triceps-extension,-700,-369,413
arms,triceps-extension,-714,-430,419
arms,triceps-extension,-667,-496,458
arms,triceps-extension,-656,-510,491
arms,triceps-extension,-651,-509,482
arms,triceps-extension,-646,-535,488
arms,triceps-extension,-648,-590,500
arms,triceps-extension,-591,-625,538
arms,triceps-extension,-555,-603,539
arms,triceps-extension,-524,-619,527
arms,triceps-extension,-469,-643,569
arms,triceps-extension,-444,-694,615
arms,triceps-extension,-372,-678,611
arms,triceps-extension,-341,-669,629
arms,triceps-extension,-310,-717,609
arms,triceps-extension,-284,-770,618
arms,triceps-extension,-230,-799,638
arms,triceps-extension,-191,-777,606
arms,triceps-extension,-168,-808,537
arms,triceps-extension,-192,-848,591
arms,triceps-extension,-169,-879,600
arms,triceps-extension,-130,-910,608
arms,triceps-extension,-121,-905,623
arms,triceps-extension,-113,-926,617
arms,triceps-extension,-112,-964,587
arms,triceps-extension,-112,-982,626
arms,triceps-extension,-71,-991,680
arms,triceps-extension,-51,-985,695
arms,triceps-extension,-28,-984,696
arms,triceps-extension,-11,-997,683
arms,triceps-extension,-8,-1006,742
arms,triceps-extension,10,-1002,718
arms,triceps-extension,22,-988,722
arms,triceps-extension,30,-978,745
arms,triceps-extension,26,-982,702
arms,triceps-extension,19,-962,723
arms,triceps-extension,11,-941,718
arms,triceps-extension,8,-931,704
arms,triceps-extension,-7,-913,704
arms,triceps-extension,-11,-890,675
arms,triceps-extension,-22,-880,633
arms,triceps-extension,-45,-867,656
arms,triceps-extension,-69,-865,658
arms,triceps-extension,-88,-868,644
arms,triceps-extension,-112,-860,644
arms,triceps-extension,-140,-848,620
arms,triceps-extension,-152,-847,593
arms,triceps-extension,-166,-842,587
arms,triceps-extension,-191,-827,590
arms,triceps-extension,-213,-829,563
arms,triceps-extension,-244,-818,544
arms,triceps-extension,-273,-811,538
arms,triceps-extension,-299,-816,525
arms,triceps-extension,-333,-811,510
arms,triceps-extension,-360,-798,493
arms,triceps-extension,-374,-792,499
arms,triceps-extension,-416,-786,484
arms,triceps-extension,-444,-762,458
arms,triceps-extension,-463,-740,423
arms,triceps-extension,-488,-723,448
arms,triceps-extension,-495,-700,447
arms,triceps-extension,-533,-679,440
arms,triceps-extension,-566,-673,434
arms,triceps-extension,-601,-678,394
arms,triceps-extension,-613,-661,357
arms,triceps-extension,-656,-629,393
arms,triceps-extension,-658,-597,322
arms,triceps-extension,-688,-560,352
arms,triceps-extension,-681,-559,344
arms,triceps-extension,-728,-520,328
arms,triceps-extension,-736,-488,304
arms,triceps-extension,-736,-488,304
arms,triceps-extension,-728,-465,296
arms,triceps-extension,-705,-449,258
arms,triceps-extension,-674,-441,256
arms,triceps-extension,-665,-389,256
arms,triceps-extension,-693,-313,227
arms,triceps-extension,-696,-360,203
arms,triceps-extension,-689,-402,166
arms,triceps-extension,-768,-395,187
arms,triceps-extension,-771,-412,218
arms,triceps-extension,-812,-397,262
arms,triceps-extension,-867,-398,247
arms,triceps-extension,-862,-388,204
arms,triceps-extension,-874,-372,227
arms,triceps-extension,-828,-374,188
arms,triceps-extension,-797,-354,201
arms,triceps-extension,-787,-333,194
arms,triceps-extension,-763,-312,179
arms,triceps-extension,-737,-360,207
arms,triceps-extension,-738,-377,249
arms,triceps-extension,-758,-363,250
arms,triceps-extension,-773,-369,240
arms,triceps-extension,-789,-398,271
arms,triceps-extension,-804,-446,335
arms,triceps-extension,-791,-489,351
arms,triceps-extension,-764,-480,336
arms,triceps-extension,-756,-483,367
arms,triceps-extension,-719,-530,382
arms,triceps-extension,-637,-545,399
arms,triceps-extension,-592,-523,448
arms,triceps-extension,-576,-533,419
arms,triceps-extension,-543,-616,407
arms,triceps-extension,-513,-683,447
arms,triceps-extension,-480,-713,448
arms,triceps-extension,-461,-773,493
arms,triceps-extension,-456,-810,520
arms,triceps-extension,-451,-848,518
arms,triceps-extension,-427,-905,510
arms,triceps-extension,-370,-942,506
arms,triceps-extension,-291,-905,508
arms,triceps-extension,-227,-873,491
arms,triceps-extension,-131,-839,472
arms,triceps-extension,-68,-808,464
arms,triceps-extension,-46,-847,432
arms,triceps-extension,-33,-846,481
arms,triceps-extension,-41,-896,491
arms,triceps-extension,-48,-964,516
arms,triceps-extension,-46,-1001,554
arms,triceps-extension,-24,-1009,588
arms,triceps-extension,-23,-1032,665
arms,triceps-extension,0,-1048,704
arms,triceps-extension,8,-1040,672
arms,triceps-extension,39,-1017,688
arms,triceps-extension,55,-1016,703
arms,triceps-extension,78,-1038,704
arms,triceps-extension,29,-1025,689
arms,triceps-extension,53,-995,659
arms,triceps-extension,42,-971,642
arms,triceps-extension,40,-982,613
arms,triceps-extension,20,-971,595
arms,triceps-extension,3,-955,559
arms,triceps-extension,-6,-946,565
arms,triceps-extension,-14,-944,574
arms,triceps-extension,-22,-938,528
arms,triceps-extension,-42,-942,536
arms,triceps-extension,-65,-927,555
arms,triceps-extension,-78,-926,532
arms,triceps-extension,-85,-923,531
arms,triceps-extension,-114,-936,510
arms,triceps-extension,-148,-929,511
arms,triceps-extension,-175,-910,510
arms,triceps-extension,-189,-899,494
arms,triceps-extension,-201,-887,483
arms,triceps-extension,-212,-880,453
arms,triceps-extension,-233,-867,441
arms,triceps-extension,-252,-856,448
arms,triceps-extension,-272,-852,448
arms,triceps-extension,-300,-840,448
arms,triceps-extension,-330,-836,444
arms,triceps-extension,-359,-833,454
arms,triceps-extension,-378,-821,469
arms,triceps-extension,-402,-810,470
arms,triceps-extension,-434,-794,489
arms,triceps-extension,-467,-775,495
arms,triceps-extension,-483,-749,477
arms,triceps-extension,-517,-720,469
arms,triceps-extension,-551,-697,474
arms,triceps-extension,-573,-678,480
arms,triceps-extension,-592,-666,421
arms,triceps-extension,-624,-644,386
arms,triceps-extension,-659,-628,433
arms,triceps-extension,-703,-614,408
arms,triceps-extension,-737,-601,418
arms,triceps-extension,-783,-567,451
arms,triceps-extension,-820,-558,389
arms,triceps-extension,-836,-536,412
arms,triceps-extension,-804,-471,380
arms,triceps-extension,-761,-387,340
arms,triceps-extension,-684,-333,304
arms,triceps-extension,-633,-294,308
arms,triceps-extension,-649,-246,374
arms,triceps-extension,-680,-192,312
arms,triceps-extension,-672,-264,280
arms,triceps-extension,-757,-311,334
arms,triceps-extension,-775,-335,268
arms,triceps-extension,-813,-314,353
arms,triceps-extension,-816,-370,287
arms,triceps-extension,-795,-340,237
arms,triceps-extension,-848,-308,225
arms,triceps-extension,-822,-297,244
arms,triceps-extension,-809,-283,275
arms,triceps-extension,-828,-273,273
arms,triceps-extension,-813,-291,297
arms,triceps-extension,-827,-290,292
arms,triceps-extension,-844,-288,288
arms,triceps-extension,-830,-312,247
arms,triceps-extension,-772,-372,232
arms,triceps-extension,-746,-392,260
arms,triceps-extension,-733,-408,321
arms,triceps-extension,-702,-432,276
arms,triceps-extension,-708,-445,265
arms,triceps-extension,-730,-502,329
arms,triceps-extension,-707,-536,384
arms,triceps-extension,-656,-527,391
arms,triceps-extension,-654,-524,411
arms,triceps-extension,-642,-541,415
arms,triceps-extension,-628,-589,433
arms,triceps-extension,-632,-660,476
arms,triceps-extension,-601,-704,480
arms,triceps-extension,-565,-719,498
arms,triceps-extension,-527,-735,517
arms,triceps-extension,-472,-764,524
arms,triceps-extension,-411,-766,555
arms,triceps-extension,-347,-722,557
arms,triceps-extension,-297,-727,555
arms,triceps-extension,-253,-760,574
arms,triceps-extension,-203,-763,597
arms,triceps-extension,-169,-741,590
arms,triceps-extension,-147,-766,584
arms,triceps-extension,-142,-823,592
arms,triceps-extension,-152,-902,612
arms,triceps-extension,-123,-949,632
arms,triceps-extension,-102,-976,746
arms,triceps-extension,-97,-1017,739
arms,triceps-extension,-96,-1059,679
arms,triceps-extension,-57,-1067,668
arms,triceps-extension,-58,-1033,648
arms,triceps-extension,-13,-981,651
arms,triceps-extension,15,-951,675
arms,triceps-extension,7,-945,702
arms,triceps-extension,-8,-952,681
arms,triceps-extension,-17,-944,704
arms,triceps-extension,-40,-960,688
arms,triceps-extension,-80,-960,680
arms,triceps-extension,-103,-960,672
arms,triceps-extension,-119,-975,634
arms,triceps-extension,-142,-976,647
arms,triceps-extension,-151,-954,655
arms,triceps-extension,-173,-938,606
arms,triceps-extension,-169,-887,635
arms,triceps-extension,-188,-880,565
arms,triceps-extension,-199,-867,559
arms,triceps-extension,-200,-851,560
arms,triceps-extension,-225,-848,547
arms,triceps-extension,-244,-836,556
arms,triceps-extension,-266,-814,566
arms,triceps-extension,-284,-808,533
arms,triceps-extension,-305,-802,554
arms,triceps-extension,-323,-794,535
arms,triceps-extension,-339,-792,498
arms,triceps-extension,-376,-797,493
arms,triceps-extension,-392,-795,506
arms,triceps-extension,-417,-792,522
arms,triceps-extension,-432,-782,523
arms,triceps-extension,-446,-771,497
arms,triceps-extension,-474,-759,484
arms,triceps-extension,-501,-735,484
arms,triceps-extension,-524,-712,455
arms,triceps-extension,-540,-688,432
arms,triceps-extension,-567,-668,455
arms,triceps-extension,-599,-657,465
arms,triceps-extension,-629,-637,448
arms,triceps-extension,-656,-617,441
arms,triceps-extension,-662,-605,448
arms,triceps-extension,-678,-588,448
arms,triceps-extension,-688,-559,393
arms,triceps-extension,-688,-533,365
arms,triceps-extension,-675,-496,360
arms,triceps-extension,-648,-457,372
arms,triceps-extension,-650,-433,384
arms,triceps-extension,-652,-403,342
arms,triceps-extension,-652,-368,316
arms,triceps-extension,-688,-375,263
arms,triceps-extension,-701,-405,295
arms,triceps-extension,-761,-421,313
arms,triceps-extension,-800,-411,283
arms,triceps-extension,-806,-423,291
arms,triceps-extension,-836,-420,259
arms,triceps-extension,-802,-445,229
arms,triceps-extension,-758,-418,275
arms,triceps-extension,-820,-362,299
arms,triceps-extension,-757,-392,225
arms,triceps-extension,-697,-392,241
arms,triceps-extension,-728,-376,288
arms,triceps-extension,-712,-368,240
arms,triceps-extension,-712,-368,240
arms,triceps-extension,-689,-384,294
arms,triceps-extension,-673,-422,304
arms,triceps-extension,-724,-394,319
arms,triceps-extension,-728,-458,364
arms,triceps-extension,-671,-514,354
arms,triceps-extension,-636,-485,373
arms,triceps-extension,-714,-494,390
arms,triceps-extension,-681,-549,332
arms,triceps-extension,-646,-567,392
arms,triceps-extension,-627,-574,484
arms,triceps-extension,-605,-619,467
arms,triceps-extension,-546,-644,480
arms,triceps-extension,-487,-619,506
arms,triceps-extension,-461,-625,523
arms,triceps-extension,-400,-665,528
arms,triceps-extension,-376,-685,550
arms,triceps-extension,-371,-709,544
arms,triceps-extension,-343,-776,551
arms,triceps-extension,-279,-833,585
arms,triceps-extension,-258,-824,590
arms,triceps-extension,-232,-822,621
arms,triceps-extension,-208,-854,608
arms,triceps-extension,-173,-881,611
arms,triceps-extension,-119,-867,644
arms,triceps-extension,-92,-848,656
arms,triceps-extension,-92,-871,656
arms,triceps-extension,-85,-914,663
arms,triceps-extension,-61,-932,701
arms,triceps-extension,-48,-938,708
arms,triceps-extension,-45,-968,693
arms,triceps-extension,-37,-995,712
arms,triceps-extension,-20,-1006,729
arms,triceps-extension,-5,-1016,749
arms,triceps-extension,-29,-1016,736
arms,triceps-extension,-46,-1006,730
arms,triceps-extension,-22,-984,691
arms,triceps-extension,-12,-982,699
arms,triceps-extension,-2,-974,650
arms,triceps-extension,-8,-964,685
arms,triceps-extension,-13,-949,706
arms,triceps-extension,-35,-930,697
arms,triceps-extension,-47,-903,632
arms,triceps-extension,-44,-892,633
arms,triceps-extension,-64,-872,636
arms,triceps-extension,-68,-871,608
arms,triceps-extension,-105,-863,604
arms,triceps-extension,-113,-855,569
arms,triceps-extension,-122,-848,578
arms,triceps-extension,-169,-840,616
arms,triceps-extension,-192,-824,600
arms,triceps-extension,-216,-840,568
arms,triceps-extension,-270,-824,537
arms,triceps-extension,-280,-832,521
arms,triceps-extension,-310,-825,527
arms,triceps-extension,-327,-809,506
arms,triceps-extension,-349,-815,511
arms,triceps-extension,-387,-802,449
arms,triceps-extension,-426,-780,488
arms,triceps-extension,-465,-769,509
arms,triceps-extension,-498,-768,492
arms,triceps-extension,-523,-762,488
arms,triceps-extension,-547,-741,500
arms,triceps-extension,-552,-730,480
arms,triceps-extension,-558,-716,472
arms,triceps-extension,-577,-689,455
arms,triceps-extension,-595,-669,442
arms,triceps-extension,-611,-648,445
arms,triceps-extension,-642,-619,432
arms,triceps-extension,-656,-608,399
arms,triceps-extension,-661,-598,359
arms,triceps-extension,-688,-573,339
arms,triceps-extension,-704,-541,304
arms,triceps-extension,-717,-510,280
arms,triceps-extension,-745,-496,263
arms,triceps-extension,-756,-475,231
arms,triceps-extension,-764,-436,220
arms,triceps-extension,-768,-404,197
arms,triceps-extension,-771,-381,183
arms,triceps-extension,-780,-357,228
arms,triceps-extension,-773,-344,220
arms,triceps-extension,-771,-338,179
arms,triceps-extension,-758,-328,180
arms,triceps-extension,-719,-325,130
arms,triceps-extension,-709,-317,125
arms,triceps-extension,-725,-312,141
arms,triceps-extension,-748,-314,147
arms,triceps-extension,-783,-336,136
arms,triceps-extension,-819,-380,151
arms,triceps-extension,-868,-404,176
arms,triceps-extension,-852,-435,133
arms,triceps-extension,-845,-413,160
arms,triceps-extension,-851,-396,180
arms,triceps-extension,-781,-376,132
arms,triceps-extension,-737,-376,163
arms,triceps-extension,-781,-381,222
arms,triceps-extension,-709,-414,211
arms,triceps-extension,-751,-407,232
arms,triceps-extension,-735,-481,235
arms,triceps-extension,-720,-497,274
arms,triceps-extension,-727,-520,304
arms,triceps-extension,-696,-528,296
arms,triceps-extension,-696,-528,320
arms,triceps-extension,-649,-582,336
arms,triceps-extension,-648,-592,382
arms,triceps-extension,-573,-622,384
arms,triceps-extension,-568,-617,464
arms,triceps-extension,-525,-602,408
arms,triceps-extension,-520,-649,435
arms,triceps-extension,-520,-683,495
arms,triceps-extension,-467,-715,491
arms,triceps-extension,-423,-707,527
arms,triceps-extension,-391,-717,549
arms,triceps-extension,-365,-757,527
arms,triceps-extension,-312,-768,592
arms,triceps-extension,-278,-768,622
arms,triceps-extension,-255,-820,601
arms,triceps-extension,-242,-879,603
arms,triceps-extension,-218,-901,613
arms,triceps-extension,-176,-936,669
arms,triceps-extension,-150,-957,691
arms,triceps-extension,-124,-965,678
arms,triceps-extension,-88,-982,677
arms,triceps-extension,-49,-978,699
arms,triceps-extension,-10,-977,685
arms,triceps-extension,30,-980,686
arms,triceps-extension,52,-976,704
arms,triceps-extension,56,-984,712
arms,triceps-extension,48,-992,728
arms,triceps-extension,40,-996,721
arms,triceps-extension,26,-1014,683
arms,triceps-extension,5,-1035,659
arms,triceps-extension,0,-1030,664
arms,triceps-extension,-6,-1010,661
arms,triceps-extension,-19,-997,647
arms,triceps-extension,-32,-981,624
arms,triceps-extension,-51,-947,600
arms,triceps-extension,-61,-910,572
arms,triceps-extension,-77,-881,533
arms,triceps-extension,-94,-862,512
arms,triceps-extension,-116,-852,526
arms,triceps-extension,-133,-842,492
arms,triceps-extension,-162,-850,488
arms,triceps-extension,-201,-857,511
arms,triceps-extension,-215,-864,472
arms,triceps-extension,-250,-864,471
arms,triceps-extension,-266,-863,466
arms,triceps-extension,-283,-856,476
arms,triceps-extension,-306,-855,442
arms,triceps-extension,-330,-847,465
arms,triceps-extension,-352,-832,478
arms,triceps-extension,-360,-823,440
arms,triceps-extension,-376,-800,448
arms,triceps-extension,-392,-784,440
arms,triceps-extension,-415,-784,386
arms,triceps-extension,-431,-784,422
arms,triceps-extension,-462,-769,409
arms,triceps-extension,-486,-753,408
arms,triceps-extension,-517,-759,422
arms,triceps-extension,-534,-739,396
arms,triceps-extension,-550,-716,406
arms,triceps-extension,-579,-705,408
arms,triceps-extension,-630,-697,388
arms,triceps-extension,-659,-702,384
arms,triceps-extension,-695,-692,378
arms,triceps-extension,-728,-658,382
arms,triceps-extension,-754,-630,366
arms,triceps-extension,-766,-613,377
arms,triceps-extension,-774,-586,356
arms,triceps-extension,-787,-565,376
arms,triceps-extension,-792,-518,360
arms,triceps-extension,-792,-471,344
arms,triceps-extension,-787,-441,329
arms,triceps-extension,-784,-408,277
arms,triceps-extension,-770,-369,220
arms,triceps-extension,-751,-356,200
arms,triceps-extension,-744,-321,222
arms,triceps-extension,-748,-284,223
arms,triceps-extension,-764,-276,204
arms,triceps-extension,-788,-272,165
arms,triceps-extension,-815,-279,150
arms,triceps-extension,-821,-288,137
arms,triceps-extension,-808,-291,101
arms,triceps-extension,-808,-293,123
arms,triceps-extension,-805,-294,140
arms,triceps-extension,-820,-298,157
arms,triceps-extension,-848,-293,136
arms,triceps-extension,-848,-309,120
arms,triceps-extension,-875,-327,140
arms,triceps-extension,-873,-344,128
arms,triceps-extension,-881,-346,162
arms,triceps-extension,-838,-352,138
arms,triceps-extension,-832,-354,129
arms,triceps-extension,-819,-367,165
arms,triceps-extension,-768,-385,191
arms,triceps-extension,-771,-361,227
arms,triceps-extension,-777,-414,244
arms,triceps-extension,-730,-450,275
arms,triceps-extension,-691,-462,355
arms,triceps-extension,-714,-454,374
arms,triceps-extension,-728,-522,274
arms,triceps-extension,-622,-546,307
arms,triceps-extension,-592,-577,368
arms,triceps-extension,-600,-616,352
arms,triceps-extension,-544,-656,400
arms,triceps-extension,-497,-703,485
arms,triceps-extension,-443,-704,465
arms,triceps-extension,-440,-704,479
arms,triceps-extension,-404,-740,444
arms,triceps-extension,-393,-773,469
arms,triceps-extension,-343,-811,500
arms,triceps-extension,-302,-809,490
arms,triceps-extension,-269,-841,535
arms,triceps-extension,-257,-900,544
arms,triceps-extension,-205,-937,588
arms,triceps-extension,-149,-919,563
arms,triceps-extension,-112,-906,576
arms,triceps-extension,-57,-904,560
arms,triceps-extension,17,-898,581
arms,triceps-extension,51,-902,570
arms,triceps-extension,61,-942,587
arms,triceps-extension,69,-997,579
arms,triceps-extension,77,-1036,619
arms,triceps-extension,80,-1068,648
arms,triceps-extension,75,-1061,701
arms,triceps-extension,72,-1039,741
arms,triceps-extension,81,-1041,726
arms,triceps-extension,66,-1031,708
arms,triceps-extension,77,-1004,700
arms,triceps-extension,116,-992,668
arms,triceps-extension,109,-980,636
arms,triceps-extension,81,-961,636
arms,triceps-extension,68,-948,605
arms,triceps-extension,57,-934,570
arms,triceps-extension,51,-917,565
arms,triceps-extension,53,-900,542
arms,triceps-extension,45,-883,523
arms,triceps-extension,29,-880,502
arms,triceps-extension,3,-864,560
arms,triceps-extension,-10,-864,553
arms,triceps-extension,-27,-871,538
arms,triceps-extension,-54,-886,538
arms,triceps-extension,-48,-880,512
arms,triceps-extension,-53,-876,501
arms,triceps-extension,-74,-861,539
arms,triceps-extension,-81,-848,519
arms,triceps-extension,-91,-847,508
arms,triceps-extension,-109,-839,488
arms,triceps-extension,-137,-833,494
arms,triceps-extension,-146,-840,527
arms,triceps-extension,-162,-838,454
arms,triceps-extension,-185,-817,515
arms,triceps-extension,-200,-825,554
arms,triceps-extension,-200,-841,583
arms,triceps-extension,-208,-864,560
arms,triceps-extension,-232,-848,584
arms,triceps-extension,-224,-848,553
arms,triceps-extension,-224,-863,590
arms,triceps-extension,-209,-842,555
arms,triceps-extension,-237,-833,596
arms,triceps-extension,-233,-818,571
arms,triceps-extension,-246,-823,610
arms,triceps-extension,-289,-804,616
arms,triceps-extension,-283,-807,589
arms,triceps-extension,-300,-808,591
arms,triceps-extension,-342,-795,636
arms,triceps-extension,-358,-792,605
arms,triceps-extension,-378,-792,592
arms,triceps-extension,-413,-786,592
arms,triceps-extension,-447,-784,569
arms,triceps-extension,-456,-790,549
arms,triceps-extension,-494,-770,593
arms,triceps-extension,-528,-749,590
arms,triceps-extension,-536,-739,556
arms,triceps-extension,-556,-721,569
arms,triceps-extension,-563,-707,531
arms,triceps-extension,-579,-690,505
arms,triceps-extension,-601,-676,525
arms,triceps-extension,-608,-663,506
arms,triceps-extension,-629,-639,488
arms,triceps-extension,-648,-616,472
arms,triceps-extension,-652,-596,444
arms,triceps-extension,-674,-577,418
arms,triceps-extension,-700,-564,399
arms,triceps-extension,-717,-547,408
arms,triceps-extension,-739,-515,405
arms,triceps-extension,-756,-487,379
arms,triceps-extension,-776,-478,324
arms,triceps-extension,-773,-477,283
arms,triceps-extension,-763,-446,269
arms,triceps-extension,-754,-412,266
arms,triceps-extension,-749,-375,261
arms,triceps-extension,-712,-348,224
arms,triceps-extension,-690,-334,192
arms,triceps-extension,-700,-326,181
arms,triceps-extension,-717,-327,211
arms,triceps-extension,-736,-356,159
arms,triceps-extension,-737,-376,157
arms,triceps-extension,-750,-375,180
arms,triceps-extension,-787,-367,157
arms,triceps-extension,-807,-363,140
arms,triceps-extension,-804,-382,177
arms,triceps-extension,-849,-361,192
arms,triceps-extension,-862,-368,191
arms,triceps-extension,-824,-375,169
arms,triceps-extension,-832,-352,192
arms,triceps-extension,-824,-360,176
arms,triceps-extension,-824,-360,176
arms,triceps-extension,-746,-360,277
arms,triceps-extension,-744,-413,303
arms,triceps-extension,-744,-386,244
arms,triceps-extension,-729,-420,204
arms,triceps-extension,-671,-481,279
arms,triceps-extension,-692,-460,302
arms,triceps-extension,-689,-497,284
arms,triceps-extension,-675,-564,360
arms,triceps-extension,-659,-556,383
arms,triceps-extension,-656,-577,384
arms,triceps-extension,-637,-646,378
arms,triceps-extension,-578,-664,430
arms,triceps-extension,-525,-658,448
arms,triceps-extension,-512,-667,471
arms,triceps-extension,-467,-700,469
arms,triceps-extension,-405,-723,496
arms,triceps-extension,-368,-728,517
arms,triceps-extension,-355,-743,525
arms,triceps-extension,-327,-792,513
arms,triceps-extension,-293,-806,537
arms,triceps-extension,-266,-809,574
arms,triceps-extension,-252,-852,566
arms,triceps-extension,-239,-902,574
arms,triceps-extension,-207,-928,588
arms,triceps-extension,-172,-940,588
arms,triceps-extension,-141,-948,577
arms,triceps-extension,-109,-945,578
arms,triceps-extension,-78,-932,604
arms,triceps-extension,-43,-911,621
arms,triceps-extension,-5,-885,637
arms,triceps-extension,21,-895,611
arms,triceps-extension,16,-929,596
arms,triceps-extension,21,-958,640
arms,triceps-extension,27,-987,656
arms,triceps-extension,18,-994,646
arms,triceps-extension,22,-1002,644
arms,triceps-extension,16,-1008,696
arms,triceps-extension,14,-1002,696
arms,triceps-extension,3,-982,701
arms,triceps-extension,-13,-974,707
arms,triceps-extension,0,-964,669
arms,triceps-extension,-4,-939,716
arms,triceps-extension,-23,-908,651
arms,triceps-extension,-17,-887,619
arms,triceps-extension,-26,-877,586
arms,triceps-extension,-40,-847,597
arms,triceps-extension,-42,-839,567
arms,triceps-extension,-64,-832,561
arms,triceps-extension,-65,-833,584
arms,triceps-extension,-96,-856,576
arms,triceps-extension,-104,-872,552
arms,triceps-extension,-127,-864,560
arms,triceps-extension,-151,-864,575
arms,triceps-extension,-174,-894,531
arms,triceps-extension,-183,-845,521
arms,triceps-extension,-184,-840,563
arms,triceps-extension,-170,-819,519
arms,triceps-extension,-175,-782,539
arms,triceps-extension,-176,-783,531
arms,triceps-extension,-189,-771,515
arms,triceps-extension,-217,-762,525
arms,triceps-extension,-243,-785,553
arms,triceps-extension,-272,-798,548
arms,triceps-extension,-298,-800,526
arms,triceps-extension,-338,-811,549
arms,triceps-extension,-374,-833,543
arms,triceps-extension,-400,-851,585
arms,triceps-extension,-413,-845,592
arms,triceps-extension,-436,-825,564
arms,triceps-extension,-453,-786,577
arms,triceps-extension,-456,-778,568
arms,triceps-extension,-451,-761,598
arms,triceps-extension,-466,-731,636
arms,triceps-extension,-493,-707,627
arms,triceps-extension,-516,-700,608
arms,triceps-extension,-532,-712,576
arms,triceps-extension,-540,-720,556
arms,triceps-extension,-551,-720,571
arms,triceps-extension,-560,-709,563
arms,triceps-extension,-563,-696,539
arms,triceps-extension,-574,-683,550
arms,triceps-extension,-593,-658,557
arms,triceps-extension,-625,-639,549
arms,triceps-extension,-664,-624,539
arms,triceps-extension,-685,-621,531
arms,triceps-extension,-701,-606,514
arms,triceps-extension,-717,-577,459
arms,triceps-extension,-736,-556,446
arms,triceps-extension,-766,-538,442
arms,triceps-extension,-786,-518,434
arms,triceps-extension,-794,-505,386
arms,triceps-extension,-801,-477,389
arms,triceps-extension,-807,-460,368
arms,triceps-extension,-796,-435,326
arms,triceps-extension,-773,-403,306
arms,triceps-extension,-749,-365,265
arms,triceps-extension,-717,-335,270
arms,triceps-extension,-686,-318,246
arms,triceps-extension,-664,-295,215
arms,triceps-extension,-657,-280,202
arms,triceps-extension,-680,-272,264
arms,triceps-extension,-736,-248,176
arms,triceps-extension,-767,-326,75
arms,triceps-extension,-814,-381,64
arms,triceps-extension,-853,-369,79
arms,triceps-extension,-856,-375,124
arms,triceps-extension,-885,-333,114
arms,triceps-extension,-902,-293,133
arms,triceps-extension,-870,-329,102
arms,triceps-extension,-884,-289,109
arms,triceps-extension,-849,-280,73
arms,triceps-extension,-783,-280,45
arms,triceps-extension,-675,-292,-3
arms,triceps-extension,-690,-266,32
arms,triceps-extension,-722,-291,54
arms,triceps-extension,-745,-275,62
arms,triceps-extension,-724,-325,3
arms,triceps-extension,-680,-347,-13
arms,triceps-extension,-643,-307,8
arms,triceps-extension,-688,-171,108
arms,triceps-extension,-626,-178,32
arms,triceps-extension,-563,-171,-29
arms,triceps-extension,-555,-117,-35
arms,triceps-extension,-548,-117,-66
arms,triceps-extension,-613,-89,-15
arms,triceps-extension,-626,-81,-35
arms,triceps-extension,-596,-64,-124
arms,triceps-extension,-627,-51,-109
arms,triceps-extension,-696,-80,-87
arms,triceps-extension,-766,-38,-122
arms,triceps-extension,-787,-11,-205
arms,triceps-extension,-808,-22,-307
arms,triceps-extension,-856,16,-333
arms,triceps-extension,-905,39,-299
arms,triceps-extension,-912,85,-300
arms,triceps-extension,-896,114,-379
arms,triceps-extension,-898,174,-372
arms,triceps-extension,-899,224,-470
arms,triceps-extension,-896,243,-519
arms,triceps-extension,-920,310,-556
arms,triceps-extension,-924,357,-544
arms,triceps-extension,-931,381,-544
arms,triceps-extension,-902,421,-551
arms,triceps-extension,-848,523,-573
arms,triceps-extension,-796,578,-514
arms,triceps-extension,-710,603,-467
arms,triceps-extension,-577,689,-371
arms,triceps-extension,-509,768,-334
arms,triceps-extension,-393,847,-402
arms,triceps-extension,-291,845,-423
arms,triceps-extension,-189,952,-241
arms,triceps-extension,-95,936,-272
arms,triceps-extension,-25,976,-264
arms,triceps-extension,38,984,-210
arms,triceps-extension,108,946,-307
arms,triceps-extension,187,951,-81
arms,triceps-extension,243,937,-122
arms,triceps-extension,327,900,-99
arms,triceps-extension,357,903,16
arms,triceps-extension,476,945,-118
arms,triceps-extension,436,845,-131
arms,triceps-extension,450,791,-17
arms,triceps-extension,558,854,2
arms,triceps-extension,745,816,-50
arms,triceps-extension,834,788,-4
arms,triceps-extension,789,731,40
arms,triceps-extension,848,729,54
arms,triceps-extension,975,686,-5
arms,triceps-extension,1021,653,33
arms,triceps-extension,1050,664,22
arms,triceps-extension,1100,590,25
arms,triceps-extension,1164,559,65
arms,triceps-extension,1221,539,94
arms,triceps-extension,1245,488,48
arms,triceps-extension,1239,433,-10
arms,triceps-extension,1215,430,49
arms,triceps-extension,1212,431,62
arms,triceps-extension,1216,428,32
arms,triceps-extension,1204,398,6
arms,triceps-extension,1185,341,-33
arms,triceps-extension,1150,314,-13
arms,triceps-extension,1115,299,-10
arms,triceps-extension,1093,314,-34
arms,triceps-extension,1079,322,-33
arms,triceps-extension,1055,324,-23
arms,triceps-extension,1032,311,-1
arms,triceps-extension,1013,264,116
arms,triceps-extension,998,318,174
arms,triceps-extension,994,334,143
arms,triceps-extension,1044,278,72
arms,triceps-extension,1072,342,73
arms,triceps-extension,1147,250,186
arms,triceps-extension,1255,141,248
arms,triceps-extension,1287,234,1
arms,triceps-extension,1145,300,-131
arms,triceps-extension,981,378,-86
arms,triceps-extension,920,248,41
arms,triceps-extension,922,251,232
arms,triceps-extension,940,276,354
arms,triceps-extension,974,237,281
arms,triceps-extension,950,204,183
arms,triceps-extension,904,280,158
arms,triceps-extension,896,288,96
