arms,triceps-extension,525,373,659
arms,triceps-extension,-419,281,-840
arms,triceps-extension,939,-655,-153
arms,triceps-extension,1712,-420,-359
arms,triceps-extension,1507,-261,-334
arms,triceps-extension,1374,153,-442
arms,triceps-extension,1301,-55,-420
arms,triceps-extension,1112,240,-482
arms,triceps-extension,101,295,-718
arms,triceps-extension,1032,806,-685
arms,triceps-extension,537,1650,-1019
arms,triceps-extension,2225,1166,-638
arms,triceps-extension,2217,253,-359
arms,triceps-extension,597,-27,-570
arms,triceps-extension,376,-82,-495
arms,triceps-extension,412,298,-491
arms,triceps-extension,426,290,-446
arms,triceps-extension,514,287,-365
arms,triceps-extension,663,364,-255
arms,triceps-extension,770,398,-255
arms,triceps-extension,826,384,-271
arms,triceps-extension,882,385,-243
arms,triceps-extension,898,397,-186
arms,triceps-extension,914,416,-94
arms,triceps-extension,946,423,-42
arms,triceps-extension,968,440,-3
arms,triceps-extension,986,483,21
arms,triceps-extension,1015,516,53
arms,triceps-extension,1044,527,57
arms,triceps-extension,1055,513,12
arms,triceps-extension,1097,480,-15
arms,triceps-extension,1129,499,74
arms,triceps-extension,1141,438,91
arms,triceps-extension,1180,294,41
arms,triceps-extension,1237,181,-122
arms,triceps-extension,1244,241,-13
arms,triceps-extension,1232,294,99
arms,triceps-extension,1260,260,-187
arms,triceps-extension,1182,216,-768
arms,triceps-extension,1015,629,-554
arms,triceps-extension,1025,576,-111
arms,triceps-extension,1192,497,133
arms,triceps-extension,1263,383,3
arms,triceps-extension,1305,430,-195
arms,triceps-extension,1350,418,-203
arms,triceps-extension,1360,448,4
arms,triceps-extension,1346,507,105
arms,triceps-extension,1347,581,161
arms,triceps-extension,1346,645,98
arms,triceps-extension,1323,635,59
arms,triceps-extension,1328,624,104
arms,triceps-extension,1283,730,104
arms,triceps-extension,1229,838,113
arms,triceps-extension,1200,876,110
arms,triceps-extension,1144,920,-1
arms,triceps-extension,1081,956,11
arms,triceps-extension,1012,1001,-21
arms,triceps-extension,970,1019,-4
arms,triceps-extension,922,1010,-20
arms,triceps-extension,870,1015,25
arms,triceps-extension,770,1032,16
arms,triceps-extension,744,993,-75
arms,triceps-extension,646,994,-17
arms,triceps-extension,584,961,-35
arms,triceps-extension,535,932,-76
arms,triceps-extension,466,908,-92
arms,triceps-extension,390,890,-83
arms,triceps-extension,333,848,-134
arms,triceps-extension,244,820,-179
arms,triceps-extension,154,795,-212
arms,triceps-extension,43,714,-270
arms,triceps-extension,-60,634,-298
arms,triceps-extension,-126,535,-427
arms,triceps-extension,-226,384,-464
arms,triceps-extension,-358,278,-555
arms,triceps-extension,-450,211,-619
arms,triceps-extension,-534,114,-622
arms,triceps-extension,-587,56,-619
arms,triceps-extension,-629,17,-618
arms,triceps-extension,-661,-54,-533
arms,triceps-extension,-656,-149,-582
arms,triceps-extension,-637,-98,-527
arms,triceps-extension,-585,-108,-476
arms,triceps-extension,-604,-21,-286
arms,triceps-extension,-629,-74,-257
arms,triceps-extension,-579,-68,-271
arms,triceps-extension,-531,-81,-238
arms,triceps-extension,-510,-72,-170
arms,triceps-extension,-498,-94,-152
arms,triceps-extension,-462,-138,-117
arms,triceps-extension,-456,-129,-142
arms,triceps-extension,-512,-120,-56
arms,triceps-extension,-520,-136,-64
arms,triceps-extension,-535,-197,-87
arms,triceps-extension,-581,-222,-28
arms,triceps-extension,-628,-224,-2
arms,triceps-extension,-646,-310,-7
arms,triceps-extension,-655,-292,-8
arms,triceps-extension,-690,-268,47
arms,triceps-extension,-763,-271,36
arms,triceps-extension,-802,-292,19
arms,triceps-extension,-840,-360,16
arms,triceps-extension,-854,-382,59
arms,triceps-extension,-838,-372,42
arms,triceps-extension,-838,-374,38
arms,triceps-extension,-846,-428,63
arms,triceps-extension,-820,-476,72
arms,triceps-extension,-727,-510,56
arms,triceps-extension,-699,-509,74
arms,triceps-extension,-755,-499,139
arms,triceps-extension,-749,-550,109
arms,triceps-extension,-695,-661,91
arms,triceps-extension,-640,-712,113
arms,triceps-extension,-603,-690,124
arms,triceps-extension,-588,-681,115
arms,triceps-extension,-563,-717,87
arms,triceps-extension,-504,-756,84
arms,triceps-extension,-449,-780,138
arms,triceps-extension,-443,-763,225
arms,triceps-extension,-449,-756,198
arms,triceps-extension,-433,-836,121
arms,triceps-extension,-401,-886,144
arms,triceps-extension,-377,-863,162
arms,triceps-extension,-383,-871,180
arms,triceps-extension,-354,-928,190
arms,triceps-extension,-318,-952,266
arms,triceps-extension,-294,-936,302
arms,triceps-extension,-277,-950,294
arms,triceps-extension,-229,-986,290
arms,triceps-extension,-156,-974,316
arms,triceps-extension,-100,-900,365
arms,triceps-extension,-107,-845,325
arms,triceps-extension,-87,-912,299
arms,triceps-extension,-72,-981,257
arms,triceps-extension,-33,-969,353
arms,triceps-extension,-38,-981,396
arms,triceps-extension,-25,-1020,316
arms,triceps-extension,-31,-1058,354
arms,triceps-extension,-14,-1080,374
arms,triceps-extension,9,-1081,354
arms,triceps-extension,25,-1096,385
arms,triceps-extension,48,-1112,416
arms,triceps-extension,72,-1104,448
arms,triceps-extension,88,-1088,432
arms,triceps-extension,118,-1118,424
arms,triceps-extension,127,-1120,431
arms,triceps-extension,128,-1113,410
arms,triceps-extension,135,-1112,394
arms,triceps-extension,136,-1105,427
arms,triceps-extension,102,-1097,425
arms,triceps-extension,89,-1103,491
arms,triceps-extension,55,-1078,497
arms,triceps-extension,54,-1072,483
arms,triceps-extension,25,-1060,511
arms,triceps-extension,-2,-1038,490
arms,triceps-extension,-14,-1020,462
arms,triceps-extension,-62,-987,525
arms,triceps-extension,-63,-987,513
arms,triceps-extension,-83,-987,491
arms,triceps-extension,-96,-973,477
arms,triceps-extension,-132,-948,492
arms,triceps-extension,-162,-926,499
arms,triceps-extension,-168,-930,453
arms,triceps-extension,-187,-927,461
arms,triceps-extension,-209,-924,466
arms,triceps-extension,-238,-911,405
arms,triceps-extension,-273,-896,397
arms,triceps-extension,-300,-884,424
arms,triceps-extension,-335,-884,412
arms,triceps-extension,-367,-900,389
arms,triceps-extension,-394,-893,365
arms,triceps-extension,-429,-867,349
arms,triceps-extension,-464,-842,344
arms,triceps-extension,-488,-826,326
arms,triceps-extension,-494,-801,293
arms,triceps-extension,-515,-771,285
arms,triceps-extension,-536,-752,270
arms,triceps-extension,-534,-726,236
arms,triceps-extension,-539,-681,219
arms,triceps-extension,-570,-622,225
arms,triceps-extension,-574,-610,162
arms,triceps-extension,-584,-590,179
arms,triceps-extension,-652,-584,201
arms,triceps-extension,-696,-581,157
arms,triceps-extension,-707,-567,209
arms,triceps-extension,-759,-554,164
arms,triceps-extension,-746,-512,91
arms,triceps-extension,-703,-451,58
arms,triceps-extension,-697,-405,74
arms,triceps-extension,-715,-372,94
arms,triceps-extension,-760,-322,62
arms,triceps-extension,-769,-369,16
arms,triceps-extension,-792,-392,16
arms,triceps-extension,-752,-408,-24
arms,triceps-extension,-752,-408,-24
arms,triceps-extension,-775,-369,-40
arms,triceps-extension,-837,-315,82
arms,triceps-extension,-795,-394,95
arms,triceps-extension,-807,-371,60
arms,triceps-extension,-808,-361,149
arms,triceps-extension,-822,-360,132
arms,triceps-extension,-790,-380,189
arms,triceps-extension,-744,-364,187
arms,triceps-extension,-703,-340,210
arms,triceps-extension,-760,-311,254
arms,triceps-extension,-726,-385,227
arms,triceps-extension,-658,-474,252
arms,triceps-extension,-646,-484,317
arms,triceps-extension,-671,-486,359
arms,triceps-extension,-663,-533,362
arms,triceps-extension,-672,-557,387
arms,triceps-extension,-648,-607,405
arms,triceps-extension,-607,-668,423
arms,triceps-extension,-557,-708,437
arms,triceps-extension,-512,-720,407
arms,triceps-extension,-496,-711,407
arms,triceps-extension,-451,-784,415
arms,triceps-extension,-403,-822,421
arms,triceps-extension,-359,-771,411
arms,triceps-extension,-328,-760,392
arms,triceps-extension,-305,-795,423
arms,triceps-extension,-269,-842,456
arms,triceps-extension,-242,-904,452
arms,triceps-extension,-200,-941,478
arms,triceps-extension,-165,-910,533
arms,triceps-extension,-145,-884,528
arms,triceps-extension,-103,-936,508
arms,triceps-extension,-53,-973,549
arms,triceps-extension,-8,-936,547
arms,triceps-extension,6,-948,522
arms,triceps-extension,7,-992,546
arms,triceps-extension,28,-1036,607
arms,triceps-extension,44,-1048,636
arms,triceps-extension,58,-1052,605
arms,triceps-extension,67,-1062,626
arms,triceps-extension,86,-1057,629
arms,triceps-extension,113,-1061,617
arms,triceps-extension,122,-1046,628
arms,triceps-extension,137,-1031,642
arms,triceps-extension,140,-1021,604
arms,triceps-extension,105,-1000,642
arms,triceps-extension,109,-1001,664
arms,triceps-extension,63,-1008,664
arms,triceps-extension,47,-1000,665
arms,triceps-extension,16,-984,688
arms,triceps-extension,24,-944,696
arms,triceps-extension,1,-944,665
arms,triceps-extension,0,-914,687
arms,triceps-extension,-45,-897,695
arms,triceps-extension,-41,-874,674
arms,triceps-extension,-40,-865,658
arms,triceps-extension,-68,-864,649
arms,triceps-extension,-99,-850,662
arms,triceps-extension,-91,-848,637
arms,triceps-extension,-108,-841,632
arms,triceps-extension,-156,-821,613
arms,triceps-extension,-187,-828,608
arms,triceps-extension,-228,-820,602
arms,triceps-extension,-258,-804,629
arms,triceps-extension,-310,-789,623
arms,triceps-extension,-345,-778,605
arms,triceps-extension,-379,-765,589
arms,triceps-extension,-408,-749,563
arms,triceps-extension,-447,-729,542
arms,triceps-extension,-479,-705,526
arms,triceps-extension,-507,-686,482
arms,triceps-extension,-539,-666,447
arms,triceps-extension,-552,-647,422
arms,triceps-extension,-582,-618,399
arms,triceps-extension,-616,-579,392
arms,triceps-extension,-640,-544,380
arms,triceps-extension,-687,-516,360
arms,triceps-extension,-742,-511,337
arms,triceps-extension,-786,-513,320
arms,triceps-extension,-771,-501,283
arms,triceps-extension,-707,-454,235
arms,triceps-extension,-660,-374,200
arms,triceps-extension,-593,-344,142
arms,triceps-extension,-588,-314,201
arms,triceps-extension,-661,-251,262
arms,triceps-extension,-706,-252,209
arms,triceps-extension,-804,-294,228
arms,triceps-extension,-869,-334,159
arms,triceps-extension,-908,-356,112
arms,triceps-extension,-913,-359,114
arms,triceps-extension,-881,-320,112
arms,triceps-extension,-855,-289,101
arms,triceps-extension,-843,-289,188
arms,triceps-extension,-821,-256,176
arms,triceps-extension,-843,-251,221
arms,triceps-extension,-814,-218,202
arms,triceps-extension,-867,-235,216
arms,triceps-extension,-897,-263,216
arms,triceps-extension,-905,-260,212
arms,triceps-extension,-919,-346,137
arms,triceps-extension,-888,-424,160
arms,triceps-extension,-840,-408,152
arms,triceps-extension,-817,-385,175
arms,triceps-extension,-831,-445,214
arms,triceps-extension,-743,-463,231
arms,triceps-extension,-678,-442,247
arms,triceps-extension,-701,-483,312
arms,triceps-extension,-669,-502,334
arms,triceps-extension,-637,-477,363
arms,triceps-extension,-679,-512,368
arms,triceps-extension,-675,-618,348
arms,triceps-extension,-621,-684,401
arms,triceps-extension,-608,-634,404
arms,triceps-extension,-584,-664,400
arms,triceps-extension,-570,-668,400
arms,triceps-extension,-545,-704,389
arms,triceps-extension,-475,-731,401
arms,triceps-extension,-416,-725,468
arms,triceps-extension,-379,-699,485
arms,triceps-extension,-343,-698,495
arms,triceps-extension,-323,-704,514
arms,triceps-extension,-310,-742,501
arms,triceps-extension,-299,-819,502
arms,triceps-extension,-265,-874,543
arms,triceps-extension,-214,-866,555
arms,triceps-extension,-200,-873,527
arms,triceps-extension,-184,-916,524
arms,triceps-extension,-129,-932,544
arms,triceps-extension,-74,-902,552
arms,triceps-extension,-34,-861,548
arms,triceps-extension,-13,-868,547
arms,triceps-extension,24,-886,549
arms,triceps-extension,87,-854,568
arms,triceps-extension,103,-830,599
arms,triceps-extension,93,-862,579
arms,triceps-extension,104,-925,589
arms,triceps-extension,104,-983,637
arms,triceps-extension,118,-1030,648
arms,triceps-extension,148,-1064,650
arms,triceps-extension,144,-1060,660
arms,triceps-extension,170,-1037,679
arms,triceps-extension,176,-997,712
arms,triceps-extension,179,-981,737
arms,triceps-extension,184,-963,709
arms,triceps-extension,149,-931,730
arms,triceps-extension,173,-904,701
arms,triceps-extension,147,-904,737
arms,triceps-extension,103,-903,743
arms,triceps-extension,94,-898,727
arms,triceps-extension,63,-919,720
arms,triceps-extension,40,-896,727
arms,triceps-extension,48,-880,696
arms,triceps-extension,8,-880,680
arms,triceps-extension,0,-864,680
arms,triceps-extension,-15,-849,680
arms,triceps-extension,-38,-848,658
arms,triceps-extension,-76,-804,678
arms,triceps-extension,-59,-800,630
arms,triceps-extension,-98,-793,638
arms,triceps-extension,-124,-806,620
arms,triceps-extension,-148,-808,589
arms,triceps-extension,-178,-808,591
arms,triceps-extension,-209,-814,579
arms,triceps-extension,-241,-816,570
arms,triceps-extension,-314,-786,598
arms,triceps-extension,-348,-788,596
arms,triceps-extension,-375,-775,569
arms,triceps-extension,-395,-746,582
arms,triceps-extension,-432,-725,565
arms,triceps-extension,-464,-715,520
arms,triceps-extension,-472,-707,499
arms,triceps-extension,-477,-684,481
arms,triceps-extension,-504,-653,462
arms,triceps-extension,-515,-608,461
arms,triceps-extension,-516,-580,446
arms,triceps-extension,-542,-572,419
arms,triceps-extension,-581,-560,420
arms,triceps-extension,-616,-544,440
arms,triceps-extension,-655,-540,429
arms,triceps-extension,-713,-548,408
arms,triceps-extension,-766,-548,383
arms,triceps-extension,-801,-541,339
arms,triceps-extension,-808,-539,326
arms,triceps-extension,-778,-513,336
arms,triceps-extension,-739,-429,330
arms,triceps-extension,-677,-352,320
arms,triceps-extension,-653,-302,323
arms,triceps-extension,-653,-252,323
arms,triceps-extension,-682,-215,305
arms,triceps-extension,-739,-207,284
arms,triceps-extension,-774,-252,270
arms,triceps-extension,-815,-262,262
arms,triceps-extension,-899,-263,241
arms,triceps-extension,-908,-289,184
arms,triceps-extension,-893,-295,189
arms,triceps-extension,-918,-290,223
arms,triceps-extension,-906,-294,262
arms,triceps-extension,-908,-228,247
arms,triceps-extension,-809,-265,248
arms,triceps-extension,-822,-268,324
arms,triceps-extension,-789,-209,274
arms,triceps-extension,-736,-225,304
arms,triceps-extension,-736,-264,320
arms,triceps-extension,-768,-248,320
arms,triceps-extension,-768,-248,320
arms,triceps-extension,-714,-372,273
arms,triceps-extension,-689,-384,348
arms,triceps-extension,-748,-414,359
arms,triceps-extension,-745,-547,316
arms,triceps-extension,-751,-596,419
arms,triceps-extension,-731,-635,418
arms,triceps-extension,-694,-654,416
arms,triceps-extension,-675,-616,416
arms,triceps-extension,-646,-634,377
arms,triceps-extension,-564,-723,343
arms,triceps-extension,-389,-701,348
arms,triceps-extension,-356,-658,388
arms,triceps-extension,-413,-648,424
arms,triceps-extension,-375,-728,415
arms,triceps-extension,-307,-793,469
arms,triceps-extension,-261,-765,507
arms,triceps-extension,-243,-755,517
arms,triceps-extension,-265,-785,540
arms,triceps-extension,-245,-810,537
arms,triceps-extension,-238,-830,542
arms,triceps-extension,-248,-886,529
arms,triceps-extension,-199,-933,552
arms,triceps-extension,-130,-918,549
arms,triceps-extension,-96,-884,537
arms,triceps-extension,-92,-904,556
arms,triceps-extension,-58,-913,579
arms,triceps-extension,13,-851,607
arms,triceps-extension,41,-804,612
arms,triceps-extension,52,-827,598
arms,triceps-extension,90,-870,603
arms,triceps-extension,107,-886,638
arms,triceps-extension,132,-911,642
arms,triceps-extension,171,-950,643
arms,triceps-extension,168,-981,669
arms,triceps-extension,154,-1004,675
arms,triceps-extension,165,-1037,680
arms,triceps-extension,178,-1044,728
arms,triceps-extension,190,-1028,756
arms,triceps-extension,206,-1009,766
arms,triceps-extension,195,-982,760
arms,triceps-extension,173,-970,751
arms,triceps-extension,159,-941,711
arms,triceps-extension,150,-927,702
arms,triceps-extension,134,-916,684
arms,triceps-extension,117,-885,661
arms,triceps-extension,85,-865,700
arms,triceps-extension,55,-879,654
arms,triceps-extension,46,-866,632
arms,triceps-extension,7,-896,632
arms,triceps-extension,-16,-880,639
arms,triceps-extension,-16,-880,585
arms,triceps-extension,-32,-896,592
arms,triceps-extension,-55,-881,607
arms,triceps-extension,-56,-865,601
arms,triceps-extension,-71,-857,571
arms,triceps-extension,-86,-849,582
arms,triceps-extension,-95,-813,570
arms,triceps-extension,-96,-808,568
arms,triceps-extension,-123,-815,581
arms,triceps-extension,-167,-809,577
arms,triceps-extension,-189,-814,582
arms,triceps-extension,-217,-804,603
arms,triceps-extension,-248,-800,572
arms,triceps-extension,-274,-782,566
arms,triceps-extension,-297,-787,557
arms,triceps-extension,-321,-786,546
arms,triceps-extension,-344,-773,555
arms,triceps-extension,-357,-768,544
arms,triceps-extension,-385,-763,521
arms,triceps-extension,-415,-750,497
arms,triceps-extension,-453,-730,478
arms,triceps-extension,-481,-720,463
arms,triceps-extension,-497,-707,465
arms,triceps-extension,-504,-696,468
arms,triceps-extension,-546,-679,468
arms,triceps-extension,-572,-664,436
arms,triceps-extension,-583,-652,431
arms,triceps-extension,-608,-633,449
arms,triceps-extension,-626,-610,439
arms,triceps-extension,-658,-595,441
arms,triceps-extension,-672,-597,416
arms,triceps-extension,-681,-586,404
arms,triceps-extension,-705,-567,418
arms,triceps-extension,-728,-552,389
arms,triceps-extension,-739,-534,349
arms,triceps-extension,-716,-486,349
arms,triceps-extension,-672,-448,358
arms,triceps-extension,-632,-393,352
arms,triceps-extension,-628,-354,334
arms,triceps-extension,-611,-358,285
arms,triceps-extension,-608,-350,309
arms,triceps-extension,-684,-351,321
arms,triceps-extension,-748,-393,288
arms,triceps-extension,-812,-453,282
arms,triceps-extension,-839,-524,251
arms,triceps-extension,-884,-497,263
arms,triceps-extension,-840,-501,196
arms,triceps-extension,-762,-472,233
arms,triceps-extension,-779,-469,240
arms,triceps-extension,-678,-408,243
arms,triceps-extension,-600,-392,352
arms,triceps-extension,-688,-392,376
arms,triceps-extension,-657,-376,360
arms,triceps-extension,-648,-490,314
arms,triceps-extension,-693,-474,357
arms,triceps-extension,-703,-494,360
arms,triceps-extension,-725,-596,417
arms,triceps-extension,-714,-622,375
arms,triceps-extension,-623,-604,375
arms,triceps-extension,-681,-593,436
arms,triceps-extension,-624,-644,389
arms,triceps-extension,-494,-631,440
arms,triceps-extension,-445,-568,499
arms,triceps-extension,-428,-576,494
arms,triceps-extension,-395,-602,470
arms,triceps-extension,-367,-631,487
arms,triceps-extension,-421,-707,535
arms,triceps-extension,-416,-817,552
arms,triceps-extension,-374,-882,568
arms,triceps-extension,-345,-860,591
arms,triceps-extension,-311,-855,565
arms,triceps-extension,-253,-874,568
arms,triceps-extension,-168,-815,593
arms,triceps-extension,-79,-768,560
arms,triceps-extension,-49,-759,563
arms,triceps-extension,-31,-760,588
arms,triceps-extension,-24,-820,572
arms,triceps-extension,-9,-899,606
arms,triceps-extension,24,-910,671
arms,triceps-extension,31,-909,670
arms,triceps-extension,57,-933,651
arms,triceps-extension,83,-944,682
arms,triceps-extension,106,-940,692
arms,triceps-extension,136,-887,633
arms,triceps-extension,128,-899,630
arms,triceps-extension,112,-962,677
arms,triceps-extension,119,-979,693
arms,triceps-extension,134,-968,713
arms,triceps-extension,126,-968,747
arms,triceps-extension,126,-964,782
arms,triceps-extension,144,-947,807
arms,triceps-extension,144,-923,824
arms,triceps-extension,141,-901,789
arms,triceps-extension,125,-885,779
arms,triceps-extension,116,-876,780
arms,triceps-extension,134,-895,715
arms,triceps-extension,115,-889,733
arms,triceps-extension,71,-896,710
arms,triceps-extension,62,-896,690
arms,triceps-extension,39,-896,718
arms,triceps-extension,24,-904,680
arms,triceps-extension,24,-888,664
arms,triceps-extension,8,-888,664
arms,triceps-extension,-31,-872,664
arms,triceps-extension,-17,-872,611
arms,triceps-extension,-46,-857,586
arms,triceps-extension,-70,-834,599
arms,triceps-extension,-101,-818,614
arms,triceps-extension,-139,-830,595
arms,triceps-extension,-158,-818,585
arms,triceps-extension,-213,-809,537
arms,triceps-extension,-244,-801,528
arms,triceps-extension,-267,-787,509
arms,triceps-extension,-272,-778,498
arms,triceps-extension,-314,-758,532
arms,triceps-extension,-369,-758,509
arms,triceps-extension,-413,-754,513
arms,triceps-extension,-452,-763,526
arms,triceps-extension,-475,-757,517
arms,triceps-extension,-506,-741,512
arms,triceps-extension,-540,-726,527
arms,triceps-extension,-552,-710,506
arms,triceps-extension,-562,-666,536
arms,triceps-extension,-577,-612,512
arms,triceps-extension,-584,-574,494
arms,triceps-extension,-584,-530,486
arms,triceps-extension,-605,-487,447
arms,triceps-extension,-632,-476,436
arms,triceps-extension,-659,-488,455
arms,triceps-extension,-698,-481,439
arms,triceps-extension,-716,-468,418
arms,triceps-extension,-722,-448,430
arms,triceps-extension,-746,-403,393
arms,triceps-extension,-742,-375,363
arms,triceps-extension,-718,-360,348
arms,triceps-extension,-712,-352,317
arms,triceps-extension,-680,-318,307
arms,triceps-extension,-690,-285,286
arms,triceps-extension,-710,-298,322
arms,triceps-extension,-708,-312,305
arms,triceps-extension,-738,-338,344
arms,triceps-extension,-788,-358,322
arms,triceps-extension,-791,-403,326
arms,triceps-extension,-838,-388,302
arms,triceps-extension,-799,-409,236
arms,triceps-extension,-827,-417,290
arms,triceps-extension,-796,-419,258
arms,triceps-extension,-765,-383,272
arms,triceps-extension,-738,-380,276
arms,triceps-extension,-677,-421,315
arms,triceps-extension,-740,-379,359
arms,triceps-extension,-671,-440,344
arms,triceps-extension,-632,-440,344
arms,triceps-extension,-688,-440,400
arms,triceps-extension,-688,-440,400
arms,triceps-extension,-641,-510,384
arms,triceps-extension,-670,-527,445
arms,triceps-extension,-724,-625,448
arms,triceps-extension,-648,-668,441
arms,triceps-extension,-554,-643,433
arms,triceps-extension,-544,-626,432
arms,triceps-extension,-469,-638,473
arms,triceps-extension,-449,-687,520
arms,triceps-extension,-383,-670,528
arms,triceps-extension,-368,-651,547
arms,triceps-extension,-399,-698,558
arms,triceps-extension,-408,-760,524
arms,triceps-extension,-414,-829,553
arms,triceps-extension,-342,-894,591
arms,triceps-extension,-301,-873,594
arms,triceps-extension,-280,-840,554
arms,triceps-extension,-251,-837,557
arms,triceps-extension,-215,-876,593
arms,triceps-extension,-165,-832,603
arms,triceps-extension,-120,-792,600
arms,triceps-extension,-118,-811,646
arms,triceps-extension,-83,-833,635
arms,triceps-extension,-35,-814,630
arms,triceps-extension,-24,-817,648
arms,triceps-extension,-8,-856,620
arms,triceps-extension,0,-884,623
arms,triceps-extension,-19,-925,648
arms,triceps-extension,-36,-971,694
arms,triceps-extension,-27,-997,732
arms,triceps-extension,2,-1016,707
arms,triceps-extension,19,-1004,724
arms,triceps-extension,33,-984,738
arms,triceps-extension,51,-981,733
arms,triceps-extension,61,-968,731
arms,triceps-extension,72,-945,711
arms,triceps-extension,67,-921,733
arms,triceps-extension,52,-906,729
arms,triceps-extension,36,-910,690
arms,triceps-extension,22,-900,709
arms,triceps-extension,11,-891,740
arms,triceps-extension,-12,-905,690
arms,triceps-extension,-36,-909,665
arms,triceps-extension,-60,-895,671
arms,triceps-extension,-80,-888,658
arms,triceps-extension,-82,-886,619
arms,triceps-extension,-98,-870,646
arms,triceps-extension,-119,-847,622
arms,triceps-extension,-106,-839,602
arms,triceps-extension,-144,-816,629
arms,triceps-extension,-144,-816,545
arms,triceps-extension,-184,-784,599
arms,triceps-extension,-207,-768,608
arms,triceps-extension,-238,-768,593
arms,triceps-extension,-270,-761,577
arms,triceps-extension,-338,-760,583
arms,triceps-extension,-387,-760,570
arms,triceps-extension,-420,-767,568
arms,triceps-extension,-465,-775,595
arms,triceps-extension,-492,-756,613
arms,triceps-extension,-516,-752,544
arms,triceps-extension,-520,-733,509
arms,triceps-extension,-539,-685,510
arms,triceps-extension,-550,-660,476
arms,triceps-extension,-546,-656,464
arms,triceps-extension,-584,-627,475
arms,triceps-extension,-606,-605,447
arms,triceps-extension,-635,-573,432
arms,triceps-extension,-653,-560,400
arms,triceps-extension,-656,-535,404
arms,triceps-extension,-666,-485,401
arms,triceps-extension,-677,-459,378
arms,triceps-extension,-694,-437,373
arms,triceps-extension,-691,-420,394
arms,triceps-extension,-710,-394,386
arms,triceps-extension,-736,-380,335
arms,triceps-extension,-752,-364,320
arms,triceps-extension,-760,-348,332
arms,triceps-extension,-756,-334,321
arms,triceps-extension,-774,-312,305
arms,triceps-extension,-792,-315,286
arms,triceps-extension,-795,-304,253
arms,triceps-extension,-772,-301,221
arms,triceps-extension,-763,-321,239
arms,triceps-extension,-816,-299,264
arms,triceps-extension,-813,-301,242
arms,triceps-extension,-830,-313,257
arms,triceps-extension,-819,-347,249
arms,triceps-extension,-844,-338,268
arms,triceps-extension,-840,-342,256
arms,triceps-extension,-850,-343,238
arms,triceps-extension,-793,-363,199
arms,triceps-extension,-775,-343,282
arms,triceps-extension,-801,-344,257
arms,triceps-extension,-772,-385,266
arms,triceps-extension,-785,-398,287
arms,triceps-extension,-733,-435,339
arms,triceps-extension,-702,-393,361
arms,triceps-extension,-683,-415,377
arms,triceps-extension,-715,-511,384
arms,triceps-extension,-608,-496,379
arms,triceps-extension,-608,-512,480
arms,triceps-extension,-632,-520,488
arms,triceps-extension,-601,-551,480
arms,triceps-extension,-630,-598,503
arms,triceps-extension,-617,-682,482
arms,triceps-extension,-543,-724,560
arms,triceps-extension,-536,-685,561
arms,triceps-extension,-473,-701,532
arms,triceps-extension,-471,-752,562
arms,triceps-extension,-399,-753,541
arms,triceps-extension,-306,-739,562
arms,triceps-extension,-269,-692,587
arms,triceps-extension,-264,-705,561
arms,triceps-extension,-252,-784,534
arms,triceps-extension,-213,-849,552
arms,triceps-extension,-160,-841,606
arms,triceps-extension,-133,-810,624
arms,triceps-extension,-139,-832,619
arms,triceps-extension,-128,-874,616
arms,triceps-extension,-89,-888,667
arms,triceps-extension,-52,-863,701
arms,triceps-extension,-45,-862,690
arms,triceps-extension,-43,-900,671
arms,triceps-extension,-36,-938,668
arms,triceps-extension,-23,-969,685
arms,triceps-extension,-8,-976,700
arms,triceps-extension,12,-980,724
arms,triceps-extension,24,-996,763
arms,triceps-extension,28,-985,769
arms,triceps-extension,28,-975,756
arms,triceps-extension,31,-960,777
arms,triceps-extension,27,-925,816
arms,triceps-extension,8,-905,834
arms,triceps-extension,2,-883,812
arms,triceps-extension,-19,-888,792
arms,triceps-extension,-50,-878,774
arms,triceps-extension,-77,-858,748
arms,triceps-extension,-99,-862,778
arms,triceps-extension,-128,-858,773
arms,triceps-extension,-132,-860,742
arms,triceps-extension,-153,-846,741
arms,triceps-extension,-182,-833,745
arms,triceps-extension,-177,-807,697
arms,triceps-extension,-187,-799,731
arms,triceps-extension,-201,-794,699
arms,triceps-extension,-209,-804,673
arms,triceps-extension,-218,-773,681
arms,triceps-extension,-233,-745,682
arms,triceps-extension,-250,-761,618
arms,triceps-extension,-283,-768,641
arms,triceps-extension,-337,-767,662
arms,triceps-extension,-376,-744,608
arms,triceps-extension,-392,-752,560
arms,triceps-extension,-446,-768,560
arms,triceps-extension,-478,-730,545
arms,triceps-extension,-473,-728,484
arms,triceps-extension,-516,-692,495
arms,triceps-extension,-513,-681,467
arms,triceps-extension,-533,-687,471
arms,triceps-extension,-577,-654,411
arms,triceps-extension,-604,-635,373
arms,triceps-extension,-608,-599,368
arms,triceps-extension,-646,-554,368
arms,triceps-extension,-656,-525,380
arms,triceps-extension,-686,-526,348
arms,triceps-extension,-725,-499,401
arms,triceps-extension,-742,-477,344
arms,triceps-extension,-766,-450,284
arms,triceps-extension,-781,-451,256
arms,triceps-extension,-784,-435,232
arms,triceps-extension,-748,-393,183
arms,triceps-extension,-733,-376,180
arms,triceps-extension,-750,-357,197
arms,triceps-extension,-737,-335,223
arms,triceps-extension,-720,-319,240
arms,triceps-extension,-711,-299,227
arms,triceps-extension,-708,-288,233
arms,triceps-extension,-756,-292,244
arms,triceps-extension,-792,-308,221
arms,triceps-extension,-813,-324,204
arms,triceps-extension,-848,-353,194
arms,triceps-extension,-845,-381,169
arms,triceps-extension,-837,-379,173
arms,triceps-extension,-844,-372,177
arms,triceps-extension,-841,-367,152
arms,triceps-extension,-792,-392,190
arms,triceps-extension,-789,-361,267
arms,triceps-extension,-784,-315,255
arms,triceps-extension,-728,-367,252
arms,triceps-extension,-766,-384,327
arms,triceps-extension,-748,-402,288
arms,triceps-extension,-707,-463,319
arms,triceps-extension,-696,-481,346
arms,triceps-extension,-727,-474,342
arms,triceps-extension,-717,-564,308
arms,triceps-extension,-692,-624,379
arms,triceps-extension,-625,-618,439
arms,triceps-extension,-632,-585,431
arms,triceps-extension,-629,-662,428
arms,triceps-extension,-596,-724,474
arms,triceps-extension,-534,-672,496
arms,triceps-extension,-503,-681,488
arms,triceps-extension,-464,-720,488
arms,triceps-extension,-416,-744,568
arms,triceps-extension,-416,-744,568
arms,triceps-extension,-315,-690,552
arms,triceps-extension,-320,-680,643
arms,triceps-extension,-320,-784,618
arms,triceps-extension,-262,-763,616
arms,triceps-extension,-249,-767,552
arms,triceps-extension,-255,-852,572
arms,triceps-extension,-242,-912,631
arms,triceps-extension,-227,-880,600
arms,triceps-extension,-198,-911,599
arms,triceps-extension,-217,-933,606
arms,triceps-extension,-150,-911,608
arms,triceps-extension,-86,-880,650
arms,triceps-extension,-84,-825,658
arms,triceps-extension,-88,-814,627
arms,triceps-extension,-105,-844,661
arms,triceps-extension,-90,-856,669
arms,triceps-extension,-96,-882,653
arms,triceps-extension,-99,-916,663
arms,triceps-extension,-86,-943,687
arms,triceps-extension,-94,-957,734
arms,triceps-extension,-90,-969,765
arms,triceps-extension,-84,-980,781
arms,triceps-extension,-88,-967,805
arms,triceps-extension,-84,-944,799
arms,triceps-extension,-76,-916,776
arms,triceps-extension,-68,-896,756
arms,triceps-extension,-60,-896,740
arms,triceps-extension,-60,-875,736
arms,triceps-extension,-67,-848,726
arms,triceps-extension,-75,-838,709
arms,triceps-extension,-83,-833,695
arms,triceps-extension,-97,-845,674
arms,triceps-extension,-120,-832,678
arms,triceps-extension,-136,-824,688
arms,triceps-extension,-141,-845,646
arms,triceps-extension,-159,-854,622
arms,triceps-extension,-180,-846,605
arms,triceps-extension,-198,-836,574
arms,triceps-extension,-218,-822,568
arms,triceps-extension,-226,-814,563
arms,triceps-extension,-235,-808,543
arms,triceps-extension,-251,-811,531
arms,triceps-extension,-268,-823,505
arms,triceps-extension,-292,-816,511
arms,triceps-extension,-323,-816,501
arms,triceps-extension,-346,-817,479
arms,triceps-extension,-371,-823,473
arms,triceps-extension,-408,-807,479
arms,triceps-extension,-408,-784,456
arms,triceps-extension,-424,-792,464
arms,triceps-extension,-464,-784,480
arms,triceps-extension,-464,-745,441
arms,triceps-extension,-472,-736,432
arms,triceps-extension,-494,-714,454
arms,triceps-extension,-511,-668,434
arms,triceps-extension,-541,-678,425
arms,triceps-extension,-551,-666,438
arms,triceps-extension,-586,-630,454
arms,triceps-extension,-619,-597,436
arms,triceps-extension,-657,-592,425
arms,triceps-extension,-683,-579,380
arms,triceps-extension,-694,-564,368
arms,triceps-extension,-732,-542,344
arms,triceps-extension,-773,-524,318
arms,triceps-extension,-778,-503,312
arms,triceps-extension,-787,-457,306
arms,triceps-extension,-781,-424,272
arms,triceps-extension,-765,-390,261
arms,triceps-extension,-755,-356,264
arms,triceps-extension,-747,-304,249
arms,triceps-extension,-734,-285,226
arms,triceps-extension,-728,-307,225
arms,triceps-extension,-710,-289,223
arms,triceps-extension,-726,-273,229
arms,triceps-extension,-777,-280,244
arms,triceps-extension,-828,-308,248
arms,triceps-extension,-848,-351,217
arms,triceps-extension,-847,-379,184
arms,triceps-extension,-870,-381,173
arms,triceps-extension,-861,-388,153
arms,triceps-extension,-808,-393,134
arms,triceps-extension,-790,-357,141
arms,triceps-extension,-774,-372,196
arms,triceps-extension,-725,-386,243
arms,triceps-extension,-730,-347,267
arms,triceps-extension,-740,-381,270
arms,triceps-extension,-726,-446,280
arms,triceps-extension,-768,-463,314
arms,triceps-extension,-772,-536,316
arms,triceps-extension,-712,-556,378
arms,triceps-extension,-719,-551,391
arms,triceps-extension,-737,-592,410
arms,triceps-extension,-687,-661,384
arms,triceps-extension,-600,-643,391
arms,triceps-extension,-592,-624,427
arms,triceps-extension,-527,-677,402
arms,triceps-extension,-449,-643,489
arms,triceps-extension,-380,-593,497
arms,triceps-extension,-438,-612,503
arms,triceps-extension,-407,-681,482
arms,triceps-extension,-384,-712,536
arms,triceps-extension,-408,-768,560
arms,triceps-extension,-330,-807,614
arms,triceps-extension,-320,-800,570
arms,triceps-extension,-342,-852,516
arms,triceps-extension,-286,-885,592
arms,triceps-extension,-223,-838,679
arms,triceps-extension,-223,-825,639
arms,triceps-extension,-197,-865,646
arms,triceps-extension,-132,-812,708
arms,triceps-extension,-74,-780,694
arms,triceps-extension,-51,-801,663
arms,triceps-extension,-36,-870,675
arms,triceps-extension,10,-906,656
arms,triceps-extension,36,-918,683
arms,triceps-extension,46,-954,685
arms,triceps-extension,31,-996,719
arms,triceps-extension,29,-1024,725
arms,triceps-extension,32,-1032,752
arms,triceps-extension,17,-1032,773
arms,triceps-extension,18,-1017,781
arms,triceps-extension,24,-994,760
arms,triceps-extension,24,-965,693
arms,triceps-extension,28,-939,692
arms,triceps-extension,23,-924,707
arms,triceps-extension,16,-908,684
arms,triceps-extension,4,-872,680
arms,triceps-extension,-16,-844,673
arms,triceps-extension,-24,-840,652
arms,triceps-extension,-42,-829,644
arms,triceps-extension,-61,-826,633
arms,triceps-extension,-66,-837,643
arms,triceps-extension,-89,-835,672
arms,triceps-extension,-110,-843,657
arms,triceps-extension,-125,-840,621
arms,triceps-extension,-139,-821,597
arms,triceps-extension,-134,-814,594
arms,triceps-extension,-128,-803,595
arms,triceps-extension,-170,-788,573
arms,triceps-extension,-174,-782,548
arms,triceps-extension,-173,-798,560
arms,triceps-extension,-199,-790,567
arms,triceps-extension,-236,-784,592
arms,triceps-extension,-289,-781,593
arms,triceps-extension,-298,-770,601
arms,triceps-extension,-318,-781,607
arms,triceps-extension,-363,-762,598
arms,triceps-extension,-393,-775,583
arms,triceps-extension,-409,-760,566
arms,triceps-extension,-426,-760,543
arms,triceps-extension,-456,-752,528
arms,triceps-extension,-464,-744,520
arms,triceps-extension,-472,-752,496
arms,triceps-extension,-488,-760,504
arms,triceps-extension,-503,-730,534
arms,triceps-extension,-534,-698,521
arms,triceps-extension,-551,-681,513
arms,triceps-extension,-552,-666,505
arms,triceps-extension,-587,-636,511
arms,triceps-extension,-606,-618,498
arms,triceps-extension,-621,-609,489
arms,triceps-extension,-637,-582,468
arms,triceps-extension,-653,-551,458
arms,triceps-extension,-668,-538,425
arms,triceps-extension,-690,-506,458
arms,triceps-extension,-714,-490,372
arms,triceps-extension,-772,-488,342
arms,triceps-extension,-786,-505,350
arms,triceps-extension,-789,-474,347
arms,triceps-extension,-776,-445,291
arms,triceps-extension,-748,-425,284
arms,triceps-extension,-731,-381,291
arms,triceps-extension,-723,-365,250
arms,triceps-extension,-725,-354,224
arms,triceps-extension,-715,-335,206
arms,triceps-extension,-704,-341,188
arms,triceps-extension,-733,-360,172
arms,triceps-extension,-780,-364,180
arms,triceps-extension,-808,-364,200
arms,triceps-extension,-831,-397,193
arms,triceps-extension,-844,-428,188
arms,triceps-extension,-840,-411,172
arms,triceps-extension,-830,-392,147
arms,triceps-extension,-804,-398,173
arms,triceps-extension,-784,-399,225
arms,triceps-extension,-784,-365,251
arms,triceps-extension,-761,-338,224
arms,triceps-extension,-700,-362,202
arms,triceps-extension,-683,-375,249
arms,triceps-extension,-714,-400,299
arms,triceps-extension,-708,-436,270
arms,triceps-extension,-679,-477,301
arms,triceps-extension,-709,-509,346
arms,triceps-extension,-737,-570,353
arms,triceps-extension,-763,-620,371
arms,triceps-extension,-696,-632,430
arms,triceps-extension,-693,-583,463
arms,triceps-extension,-668,-581,454
arms,triceps-extension,-628,-621,448
arms,triceps-extension,-582,-589,533
arms,triceps-extension,-549,-546,486
arms,triceps-extension,-496,-593,458
arms,triceps-extension,-504,-624,520
arms,triceps-extension,-464,-640,520
arms,triceps-extension,-464,-640,520
arms,triceps-extension,-425,-702,504
arms,triceps-extension,-409,-696,603
arms,triceps-extension,-401,-733,593
arms,triceps-extension,-407,-824,599
arms,triceps-extension,-358,-882,621
arms,triceps-extension,-282,-860,673
arms,triceps-extension,-286,-829,653
arms,triceps-extension,-201,-851,608
arms,triceps-extension,-125,-771,646
arms,triceps-extension,-61,-739,637
arms,triceps-extension,-17,-711,576
arms,triceps-extension,-2,-746,596
arms,triceps-extension,-12,-795,637
arms,triceps-extension,-5,-837,654
arms,triceps-extension,-17,-904,695
arms,triceps-extension,-56,-982,739
arms,triceps-extension,-67,-1040,757
arms,triceps-extension,-44,-1066,750
arms,triceps-extension,-22,-1067,734
arms,triceps-extension,-11,-1016,761
arms,triceps-extension,6,-970,784
arms,triceps-extension,16,-933,771
arms,triceps-extension,25,-895,751
arms,triceps-extension,15,-868,756
arms,triceps-extension,4,-860,748
arms,triceps-extension,16,-852,709
arms,triceps-extension,13,-822,717
arms,triceps-extension,-4,-804,734
arms,triceps-extension,-11,-821,712
arms,triceps-extension,-26,-850,712
arms,triceps-extension,-55,-867,715
arms,triceps-extension,-71,-875,720
arms,triceps-extension,-59,-880,706
arms,triceps-extension,-69,-872,677
arms,triceps-extension,-80,-849,670
arms,triceps-extension,-91,-830,659
arms,triceps-extension,-118,-818,644
arms,triceps-extension,-116,-800,622
arms,triceps-extension,-133,-800,597
arms,triceps-extension,-154,-798,600
arms,triceps-extension,-163,-791,536
arms,triceps-extension,-179,-783,537
arms,triceps-extension,-196,-777,544
arms,triceps-extension,-221,-784,545
arms,triceps-extension,-258,-787,549
arms,triceps-extension,-276,-809,528
arms,triceps-extension,-322,-823,529
arms,triceps-extension,-344,-816,535
arms,triceps-extension,-353,-825,520
arms,triceps-extension,-384,-848,520
arms,triceps-extension,-400,-848,496
arms,triceps-extension,-431,-840,512
arms,triceps-extension,-462,-832,444
arms,triceps-extension,-449,-802,470
arms,triceps-extension,-484,-793,472
arms,triceps-extension,-495,-778,486
arms,triceps-extension,-510,-755,481
arms,triceps-extension,-546,-725,473
arms,triceps-extension,-572,-713,472
arms,triceps-extension,-583,-699,452
arms,triceps-extension,-597,-690,410
arms,triceps-extension,-631,-663,412
arms,triceps-extension,-640,-644,392
arms,triceps-extension,-675,-628,390
arms,triceps-extension,-694,-595,392
arms,triceps-extension,-713,-562,375
arms,triceps-extension,-736,-536,357
arms,triceps-extension,-739,-507,310
arms,triceps-extension,-741,-481,273
arms,triceps-extension,-729,-437,259
arms,triceps-extension,-720,-387,266
arms,triceps-extension,-701,-359,226
arms,triceps-extension,-692,-334,192
arms,triceps-extension,-718,-294,183
arms,triceps-extension,-728,-297,184
arms,triceps-extension,-736,-328,172
arms,triceps-extension,-752,-344,152
arms,triceps-extension,-756,-345,148
arms,triceps-extension,-774,-343,144
arms,triceps-extension,-795,-359,137
arms,triceps-extension,-819,-362,128
arms,triceps-extension,-848,-373,125
arms,triceps-extension,-842,-399,120
arms,triceps-extension,-835,-373,125
arms,triceps-extension,-845,-352,131
arms,triceps-extension,-849,-364,120
arms,triceps-extension,-816,-378,131
arms,triceps-extension,-782,-342,162
arms,triceps-extension,-786,-340,166
arms,triceps-extension,-751,-357,178
arms,triceps-extension,-761,-379,240
arms,triceps-extension,-711,-388,236
arms,triceps-extension,-743,-388,220
arms,triceps-extension,-732,-487,247
arms,triceps-extension,-717,-483,290
arms,triceps-extension,-755,-513,307
arms,triceps-extension,-772,-589,332
arms,triceps-extension,-730,-641,367
arms,triceps-extension,-650,-649,360
arms,triceps-extension,-678,-666,361
arms,triceps-extension,-624,-720,384
arms,triceps-extension,-560,-696,424
arms,triceps-extension,-506,-680,455
arms,triceps-extension,-489,-703,448
arms,triceps-extension,-458,-749,455
arms,triceps-extension,-405,-759,507
arms,triceps-extension,-336,-753,533
arms,triceps-extension,-293,-738,571
arms,triceps-extension,-261,-763,535
arms,triceps-extension,-229,-821,568
arms,triceps-extension,-172,-812,635
arms,triceps-extension,-147,-802,629
arms,triceps-extension,-113,-850,593
arms,triceps-extension,-80,-870,608
arms,triceps-extension,-37,-872,634
arms,triceps-extension,-7,-843,640
arms,triceps-extension,0,-877,595
arms,triceps-extension,11,-934,619
arms,triceps-extension,21,-957,672
arms,triceps-extension,44,-975,703
arms,triceps-extension,81,-984,697
arms,triceps-extension,115,-974,683
arms,triceps-extension,137,-968,726
arms,triceps-extension,135,-964,764
arms,triceps-extension,145,-947,768
arms,triceps-extension,164,-932,760
arms,triceps-extension,164,-916,756
arms,triceps-extension,156,-912,729
arms,triceps-extension,137,-924,692
arms,triceps-extension,113,-932,670
arms,triceps-extension,91,-939,658
arms,triceps-extension,66,-944,672
arms,triceps-extension,44,-941,669
arms,triceps-extension,27,-930,652
arms,triceps-extension,27,-912,618
arms,triceps-extension,21,-888,579
arms,triceps-extension,27,-865,564
arms,triceps-extension,11,-837,590
arms,triceps-extension,-2,-810,576
arms,triceps-extension,-12,-816,554
arms,triceps-extension,-31,-818,560
arms,triceps-extension,-61,-822,557
arms,triceps-extension,-79,-817,540
arms,triceps-extension,-77,-823,521
arms,triceps-extension,-108,-815,527
arms,triceps-extension,-130,-807,520
arms,triceps-extension,-146,-802,522
arms,triceps-extension,-162,-816,540
arms,triceps-extension,-182,-815,583
arms,triceps-extension,-162,-808,573
arms,triceps-extension,-207,-816,512
arms,triceps-extension,-184,-800,512
arms,triceps-extension,-216,-800,480
arms,triceps-extension,-224,-831,480
arms,triceps-extension,-247,-817,510
arms,triceps-extension,-278,-801,534
arms,triceps-extension,-265,-800,470
arms,triceps-extension,-271,-800,535
arms,triceps-extension,-307,-814,572
arms,triceps-extension,-305,-823,535
arms,triceps-extension,-311,-831,521
arms,triceps-extension,-338,-839,527
arms,triceps-extension,-357,-827,528
arms,triceps-extension,-360,-812,540
arms,triceps-extension,-372,-814,574
arms,triceps-extension,-400,-810,578
arms,triceps-extension,-408,-797,547
arms,triceps-extension,-419,-792,564
arms,triceps-extension,-429,-797,549
arms,triceps-extension,-443,-784,536
arms,triceps-extension,-448,-771,536
arms,triceps-extension,-458,-768,536
arms,triceps-extension,-469,-782,522
arms,triceps-extension,-491,-778,535
arms,triceps-extension,-500,-764,516
arms,triceps-extension,-500,-743,484
arms,triceps-extension,-516,-736,484
arms,triceps-extension,-540,-740,516
arms,triceps-extension,-552,-736,509
arms,triceps-extension,-578,-729,476
arms,triceps-extension,-604,-713,466
arms,triceps-extension,-613,-704,458
arms,triceps-extension,-655,-694,472
arms,triceps-extension,-688,-674,435
arms,triceps-extension,-688,-655,393
arms,triceps-extension,-707,-629,416
arms,triceps-extension,-744,-613,392
arms,triceps-extension,-751,-607,371
arms,triceps-extension,-779,-570,367
arms,triceps-extension,-802,-568,365
arms,triceps-extension,-784,-536,298
arms,triceps-extension,-782,-505,243
arms,triceps-extension,-769,-477,198
arms,triceps-extension,-748,-454,195
arms,triceps-extension,-759,-407,199
arms,triceps-extension,-712,-396,150
arms,triceps-extension,-711,-371,136
arms,triceps-extension,-704,-334,133
arms,triceps-extension,-704,-319,109
arms,triceps-extension,-706,-303,75
arms,triceps-extension,-728,-297,6
arms,triceps-extension,-721,-320,-30
arms,triceps-extension,-768,-336,24
arms,triceps-extension,-832,-336,24
arms,triceps-extension,-933,-359,-30
arms,triceps-extension,-928,-390,-17
arms,triceps-extension,-958,-370,6
arms,triceps-extension,-945,-383,1
arms,triceps-extension,-873,-363,-14
arms,triceps-extension,-885,-353,40
arms,triceps-extension,-874,-332,34
arms,triceps-extension,-885,-321,25
arms,triceps-extension,-842,-353,44
arms,triceps-extension,-838,-341,42
arms,triceps-extension,-834,-373,28
arms,triceps-extension,-850,-408,30
arms,triceps-extension,-832,-410,14
arms,triceps-extension,-813,-408,-9
arms,triceps-extension,-814,-447,6
arms,triceps-extension,-811,-432,11
arms,triceps-extension,-771,-427,-39
arms,triceps-extension,-716,-427,-74
arms,triceps-extension,-711,-380,-60
arms,triceps-extension,-734,-371,-81
arms,triceps-extension,-702,-384,-141
arms,triceps-extension,-627,-397,-181
arms,triceps-extension,-614,-404,-166
arms,triceps-extension,-649,-363,-148
arms,triceps-extension,-648,-352,-180
arms,triceps-extension,-620,-388,-208
arms,triceps-extension,-619,-400,-208
arms,triceps-extension,-628,-393,-250
arms,triceps-extension,-600,-401,-334
arms,triceps-extension,-562,-443,-360
arms,triceps-extension,-558,-472,-336
arms,triceps-extension,-565,-475,-356
arms,triceps-extension,-552,-494,-387
arms,triceps-extension,-546,-512,-358
arms,triceps-extension,-575,-498,-325
arms,triceps-extension,-583,-520,-350
arms,triceps-extension,-552,-552,-424
arms,triceps-extension,-528,-532,-522
arms,triceps-extension,-528,-524,-466
arms,triceps-extension,-515,-456,-451
arms,triceps-extension,-465,-457,-597
arms,triceps-extension,-464,-468,-651
arms,triceps-extension,-431,-490,-609
arms,triceps-extension,-472,-499,-560
arms,triceps-extension,-461,-473,-831
arms,triceps-extension,-372,-536,-804
arms,triceps-extension,-409,-449,-613
arms,triceps-extension,-316,-464,-797
arms,triceps-extension,-240,-470,-892
arms,triceps-extension,-247,-392,-769
arms,triceps-extension,-145,-376,-879
arms,triceps-extension,-97,-244,-872
arms,triceps-extension,18,-164,-895
arms,triceps-extension,24,-108,-814
arms,triceps-extension,112,5,-786
arms,triceps-extension,177,87,-912
arms,triceps-extension,226,145,-712
arms,triceps-extension,300,261,-639
arms,triceps-extension,379,260,-639
arms,triceps-extension,425,354,-640
arms,triceps-extension,521,395,-602
arms,triceps-extension,637,456,-623
arms,triceps-extension,688,520,-596
arms,triceps-extension,761,577,-566
arms,triceps-extension,841,575,-600
arms,triceps-extension,881,601,-510
arms,triceps-extension,942,648,-529
arms,triceps-extension,984,632,-476
arms,triceps-extension,1002,580,-345
arms,triceps-extension,1062,600,-375
arms,triceps-extension,1091,562,-391
arms,triceps-extension,1069,525,-215
arms,triceps-extension,1069,506,-126
arms,triceps-extension,1063,514,-105
arms,triceps-extension,1056,524,-118
arms,triceps-extension,1116,488,-184
arms,triceps-extension,1168,437,-162
arms,triceps-extension,1150,401,-71
arms,triceps-extension,1121,367,-45
arms,triceps-extension,1102,299,-65
arms,triceps-extension,1123,283,-69
arms,triceps-extension,1170,308,-51
arms,triceps-extension,1148,255,34
arms,triceps-extension,1120,237,64
arms,triceps-extension,1114,229,11
arms,triceps-extension,1146,231,-30
arms,triceps-extension,1159,241,-13
arms,triceps-extension,1140,220,12
arms,triceps-extension,1150,212,6
arms,triceps-extension,1142,228,17
arms,triceps-extension,1138,237,-16
arms,triceps-extension,1144,221,-48
arms,triceps-extension,1140,205,-44
arms,triceps-extension,1118,192,-31
arms,triceps-extension,1100,193,-68
arms,triceps-extension,1070,199,-35
arms,triceps-extension,1055,194,2
arms,triceps-extension,1038,215,-51
arms,triceps-extension,1009,202,12
arms,triceps-extension,1023,231,-71
arms,triceps-extension,1000,184,-32
