525,373,659,triceps-extension,,,
-419,281,-840,triceps-extension,,,
939,-655,-153,triceps-extension,,,
1712,-420,-359,triceps-extension,,,
1507,-261,-334,triceps-extension,,,
1374,153,-442,triceps-extension,,,
1301,-55,-420,triceps-extension,,,
1112,240,-482,triceps-extension,,,
101,295,-718,triceps-extension,,,
1032,806,-685,triceps-extension,,,
537,1650,-1019,triceps-extension,,,
2225,1166,-638,triceps-extension,,,
2217,253,-359,triceps-extension,,,
597,-27,-570,triceps-extension,,,
376,-82,-495,triceps-extension,,,
412,298,-491,triceps-extension,,,
426,290,-446,triceps-extension,,,
514,287,-365,triceps-extension,,,
663,364,-255,triceps-extension,,,
770,398,-255,triceps-extension,,,
826,384,-271,triceps-extension,,,
882,385,-243,triceps-extension,,,
898,397,-186,triceps-extension,,,
914,416,-94,triceps-extension,,,
946,423,-42,triceps-extension,,,
968,440,-3,triceps-extension,,,
986,483,21,triceps-extension,,,
1015,516,53,triceps-extension,,,
1044,527,57,triceps-extension,,,
1055,513,12,triceps-extension,,,
1097,480,-15,triceps-extension,,,
1129,499,74,triceps-extension,,,
1141,438,91,triceps-extension,,,
1180,294,41,triceps-extension,,,
1237,181,-122,triceps-extension,,,
1244,241,-13,triceps-extension,,,
1232,294,99,triceps-extension,,,
1260,260,-187,triceps-extension,,,
1182,216,-768,triceps-extension,,,
1015,629,-554,triceps-extension,,,
1025,576,-111,triceps-extension,,,
1192,497,133,triceps-extension,,,
1263,383,3,triceps-extension,,,
1305,430,-195,triceps-extension,,,
1350,418,-203,triceps-extension,,,
1360,448,4,triceps-extension,,,
1346,507,105,triceps-extension,,,
1347,581,161,triceps-extension,,,
1346,645,98,triceps-extension,,,
1323,635,59,triceps-extension,,,
1328,624,104,triceps-extension,,,
1283,730,104,triceps-extension,,,
1229,838,113,triceps-extension,,,
1200,876,110,triceps-extension,,,
1144,920,-1,triceps-extension,,,
1081,956,11,triceps-extension,,,
1012,1001,-21,triceps-extension,,,
970,1019,-4,triceps-extension,,,
922,1010,-20,triceps-extension,,,
870,1015,25,triceps-extension,,,
770,1032,16,triceps-extension,,,
744,993,-75,triceps-extension,,,
646,994,-17,triceps-extension,,,
584,961,-35,triceps-extension,,,
535,932,-76,triceps-extension,,,
466,908,-92,triceps-extension,,,
390,890,-83,triceps-extension,,,
333,848,-134,triceps-extension,,,
244,820,-179,triceps-extension,,,
154,795,-212,triceps-extension,,,
43,714,-270,triceps-extension,,,
-60,634,-298,triceps-extension,,,
-126,535,-427,triceps-extension,,,
-226,384,-464,triceps-extension,,,
-358,278,-555,triceps-extension,,,
-450,211,-619,triceps-extension,,,
-534,114,-622,triceps-extension,,,
-587,56,-619,triceps-extension,,,
-629,17,-618,triceps-extension,,,
-661,-54,-533,triceps-extension,,,
-656,-149,-582,triceps-extension,,,
-637,-98,-527,triceps-extension,,,
-585,-108,-476,triceps-extension,,,
-604,-21,-286,triceps-extension,,,
-629,-74,-257,triceps-extension,,,
-579,-68,-271,triceps-extension,,,
-531,-81,-238,triceps-extension,,,
-510,-72,-170,triceps-extension,,,
-498,-94,-152,triceps-extension,,,
-462,-138,-117,triceps-extension,,,
-456,-129,-142,triceps-extension,,,
-512,-120,-56,triceps-extension,,,
-520,-136,-64,triceps-extension,,,
-535,-197,-87,triceps-extension,,,
-581,-222,-28,triceps-extension,,,
-628,-224,-2,triceps-extension,,,
-646,-310,-7,triceps-extension,,,
-655,-292,-8,triceps-extension,,,
-690,-268,47,triceps-extension,,,
-763,-271,36,triceps-extension,,,
-802,-292,19,triceps-extension,,,
-840,-360,16,triceps-extension,,,
-854,-382,59,triceps-extension,,,
-838,-372,42,triceps-extension,,,
-838,-374,38,triceps-extension,,,
-846,-428,63,triceps-extension,,,
-820,-476,72,triceps-extension,,,
-727,-510,56,triceps-extension,,,
-699,-509,74,triceps-extension,,,
-755,-499,139,triceps-extension,,,
-749,-550,109,triceps-extension,,,
-695,-661,91,triceps-extension,,,
-640,-712,113,triceps-extension,,,
-603,-690,124,triceps-extension,,,
-588,-681,115,triceps-extension,,,
-563,-717,87,triceps-extension,,,
-504,-756,84,triceps-extension,,,
-449,-780,138,triceps-extension,,,
-443,-763,225,triceps-extension,,,
-449,-756,198,triceps-extension,,,
-433,-836,121,triceps-extension,,,
-401,-886,144,triceps-extension,,,
-377,-863,162,triceps-extension,,,
-383,-871,180,triceps-extension,,,
-354,-928,190,triceps-extension,,,
-318,-952,266,triceps-extension,,,
-294,-936,302,triceps-extension,,,
-277,-950,294,triceps-extension,,,
-229,-986,290,triceps-extension,,,
-156,-974,316,triceps-extension,,,
-100,-900,365,triceps-extension,,,
-107,-845,325,triceps-extension,,,
-87,-912,299,triceps-extension,,,
-72,-981,257,triceps-extension,,,
-33,-969,353,triceps-extension,,,
-38,-981,396,triceps-extension,,,
-25,-1020,316,triceps-extension,,,
-31,-1058,354,triceps-extension,,,
-14,-1080,374,triceps-extension,,,
9,-1081,354,triceps-extension,,,
25,-1096,385,triceps-extension,,,
48,-1112,416,triceps-extension,,,
72,-1104,448,triceps-extension,,,
88,-1088,432,triceps-extension,,,
118,-1118,424,triceps-extension,,,
127,-1120,431,triceps-extension,,,
128,-1113,410,triceps-extension,,,
135,-1112,394,triceps-extension,,,
136,-1105,427,triceps-extension,,,
102,-1097,425,triceps-extension,,,
89,-1103,491,triceps-extension,,,
55,-1078,497,triceps-extension,,,
54,-1072,483,triceps-extension,,,
25,-1060,511,triceps-extension,,,
-2,-1038,490,triceps-extension,,,
-14,-1020,462,triceps-extension,,,
-62,-987,525,triceps-extension,,,
-63,-987,513,triceps-extension,,,
-83,-987,491,triceps-extension,,,
-96,-973,477,triceps-extension,,,
-132,-948,492,triceps-extension,,,
-162,-926,499,triceps-extension,,,
-168,-930,453,triceps-extension,,,
-187,-927,461,triceps-extension,,,
-209,-924,466,triceps-extension,,,
-238,-911,405,triceps-extension,,,
-273,-896,397,triceps-extension,,,
-300,-884,424,triceps-extension,,,
-335,-884,412,triceps-extension,,,
-367,-900,389,triceps-extension,,,
-394,-893,365,triceps-extension,,,
-429,-867,349,triceps-extension,,,
-464,-842,344,triceps-extension,,,
-488,-826,326,triceps-extension,,,
-494,-801,293,triceps-extension,,,
-515,-771,285,triceps-extension,,,
-536,-752,270,triceps-extension,,,
-534,-726,236,triceps-extension,,,
-539,-681,219,triceps-extension,,,
-570,-622,225,triceps-extension,,,
-574,-610,162,triceps-extension,,,
-584,-590,179,triceps-extension,,,
-652,-584,201,triceps-extension,,,
-696,-581,157,triceps-extension,,,
-707,-567,209,triceps-extension,,,
-759,-554,164,triceps-extension,,,
-746,-512,91,triceps-extension,,,
-703,-451,58,triceps-extension,,,
-697,-405,74,triceps-extension,,,
-715,-372,94,triceps-extension,,,
-760,-322,62,triceps-extension,,,
-769,-369,16,triceps-extension,,,
-792,-392,16,triceps-extension,,,
-752,-408,-24,triceps-extension,,,
-752,-408,-24,triceps-extension,,,
-775,-369,-40,triceps-extension,,,
-837,-315,82,triceps-extension,,,
-795,-394,95,triceps-extension,,,
-807,-371,60,triceps-extension,,,
-808,-361,149,triceps-extension,,,
-822,-360,132,triceps-extension,,,
-790,-380,189,triceps-extension,,,
-744,-364,187,triceps-extension,,,
-703,-340,210,triceps-extension,,,
-760,-311,254,triceps-extension,,,
-726,-385,227,triceps-extension,,,
-658,-474,252,triceps-extension,,,
-646,-484,317,triceps-extension,,,
-671,-486,359,triceps-extension,,,
-663,-533,362,triceps-extension,,,
-672,-557,387,triceps-extension,,,
-648,-607,405,triceps-extension,,,
-607,-668,423,triceps-extension,,,
-557,-708,437,triceps-extension,,,
-512,-720,407,triceps-extension,,,
-496,-711,407,triceps-extension,,,
-451,-784,415,triceps-extension,,,
-403,-822,421,triceps-extension,,,
-359,-771,411,triceps-extension,,,
-328,-760,392,triceps-extension,,,
-305,-795,423,triceps-extension,,,
-269,-842,456,triceps-extension,,,
-242,-904,452,triceps-extension,,,
-200,-941,478,triceps-extension,,,
-165,-910,533,triceps-extension,,,
-145,-884,528,triceps-extension,,,
-103,-936,508,triceps-extension,,,
-53,-973,549,triceps-extension,,,
-8,-936,547,triceps-extension,,,
6,-948,522,triceps-extension,,,
7,-992,546,triceps-extension,,,
28,-1036,607,triceps-extension,,,
44,-1048,636,triceps-extension,,,
58,-1052,605,triceps-extension,,,
67,-1062,626,triceps-extension,,,
86,-1057,629,triceps-extension,,,
113,-1061,617,triceps-extension,,,
122,-1046,628,triceps-extension,,,
137,-1031,642,triceps-extension,,,
140,-1021,604,triceps-extension,,,
105,-1000,642,triceps-extension,,,
109,-1001,664,triceps-extension,,,
63,-1008,664,triceps-extension,,,
47,-1000,665,triceps-extension,,,
16,-984,688,triceps-extension,,,
24,-944,696,triceps-extension,,,
1,-944,665,triceps-extension,,,
0,-914,687,triceps-extension,,,
-45,-897,695,triceps-extension,,,
-41,-874,674,triceps-extension,,,
-40,-865,658,triceps-extension,,,
-68,-864,649,triceps-extension,,,
-99,-850,662,triceps-extension,,,
-91,-848,637,triceps-extension,,,
-108,-841,632,triceps-extension,,,
-156,-821,613,triceps-extension,,,
-187,-828,608,triceps-extension,,,
-228,-820,602,triceps-extension,,,
-258,-804,629,triceps-extension,,,
-310,-789,623,triceps-extension,,,
-345,-778,605,triceps-extension,,,
-379,-765,589,triceps-extension,,,
-408,-749,563,triceps-extension,,,
-447,-729,542,triceps-extension,,,
-479,-705,526,triceps-extension,,,
-507,-686,482,triceps-extension,,,
-539,-666,447,triceps-extension,,,
-552,-647,422,triceps-extension,,,
-582,-618,399,triceps-extension,,,
-616,-579,392,triceps-extension,,,
-640,-544,380,triceps-extension,,,
-687,-516,360,triceps-extension,,,
-742,-511,337,triceps-extension,,,
-786,-513,320,triceps-extension,,,
-771,-501,283,triceps-extension,,,
-707,-454,235,triceps-extension,,,
-660,-374,200,triceps-extension,,,
-593,-344,142,triceps-extension,,,
-588,-314,201,triceps-extension,,,
-661,-251,262,triceps-extension,,,
-706,-252,209,triceps-extension,,,
-804,-294,228,triceps-extension,,,
-869,-334,159,triceps-extension,,,
-908,-356,112,triceps-extension,,,
-913,-359,114,triceps-extension,,,
-881,-320,112,triceps-extension,,,
-855,-289,101,triceps-extension,,,
-843,-289,188,triceps-extension,,,
-821,-256,176,triceps-extension,,,
-843,-251,221,triceps-extension,,,
-814,-218,202,triceps-extension,,,
-867,-235,216,triceps-extension,,,
-897,-263,216,triceps-extension,,,
-905,-260,212,triceps-extension,,,
-919,-346,137,triceps-extension,,,
-888,-424,160,triceps-extension,,,
-840,-408,152,triceps-extension,,,
-817,-385,175,triceps-extension,,,
-831,-445,214,triceps-extension,,,
-743,-463,231,triceps-extension,,,
-678,-442,247,triceps-extension,,,
-701,-483,312,triceps-extension,,,
-669,-502,334,triceps-extension,,,
-637,-477,363,triceps-extension,,,
-679,-512,368,triceps-extension,,,
-675,-618,348,triceps-extension,,,
-621,-684,401,triceps-extension,,,
-608,-634,404,triceps-extension,,,
-584,-664,400,triceps-extension,,,
-570,-668,400,triceps-extension,,,
-545,-704,389,triceps-extension,,,
-475,-731,401,triceps-extension,,,
-416,-725,468,triceps-extension,,,
-379,-699,485,triceps-extension,,,
-343,-698,495,triceps-extension,,,
-323,-704,514,triceps-extension,,,
-310,-742,501,triceps-extension,,,
-299,-819,502,triceps-extension,,,
-265,-874,543,triceps-extension,,,
-214,-866,555,triceps-extension,,,
-200,-873,527,triceps-extension,,,
-184,-916,524,triceps-extension,,,
-129,-932,544,triceps-extension,,,
-74,-902,552,triceps-extension,,,
-34,-861,548,triceps-extension,,,
-13,-868,547,triceps-extension,,,
24,-886,549,triceps-extension,,,
87,-854,568,triceps-extension,,,
103,-830,599,triceps-extension,,,
93,-862,579,triceps-extension,,,
104,-925,589,triceps-extension,,,
104,-983,637,triceps-extension,,,
118,-1030,648,triceps-extension,,,
148,-1064,650,triceps-extension,,,
144,-1060,660,triceps-extension,,,
170,-1037,679,triceps-extension,,,
176,-997,712,triceps-extension,,,
179,-981,737,triceps-extension,,,
184,-963,709,triceps-extension,,,
149,-931,730,triceps-extension,,,
173,-904,701,triceps-extension,,,
147,-904,737,triceps-extension,,,
103,-903,743,triceps-extension,,,
94,-898,727,triceps-extension,,,
63,-919,720,triceps-extension,,,
40,-896,727,triceps-extension,,,
48,-880,696,triceps-extension,,,
8,-880,680,triceps-extension,,,
0,-864,680,triceps-extension,,,
-15,-849,680,triceps-extension,,,
-38,-848,658,triceps-extension,,,
-76,-804,678,triceps-extension,,,
-59,-800,630,triceps-extension,,,
-98,-793,638,triceps-extension,,,
-124,-806,620,triceps-extension,,,
-148,-808,589,triceps-extension,,,
-178,-808,591,triceps-extension,,,
-209,-814,579,triceps-extension,,,
-241,-816,570,triceps-extension,,,
-314,-786,598,triceps-extension,,,
-348,-788,596,triceps-extension,,,
-375,-775,569,triceps-extension,,,
-395,-746,582,triceps-extension,,,
-432,-725,565,triceps-extension,,,
-464,-715,520,triceps-extension,,,
-472,-707,499,triceps-extension,,,
-477,-684,481,triceps-extension,,,
-504,-653,462,triceps-extension,,,
-515,-608,461,triceps-extension,,,
-516,-580,446,triceps-extension,,,
-542,-572,419,triceps-extension,,,
-581,-560,420,triceps-extension,,,
-616,-544,440,triceps-extension,,,
-655,-540,429,triceps-extension,,,
-713,-548,408,triceps-extension,,,
-766,-548,383,triceps-extension,,,
-801,-541,339,triceps-extension,,,
-808,-539,326,triceps-extension,,,
-778,-513,336,triceps-extension,,,
-739,-429,330,triceps-extension,,,
-677,-352,320,triceps-extension,,,
-653,-302,323,triceps-extension,,,
-653,-252,323,triceps-extension,,,
-682,-215,305,triceps-extension,,,
-739,-207,284,triceps-extension,,,
-774,-252,270,triceps-extension,,,
-815,-262,262,triceps-extension,,,
-899,-263,241,triceps-extension,,,
-908,-289,184,triceps-extension,,,
-893,-295,189,triceps-extension,,,
-918,-290,223,triceps-extension,,,
-906,-294,262,triceps-extension,,,
-908,-228,247,triceps-extension,,,
-809,-265,248,triceps-extension,,,
-822,-268,324,triceps-extension,,,
-789,-209,274,triceps-extension,,,
-736,-225,304,triceps-extension,,,
-736,-264,320,triceps-extension,,,
-768,-248,320,triceps-extension,,,
-768,-248,320,triceps-extension,,,
-714,-372,273,triceps-extension,,,
-689,-384,348,triceps-extension,,,
-748,-414,359,triceps-extension,,,
-745,-547,316,triceps-extension,,,
-751,-596,419,triceps-extension,,,
-731,-635,418,triceps-extension,,,
-694,-654,416,triceps-extension,,,
-675,-616,416,triceps-extension,,,
-646,-634,377,triceps-extension,,,
-564,-723,343,triceps-extension,,,
-389,-701,348,triceps-extension,,,
-356,-658,388,triceps-extension,,,
-413,-648,424,triceps-extension,,,
-375,-728,415,triceps-extension,,,
-307,-793,469,triceps-extension,,,
-261,-765,507,triceps-extension,,,
-243,-755,517,triceps-extension,,,
-265,-785,540,triceps-extension,,,
-245,-810,537,triceps-extension,,,
-238,-830,542,triceps-extension,,,
-248,-886,529,triceps-extension,,,
-199,-933,552,triceps-extension,,,
-130,-918,549,triceps-extension,,,
-96,-884,537,triceps-extension,,,
-92,-904,556,triceps-extension,,,
-58,-913,579,triceps-extension,,,
13,-851,607,triceps-extension,,,
41,-804,612,triceps-extension,,,
52,-827,598,triceps-extension,,,
90,-870,603,triceps-extension,,,
107,-886,638,triceps-extension,,,
132,-911,642,triceps-extension,,,
171,-950,643,triceps-extension,,,
168,-981,669,triceps-extension,,,
154,-1004,675,triceps-extension,,,
165,-1037,680,triceps-extension,,,
178,-1044,728,triceps-extension,,,
190,-1028,756,triceps-extension,,,
206,-1009,766,triceps-extension,,,
195,-982,760,triceps-extension,,,
173,-970,751,triceps-extension,,,
159,-941,711,triceps-extension,,,
150,-927,702,triceps-extension,,,
134,-916,684,triceps-extension,,,
117,-885,661,triceps-extension,,,
85,-865,700,triceps-extension,,,
55,-879,654,triceps-extension,,,
46,-866,632,triceps-extension,,,
7,-896,632,triceps-extension,,,
-16,-880,639,triceps-extension,,,
-16,-880,585,triceps-extension,,,
-32,-896,592,triceps-extension,,,
-55,-881,607,triceps-extension,,,
-56,-865,601,triceps-extension,,,
-71,-857,571,triceps-extension,,,
-86,-849,582,triceps-extension,,,
-95,-813,570,triceps-extension,,,
-96,-808,568,triceps-extension,,,
-123,-815,581,triceps-extension,,,
-167,-809,577,triceps-extension,,,
-189,-814,582,triceps-extension,,,
-217,-804,603,triceps-extension,,,
-248,-800,572,triceps-extension,,,
-274,-782,566,triceps-extension,,,
-297,-787,557,triceps-extension,,,
-321,-786,546,triceps-extension,,,
-344,-773,555,triceps-extension,,,
-357,-768,544,triceps-extension,,,
-385,-763,521,triceps-extension,,,
-415,-750,497,triceps-extension,,,
-453,-730,478,triceps-extension,,,
-481,-720,463,triceps-extension,,,
-497,-707,465,triceps-extension,,,
-504,-696,468,triceps-extension,,,
-546,-679,468,triceps-extension,,,
-572,-664,436,triceps-extension,,,
-583,-652,431,triceps-extension,,,
-608,-633,449,triceps-extension,,,
-626,-610,439,triceps-extension,,,
-658,-595,441,triceps-extension,,,
-672,-597,416,triceps-extension,,,
-681,-586,404,triceps-extension,,,
-705,-567,418,triceps-extension,,,
-728,-552,389,triceps-extension,,,
-739,-534,349,triceps-extension,,,
-716,-486,349,triceps-extension,,,
-672,-448,358,triceps-extension,,,
-632,-393,352,triceps-extension,,,
-628,-354,334,triceps-extension,,,
-611,-358,285,triceps-extension,,,
-608,-350,309,triceps-extension,,,
-684,-351,321,triceps-extension,,,
-748,-393,288,triceps-extension,,,
-812,-453,282,triceps-extension,,,
-839,-524,251,triceps-extension,,,
-884,-497,263,triceps-extension,,,
-840,-501,196,triceps-extension,,,
-762,-472,233,triceps-extension,,,
-779,-469,240,triceps-extension,,,
-678,-408,243,triceps-extension,,,
-600,-392,352,triceps-extension,,,
-688,-392,376,triceps-extension,,,
-657,-376,360,triceps-extension,,,
-648,-490,314,triceps-extension,,,
-693,-474,357,triceps-extension,,,
-703,-494,360,triceps-extension,,,
-725,-596,417,triceps-extension,,,
-714,-622,375,triceps-extension,,,
-623,-604,375,triceps-extension,,,
-681,-593,436,triceps-extension,,,
-624,-644,389,triceps-extension,,,
-494,-631,440,triceps-extension,,,
-445,-568,499,triceps-extension,,,
-428,-576,494,triceps-extension,,,
-395,-602,470,triceps-extension,,,
-367,-631,487,triceps-extension,,,
-421,-707,535,triceps-extension,,,
-416,-817,552,triceps-extension,,,
-374,-882,568,triceps-extension,,,
-345,-860,591,triceps-extension,,,
-311,-855,565,triceps-extension,,,
-253,-874,568,triceps-extension,,,
-168,-815,593,triceps-extension,,,
-79,-768,560,triceps-extension,,,
-49,-759,563,triceps-extension,,,
-31,-760,588,triceps-extension,,,
-24,-820,572,triceps-extension,,,
-9,-899,606,triceps-extension,,,
24,-910,671,triceps-extension,,,
31,-909,670,triceps-extension,,,
57,-933,651,triceps-extension,,,
83,-944,682,triceps-extension,,,
106,-940,692,triceps-extension,,,
136,-887,633,triceps-extension,,,
128,-899,630,triceps-extension,,,
112,-962,677,triceps-extension,,,
119,-979,693,triceps-extension,,,
134,-968,713,triceps-extension,,,
126,-968,747,triceps-extension,,,
126,-964,782,triceps-extension,,,
144,-947,807,triceps-extension,,,
144,-923,824,triceps-extension,,,
141,-901,789,triceps-extension,,,
125,-885,779,triceps-extension,,,
116,-876,780,triceps-extension,,,
134,-895,715,triceps-extension,,,
115,-889,733,triceps-extension,,,
71,-896,710,triceps-extension,,,
62,-896,690,triceps-extension,,,
39,-896,718,triceps-extension,,,
24,-904,680,triceps-extension,,,
24,-888,664,triceps-extension,,,
8,-888,664,triceps-extension,,,
-31,-872,664,triceps-extension,,,
-17,-872,611,triceps-extension,,,
-46,-857,586,triceps-extension,,,
-70,-834,599,triceps-extension,,,
-101,-818,614,triceps-extension,,,
-139,-830,595,triceps-extension,,,
-158,-818,585,triceps-extension,,,
-213,-809,537,triceps-extension,,,
-244,-801,528,triceps-extension,,,
-267,-787,509,triceps-extension,,,
-272,-778,498,triceps-extension,,,
-314,-758,532,triceps-extension,,,
-369,-758,509,triceps-extension,,,
-413,-754,513,triceps-extension,,,
-452,-763,526,triceps-extension,,,
-475,-757,517,triceps-extension,,,
-506,-741,512,triceps-extension,,,
-540,-726,527,triceps-extension,,,
-552,-710,506,triceps-extension,,,
-562,-666,536,triceps-extension,,,
-577,-612,512,triceps-extension,,,
-584,-574,494,triceps-extension,,,
-584,-530,486,triceps-extension,,,
-605,-487,447,triceps-extension,,,
-632,-476,436,triceps-extension,,,
-659,-488,455,triceps-extension,,,
-698,-481,439,triceps-extension,,,
-716,-468,418,triceps-extension,,,
-722,-448,430,triceps-extension,,,
-746,-403,393,triceps-extension,,,
-742,-375,363,triceps-extension,,,
-718,-360,348,triceps-extension,,,
-712,-352,317,triceps-extension,,,
-680,-318,307,triceps-extension,,,
-690,-285,286,triceps-extension,,,
-710,-298,322,triceps-extension,,,
-708,-312,305,triceps-extension,,,
-738,-338,344,triceps-extension,,,
-788,-358,322,triceps-extension,,,
-791,-403,326,triceps-extension,,,
-838,-388,302,triceps-extension,,,
-799,-409,236,triceps-extension,,,
-827,-417,290,triceps-extension,,,
-796,-419,258,triceps-extension,,,
-765,-383,272,triceps-extension,,,
-738,-380,276,triceps-extension,,,
-677,-421,315,triceps-extension,,,
-740,-379,359,triceps-extension,,,
-671,-440,344,triceps-extension,,,
-632,-440,344,triceps-extension,,,
-688,-440,400,triceps-extension,,,
-688,-440,400,triceps-extension,,,
-641,-510,384,triceps-extension,,,
-670,-527,445,triceps-extension,,,
-724,-625,448,triceps-extension,,,
-648,-668,441,triceps-extension,,,
-554,-643,433,triceps-extension,,,
-544,-626,432,triceps-extension,,,
-469,-638,473,triceps-extension,,,
-449,-687,520,triceps-extension,,,
-383,-670,528,triceps-extension,,,
-368,-651,547,triceps-extension,,,
-399,-698,558,triceps-extension,,,
-408,-760,524,triceps-extension,,,
-414,-829,553,triceps-extension,,,
-342,-894,591,triceps-extension,,,
-301,-873,594,triceps-extension,,,
-280,-840,554,triceps-extension,,,
-251,-837,557,triceps-extension,,,
-215,-876,593,triceps-extension,,,
-165,-832,603,triceps-extension,,,
-120,-792,600,triceps-extension,,,
-118,-811,646,triceps-extension,,,
-83,-833,635,triceps-extension,,,
-35,-814,630,triceps-extension,,,
-24,-817,648,triceps-extension,,,
-8,-856,620,triceps-extension,,,
0,-884,623,triceps-extension,,,
-19,-925,648,triceps-extension,,,
-36,-971,694,triceps-extension,,,
-27,-997,732,triceps-extension,,,
2,-1016,707,triceps-extension,,,
19,-1004,724,triceps-extension,,,
33,-984,738,triceps-extension,,,
51,-981,733,triceps-extension,,,
61,-968,731,triceps-extension,,,
72,-945,711,triceps-extension,,,
67,-921,733,triceps-extension,,,
52,-906,729,triceps-extension,,,
36,-910,690,triceps-extension,,,
22,-900,709,triceps-extension,,,
11,-891,740,triceps-extension,,,
-12,-905,690,triceps-extension,,,
-36,-909,665,triceps-extension,,,
-60,-895,671,triceps-extension,,,
-80,-888,658,triceps-extension,,,
-82,-886,619,triceps-extension,,,
-98,-870,646,triceps-extension,,,
-119,-847,622,triceps-extension,,,
-106,-839,602,triceps-extension,,,
-144,-816,629,triceps-extension,,,
-144,-816,545,triceps-extension,,,
-184,-784,599,triceps-extension,,,
-207,-768,608,triceps-extension,,,
-238,-768,593,triceps-extension,,,
-270,-761,577,triceps-extension,,,
-338,-760,583,triceps-extension,,,
-387,-760,570,triceps-extension,,,
-420,-767,568,triceps-extension,,,
-465,-775,595,triceps-extension,,,
-492,-756,613,triceps-extension,,,
-516,-752,544,triceps-extension,,,
-520,-733,509,triceps-extension,,,
-539,-685,510,triceps-extension,,,
-550,-660,476,triceps-extension,,,
-546,-656,464,triceps-extension,,,
-584,-627,475,triceps-extension,,,
-606,-605,447,triceps-extension,,,
-635,-573,432,triceps-extension,,,
-653,-560,400,triceps-extension,,,
-656,-535,404,triceps-extension,,,
-666,-485,401,triceps-extension,,,
-677,-459,378,triceps-extension,,,
-694,-437,373,triceps-extension,,,
-691,-420,394,triceps-extension,,,
-710,-394,386,triceps-extension,,,
-736,-380,335,triceps-extension,,,
-752,-364,320,triceps-extension,,,
-760,-348,332,triceps-extension,,,
-756,-334,321,triceps-extension,,,
-774,-312,305,triceps-extension,,,
-792,-315,286,triceps-extension,,,
-795,-304,253,triceps-extension,,,
-772,-301,221,triceps-extension,,,
-763,-321,239,triceps-extension,,,
-816,-299,264,triceps-extension,,,
-813,-301,242,triceps-extension,,,
-830,-313,257,triceps-extension,,,
-819,-347,249,triceps-extension,,,
-844,-338,268,triceps-extension,,,
-840,-342,256,triceps-extension,,,
-850,-343,238,triceps-extension,,,
-793,-363,199,triceps-extension,,,
-775,-343,282,triceps-extension,,,
-801,-344,257,triceps-extension,,,
-772,-385,266,triceps-extension,,,
-785,-398,287,triceps-extension,,,
-733,-435,339,triceps-extension,,,
-702,-393,361,triceps-extension,,,
-683,-415,377,triceps-extension,,,
-715,-511,384,triceps-extension,,,
-608,-496,379,triceps-extension,,,
-608,-512,480,triceps-extension,,,
-632,-520,488,triceps-extension,,,
-601,-551,480,triceps-extension,,,
-630,-598,503,triceps-extension,,,
-617,-682,482,triceps-extension,,,
-543,-724,560,triceps-extension,,,
-536,-685,561,triceps-extension,,,
-473,-701,532,triceps-extension,,,
-471,-752,562,triceps-extension,,,
-399,-753,541,triceps-extension,,,
-306,-739,562,triceps-extension,,,
-269,-692,587,triceps-extension,,,
-264,-705,561,triceps-extension,,,
-252,-784,534,triceps-extension,,,
-213,-849,552,triceps-extension,,,
-160,-841,606,triceps-extension,,,
-133,-810,624,triceps-extension,,,
-139,-832,619,triceps-extension,,,
-128,-874,616,triceps-extension,,,
-89,-888,667,triceps-extension,,,
-52,-863,701,triceps-extension,,,
-45,-862,690,triceps-extension,,,
-43,-900,671,triceps-extension,,,
-36,-938,668,triceps-extension,,,
-23,-969,685,triceps-extension,,,
-8,-976,700,triceps-extension,,,
12,-980,724,triceps-extension,,,
24,-996,763,triceps-extension,,,
28,-985,769,triceps-extension,,,
28,-975,756,triceps-extension,,,
31,-960,777,triceps-extension,,,
27,-925,816,triceps-extension,,,
8,-905,834,triceps-extension,,,
2,-883,812,triceps-extension,,,
-19,-888,792,triceps-extension,,,
-50,-878,774,triceps-extension,,,
-77,-858,748,triceps-extension,,,
-99,-862,778,triceps-extension,,,
-128,-858,773,triceps-extension,,,
-132,-860,742,triceps-extension,,,
-153,-846,741,triceps-extension,,,
-182,-833,745,triceps-extension,,,
-177,-807,697,triceps-extension,,,
-187,-799,731,triceps-extension,,,
-201,-794,699,triceps-extension,,,
-209,-804,673,triceps-extension,,,
-218,-773,681,triceps-extension,,,
-233,-745,682,triceps-extension,,,
-250,-761,618,triceps-extension,,,
-283,-768,641,triceps-extension,,,
-337,-767,662,triceps-extension,,,
-376,-744,608,triceps-extension,,,
-392,-752,560,triceps-extension,,,
-446,-768,560,triceps-extension,,,
-478,-730,545,triceps-extension,,,
-473,-728,484,triceps-extension,,,
-516,-692,495,triceps-extension,,,
-513,-681,467,triceps-extension,,,
-533,-687,471,triceps-extension,,,
-577,-654,411,triceps-extension,,,
-604,-635,373,triceps-extension,,,
-608,-599,368,triceps-extension,,,
-646,-554,368,triceps-extension,,,
-656,-525,380,triceps-extension,,,
-686,-526,348,triceps-extension,,,
-725,-499,401,triceps-extension,,,
-742,-477,344,triceps-extension,,,
-766,-450,284,triceps-extension,,,
-781,-451,256,triceps-extension,,,
-784,-435,232,triceps-extension,,,
-748,-393,183,triceps-extension,,,
-733,-376,180,triceps-extension,,,
-750,-357,197,triceps-extension,,,
-737,-335,223,triceps-extension,,,
-720,-319,240,triceps-extension,,,
-711,-299,227,triceps-extension,,,
-708,-288,233,triceps-extension,,,
-756,-292,244,triceps-extension,,,
-792,-308,221,triceps-extension,,,
-813,-324,204,triceps-extension,,,
-848,-353,194,triceps-extension,,,
-845,-381,169,triceps-extension,,,
-837,-379,173,triceps-extension,,,
-844,-372,177,triceps-extension,,,
-841,-367,152,triceps-extension,,,
-792,-392,190,triceps-extension,,,
-789,-361,267,triceps-extension,,,
-784,-315,255,triceps-extension,,,
-728,-367,252,triceps-extension,,,
-766,-384,327,triceps-extension,,,
-748,-402,288,triceps-extension,,,
-707,-463,319,triceps-extension,,,
-696,-481,346,triceps-extension,,,
-727,-474,342,triceps-extension,,,
-717,-564,308,triceps-extension,,,
-692,-624,379,triceps-extension,,,
-625,-618,439,triceps-extension,,,
-632,-585,431,triceps-extension,,,
-629,-662,428,triceps-extension,,,
-596,-724,474,triceps-extension,,,
-534,-672,496,triceps-extension,,,
-503,-681,488,triceps-extension,,,
-464,-720,488,triceps-extension,,,
-416,-744,568,triceps-extension,,,
-416,-744,568,triceps-extension,,,
-315,-690,552,triceps-extension,,,
-320,-680,643,triceps-extension,,,
-320,-784,618,triceps-extension,,,
-262,-763,616,triceps-extension,,,
-249,-767,552,triceps-extension,,,
-255,-852,572,triceps-extension,,,
-242,-912,631,triceps-extension,,,
-227,-880,600,triceps-extension,,,
-198,-911,599,triceps-extension,,,
-217,-933,606,triceps-extension,,,
-150,-911,608,triceps-extension,,,
-86,-880,650,triceps-extension,,,
-84,-825,658,triceps-extension,,,
-88,-814,627,triceps-extension,,,
-105,-844,661,triceps-extension,,,
-90,-856,669,triceps-extension,,,
-96,-882,653,triceps-extension,,,
-99,-916,663,triceps-extension,,,
-86,-943,687,triceps-extension,,,
-94,-957,734,triceps-extension,,,
-90,-969,765,triceps-extension,,,
-84,-980,781,triceps-extension,,,
-88,-967,805,triceps-extension,,,
-84,-944,799,triceps-extension,,,
-76,-916,776,triceps-extension,,,
-68,-896,756,triceps-extension,,,
-60,-896,740,triceps-extension,,,
-60,-875,736,triceps-extension,,,
-67,-848,726,triceps-extension,,,
-75,-838,709,triceps-extension,,,
-83,-833,695,triceps-extension,,,
-97,-845,674,triceps-extension,,,
-120,-832,678,triceps-extension,,,
-136,-824,688,triceps-extension,,,
-141,-845,646,triceps-extension,,,
-159,-854,622,triceps-extension,,,
-180,-846,605,triceps-extension,,,
-198,-836,574,triceps-extension,,,
-218,-822,568,triceps-extension,,,
-226,-814,563,triceps-extension,,,
-235,-808,543,triceps-extension,,,
-251,-811,531,triceps-extension,,,
-268,-823,505,triceps-extension,,,
-292,-816,511,triceps-extension,,,
-323,-816,501,triceps-extension,,,
-346,-817,479,triceps-extension,,,
-371,-823,473,triceps-extension,,,
-408,-807,479,triceps-extension,,,
-408,-784,456,triceps-extension,,,
-424,-792,464,triceps-extension,,,
-464,-784,480,triceps-extension,,,
-464,-745,441,triceps-extension,,,
-472,-736,432,triceps-extension,,,
-494,-714,454,triceps-extension,,,
-511,-668,434,triceps-extension,,,
-541,-678,425,triceps-extension,,,
-551,-666,438,triceps-extension,,,
-586,-630,454,triceps-extension,,,
-619,-597,436,triceps-extension,,,
-657,-592,425,triceps-extension,,,
-683,-579,380,triceps-extension,,,
-694,-564,368,triceps-extension,,,
-732,-542,344,triceps-extension,,,
-773,-524,318,triceps-extension,,,
-778,-503,312,triceps-extension,,,
-787,-457,306,triceps-extension,,,
-781,-424,272,triceps-extension,,,
-765,-390,261,triceps-extension,,,
-755,-356,264,triceps-extension,,,
-747,-304,249,triceps-extension,,,
-734,-285,226,triceps-extension,,,
-728,-307,225,triceps-extension,,,
-710,-289,223,triceps-extension,,,
-726,-273,229,triceps-extension,,,
-777,-280,244,triceps-extension,,,
-828,-308,248,triceps-extension,,,
-848,-351,217,triceps-extension,,,
-847,-379,184,triceps-extension,,,
-870,-381,173,triceps-extension,,,
-861,-388,153,triceps-extension,,,
-808,-393,134,triceps-extension,,,
-790,-357,141,triceps-extension,,,
-774,-372,196,triceps-extension,,,
-725,-386,243,triceps-extension,,,
-730,-347,267,triceps-extension,,,
-740,-381,270,triceps-extension,,,
-726,-446,280,triceps-extension,,,
-768,-463,314,triceps-extension,,,
-772,-536,316,triceps-extension,,,
-712,-556,378,triceps-extension,,,
-719,-551,391,triceps-extension,,,
-737,-592,410,triceps-extension,,,
-687,-661,384,triceps-extension,,,
-600,-643,391,triceps-extension,,,
-592,-624,427,triceps-extension,,,
-527,-677,402,triceps-extension,,,
-449,-643,489,triceps-extension,,,
-380,-593,497,triceps-extension,,,
-438,-612,503,triceps-extension,,,
-407,-681,482,triceps-extension,,,
-384,-712,536,triceps-extension,,,
-408,-768,560,triceps-extension,,,
-330,-807,614,triceps-extension,,,
-320,-800,570,triceps-extension,,,
-342,-852,516,triceps-extension,,,
-286,-885,592,triceps-extension,,,
-223,-838,679,triceps-extension,,,
-223,-825,639,triceps-extension,,,
-197,-865,646,triceps-extension,,,
-132,-812,708,triceps-extension,,,
-74,-780,694,triceps-extension,,,
-51,-801,663,triceps-extension,,,
-36,-870,675,triceps-extension,,,
10,-906,656,triceps-extension,,,
36,-918,683,triceps-extension,,,
46,-954,685,triceps-extension,,,
31,-996,719,triceps-extension,,,
29,-1024,725,triceps-extension,,,
32,-1032,752,triceps-extension,,,
17,-1032,773,triceps-extension,,,
18,-1017,781,triceps-extension,,,
24,-994,760,triceps-extension,,,
24,-965,693,triceps-extension,,,
28,-939,692,triceps-extension,,,
23,-924,707,triceps-extension,,,
16,-908,684,triceps-extension,,,
4,-872,680,triceps-extension,,,
-16,-844,673,triceps-extension,,,
-24,-840,652,triceps-extension,,,
-42,-829,644,triceps-extension,,,
-61,-826,633,triceps-extension,,,
-66,-837,643,triceps-extension,,,
-89,-835,672,triceps-extension,,,
-110,-843,657,triceps-extension,,,
-125,-840,621,triceps-extension,,,
-139,-821,597,triceps-extension,,,
-134,-814,594,triceps-extension,,,
-128,-803,595,triceps-extension,,,
-170,-788,573,triceps-extension,,,
-174,-782,548,triceps-extension,,,
-173,-798,560,triceps-extension,,,
-199,-790,567,triceps-extension,,,
-236,-784,592,triceps-extension,,,
-289,-781,593,triceps-extension,,,
-298,-770,601,triceps-extension,,,
-318,-781,607,triceps-extension,,,
-363,-762,598,triceps-extension,,,
-393,-775,583,triceps-extension,,,
-409,-760,566,triceps-extension,,,
-426,-760,543,triceps-extension,,,
-456,-752,528,triceps-extension,,,
-464,-744,520,triceps-extension,,,
-472,-752,496,triceps-extension,,,
-488,-760,504,triceps-extension,,,
-503,-730,534,triceps-extension,,,
-534,-698,521,triceps-extension,,,
-551,-681,513,triceps-extension,,,
-552,-666,505,triceps-extension,,,
-587,-636,511,triceps-extension,,,
-606,-618,498,triceps-extension,,,
-621,-609,489,triceps-extension,,,
-637,-582,468,triceps-extension,,,
-653,-551,458,triceps-extension,,,
-668,-538,425,triceps-extension,,,
-690,-506,458,triceps-extension,,,
-714,-490,372,triceps-extension,,,
-772,-488,342,triceps-extension,,,
-786,-505,350,triceps-extension,,,
-789,-474,347,triceps-extension,,,
-776,-445,291,triceps-extension,,,
-748,-425,284,triceps-extension,,,
-731,-381,291,triceps-extension,,,
-723,-365,250,triceps-extension,,,
-725,-354,224,triceps-extension,,,
-715,-335,206,triceps-extension,,,
-704,-341,188,triceps-extension,,,
-733,-360,172,triceps-extension,,,
-780,-364,180,triceps-extension,,,
-808,-364,200,triceps-extension,,,
-831,-397,193,triceps-extension,,,
-844,-428,188,triceps-extension,,,
-840,-411,172,triceps-extension,,,
-830,-392,147,triceps-extension,,,
-804,-398,173,triceps-extension,,,
-784,-399,225,triceps-extension,,,
-784,-365,251,triceps-extension,,,
-761,-338,224,triceps-extension,,,
-700,-362,202,triceps-extension,,,
-683,-375,249,triceps-extension,,,
-714,-400,299,triceps-extension,,,
-708,-436,270,triceps-extension,,,
-679,-477,301,triceps-extension,,,
-709,-509,346,triceps-extension,,,
-737,-570,353,triceps-extension,,,
-763,-620,371,triceps-extension,,,
-696,-632,430,triceps-extension,,,
-693,-583,463,triceps-extension,,,
-668,-581,454,triceps-extension,,,
-628,-621,448,triceps-extension,,,
-582,-589,533,triceps-extension,,,
-549,-546,486,triceps-extension,,,
-496,-593,458,triceps-extension,,,
-504,-624,520,triceps-extension,,,
-464,-640,520,triceps-extension,,,
-464,-640,520,triceps-extension,,,
-425,-702,504,triceps-extension,,,
-409,-696,603,triceps-extension,,,
-401,-733,593,triceps-extension,,,
-407,-824,599,triceps-extension,,,
-358,-882,621,triceps-extension,,,
-282,-860,673,triceps-extension,,,
-286,-829,653,triceps-extension,,,
-201,-851,608,triceps-extension,,,
-125,-771,646,triceps-extension,,,
-61,-739,637,triceps-extension,,,
-17,-711,576,triceps-extension,,,
-2,-746,596,triceps-extension,,,
-12,-795,637,triceps-extension,,,
-5,-837,654,triceps-extension,,,
-17,-904,695,triceps-extension,,,
-56,-982,739,triceps-extension,,,
-67,-1040,757,triceps-extension,,,
-44,-1066,750,triceps-extension,,,
-22,-1067,734,triceps-extension,,,
-11,-1016,761,triceps-extension,,,
6,-970,784,triceps-extension,,,
16,-933,771,triceps-extension,,,
25,-895,751,triceps-extension,,,
15,-868,756,triceps-extension,,,
4,-860,748,triceps-extension,,,
16,-852,709,triceps-extension,,,
13,-822,717,triceps-extension,,,
-4,-804,734,triceps-extension,,,
-11,-821,712,triceps-extension,,,
-26,-850,712,triceps-extension,,,
-55,-867,715,triceps-extension,,,
-71,-875,720,triceps-extension,,,
-59,-880,706,triceps-extension,,,
-69,-872,677,triceps-extension,,,
-80,-849,670,triceps-extension,,,
-91,-830,659,triceps-extension,,,
-118,-818,644,triceps-extension,,,
-116,-800,622,triceps-extension,,,
-133,-800,597,triceps-extension,,,
-154,-798,600,triceps-extension,,,
-163,-791,536,triceps-extension,,,
-179,-783,537,triceps-extension,,,
-196,-777,544,triceps-extension,,,
-221,-784,545,triceps-extension,,,
-258,-787,549,triceps-extension,,,
-276,-809,528,triceps-extension,,,
-322,-823,529,triceps-extension,,,
-344,-816,535,triceps-extension,,,
-353,-825,520,triceps-extension,,,
-384,-848,520,triceps-extension,,,
-400,-848,496,triceps-extension,,,
-431,-840,512,triceps-extension,,,
-462,-832,444,triceps-extension,,,
-449,-802,470,triceps-extension,,,
-484,-793,472,triceps-extension,,,
-495,-778,486,triceps-extension,,,
-510,-755,481,triceps-extension,,,
-546,-725,473,triceps-extension,,,
-572,-713,472,triceps-extension,,,
-583,-699,452,triceps-extension,,,
-597,-690,410,triceps-extension,,,
-631,-663,412,triceps-extension,,,
-640,-644,392,triceps-extension,,,
-675,-628,390,triceps-extension,,,
-694,-595,392,triceps-extension,,,
-713,-562,375,triceps-extension,,,
-736,-536,357,triceps-extension,,,
-739,-507,310,triceps-extension,,,
-741,-481,273,triceps-extension,,,
-729,-437,259,triceps-extension,,,
-720,-387,266,triceps-extension,,,
-701,-359,226,triceps-extension,,,
-692,-334,192,triceps-extension,,,
-718,-294,183,triceps-extension,,,
-728,-297,184,triceps-extension,,,
-736,-328,172,triceps-extension,,,
-752,-344,152,triceps-extension,,,
-756,-345,148,triceps-extension,,,
-774,-343,144,triceps-extension,,,
-795,-359,137,triceps-extension,,,
-819,-362,128,triceps-extension,,,
-848,-373,125,triceps-extension,,,
-842,-399,120,triceps-extension,,,
-835,-373,125,triceps-extension,,,
-845,-352,131,triceps-extension,,,
-849,-364,120,triceps-extension,,,
-816,-378,131,triceps-extension,,,
-782,-342,162,triceps-extension,,,
-786,-340,166,triceps-extension,,,
-751,-357,178,triceps-extension,,,
-761,-379,240,triceps-extension,,,
-711,-388,236,triceps-extension,,,
-743,-388,220,triceps-extension,,,
-732,-487,247,triceps-extension,,,
-717,-483,290,triceps-extension,,,
-755,-513,307,triceps-extension,,,
-772,-589,332,triceps-extension,,,
-730,-641,367,triceps-extension,,,
-650,-649,360,triceps-extension,,,
-678,-666,361,triceps-extension,,,
-624,-720,384,triceps-extension,,,
-560,-696,424,triceps-extension,,,
-506,-680,455,triceps-extension,,,
-489,-703,448,triceps-extension,,,
-458,-749,455,triceps-extension,,,
-405,-759,507,triceps-extension,,,
-336,-753,533,triceps-extension,,,
-293,-738,571,triceps-extension,,,
-261,-763,535,triceps-extension,,,
-229,-821,568,triceps-extension,,,
-172,-812,635,triceps-extension,,,
-147,-802,629,triceps-extension,,,
-113,-850,593,triceps-extension,,,
-80,-870,608,triceps-extension,,,
-37,-872,634,triceps-extension,,,
-7,-843,640,triceps-extension,,,
0,-877,595,triceps-extension,,,
11,-934,619,triceps-extension,,,
21,-957,672,triceps-extension,,,
44,-975,703,triceps-extension,,,
81,-984,697,triceps-extension,,,
115,-974,683,triceps-extension,,,
137,-968,726,triceps-extension,,,
135,-964,764,triceps-extension,,,
145,-947,768,triceps-extension,,,
164,-932,760,triceps-extension,,,
164,-916,756,triceps-extension,,,
156,-912,729,triceps-extension,,,
137,-924,692,triceps-extension,,,
113,-932,670,triceps-extension,,,
91,-939,658,triceps-extension,,,
66,-944,672,triceps-extension,,,
44,-941,669,triceps-extension,,,
27,-930,652,triceps-extension,,,
27,-912,618,triceps-extension,,,
21,-888,579,triceps-extension,,,
27,-865,564,triceps-extension,,,
11,-837,590,triceps-extension,,,
-2,-810,576,triceps-extension,,,
-12,-816,554,triceps-extension,,,
-31,-818,560,triceps-extension,,,
-61,-822,557,triceps-extension,,,
-79,-817,540,triceps-extension,,,
-77,-823,521,triceps-extension,,,
-108,-815,527,triceps-extension,,,
-130,-807,520,triceps-extension,,,
-146,-802,522,triceps-extension,,,
-162,-816,540,triceps-extension,,,
-182,-815,583,triceps-extension,,,
-162,-808,573,triceps-extension,,,
-207,-816,512,triceps-extension,,,
-184,-800,512,triceps-extension,,,
-216,-800,480,triceps-extension,,,
-224,-831,480,triceps-extension,,,
-247,-817,510,triceps-extension,,,
-278,-801,534,triceps-extension,,,
-265,-800,470,triceps-extension,,,
-271,-800,535,triceps-extension,,,
-307,-814,572,triceps-extension,,,
-305,-823,535,triceps-extension,,,
-311,-831,521,triceps-extension,,,
-338,-839,527,triceps-extension,,,
-357,-827,528,triceps-extension,,,
-360,-812,540,triceps-extension,,,
-372,-814,574,triceps-extension,,,
-400,-810,578,triceps-extension,,,
-408,-797,547,triceps-extension,,,
-419,-792,564,triceps-extension,,,
-429,-797,549,triceps-extension,,,
-443,-784,536,triceps-extension,,,
-448,-771,536,triceps-extension,,,
-458,-768,536,triceps-extension,,,
-469,-782,522,triceps-extension,,,
-491,-778,535,triceps-extension,,,
-500,-764,516,triceps-extension,,,
-500,-743,484,triceps-extension,,,
-516,-736,484,triceps-extension,,,
-540,-740,516,triceps-extension,,,
-552,-736,509,triceps-extension,,,
-578,-729,476,triceps-extension,,,
-604,-713,466,triceps-extension,,,
-613,-704,458,triceps-extension,,,
-655,-694,472,triceps-extension,,,
-688,-674,435,triceps-extension,,,
-688,-655,393,triceps-extension,,,
-707,-629,416,triceps-extension,,,
-744,-613,392,triceps-extension,,,
-751,-607,371,triceps-extension,,,
-779,-570,367,triceps-extension,,,
-802,-568,365,triceps-extension,,,
-784,-536,298,triceps-extension,,,
-782,-505,243,triceps-extension,,,
-769,-477,198,triceps-extension,,,
-748,-454,195,triceps-extension,,,
-759,-407,199,triceps-extension,,,
-712,-396,150,triceps-extension,,,
-711,-371,136,triceps-extension,,,
-704,-334,133,triceps-extension,,,
-704,-319,109,triceps-extension,,,
-706,-303,75,triceps-extension,,,
-728,-297,6,triceps-extension,,,
-721,-320,-30,triceps-extension,,,
-768,-336,24,triceps-extension,,,
-832,-336,24,triceps-extension,,,
-933,-359,-30,triceps-extension,,,
-928,-390,-17,triceps-extension,,,
-958,-370,6,triceps-extension,,,
-945,-383,1,triceps-extension,,,
-873,-363,-14,triceps-extension,,,
-885,-353,40,triceps-extension,,,
-874,-332,34,triceps-extension,,,
-885,-321,25,triceps-extension,,,
-842,-353,44,triceps-extension,,,
-838,-341,42,triceps-extension,,,
-834,-373,28,triceps-extension,,,
-850,-408,30,triceps-extension,,,
-832,-410,14,triceps-extension,,,
-813,-408,-9,triceps-extension,,,
-814,-447,6,triceps-extension,,,
-811,-432,11,triceps-extension,,,
-771,-427,-39,triceps-extension,,,
-716,-427,-74,triceps-extension,,,
-711,-380,-60,triceps-extension,,,
-734,-371,-81,triceps-extension,,,
-702,-384,-141,triceps-extension,,,
-627,-397,-181,triceps-extension,,,
-614,-404,-166,triceps-extension,,,
-649,-363,-148,triceps-extension,,,
-648,-352,-180,triceps-extension,,,
-620,-388,-208,triceps-extension,,,
-619,-400,-208,triceps-extension,,,
-628,-393,-250,triceps-extension,,,
-600,-401,-334,triceps-extension,,,
-562,-443,-360,triceps-extension,,,
-558,-472,-336,triceps-extension,,,
-565,-475,-356,triceps-extension,,,
-552,-494,-387,triceps-extension,,,
-546,-512,-358,triceps-extension,,,
-575,-498,-325,triceps-extension,,,
-583,-520,-350,triceps-extension,,,
-552,-552,-424,triceps-extension,,,
-528,-532,-522,triceps-extension,,,
-528,-524,-466,triceps-extension,,,
-515,-456,-451,triceps-extension,,,
-465,-457,-597,triceps-extension,,,
-464,-468,-651,triceps-extension,,,
-431,-490,-609,triceps-extension,,,
-472,-499,-560,triceps-extension,,,
-461,-473,-831,triceps-extension,,,
-372,-536,-804,triceps-extension,,,
-409,-449,-613,triceps-extension,,,
-316,-464,-797,triceps-extension,,,
-240,-470,-892,triceps-extension,,,
-247,-392,-769,triceps-extension,,,
-145,-376,-879,triceps-extension,,,
-97,-244,-872,triceps-extension,,,
18,-164,-895,triceps-extension,,,
24,-108,-814,triceps-extension,,,
112,5,-786,triceps-extension,,,
177,87,-912,triceps-extension,,,
226,145,-712,triceps-extension,,,
300,261,-639,triceps-extension,,,
379,260,-639,triceps-extension,,,
425,354,-640,triceps-extension,,,
521,395,-602,triceps-extension,,,
637,456,-623,triceps-extension,,,
688,520,-596,triceps-extension,,,
761,577,-566,triceps-extension,,,
841,575,-600,triceps-extension,,,
881,601,-510,triceps-extension,,,
942,648,-529,triceps-extension,,,
984,632,-476,triceps-extension,,,
1002,580,-345,triceps-extension,,,
1062,600,-375,triceps-extension,,,
1091,562,-391,triceps-extension,,,
1069,525,-215,triceps-extension,,,
1069,506,-126,triceps-extension,,,
1063,514,-105,triceps-extension,,,
1056,524,-118,triceps-extension,,,
1116,488,-184,triceps-extension,,,
1168,437,-162,triceps-extension,,,
1150,401,-71,triceps-extension,,,
1121,367,-45,triceps-extension,,,
1102,299,-65,triceps-extension,,,
1123,283,-69,triceps-extension,,,
1170,308,-51,triceps-extension,,,
1148,255,34,triceps-extension,,,
1120,237,64,triceps-extension,,,
1114,229,11,triceps-extension,,,
1146,231,-30,triceps-extension,,,
1159,241,-13,triceps-extension,,,
1140,220,12,triceps-extension,,,
1150,212,6,triceps-extension,,,
1142,228,17,triceps-extension,,,
1138,237,-16,triceps-extension,,,
1144,221,-48,triceps-extension,,,
1140,205,-44,triceps-extension,,,
1118,192,-31,triceps-extension,,,
1100,193,-68,triceps-extension,,,
1070,199,-35,triceps-extension,,,
1055,194,2,triceps-extension,,,
1038,215,-51,triceps-extension,,,
1009,202,12,triceps-extension,,,
1023,231,-71,triceps-extension,,,
1000,184,-32,triceps-extension,,,
