1216,1492,-935,lateral-raise,,,
1092,151,-164,lateral-raise,,,
1106,27,-315,lateral-raise,,,
445,268,-610,lateral-raise,,,
352,211,-571,lateral-raise,,,
241,422,-589,lateral-raise,,,
461,1150,-764,lateral-raise,,,
-497,1069,-511,lateral-raise,,,
-1476,1478,-678,lateral-raise,,,
633,1553,-653,lateral-raise,,,
-294,1421,-590,lateral-raise,,,
-194,1218,-485,lateral-raise,,,
29,312,-113,lateral-raise,,,
75,40,-243,lateral-raise,,,
260,-32,-201,lateral-raise,,,
275,91,-156,lateral-raise,,,
330,217,-10,lateral-raise,,,
324,287,40,lateral-raise,,,
340,269,13,lateral-raise,,,
351,242,15,lateral-raise,,,
402,265,50,lateral-raise,,,
465,310,109,lateral-raise,,,
548,361,146,lateral-raise,,,
639,400,165,lateral-raise,,,
735,416,189,lateral-raise,,,
854,420,213,lateral-raise,,,
954,434,215,lateral-raise,,,
1024,434,183,lateral-raise,,,
1112,406,176,lateral-raise,,,
1231,371,205,lateral-raise,,,
1354,384,183,lateral-raise,,,
1462,365,133,lateral-raise,,,
1506,330,249,lateral-raise,,,
1504,275,302,lateral-raise,,,
1478,271,270,lateral-raise,,,
1444,276,252,lateral-raise,,,
1414,262,219,lateral-raise,,,
1431,245,211,lateral-raise,,,
1492,195,287,lateral-raise,,,
1533,235,377,lateral-raise,,,
1536,327,423,lateral-raise,,,
1525,163,210,lateral-raise,,,
1485,216,-45,lateral-raise,,,
1404,394,9,lateral-raise,,,
1278,616,-2,lateral-raise,,,
1228,636,-64,lateral-raise,,,
1403,311,137,lateral-raise,,,
1607,-72,85,lateral-raise,,,
1699,-107,-127,lateral-raise,,,
1683,76,-139,lateral-raise,,,
1640,231,-56,lateral-raise,,,
1618,284,107,lateral-raise,,,
1545,316,194,lateral-raise,,,
1475,266,116,lateral-raise,,,
1455,231,144,lateral-raise,,,
1440,141,109,lateral-raise,,,
1440,84,58,lateral-raise,,,
1391,75,86,lateral-raise,,,
1274,111,198,lateral-raise,,,
1170,63,217,lateral-raise,,,
1097,56,114,lateral-raise,,,
1025,105,177,lateral-raise,,,
921,104,12,lateral-raise,,,
785,32,32,lateral-raise,,,
677,32,181,lateral-raise,,,
609,21,199,lateral-raise,,,
566,3,113,lateral-raise,,,
536,16,47,lateral-raise,,,
509,43,24,lateral-raise,,,
469,62,38,lateral-raise,,,
448,103,40,lateral-raise,,,
449,56,23,lateral-raise,,,
460,59,16,lateral-raise,,,
491,91,20,lateral-raise,,,
523,156,8,lateral-raise,,,
535,157,-43,lateral-raise,,,
576,159,-88,lateral-raise,,,
621,165,-165,lateral-raise,,,
644,227,-174,lateral-raise,,,
689,207,-230,lateral-raise,,,
781,200,-155,lateral-raise,,,
852,249,-109,lateral-raise,,,
921,258,-65,lateral-raise,,,
932,174,-78,lateral-raise,,,
944,144,-96,lateral-raise,,,
937,166,-96,lateral-raise,,,
932,205,-83,lateral-raise,,,
931,232,-56,lateral-raise,,,
946,276,-66,lateral-raise,,,
966,247,-45,lateral-raise,,,
968,156,-40,lateral-raise,,,
1184,200,-376,lateral-raise,,,
1184,200,-376,lateral-raise,,,
1277,99,-314,lateral-raise,,,
1432,225,-578,lateral-raise,,,
1351,284,-778,lateral-raise,,,
1351,171,-923,lateral-raise,,,
1252,146,-786,lateral-raise,,,
1170,88,-852,lateral-raise,,,
1105,73,-871,lateral-raise,,,
1109,85,-919,lateral-raise,,,
1151,88,-954,lateral-raise,,,
1204,94,-947,lateral-raise,,,
1284,90,-907,lateral-raise,,,
1322,100,-878,lateral-raise,,,
1346,116,-837,lateral-raise,,,
1329,120,-830,lateral-raise,,,
1281,142,-787,lateral-raise,,,
1210,130,-855,lateral-raise,,,
1147,120,-828,lateral-raise,,,
1087,105,-802,lateral-raise,,,
1029,96,-788,lateral-raise,,,
946,101,-752,lateral-raise,,,
853,99,-764,lateral-raise,,,
780,109,-766,lateral-raise,,,
687,129,-717,lateral-raise,,,
570,107,-692,lateral-raise,,,
460,76,-696,lateral-raise,,,
370,68,-704,lateral-raise,,,
287,60,-686,lateral-raise,,,
229,52,-617,lateral-raise,,,
199,31,-608,lateral-raise,,,
150,8,-687,lateral-raise,,,
94,-13,-686,lateral-raise,,,
35,-54,-588,lateral-raise,,,
-24,-59,-507,lateral-raise,,,
-63,-45,-501,lateral-raise,,,
-127,-64,-536,lateral-raise,,,
-176,-113,-553,lateral-raise,,,
-216,-94,-462,lateral-raise,,,
-228,-92,-515,lateral-raise,,,
-268,-118,-606,lateral-raise,,,
-295,-155,-516,lateral-raise,,,
-359,-108,-412,lateral-raise,,,
-400,-129,-435,lateral-raise,,,
-438,-144,-459,lateral-raise,,,
-429,-188,-503,lateral-raise,,,
-464,-160,-398,lateral-raise,,,
-468,-159,-508,lateral-raise,,,
-505,-153,-470,lateral-raise,,,
-514,-167,-444,lateral-raise,,,
-559,-144,-378,lateral-raise,,,
-512,-152,-440,lateral-raise,,,
-528,-176,-440,lateral-raise,,,
-536,-192,-479,lateral-raise,,,
-513,-207,-472,lateral-raise,,,
-490,-230,-517,lateral-raise,,,
-524,-188,-447,lateral-raise,,,
-507,-234,-483,lateral-raise,,,
-497,-226,-474,lateral-raise,,,
-469,-224,-540,lateral-raise,,,
-457,-237,-545,lateral-raise,,,
-430,-240,-583,lateral-raise,,,
-411,-234,-617,lateral-raise,,,
-420,-195,-655,lateral-raise,,,
-388,-196,-664,lateral-raise,,,
-376,-206,-705,lateral-raise,,,
-359,-225,-743,lateral-raise,,,
-341,-210,-758,lateral-raise,,,
-314,-200,-782,lateral-raise,,,
-241,-195,-787,lateral-raise,,,
-188,-177,-815,lateral-raise,,,
-146,-183,-847,lateral-raise,,,
-109,-149,-808,lateral-raise,,,
-50,-97,-822,lateral-raise,,,
2,-80,-829,lateral-raise,,,
42,-76,-838,lateral-raise,,,
72,-51,-839,lateral-raise,,,
120,-44,-876,lateral-raise,,,
164,-44,-917,lateral-raise,,,
186,-10,-914,lateral-raise,,,
222,12,-925,lateral-raise,,,
260,11,-936,lateral-raise,,,
304,26,-974,lateral-raise,,,
352,37,-972,lateral-raise,,,
409,26,-920,lateral-raise,,,
465,30,-880,lateral-raise,,,
533,56,-928,lateral-raise,,,
574,56,-958,lateral-raise,,,
586,58,-954,lateral-raise,,,
628,60,-954,lateral-raise,,,
636,50,-950,lateral-raise,,,
698,52,-981,lateral-raise,,,
711,50,-921,lateral-raise,,,
742,87,-850,lateral-raise,,,
769,80,-916,lateral-raise,,,
777,81,-851,lateral-raise,,,
792,88,-824,lateral-raise,,,
842,87,-823,lateral-raise,,,
796,81,-805,lateral-raise,,,
841,91,-699,lateral-raise,,,
856,125,-746,lateral-raise,,,
865,65,-781,lateral-raise,,,
912,88,-680,lateral-raise,,,
904,120,-648,lateral-raise,,,
904,97,-609,lateral-raise,,,
919,88,-692,lateral-raise,,,
920,95,-599,lateral-raise,,,
927,96,-570,lateral-raise,,,
921,103,-625,lateral-raise,,,
934,118,-541,lateral-raise,,,
929,106,-535,lateral-raise,,,
928,131,-469,lateral-raise,,,
915,103,-430,lateral-raise,,,
925,109,-405,lateral-raise,,,
940,100,-456,lateral-raise,,,
956,96,-472,lateral-raise,,,
954,96,-413,lateral-raise,,,
958,130,-392,lateral-raise,,,
971,116,-409,lateral-raise,,,
976,82,-448,lateral-raise,,,
976,93,-406,lateral-raise,,,
986,114,-381,lateral-raise,,,
982,110,-354,lateral-raise,,,
976,104,-374,lateral-raise,,,
948,104,-400,lateral-raise,,,
924,104,-373,lateral-raise,,,
920,104,-369,lateral-raise,,,
924,108,-376,lateral-raise,,,
928,104,-336,lateral-raise,,,
936,104,-289,lateral-raise,,,
951,94,-320,lateral-raise,,,
988,100,-436,lateral-raise,,,
1054,136,-505,lateral-raise,,,
1122,146,-525,lateral-raise,,,
1160,166,-635,lateral-raise,,,
1148,156,-785,lateral-raise,,,
1123,125,-840,lateral-raise,,,
1109,126,-829,lateral-raise,,,
1106,111,-899,lateral-raise,,,
1112,114,-933,lateral-raise,,,
1116,99,-875,lateral-raise,,,
1138,154,-902,lateral-raise,,,
1173,162,-865,lateral-raise,,,
1195,160,-739,lateral-raise,,,
1214,134,-693,lateral-raise,,,
1236,152,-852,lateral-raise,,,
1215,119,-823,lateral-raise,,,
1200,157,-773,lateral-raise,,,
1141,136,-805,lateral-raise,,,
1117,140,-774,lateral-raise,,,
1085,184,-759,lateral-raise,,,
1039,182,-844,lateral-raise,,,
1013,144,-768,lateral-raise,,,
920,136,-761,lateral-raise,,,
872,112,-815,lateral-raise,,,
787,73,-878,lateral-raise,,,
685,26,-857,lateral-raise,,,
628,2,-931,lateral-raise,,,
507,80,-673,lateral-raise,,,
446,67,-648,lateral-raise,,,
405,99,-620,lateral-raise,,,
318,29,-636,lateral-raise,,,
237,49,-593,lateral-raise,,,
178,23,-623,lateral-raise,,,
124,29,-657,lateral-raise,,,
62,20,-695,lateral-raise,,,
0,-2,-577,lateral-raise,,,
-51,-8,-583,lateral-raise,,,
-75,-42,-606,lateral-raise,,,
-130,-34,-558,lateral-raise,,,
-174,-62,-520,lateral-raise,,,
-205,-80,-523,lateral-raise,,,
-241,-100,-523,lateral-raise,,,
-261,-107,-560,lateral-raise,,,
-278,-104,-522,lateral-raise,,,
-297,-95,-508,lateral-raise,,,
-322,-97,-506,lateral-raise,,,
-340,-104,-484,lateral-raise,,,
-352,-112,-492,lateral-raise,,,
-396,-108,-508,lateral-raise,,,
-420,-123,-531,lateral-raise,,,
-412,-145,-556,lateral-raise,,,
-416,-132,-539,lateral-raise,,,
-423,-125,-536,lateral-raise,,,
-438,-120,-555,lateral-raise,,,
-442,-111,-554,lateral-raise,,,
-423,-108,-567,lateral-raise,,,
-394,-131,-541,lateral-raise,,,
-363,-120,-568,lateral-raise,,,
-357,-90,-600,lateral-raise,,,
-361,-101,-607,lateral-raise,,,
-331,-106,-637,lateral-raise,,,
-298,-86,-674,lateral-raise,,,
-293,-78,-676,lateral-raise,,,
-246,-65,-666,lateral-raise,,,
-198,-40,-672,lateral-raise,,,
-149,-39,-683,lateral-raise,,,
-129,-34,-738,lateral-raise,,,
-83,-43,-748,lateral-raise,,,
-45,-8,-728,lateral-raise,,,
-18,-6,-791,lateral-raise,,,
41,18,-780,lateral-raise,,,
59,39,-842,lateral-raise,,,
113,25,-880,lateral-raise,,,
160,72,-888,lateral-raise,,,
192,88,-816,lateral-raise,,,
192,88,-816,lateral-raise,,,
223,111,-909,lateral-raise,,,
285,120,-889,lateral-raise,,,
303,113,-895,lateral-raise,,,
377,141,-918,lateral-raise,,,
441,173,-927,lateral-raise,,,
434,190,-900,lateral-raise,,,
493,253,-882,lateral-raise,,,
537,257,-880,lateral-raise,,,
570,282,-808,lateral-raise,,,
646,275,-811,lateral-raise,,,
695,260,-853,lateral-raise,,,
776,256,-918,lateral-raise,,,
824,268,-889,lateral-raise,,,
861,272,-849,lateral-raise,,,
872,272,-807,lateral-raise,,,
899,283,-711,lateral-raise,,,
928,283,-761,lateral-raise,,,
941,280,-757,lateral-raise,,,
959,275,-674,lateral-raise,,,
963,277,-640,lateral-raise,,,
979,289,-682,lateral-raise,,,
970,269,-636,lateral-raise,,,
965,244,-606,lateral-raise,,,
976,236,-561,lateral-raise,,,
984,236,-496,lateral-raise,,,
988,240,-534,lateral-raise,,,
969,244,-521,lateral-raise,,,
959,244,-442,lateral-raise,,,
965,237,-407,lateral-raise,,,
970,232,-400,lateral-raise,,,
981,229,-387,lateral-raise,,,
985,224,-340,lateral-raise,,,
1003,227,-371,lateral-raise,,,
1011,235,-382,lateral-raise,,,
1014,235,-343,lateral-raise,,,
1006,215,-288,lateral-raise,,,
1000,194,-235,lateral-raise,,,
1000,196,-208,lateral-raise,,,
998,189,-237,lateral-raise,,,
990,210,-254,lateral-raise,,,
980,216,-244,lateral-raise,,,
959,217,-227,lateral-raise,,,
948,222,-231,lateral-raise,,,
931,207,-183,lateral-raise,,,
951,197,-231,lateral-raise,,,
943,169,-225,lateral-raise,,,
930,97,-239,lateral-raise,,,
962,106,-339,lateral-raise,,,
995,146,-400,lateral-raise,,,
1081,225,-418,lateral-raise,,,
1215,351,-622,lateral-raise,,,
1239,321,-694,lateral-raise,,,
1225,252,-628,lateral-raise,,,
1217,203,-557,lateral-raise,,,
1209,222,-720,lateral-raise,,,
1201,281,-757,lateral-raise,,,
1228,302,-802,lateral-raise,,,
1252,284,-822,lateral-raise,,,
1316,293,-864,lateral-raise,,,
1387,283,-924,lateral-raise,,,
1451,286,-644,lateral-raise,,,
1495,251,-525,lateral-raise,,,
1498,288,-651,lateral-raise,,,
1461,333,-655,lateral-raise,,,
1391,333,-697,lateral-raise,,,
1329,334,-703,lateral-raise,,,
1263,298,-674,lateral-raise,,,
1187,285,-706,lateral-raise,,,
1129,278,-743,lateral-raise,,,
1053,272,-648,lateral-raise,,,
963,253,-617,lateral-raise,,,
840,249,-635,lateral-raise,,,
718,220,-641,lateral-raise,,,
590,205,-652,lateral-raise,,,
491,187,-656,lateral-raise,,,
416,176,-636,lateral-raise,,,
333,157,-643,lateral-raise,,,
270,116,-624,lateral-raise,,,
229,105,-610,lateral-raise,,,
189,83,-610,lateral-raise,,,
123,77,-520,lateral-raise,,,
68,72,-484,lateral-raise,,,
25,32,-479,lateral-raise,,,
-32,16,-515,lateral-raise,,,
-77,-8,-523,lateral-raise,,,
-114,-4,-491,lateral-raise,,,
-138,-34,-471,lateral-raise,,,
-163,-59,-456,lateral-raise,,,
-230,-100,-494,lateral-raise,,,
-281,-69,-527,lateral-raise,,,
-314,-90,-517,lateral-raise,,,
-314,-97,-593,lateral-raise,,,
-289,-105,-563,lateral-raise,,,
-308,-111,-561,lateral-raise,,,
-371,-105,-479,lateral-raise,,,
-339,-115,-515,lateral-raise,,,
-367,-142,-414,lateral-raise,,,
-354,-122,-480,lateral-raise,,,
-376,-144,-486,lateral-raise,,,
-368,-145,-599,lateral-raise,,,
-360,-184,-560,lateral-raise,,,
-368,-160,-528,lateral-raise,,,
-345,-144,-520,lateral-raise,,,
-352,-129,-566,lateral-raise,,,
-389,-106,-628,lateral-raise,,,
-348,-97,-676,lateral-raise,,,
-315,-103,-666,lateral-raise,,,
-284,-104,-650,lateral-raise,,,
-212,-77,-696,lateral-raise,,,
-167,-65,-644,lateral-raise,,,
-134,-57,-671,lateral-raise,,,
-103,-56,-769,lateral-raise,,,
-71,-87,-773,lateral-raise,,,
-34,-54,-702,lateral-raise,,,
29,-40,-768,lateral-raise,,,
54,-80,-806,lateral-raise,,,
50,-29,-814,lateral-raise,,,
108,-70,-897,lateral-raise,,,
189,-46,-831,lateral-raise,,,
221,4,-909,lateral-raise,,,
298,-4,-910,lateral-raise,,,
349,-26,-816,lateral-raise,,,
394,-9,-844,lateral-raise,,,
446,26,-875,lateral-raise,,,
499,31,-834,lateral-raise,,,
549,16,-833,lateral-raise,,,
580,20,-832,lateral-raise,,,
623,28,-785,lateral-raise,,,
678,20,-834,lateral-raise,,,
722,27,-874,lateral-raise,,,
757,30,-762,lateral-raise,,,
802,19,-711,lateral-raise,,,
858,15,-744,lateral-raise,,,
900,3,-729,lateral-raise,,,
939,13,-701,lateral-raise,,,
984,24,-717,lateral-raise,,,
998,22,-728,lateral-raise,,,
1003,21,-647,lateral-raise,,,
1038,38,-613,lateral-raise,,,
1058,54,-598,lateral-raise,,,
1068,43,-627,lateral-raise,,,
1075,27,-566,lateral-raise,,,
1059,39,-514,lateral-raise,,,
1076,27,-576,lateral-raise,,,
1096,9,-485,lateral-raise,,,
1097,71,-435,lateral-raise,,,
1103,117,-507,lateral-raise,,,
1097,88,-454,lateral-raise,,,
1110,85,-354,lateral-raise,,,
1088,49,-385,lateral-raise,,,
1080,71,-407,lateral-raise,,,
1080,48,-359,lateral-raise,,,
1064,64,-257,lateral-raise,,,
1072,95,-240,lateral-raise,,,
1057,126,-210,lateral-raise,,,
1049,158,-238,lateral-raise,,,
1033,131,-247,lateral-raise,,,
1018,99,-205,lateral-raise,,,
1030,110,-137,lateral-raise,,,
1012,126,-87,lateral-raise,,,
1028,115,-153,lateral-raise,,,
1032,119,-135,lateral-raise,,,
1032,114,-128,lateral-raise,,,
1032,112,-171,lateral-raise,,,
1026,112,-202,lateral-raise,,,
995,100,-179,lateral-raise,,,
973,85,-174,lateral-raise,,,
990,69,-248,lateral-raise,,,
1005,59,-383,lateral-raise,,,
1013,61,-416,lateral-raise,,,
1052,100,-377,lateral-raise,,,
1112,135,-469,lateral-raise,,,
1146,144,-665,lateral-raise,,,
1157,144,-724,lateral-raise,,,
1173,153,-677,lateral-raise,,,
1210,151,-665,lateral-raise,,,
1240,144,-680,lateral-raise,,,
1292,152,-752,lateral-raise,,,
1336,175,-731,lateral-raise,,,
1369,174,-636,lateral-raise,,,
1464,124,-611,lateral-raise,,,
1556,101,-567,lateral-raise,,,
1584,130,-567,lateral-raise,,,
1584,147,-652,lateral-raise,,,
1564,146,-687,lateral-raise,,,
1506,136,-608,lateral-raise,,,
1443,139,-637,lateral-raise,,,
1373,144,-688,lateral-raise,,,
1289,151,-712,lateral-raise,,,
1215,162,-643,lateral-raise,,,
1146,154,-666,lateral-raise,,,
1062,173,-655,lateral-raise,,,
980,133,-682,lateral-raise,,,
891,119,-672,lateral-raise,,,
808,109,-608,lateral-raise,,,
675,87,-644,lateral-raise,,,
588,33,-617,lateral-raise,,,
494,40,-579,lateral-raise,,,
400,40,-664,lateral-raise,,,
311,38,-584,lateral-raise,,,
181,16,-580,lateral-raise,,,
118,8,-513,lateral-raise,,,
48,16,-560,lateral-raise,,,
-8,-8,-520,lateral-raise,,,
-8,-8,-520,lateral-raise,,,
-24,-24,-504,lateral-raise,,,
-77,6,-413,lateral-raise,,,
-117,-14,-408,lateral-raise,,,
-142,-45,-437,lateral-raise,,,
-201,-69,-419,lateral-raise,,,
-215,-65,-500,lateral-raise,,,
-243,-98,-376,lateral-raise,,,
-288,-131,-392,lateral-raise,,,
-335,-129,-452,lateral-raise,,,
-357,-166,-451,lateral-raise,,,
-379,-151,-491,lateral-raise,,,
-390,-132,-468,lateral-raise,,,
-433,-146,-527,lateral-raise,,,
-442,-181,-546,lateral-raise,,,
-457,-186,-477,lateral-raise,,,
-480,-146,-453,lateral-raise,,,
-462,-175,-456,lateral-raise,,,
-458,-175,-487,lateral-raise,,,
-454,-175,-484,lateral-raise,,,
-443,-179,-505,lateral-raise,,,
-449,-171,-574,lateral-raise,,,
-447,-168,-586,lateral-raise,,,
-440,-177,-525,lateral-raise,,,
-436,-167,-521,lateral-raise,,,
-416,-152,-572,lateral-raise,,,
-392,-148,-642,lateral-raise,,,
-351,-133,-718,lateral-raise,,,
-298,-120,-716,lateral-raise,,,
-243,-120,-660,lateral-raise,,,
-166,-107,-629,lateral-raise,,,
-100,-79,-700,lateral-raise,,,
-33,-58,-839,lateral-raise,,,
22,-45,-809,lateral-raise,,,
51,-37,-701,lateral-raise,,,
56,-32,-723,lateral-raise,,,
45,-23,-782,lateral-raise,,,
27,0,-799,lateral-raise,,,
74,6,-856,lateral-raise,,,
144,19,-837,lateral-raise,,,
205,15,-854,lateral-raise,,,
242,71,-855,lateral-raise,,,
324,64,-880,lateral-raise,,,
352,70,-840,lateral-raise,,,
408,103,-838,lateral-raise,,,
468,99,-828,lateral-raise,,,
508,127,-872,lateral-raise,,,
549,112,-955,lateral-raise,,,
619,114,-878,lateral-raise,,,
682,162,-840,lateral-raise,,,
736,216,-841,lateral-raise,,,
760,192,-927,lateral-raise,,,
838,254,-850,lateral-raise,,,
832,264,-848,lateral-raise,,,
839,286,-841,lateral-raise,,,
898,303,-898,lateral-raise,,,
897,290,-883,lateral-raise,,,
924,316,-692,lateral-raise,,,
962,313,-705,lateral-raise,,,
995,299,-652,lateral-raise,,,
1013,296,-633,lateral-raise,,,
1010,290,-657,lateral-raise,,,
989,269,-571,lateral-raise,,,
966,282,-484,lateral-raise,,,
972,276,-552,lateral-raise,,,
993,272,-527,lateral-raise,,,
1006,261,-376,lateral-raise,,,
1013,240,-352,lateral-raise,,,
1016,253,-389,lateral-raise,,,
1011,249,-385,lateral-raise,,,
1018,240,-292,lateral-raise,,,
1024,250,-269,lateral-raise,,,
1019,256,-330,lateral-raise,,,
1020,252,-333,lateral-raise,,,
1024,252,-299,lateral-raise,,,
1016,252,-263,lateral-raise,,,
1012,244,-228,lateral-raise,,,
1024,232,-216,lateral-raise,,,
1036,224,-216,lateral-raise,,,
1040,220,-220,lateral-raise,,,
1037,216,-200,lateral-raise,,,
1032,213,-168,lateral-raise,,,
1029,199,-168,lateral-raise,,,
1015,184,-165,lateral-raise,,,
1000,179,-165,lateral-raise,,,
995,168,-168,lateral-raise,,,
979,151,-169,lateral-raise,,,
966,126,-206,lateral-raise,,,
958,158,-208,lateral-raise,,,
956,150,-246,lateral-raise,,,
970,155,-297,lateral-raise,,,
986,197,-331,lateral-raise,,,
1034,215,-359,lateral-raise,,,
1088,208,-455,lateral-raise,,,
1132,209,-597,lateral-raise,,,
1152,216,-534,lateral-raise,,,
1155,214,-524,lateral-raise,,,
1178,201,-566,lateral-raise,,,
1197,216,-627,lateral-raise,,,
1162,217,-568,lateral-raise,,,
1193,233,-718,lateral-raise,,,
1216,272,-656,lateral-raise,,,
1280,248,-688,lateral-raise,,,
1389,170,-649,lateral-raise,,,
1392,191,-602,lateral-raise,,,
1429,199,-600,lateral-raise,,,
1447,178,-629,lateral-raise,,,
1384,233,-589,lateral-raise,,,
1355,219,-633,lateral-raise,,,
1311,216,-688,lateral-raise,,,
1291,229,-656,lateral-raise,,,
1255,239,-700,lateral-raise,,,
1178,221,-725,lateral-raise,,,
1129,210,-747,lateral-raise,,,
1084,232,-782,lateral-raise,,,
990,234,-698,lateral-raise,,,
926,209,-521,lateral-raise,,,
834,206,-497,lateral-raise,,,
730,154,-620,lateral-raise,,,
622,112,-625,lateral-raise,,,
528,104,-661,lateral-raise,,,
407,99,-656,lateral-raise,,,
319,91,-646,lateral-raise,,,
250,88,-670,lateral-raise,,,
176,66,-676,lateral-raise,,,
92,44,-594,lateral-raise,,,
27,23,-599,lateral-raise,,,
-28,12,-644,lateral-raise,,,
-87,12,-624,lateral-raise,,,
-108,12,-606,lateral-raise,,,
-129,-2,-573,lateral-raise,,,
-194,-21,-526,lateral-raise,,,
-250,-19,-496,lateral-raise,,,
-261,-39,-535,lateral-raise,,,
-288,-70,-545,lateral-raise,,,
-333,-80,-542,lateral-raise,,,
-335,-77,-543,lateral-raise,,,
-382,-87,-463,lateral-raise,,,
-381,-122,-475,lateral-raise,,,
-405,-117,-445,lateral-raise,,,
-438,-98,-423,lateral-raise,,,
-437,-137,-522,lateral-raise,,,
-463,-168,-525,lateral-raise,,,
-489,-168,-505,lateral-raise,,,
-496,-164,-484,lateral-raise,,,
-496,-153,-543,lateral-raise,,,
-497,-202,-532,lateral-raise,,,
-507,-163,-508,lateral-raise,,,
-527,-182,-540,lateral-raise,,,
-518,-160,-499,lateral-raise,,,
-496,-160,-533,lateral-raise,,,
-495,-152,-473,lateral-raise,,,
-463,-136,-521,lateral-raise,,,
-409,-160,-575,lateral-raise,,,
-392,-137,-646,lateral-raise,,,
-392,-151,-663,lateral-raise,,,
-355,-130,-604,lateral-raise,,,
-294,-113,-636,lateral-raise,,,
-274,-155,-633,lateral-raise,,,
-223,-118,-660,lateral-raise,,,
-175,-119,-780,lateral-raise,,,
-115,-140,-840,lateral-raise,,,
-111,-111,-718,lateral-raise,,,
-29,-104,-720,lateral-raise,,,
23,-98,-709,lateral-raise,,,
32,-84,-789,lateral-raise,,,
50,-56,-787,lateral-raise,,,
67,-37,-805,lateral-raise,,,
111,-38,-855,lateral-raise,,,
155,-29,-807,lateral-raise,,,
200,-13,-813,lateral-raise,,,
257,33,-903,lateral-raise,,,
320,41,-934,lateral-raise,,,
368,46,-828,lateral-raise,,,
449,75,-853,lateral-raise,,,
487,43,-889,lateral-raise,,,
506,34,-795,lateral-raise,,,
565,81,-778,lateral-raise,,,
620,124,-876,lateral-raise,,,
652,129,-936,lateral-raise,,,
693,130,-881,lateral-raise,,,
728,141,-823,lateral-raise,,,
762,115,-792,lateral-raise,,,
850,90,-736,lateral-raise,,,
930,98,-797,lateral-raise,,,
963,119,-852,lateral-raise,,,
968,88,-727,lateral-raise,,,
978,77,-642,lateral-raise,,,
1000,108,-657,lateral-raise,,,
1002,80,-631,lateral-raise,,,
1023,86,-602,lateral-raise,,,
1058,108,-602,lateral-raise,,,
1042,120,-633,lateral-raise,,,
1048,118,-521,lateral-raise,,,
1052,112,-415,lateral-raise,,,
1069,112,-472,lateral-raise,,,
1055,108,-421,lateral-raise,,,
1047,90,-364,lateral-raise,,,
1038,101,-383,lateral-raise,,,
1025,81,-306,lateral-raise,,,
1041,97,-330,lateral-raise,,,
1056,105,-357,lateral-raise,,,
1056,128,-295,lateral-raise,,,
1072,112,-272,lateral-raise,,,
1048,120,-240,lateral-raise,,,
1071,112,-248,lateral-raise,,,
1064,135,-263,lateral-raise,,,
1042,129,-152,lateral-raise,,,
1040,106,-151,lateral-raise,,,
1047,97,-188,lateral-raise,,,
1034,68,-136,lateral-raise,,,
1032,78,-94,lateral-raise,,,
1032,87,-135,lateral-raise,,,
1025,127,-124,lateral-raise,,,
1030,111,-95,lateral-raise,,,
1020,104,-94,lateral-raise,,,
1016,104,-66,lateral-raise,,,
1016,116,-74,lateral-raise,,,
1016,114,-51,lateral-raise,,,
1010,106,-34,lateral-raise,,,
1013,115,-43,lateral-raise,,,
1000,146,-59,lateral-raise,,,
992,155,-84,lateral-raise,,,
987,132,-101,lateral-raise,,,
989,106,-142,lateral-raise,,,
992,101,-224,lateral-raise,,,
996,77,-255,lateral-raise,,,
1009,82,-235,lateral-raise,,,
1037,154,-328,lateral-raise,,,
1088,236,-424,lateral-raise,,,
1143,241,-474,lateral-raise,,,
1179,204,-550,lateral-raise,,,
1220,193,-572,lateral-raise,,,
1273,187,-605,lateral-raise,,,
1322,198,-682,lateral-raise,,,
1375,199,-705,lateral-raise,,,
1412,193,-680,lateral-raise,,,
1421,197,-666,lateral-raise,,,
1395,173,-622,lateral-raise,,,
1386,173,-596,lateral-raise,,,
1385,177,-624,lateral-raise,,,
1364,160,-622,lateral-raise,,,
1360,162,-624,lateral-raise,,,
1375,170,-639,lateral-raise,,,
1346,171,-623,lateral-raise,,,
1352,149,-695,lateral-raise,,,
1337,135,-735,lateral-raise,,,
1259,127,-609,lateral-raise,,,
1226,128,-613,lateral-raise,,,
1175,184,-585,lateral-raise,,,
1097,180,-531,lateral-raise,,,
1016,133,-570,lateral-raise,,,
906,96,-710,lateral-raise,,,
789,87,-665,lateral-raise,,,
687,48,-688,lateral-raise,,,
609,48,-656,lateral-raise,,,
499,48,-617,lateral-raise,,,
405,56,-586,lateral-raise,,,
303,26,-636,lateral-raise,,,
230,17,-596,lateral-raise,,,
174,2,-613,lateral-raise,,,
77,28,-518,lateral-raise,,,
64,12,-552,lateral-raise,,,
24,21,-533,lateral-raise,,,
-10,-35,-567,lateral-raise,,,
-35,-48,-576,lateral-raise,,,
-121,-54,-514,lateral-raise,,,
-138,-74,-478,lateral-raise,,,
-207,-45,-360,lateral-raise,,,
-261,-49,-520,lateral-raise,,,
-300,-56,-600,lateral-raise,,,
-312,-72,-681,lateral-raise,,,
-296,-101,-662,lateral-raise,,,
-319,-117,-566,lateral-raise,,,
-356,-115,-533,lateral-raise,,,
-401,-136,-503,lateral-raise,,,
-443,-138,-461,lateral-raise,,,
-465,-141,-497,lateral-raise,,,
-442,-165,-601,lateral-raise,,,
-428,-193,-585,lateral-raise,,,
-456,-204,-504,lateral-raise,,,
-445,-185,-503,lateral-raise,,,
-420,-175,-520,lateral-raise,,,
-420,-188,-524,lateral-raise,,,
-419,-189,-518,lateral-raise,,,
-427,-171,-536,lateral-raise,,,
-420,-149,-602,lateral-raise,,,
-397,-138,-658,lateral-raise,,,
-381,-136,-688,lateral-raise,,,
-350,-142,-648,lateral-raise,,,
-323,-120,-615,lateral-raise,,,
-292,-120,-619,lateral-raise,,,
-238,-118,-720,lateral-raise,,,
-226,-108,-702,lateral-raise,,,
-197,-98,-733,lateral-raise,,,
-148,-97,-768,lateral-raise,,,
-98,-71,-736,lateral-raise,,,
-65,-57,-737,lateral-raise,,,
-25,-22,-742,lateral-raise,,,
22,-6,-728,lateral-raise,,,
72,3,-748,lateral-raise,,,
141,-37,-906,lateral-raise,,,
194,-8,-844,lateral-raise,,,
218,-7,-793,lateral-raise,,,
265,9,-813,lateral-raise,,,
288,40,-712,lateral-raise,,,
360,40,-896,lateral-raise,,,
360,40,-896,lateral-raise,,,
414,56,-849,lateral-raise,,,
401,71,-764,lateral-raise,,,
407,72,-849,lateral-raise,,,
503,101,-812,lateral-raise,,,
562,125,-722,lateral-raise,,,
610,149,-677,lateral-raise,,,
691,132,-747,lateral-raise,,,
777,155,-767,lateral-raise,,,
799,173,-761,lateral-raise,,,
844,176,-665,lateral-raise,,,
899,188,-721,lateral-raise,,,
930,174,-714,lateral-raise,,,
965,174,-675,lateral-raise,,,
999,205,-721,lateral-raise,,,
1030,177,-655,lateral-raise,,,
1040,176,-573,lateral-raise,,,
1087,189,-578,lateral-raise,,,
1107,207,-541,lateral-raise,,,
1109,206,-556,lateral-raise,,,
1117,171,-517,lateral-raise,,,
1139,189,-463,lateral-raise,,,
1134,234,-474,lateral-raise,,,
1116,244,-432,lateral-raise,,,
1124,228,-388,lateral-raise,,,
1132,204,-356,lateral-raise,,,
1116,196,-328,lateral-raise,,,
1111,200,-340,lateral-raise,,,
1124,186,-309,lateral-raise,,,
1138,178,-251,lateral-raise,,,
1149,198,-219,lateral-raise,,,
1141,208,-218,lateral-raise,,,
1133,208,-231,lateral-raise,,,
1123,203,-203,lateral-raise,,,
1102,189,-200,lateral-raise,,,
1073,184,-169,lateral-raise,,,
1049,184,-138,lateral-raise,,,
1026,186,-142,lateral-raise,,,
1002,194,-134,lateral-raise,,,
979,202,-126,lateral-raise,,,
958,208,-120,lateral-raise,,,
951,208,-119,lateral-raise,,,
945,209,-111,lateral-raise,,,
952,215,-99,lateral-raise,,,
951,206,-70,lateral-raise,,,
944,195,-54,lateral-raise,,,
944,215,-41,lateral-raise,,,
945,202,-46,lateral-raise,,,
960,224,-24,lateral-raise,,,
960,232,-16,lateral-raise,,,
952,224,-16,lateral-raise,,,
920,200,-32,lateral-raise,,,
912,231,-48,lateral-raise,,,
889,224,-56,lateral-raise,,,
866,231,-49,lateral-raise,,,
842,203,-19,lateral-raise,,,
811,186,-2,lateral-raise,,,
808,184,-7,lateral-raise,,,
794,191,40,lateral-raise,,,
799,192,8,lateral-raise,,,
800,185,46,lateral-raise,,,
806,184,50,lateral-raise,,,
783,165,29,lateral-raise,,,
788,124,48,lateral-raise,,,
763,118,85,lateral-raise,,,
763,120,33,lateral-raise,,,
790,109,-31,lateral-raise,,,
822,104,-59,lateral-raise,,,
821,115,-32,lateral-raise,,,
801,105,9,lateral-raise,,,
797,106,39,lateral-raise,,,
805,93,15,lateral-raise,,,
808,75,1,lateral-raise,,,
808,85,-5,lateral-raise,,,
812,92,14,lateral-raise,,,
812,84,32,lateral-raise,,,
800,100,40,lateral-raise,,,
811,120,48,lateral-raise,,,
854,105,18,lateral-raise,,,
891,92,-4,lateral-raise,,,
901,86,27,lateral-raise,,,
922,72,54,lateral-raise,,,
975,81,52,lateral-raise,,,
997,111,52,lateral-raise,,,
1000,122,27,lateral-raise,,,
1042,93,20,lateral-raise,,,
1098,98,11,lateral-raise,,,
1111,127,139,lateral-raise,,,
1141,131,138,lateral-raise,,,
1188,112,42,lateral-raise,,,
1229,158,22,lateral-raise,,,
1250,154,83,lateral-raise,,,
1257,151,32,lateral-raise,,,
1260,116,40,lateral-raise,,,
1239,136,85,lateral-raise,,,
1229,135,106,lateral-raise,,,
1207,131,64,lateral-raise,,,
1203,157,58,lateral-raise,,,
1234,130,5,lateral-raise,,,
1254,160,80,lateral-raise,,,
1224,151,87,lateral-raise,,,
1224,128,64,lateral-raise,,,
