shoulders,lateral-raise,-1208,176,152
shoulders,lateral-raise,-1224,176,175
shoulders,lateral-raise,-1262,229,199
shoulders,lateral-raise,-1316,247,155
shoulders,lateral-raise,-1335,255,137
shoulders,lateral-raise,-1343,220,107
shoulders,lateral-raise,-1358,209,90
shoulders,lateral-raise,-1374,235,27
shoulders,lateral-raise,-1383,267,9
shoulders,lateral-raise,-1404,272,1
shoulders,lateral-raise,-1414,278,-19
shoulders,lateral-raise,-1453,286,7
shoulders,lateral-raise,-1476,264,-238
shoulders,lateral-raise,-1321,191,-32
shoulders,lateral-raise,-1207,552,-14
shoulders,lateral-raise,-1217,804,-65
shoulders,lateral-raise,-1362,512,15
shoulders,lateral-raise,-1519,152,214
shoulders,lateral-raise,-1634,23,209
shoulders,lateral-raise,-1687,112,-38
shoulders,lateral-raise,-1653,291,-131
shoulders,lateral-raise,-1596,373,-52
shoulders,lateral-raise,-1576,358,59
shoulders,lateral-raise,-1554,301,138
shoulders,lateral-raise,-1511,227,110
shoulders,lateral-raise,-1468,176,48
shoulders,lateral-raise,-1436,168,9
shoulders,lateral-raise,-1413,169,17
shoulders,lateral-raise,-1375,174,42
shoulders,lateral-raise,-1320,165,-10
shoulders,lateral-raise,-1269,141,-27
shoulders,lateral-raise,-1212,166,22
shoulders,lateral-raise,-1136,147,3
shoulders,lateral-raise,-1047,88,-29
shoulders,lateral-raise,-950,64,24
shoulders,lateral-raise,-848,46,68
shoulders,lateral-raise,-751,40,89
shoulders,lateral-raise,-665,40,76
shoulders,lateral-raise,-594,54,82
shoulders,lateral-raise,-571,91,46
shoulders,lateral-raise,-544,72,4
shoulders,lateral-raise,-506,79,68
shoulders,lateral-raise,-475,100,15
shoulders,lateral-raise,-446,39,10
shoulders,lateral-raise,-435,37,26
shoulders,lateral-raise,-457,82,36
shoulders,lateral-raise,-466,171,-3
shoulders,lateral-raise,-488,199,-33
shoulders,lateral-raise,-489,184,-42
shoulders,lateral-raise,-505,192,-71
shoulders,lateral-raise,-544,176,-31
shoulders,lateral-raise,-584,160,79
shoulders,lateral-raise,-662,144,18
shoulders,lateral-raise,-748,197,-68
shoulders,lateral-raise,-797,170,-42
shoulders,lateral-raise,-917,234,-273
shoulders,lateral-raise,-978,204,-517
shoulders,lateral-raise,-1047,193,-446
shoulders,lateral-raise,-1090,219,-528
shoulders,lateral-raise,-1143,197,-664
shoulders,lateral-raise,-1185,212,-714
shoulders,lateral-raise,-1230,216,-764
shoulders,lateral-raise,-1246,253,-764
shoulders,lateral-raise,-1278,258,-730
shoulders,lateral-raise,-1300,256,-767
shoulders,lateral-raise,-1338,285,-795
shoulders,lateral-raise,-1391,335,-767
shoulders,lateral-raise,-1484,341,-784
shoulders,lateral-raise,-1531,341,-726
shoulders,lateral-raise,-1556,334,-657
shoulders,lateral-raise,-1528,343,-714
shoulders,lateral-raise,-1451,347,-722
shoulders,lateral-raise,-1370,363,-659
shoulders,lateral-raise,-1309,376,-681
shoulders,lateral-raise,-1236,372,-677
shoulders,lateral-raise,-1146,347,-644
shoulders,lateral-raise,-1064,340,-692
shoulders,lateral-raise,-978,329,-724
shoulders,lateral-raise,-895,297,-712
shoulders,lateral-raise,-814,299,-656
shoulders,lateral-raise,-706,315,-608
shoulders,lateral-raise,-606,291,-666
shoulders,lateral-raise,-534,251,-676
shoulders,lateral-raise,-454,250,-652
shoulders,lateral-raise,-375,218,-650
shoulders,lateral-raise,-278,181,-548
shoulders,lateral-raise,-181,192,-459
shoulders,lateral-raise,-104,190,-408
shoulders,lateral-raise,-58,167,-454
shoulders,lateral-raise,-24,112,-450
shoulders,lateral-raise,47,81,-366
shoulders,lateral-raise,133,51,-302
shoulders,lateral-raise,161,31,-295
shoulders,lateral-raise,207,24,-285
shoulders,lateral-raise,246,19,-271
shoulders,lateral-raise,283,-9,-271
shoulders,lateral-raise,307,-19,-322
shoulders,lateral-raise,334,-47,-330
shoulders,lateral-raise,402,-31,-276
shoulders,lateral-raise,434,-20,-432
shoulders,lateral-raise,465,-95,-438
shoulders,lateral-raise,496,-72,-368
shoulders,lateral-raise,536,-72,-416
shoulders,lateral-raise,544,-64,-525
shoulders,lateral-raise,529,-56,-566
shoulders,lateral-raise,528,-86,-546
shoulders,lateral-raise,557,-81,-522
shoulders,lateral-raise,560,-59,-577
shoulders,lateral-raise,574,-42,-570
shoulders,lateral-raise,521,-40,-575
shoulders,lateral-raise,519,-53,-536
shoulders,lateral-raise,474,-49,-606
shoulders,lateral-raise,445,-35,-675
shoulders,lateral-raise,428,-26,-663
shoulders,lateral-raise,406,-24,-656
shoulders,lateral-raise,376,-18,-662
shoulders,lateral-raise,351,-5,-675
shoulders,lateral-raise,327,17,-686
shoulders,lateral-raise,293,56,-737
shoulders,lateral-raise,254,40,-760
shoulders,lateral-raise,235,65,-775
shoulders,lateral-raise,202,68,-804
shoulders,lateral-raise,174,66,-830
shoulders,lateral-raise,126,53,-900
shoulders,lateral-raise,92,62,-917
shoulders,lateral-raise,88,84,-883
shoulders,lateral-raise,55,96,-880
shoulders,lateral-raise,-8,112,-920
shoulders,lateral-raise,-40,112,-921
shoulders,lateral-raise,-73,115,-910
shoulders,lateral-raise,-126,146,-925
shoulders,lateral-raise,-178,181,-919
shoulders,lateral-raise,-214,210,-944
shoulders,lateral-raise,-231,212,-956
shoulders,lateral-raise,-297,201,-910
shoulders,lateral-raise,-344,219,-900
shoulders,lateral-raise,-373,227,-971
shoulders,lateral-raise,-368,232,-978
shoulders,lateral-raise,-386,232,-977
shoulders,lateral-raise,-436,234,-928
shoulders,lateral-raise,-460,250,-862
shoulders,lateral-raise,-501,273,-917
shoulders,lateral-raise,-527,251,-883
shoulders,lateral-raise,-549,265,-895
shoulders,lateral-raise,-539,269,-877
shoulders,lateral-raise,-558,262,-819
shoulders,lateral-raise,-595,294,-789
shoulders,lateral-raise,-618,281,-765
shoulders,lateral-raise,-638,289,-748
shoulders,lateral-raise,-695,298,-776
shoulders,lateral-raise,-683,319,-675
shoulders,lateral-raise,-736,296,-728
shoulders,lateral-raise,-752,312,-736
shoulders,lateral-raise,-784,296,-704
shoulders,lateral-raise,-815,288,-681
shoulders,lateral-raise,-824,288,-650
shoulders,lateral-raise,-831,258,-693
shoulders,lateral-raise,-883,271,-718
shoulders,lateral-raise,-852,279,-606
shoulders,lateral-raise,-869,280,-550
shoulders,lateral-raise,-872,273,-564
shoulders,lateral-raise,-892,285,-595
shoulders,lateral-raise,-909,281,-561
shoulders,lateral-raise,-925,274,-520
shoulders,lateral-raise,-916,253,-518
shoulders,lateral-raise,-924,260,-599
shoulders,lateral-raise,-934,258,-548
shoulders,lateral-raise,-930,267,-486
shoulders,lateral-raise,-939,272,-466
shoulders,lateral-raise,-944,267,-442
shoulders,lateral-raise,-949,264,-437
shoulders,lateral-raise,-957,264,-404
shoulders,lateral-raise,-955,239,-414
shoulders,lateral-raise,-962,210,-403
shoulders,lateral-raise,-949,214,-365
shoulders,lateral-raise,-945,237,-348
shoulders,lateral-raise,-948,244,-335
shoulders,lateral-raise,-948,228,-307
shoulders,lateral-raise,-948,228,-272
shoulders,lateral-raise,-944,228,-264
shoulders,lateral-raise,-944,216,-261
shoulders,lateral-raise,-948,205,-287
shoulders,lateral-raise,-935,185,-329
shoulders,lateral-raise,-918,166,-355
shoulders,lateral-raise,-934,140,-411
shoulders,lateral-raise,-970,132,-445
shoulders,lateral-raise,-1041,174,-548
shoulders,lateral-raise,-1111,203,-679
shoulders,lateral-raise,-1172,181,-751
shoulders,lateral-raise,-1207,183,-777
shoulders,lateral-raise,-1218,160,-808
shoulders,lateral-raise,-1196,150,-846
shoulders,lateral-raise,-1184,122,-870
shoulders,lateral-raise,-1182,131,-813
shoulders,lateral-raise,-1182,144,-836
shoulders,lateral-raise,-1215,141,-837
shoulders,lateral-raise,-1249,127,-750
shoulders,lateral-raise,-1260,121,-787
shoulders,lateral-raise,-1288,130,-799
shoulders,lateral-raise,-1289,143,-727
shoulders,lateral-raise,-1303,130,-714
shoulders,lateral-raise,-1285,158,-736
shoulders,lateral-raise,-1223,128,-735
shoulders,lateral-raise,-1184,144,-704
shoulders,lateral-raise,-1136,144,-712
shoulders,lateral-raise,-1136,144,-712
shoulders,lateral-raise,-1097,121,-728
shoulders,lateral-raise,-1020,120,-751
shoulders,lateral-raise,-979,135,-767
shoulders,lateral-raise,-881,100,-710
shoulders,lateral-raise,-744,132,-640
shoulders,lateral-raise,-693,101,-730
shoulders,lateral-raise,-579,103,-669
shoulders,lateral-raise,-487,131,-669
shoulders,lateral-raise,-413,129,-659
shoulders,lateral-raise,-330,103,-612
shoulders,lateral-raise,-269,84,-650
shoulders,lateral-raise,-220,86,-676
shoulders,lateral-raise,-155,106,-568
shoulders,lateral-raise,-102,101,-602
shoulders,lateral-raise,-60,68,-621
shoulders,lateral-raise,-21,67,-600
shoulders,lateral-raise,66,98,-524
shoulders,lateral-raise,119,71,-559
shoulders,lateral-raise,148,43,-605
shoulders,lateral-raise,184,40,-570
shoulders,lateral-raise,219,17,-488
shoulders,lateral-raise,232,18,-484
shoulders,lateral-raise,249,15,-525
shoulders,lateral-raise,272,-17,-532
shoulders,lateral-raise,284,-20,-512
shoulders,lateral-raise,292,-8,-527
shoulders,lateral-raise,318,-26,-545
shoulders,lateral-raise,348,-41,-514
shoulders,lateral-raise,349,-39,-516
shoulders,lateral-raise,350,-45,-547
shoulders,lateral-raise,360,-37,-555
shoulders,lateral-raise,369,-38,-569
shoulders,lateral-raise,379,-48,-589
shoulders,lateral-raise,368,-48,-597
shoulders,lateral-raise,361,-53,-602
shoulders,lateral-raise,342,-62,-613
shoulders,lateral-raise,332,-58,-607
shoulders,lateral-raise,312,-60,-662
shoulders,lateral-raise,283,-46,-643
shoulders,lateral-raise,261,-42,-677
shoulders,lateral-raise,245,-42,-668
shoulders,lateral-raise,223,-17,-695
shoulders,lateral-raise,174,-25,-735
shoulders,lateral-raise,155,-29,-779
shoulders,lateral-raise,112,-6,-802
shoulders,lateral-raise,42,9,-814
shoulders,lateral-raise,-19,16,-793
shoulders,lateral-raise,-67,15,-802
shoulders,lateral-raise,-121,0,-842
shoulders,lateral-raise,-160,16,-912
shoulders,lateral-raise,-200,48,-944
shoulders,lateral-raise,-200,32,-890
shoulders,lateral-raise,-253,47,-880
shoulders,lateral-raise,-345,55,-843
shoulders,lateral-raise,-381,71,-876
shoulders,lateral-raise,-398,93,-944
shoulders,lateral-raise,-400,96,-952
shoulders,lateral-raise,-441,130,-843
shoulders,lateral-raise,-481,96,-857
shoulders,lateral-raise,-508,114,-890
shoulders,lateral-raise,-550,120,-890
shoulders,lateral-raise,-579,126,-894
shoulders,lateral-raise,-602,134,-938
shoulders,lateral-raise,-637,142,-905
shoulders,lateral-raise,-654,155,-808
shoulders,lateral-raise,-684,166,-765
shoulders,lateral-raise,-718,168,-803
shoulders,lateral-raise,-749,179,-861
shoulders,lateral-raise,-770,189,-860
shoulders,lateral-raise,-766,187,-749
shoulders,lateral-raise,-789,198,-760
shoulders,lateral-raise,-822,199,-776
shoulders,lateral-raise,-845,205,-721
shoulders,lateral-raise,-860,220,-722
shoulders,lateral-raise,-872,220,-752
shoulders,lateral-raise,-888,228,-708
shoulders,lateral-raise,-900,221,-679
shoulders,lateral-raise,-911,215,-652
shoulders,lateral-raise,-924,236,-585
shoulders,lateral-raise,-935,240,-579
shoulders,lateral-raise,-947,246,-568
shoulders,lateral-raise,-955,244,-541
shoulders,lateral-raise,-963,236,-524
shoulders,lateral-raise,-963,251,-488
shoulders,lateral-raise,-955,248,-451
shoulders,lateral-raise,-972,266,-435
shoulders,lateral-raise,-993,263,-429
shoulders,lateral-raise,-978,238,-415
shoulders,lateral-raise,-976,228,-344
shoulders,lateral-raise,-957,223,-346
shoulders,lateral-raise,-974,251,-357
shoulders,lateral-raise,-967,261,-358
shoulders,lateral-raise,-963,247,-275
shoulders,lateral-raise,-978,239,-247
shoulders,lateral-raise,-994,230,-240
shoulders,lateral-raise,-1006,216,-234
shoulders,lateral-raise,-991,216,-187
shoulders,lateral-raise,-983,217,-216
shoulders,lateral-raise,-976,224,-214
shoulders,lateral-raise,-976,215,-176
shoulders,lateral-raise,-968,192,-192
shoulders,lateral-raise,-968,200,-160
shoulders,lateral-raise,-960,200,-183
shoulders,lateral-raise,-975,200,-245
shoulders,lateral-raise,-969,193,-233
shoulders,lateral-raise,-968,192,-239
shoulders,lateral-raise,-975,178,-326
shoulders,lateral-raise,-983,169,-406
shoulders,lateral-raise,-984,188,-416
shoulders,lateral-raise,-997,192,-436
shoulders,lateral-raise,-1052,225,-492
shoulders,lateral-raise,-1108,226,-561
shoulders,lateral-raise,-1139,212,-564
shoulders,lateral-raise,-1168,220,-602
shoulders,lateral-raise,-1205,200,-651
shoulders,lateral-raise,-1222,232,-681
shoulders,lateral-raise,-1257,237,-677
shoulders,lateral-raise,-1294,243,-699
shoulders,lateral-raise,-1336,253,-765
shoulders,lateral-raise,-1352,225,-705
shoulders,lateral-raise,-1322,213,-646
shoulders,lateral-raise,-1299,211,-659
shoulders,lateral-raise,-1296,240,-728
shoulders,lateral-raise,-1327,260,-741
shoulders,lateral-raise,-1322,239,-685
shoulders,lateral-raise,-1321,228,-681
shoulders,lateral-raise,-1304,240,-688
shoulders,lateral-raise,-1245,240,-703
shoulders,lateral-raise,-1213,236,-710
shoulders,lateral-raise,-1168,247,-694
shoulders,lateral-raise,-1091,239,-715
shoulders,lateral-raise,-1008,210,-714
shoulders,lateral-raise,-929,194,-707
shoulders,lateral-raise,-842,175,-692
shoulders,lateral-raise,-732,163,-659
shoulders,lateral-raise,-617,155,-659
shoulders,lateral-raise,-523,128,-648
shoulders,lateral-raise,-426,117,-634
shoulders,lateral-raise,-320,86,-600
shoulders,lateral-raise,-216,76,-588
shoulders,lateral-raise,-150,69,-539
shoulders,lateral-raise,-78,78,-496
shoulders,lateral-raise,-25,36,-505
shoulders,lateral-raise,47,13,-552
shoulders,lateral-raise,87,2,-572
shoulders,lateral-raise,138,11,-446
shoulders,lateral-raise,211,-24,-379
shoulders,lateral-raise,235,-23,-412
shoulders,lateral-raise,265,-10,-448
shoulders,lateral-raise,281,-41,-444
shoulders,lateral-raise,297,-64,-376
shoulders,lateral-raise,336,-64,-384
shoulders,lateral-raise,312,-80,-424
shoulders,lateral-raise,328,-64,-478
shoulders,lateral-raise,336,-34,-450
shoulders,lateral-raise,343,-54,-426
shoulders,lateral-raise,359,-78,-446
shoulders,lateral-raise,374,-101,-541
shoulders,lateral-raise,397,-76,-468
shoulders,lateral-raise,427,-99,-545
shoulders,lateral-raise,419,-71,-567
shoulders,lateral-raise,416,-51,-516
shoulders,lateral-raise,391,-73,-593
shoulders,lateral-raise,365,-80,-641
shoulders,lateral-raise,336,-56,-690
shoulders,lateral-raise,322,-60,-675
shoulders,lateral-raise,309,-47,-687
shoulders,lateral-raise,282,-40,-785
shoulders,lateral-raise,256,-45,-792
shoulders,lateral-raise,227,-32,-765
shoulders,lateral-raise,206,22,-755
shoulders,lateral-raise,175,48,-737
shoulders,lateral-raise,150,48,-747
shoulders,lateral-raise,107,57,-755
shoulders,lateral-raise,71,77,-734
shoulders,lateral-raise,47,97,-742
shoulders,lateral-raise,7,116,-802
shoulders,lateral-raise,-40,116,-852
shoulders,lateral-raise,-83,112,-829
shoulders,lateral-raise,-119,135,-781
shoulders,lateral-raise,-157,145,-810
shoulders,lateral-raise,-204,133,-864
shoulders,lateral-raise,-245,138,-870
shoulders,lateral-raise,-282,167,-849
shoulders,lateral-raise,-321,192,-809
shoulders,lateral-raise,-361,211,-824
shoulders,lateral-raise,-418,251,-821
shoulders,lateral-raise,-452,263,-821
shoulders,lateral-raise,-491,289,-821
shoulders,lateral-raise,-539,316,-781
shoulders,lateral-raise,-610,326,-760
shoulders,lateral-raise,-677,322,-786
shoulders,lateral-raise,-730,336,-792
shoulders,lateral-raise,-768,374,-798
shoulders,lateral-raise,-776,403,-817
shoulders,lateral-raise,-815,417,-772
shoulders,lateral-raise,-815,423,-714
shoulders,lateral-raise,-868,418,-778
shoulders,lateral-raise,-905,431,-723
shoulders,lateral-raise,-912,416,-668
shoulders,lateral-raise,-913,417,-613
shoulders,lateral-raise,-937,440,-702
shoulders,lateral-raise,-960,424,-648
shoulders,lateral-raise,-944,432,-568
shoulders,lateral-raise,-944,432,-568
shoulders,lateral-raise,-975,409,-552
shoulders,lateral-raise,-1014,408,-544
shoulders,lateral-raise,-994,415,-514
shoulders,lateral-raise,-985,416,-570
shoulders,lateral-raise,-1005,387,-469
shoulders,lateral-raise,-1001,391,-428
shoulders,lateral-raise,-1007,392,-410
shoulders,lateral-raise,-975,419,-381
shoulders,lateral-raise,-968,404,-389
shoulders,lateral-raise,-993,381,-322
shoulders,lateral-raise,-994,370,-273
shoulders,lateral-raise,-998,350,-258
shoulders,lateral-raise,-982,356,-274
shoulders,lateral-raise,-982,366,-280
shoulders,lateral-raise,-973,362,-230
shoulders,lateral-raise,-957,365,-159
shoulders,lateral-raise,-947,363,-152
shoulders,lateral-raise,-954,350,-175
shoulders,lateral-raise,-965,334,-189
shoulders,lateral-raise,-968,333,-154
shoulders,lateral-raise,-968,336,-142
shoulders,lateral-raise,-972,336,-152
shoulders,lateral-raise,-980,323,-148
shoulders,lateral-raise,-980,320,-132
shoulders,lateral-raise,-972,324,-132
shoulders,lateral-raise,-968,316,-144
shoulders,lateral-raise,-964,312,-148
shoulders,lateral-raise,-953,301,-152
shoulders,lateral-raise,-944,288,-165
shoulders,lateral-raise,-934,288,-197
shoulders,lateral-raise,-926,288,-219
shoulders,lateral-raise,-945,294,-268
shoulders,lateral-raise,-971,301,-363
shoulders,lateral-raise,-1005,296,-377
shoulders,lateral-raise,-1044,313,-355
shoulders,lateral-raise,-1077,354,-441
shoulders,lateral-raise,-1103,352,-529
shoulders,lateral-raise,-1142,320,-584
shoulders,lateral-raise,-1132,307,-559
shoulders,lateral-raise,-1123,351,-643
shoulders,lateral-raise,-1139,383,-641
shoulders,lateral-raise,-1164,415,-588
shoulders,lateral-raise,-1230,413,-648
shoulders,lateral-raise,-1273,438,-647
shoulders,lateral-raise,-1341,420,-637
shoulders,lateral-raise,-1387,385,-614
shoulders,lateral-raise,-1414,400,-681
shoulders,lateral-raise,-1394,400,-692
shoulders,lateral-raise,-1430,408,-623
shoulders,lateral-raise,-1352,416,-577
shoulders,lateral-raise,-1304,400,-671
shoulders,lateral-raise,-1226,377,-765
shoulders,lateral-raise,-1209,353,-753
shoulders,lateral-raise,-1171,285,-759
shoulders,lateral-raise,-1073,324,-629
shoulders,lateral-raise,-1007,299,-602
shoulders,lateral-raise,-951,317,-656
shoulders,lateral-raise,-889,313,-698
shoulders,lateral-raise,-793,245,-651
shoulders,lateral-raise,-704,239,-588
shoulders,lateral-raise,-612,221,-608
shoulders,lateral-raise,-549,210,-653
shoulders,lateral-raise,-488,154,-700
shoulders,lateral-raise,-419,142,-671
shoulders,lateral-raise,-331,133,-576
shoulders,lateral-raise,-248,89,-466
shoulders,lateral-raise,-148,94,-497
shoulders,lateral-raise,-101,78,-517
shoulders,lateral-raise,-60,33,-563
shoulders,lateral-raise,9,11,-587
shoulders,lateral-raise,73,3,-622
shoulders,lateral-raise,138,-9,-579
shoulders,lateral-raise,181,-16,-532
shoulders,lateral-raise,196,-7,-562
shoulders,lateral-raise,217,-17,-559
shoulders,lateral-raise,248,-40,-492
shoulders,lateral-raise,283,-44,-433
shoulders,lateral-raise,297,-40,-471
shoulders,lateral-raise,306,-44,-529
shoulders,lateral-raise,318,-61,-540
shoulders,lateral-raise,327,-80,-529
shoulders,lateral-raise,366,-89,-487
shoulders,lateral-raise,379,-98,-518
shoulders,lateral-raise,392,-85,-509
shoulders,lateral-raise,400,-93,-498
shoulders,lateral-raise,386,-122,-540
shoulders,lateral-raise,383,-121,-517
shoulders,lateral-raise,362,-102,-520
shoulders,lateral-raise,362,-92,-512
shoulders,lateral-raise,340,-87,-578
shoulders,lateral-raise,323,-112,-627
shoulders,lateral-raise,304,-105,-580
shoulders,lateral-raise,299,-72,-607
shoulders,lateral-raise,265,-68,-651
shoulders,lateral-raise,222,-50,-711
shoulders,lateral-raise,207,-60,-704
shoulders,lateral-raise,195,-24,-705
shoulders,lateral-raise,140,-22,-724
shoulders,lateral-raise,86,1,-781
shoulders,lateral-raise,54,16,-721
shoulders,lateral-raise,-24,24,-768
shoulders,lateral-raise,-72,40,-720
shoulders,lateral-raise,-119,87,-790
shoulders,lateral-raise,-181,80,-830
shoulders,lateral-raise,-251,95,-914
shoulders,lateral-raise,-300,118,-884
shoulders,lateral-raise,-333,99,-901
shoulders,lateral-raise,-392,103,-743
shoulders,lateral-raise,-448,118,-775
shoulders,lateral-raise,-443,167,-804
shoulders,lateral-raise,-479,156,-782
shoulders,lateral-raise,-520,184,-890
shoulders,lateral-raise,-565,186,-877
shoulders,lateral-raise,-552,208,-792
shoulders,lateral-raise,-597,204,-780
shoulders,lateral-raise,-685,223,-813
shoulders,lateral-raise,-723,238,-802
shoulders,lateral-raise,-750,245,-743
shoulders,lateral-raise,-797,259,-767
shoulders,lateral-raise,-841,269,-792
shoulders,lateral-raise,-861,262,-723
shoulders,lateral-raise,-874,285,-704
shoulders,lateral-raise,-931,341,-757
shoulders,lateral-raise,-946,364,-721
shoulders,lateral-raise,-967,351,-616
shoulders,lateral-raise,-1008,327,-572
shoulders,lateral-raise,-1012,328,-644
shoulders,lateral-raise,-1012,352,-647
shoulders,lateral-raise,-1023,345,-539
shoulders,lateral-raise,-1032,335,-507
shoulders,lateral-raise,-1032,361,-517
shoulders,lateral-raise,-1022,384,-502
shoulders,lateral-raise,-1020,381,-439
shoulders,lateral-raise,-1037,370,-331
shoulders,lateral-raise,-1032,355,-313
shoulders,lateral-raise,-1040,341,-381
shoulders,lateral-raise,-1058,329,-375
shoulders,lateral-raise,-1059,312,-316
shoulders,lateral-raise,-1040,327,-249
shoulders,lateral-raise,-1016,366,-212
shoulders,lateral-raise,-1014,358,-220
shoulders,lateral-raise,-1006,352,-201
shoulders,lateral-raise,-1000,349,-172
shoulders,lateral-raise,-995,324,-175
shoulders,lateral-raise,-970,266,-267
shoulders,lateral-raise,-983,281,-146
shoulders,lateral-raise,-975,291,-155
shoulders,lateral-raise,-968,321,-113
shoulders,lateral-raise,-969,328,-125
shoulders,lateral-raise,-984,328,-88
shoulders,lateral-raise,-976,319,-96
shoulders,lateral-raise,-976,272,-88
shoulders,lateral-raise,-984,272,-64
shoulders,lateral-raise,-976,272,-48
shoulders,lateral-raise,-953,302,-78
shoulders,lateral-raise,-945,311,-80
shoulders,lateral-raise,-951,312,-44
shoulders,lateral-raise,-931,312,-83
shoulders,lateral-raise,-942,298,-81
shoulders,lateral-raise,-951,296,-60
shoulders,lateral-raise,-952,309,-83
shoulders,lateral-raise,-945,319,-108
shoulders,lateral-raise,-931,326,-182
shoulders,lateral-raise,-965,328,-250
shoulders,lateral-raise,-982,334,-318
shoulders,lateral-raise,-1031,360,-230
shoulders,lateral-raise,-1088,374,-329
shoulders,lateral-raise,-1121,370,-484
shoulders,lateral-raise,-1160,357,-550
shoulders,lateral-raise,-1197,373,-544
shoulders,lateral-raise,-1239,379,-546
shoulders,lateral-raise,-1246,401,-601
shoulders,lateral-raise,-1250,421,-646
shoulders,lateral-raise,-1298,410,-596
shoulders,lateral-raise,-1341,409,-556
shoulders,lateral-raise,-1382,420,-573
shoulders,lateral-raise,-1429,432,-572
shoulders,lateral-raise,-1472,444,-564
shoulders,lateral-raise,-1481,475,-610
shoulders,lateral-raise,-1464,489,-604
shoulders,lateral-raise,-1446,479,-583
shoulders,lateral-raise,-1414,475,-622
shoulders,lateral-raise,-1355,450,-631
shoulders,lateral-raise,-1270,425,-692
shoulders,lateral-raise,-1208,388,-721
shoulders,lateral-raise,-1119,360,-685
shoulders,lateral-raise,-996,362,-604
shoulders,lateral-raise,-845,390,-495
shoulders,lateral-raise,-766,366,-542
shoulders,lateral-raise,-697,356,-568
shoulders,lateral-raise,-618,336,-542
shoulders,lateral-raise,-556,308,-558
shoulders,lateral-raise,-475,291,-640
shoulders,lateral-raise,-415,268,-660
shoulders,lateral-raise,-364,245,-596
shoulders,lateral-raise,-295,232,-536
shoulders,lateral-raise,-224,231,-539
shoulders,lateral-raise,-103,219,-559
shoulders,lateral-raise,-17,173,-556
shoulders,lateral-raise,57,140,-591
shoulders,lateral-raise,64,78,-579
shoulders,lateral-raise,65,47,-479
shoulders,lateral-raise,96,24,-448
shoulders,lateral-raise,144,80,-464
shoulders,lateral-raise,144,80,-464
shoulders,lateral-raise,191,41,-542
shoulders,lateral-raise,207,2,-567
shoulders,lateral-raise,260,37,-553
shoulders,lateral-raise,257,-26,-530
shoulders,lateral-raise,306,-3,-478
shoulders,lateral-raise,305,-56,-465
shoulders,lateral-raise,365,-23,-450
shoulders,lateral-raise,343,-49,-508
shoulders,lateral-raise,395,-43,-513
shoulders,lateral-raise,408,-78,-576
shoulders,lateral-raise,408,-88,-542
shoulders,lateral-raise,426,-76,-456
shoulders,lateral-raise,426,-84,-538
shoulders,lateral-raise,418,-82,-542
shoulders,lateral-raise,410,-74,-517
shoulders,lateral-raise,408,-99,-588
shoulders,lateral-raise,403,-91,-608
shoulders,lateral-raise,390,-80,-605
shoulders,lateral-raise,369,-75,-598
shoulders,lateral-raise,346,-53,-616
shoulders,lateral-raise,322,-45,-651
shoulders,lateral-raise,299,-26,-660
shoulders,lateral-raise,271,-8,-678
shoulders,lateral-raise,227,0,-729
shoulders,lateral-raise,192,16,-768
shoulders,lateral-raise,142,32,-753
shoulders,lateral-raise,89,51,-746
shoulders,lateral-raise,69,75,-733
shoulders,lateral-raise,39,95,-685
shoulders,lateral-raise,-3,114,-715
shoulders,lateral-raise,-50,131,-774
shoulders,lateral-raise,-89,139,-778
shoulders,lateral-raise,-123,152,-782
shoulders,lateral-raise,-173,160,-787
shoulders,lateral-raise,-219,156,-754
shoulders,lateral-raise,-284,186,-799
shoulders,lateral-raise,-353,196,-852
shoulders,lateral-raise,-412,218,-844
shoulders,lateral-raise,-457,248,-851
shoulders,lateral-raise,-498,250,-819
shoulders,lateral-raise,-548,257,-771
shoulders,lateral-raise,-605,271,-789
shoulders,lateral-raise,-636,309,-816
shoulders,lateral-raise,-667,341,-803
shoulders,lateral-raise,-742,377,-721
shoulders,lateral-raise,-735,382,-795
shoulders,lateral-raise,-813,362,-743
shoulders,lateral-raise,-880,394,-737
shoulders,lateral-raise,-889,424,-755
shoulders,lateral-raise,-920,424,-839
shoulders,lateral-raise,-936,440,-705
shoulders,lateral-raise,-913,409,-665
shoulders,lateral-raise,-958,393,-694
shoulders,lateral-raise,-997,437,-689
shoulders,lateral-raise,-978,455,-622
shoulders,lateral-raise,-997,420,-645
shoulders,lateral-raise,-979,402,-522
shoulders,lateral-raise,-1010,414,-531
shoulders,lateral-raise,-1009,396,-476
shoulders,lateral-raise,-1028,431,-484
shoulders,lateral-raise,-1007,408,-456
shoulders,lateral-raise,-994,375,-386
shoulders,lateral-raise,-992,380,-368
shoulders,lateral-raise,-998,390,-356
shoulders,lateral-raise,-983,386,-346
shoulders,lateral-raise,-982,356,-316
shoulders,lateral-raise,-989,349,-309
shoulders,lateral-raise,-992,341,-286
shoulders,lateral-raise,-992,331,-267
shoulders,lateral-raise,-982,318,-284
shoulders,lateral-raise,-971,312,-272
shoulders,lateral-raise,-977,317,-247
shoulders,lateral-raise,-980,320,-213
shoulders,lateral-raise,-972,320,-214
shoulders,lateral-raise,-980,320,-211
shoulders,lateral-raise,-988,316,-188
shoulders,lateral-raise,-988,300,-199
shoulders,lateral-raise,-992,288,-209
shoulders,lateral-raise,-988,284,-189
shoulders,lateral-raise,-981,277,-183
shoulders,lateral-raise,-973,272,-182
shoulders,lateral-raise,-965,272,-156
shoulders,lateral-raise,-960,272,-156
shoulders,lateral-raise,-960,267,-178
shoulders,lateral-raise,-957,253,-142
shoulders,lateral-raise,-952,246,-113
shoulders,lateral-raise,-952,242,-101
shoulders,lateral-raise,-952,250,-129
shoulders,lateral-raise,-954,256,-182
shoulders,lateral-raise,-956,247,-198
shoulders,lateral-raise,-949,224,-220
shoulders,lateral-raise,-974,265,-341
shoulders,lateral-raise,-1021,309,-400
shoulders,lateral-raise,-1132,329,-421
shoulders,lateral-raise,-1157,288,-546
shoulders,lateral-raise,-1195,290,-567
shoulders,lateral-raise,-1223,305,-625
shoulders,lateral-raise,-1210,319,-640
shoulders,lateral-raise,-1232,314,-742
shoulders,lateral-raise,-1226,352,-704
shoulders,lateral-raise,-1288,352,-688
shoulders,lateral-raise,-1328,344,-712
shoulders,lateral-raise,-1382,328,-619
shoulders,lateral-raise,-1414,328,-692
shoulders,lateral-raise,-1438,350,-748
shoulders,lateral-raise,-1447,359,-679
shoulders,lateral-raise,-1441,396,-629
shoulders,lateral-raise,-1405,372,-694
shoulders,lateral-raise,-1380,354,-677
shoulders,lateral-raise,-1329,359,-659
shoulders,lateral-raise,-1235,334,-682
shoulders,lateral-raise,-1140,328,-732
shoulders,lateral-raise,-1046,340,-701
shoulders,lateral-raise,-958,320,-676
shoulders,lateral-raise,-877,306,-625
shoulders,lateral-raise,-793,298,-597
shoulders,lateral-raise,-712,307,-625
shoulders,lateral-raise,-672,328,-694
shoulders,lateral-raise,-627,273,-694
shoulders,lateral-raise,-470,209,-466
shoulders,lateral-raise,-338,187,-463
shoulders,lateral-raise,-223,179,-608
shoulders,lateral-raise,-103,139,-600
shoulders,lateral-raise,20,94,-587
shoulders,lateral-raise,136,50,-578
shoulders,lateral-raise,201,20,-552
shoulders,lateral-raise,208,-16,-552
shoulders,lateral-raise,196,-56,-510
shoulders,lateral-raise,218,-20,-438
shoulders,lateral-raise,227,4,-404
shoulders,lateral-raise,210,-32,-356
shoulders,lateral-raise,224,-22,-370
shoulders,lateral-raise,239,-26,-483
shoulders,lateral-raise,296,-56,-491
shoulders,lateral-raise,366,-72,-518
shoulders,lateral-raise,389,-112,-563
shoulders,lateral-raise,396,-111,-527
shoulders,lateral-raise,424,-70,-425
shoulders,lateral-raise,422,-77,-404
shoulders,lateral-raise,414,-106,-392
shoulders,lateral-raise,410,-86,-428
shoulders,lateral-raise,418,-87,-557
shoulders,lateral-raise,425,-109,-577
shoulders,lateral-raise,431,-95,-583
shoulders,lateral-raise,422,-92,-572
shoulders,lateral-raise,408,-108,-551
shoulders,lateral-raise,404,-81,-549
shoulders,lateral-raise,368,-86,-594
shoulders,lateral-raise,367,-63,-613
shoulders,lateral-raise,359,-56,-580
shoulders,lateral-raise,336,-55,-663
shoulders,lateral-raise,328,-24,-632
shoulders,lateral-raise,280,8,-656
shoulders,lateral-raise,210,-15,-718
shoulders,lateral-raise,162,-1,-659
shoulders,lateral-raise,100,37,-775
shoulders,lateral-raise,45,55,-806
shoulders,lateral-raise,-17,56,-758
shoulders,lateral-raise,-66,98,-801
shoulders,lateral-raise,-79,145,-835
shoulders,lateral-raise,-120,125,-787
shoulders,lateral-raise,-200,120,-783
shoulders,lateral-raise,-235,184,-816
shoulders,lateral-raise,-252,200,-781
shoulders,lateral-raise,-304,254,-762
shoulders,lateral-raise,-326,272,-795
shoulders,lateral-raise,-385,255,-774
shoulders,lateral-raise,-408,248,-738
shoulders,lateral-raise,-451,270,-798
shoulders,lateral-raise,-514,312,-848
shoulders,lateral-raise,-582,364,-836
shoulders,lateral-raise,-618,394,-784
shoulders,lateral-raise,-648,429,-650
shoulders,lateral-raise,-720,448,-701
shoulders,lateral-raise,-773,466,-770
shoulders,lateral-raise,-810,510,-782
shoulders,lateral-raise,-861,519,-741
shoulders,lateral-raise,-892,508,-676
shoulders,lateral-raise,-919,512,-691
shoulders,lateral-raise,-940,519,-675
shoulders,lateral-raise,-954,539,-678
shoulders,lateral-raise,-979,532,-645
shoulders,lateral-raise,-997,510,-526
shoulders,lateral-raise,-1022,517,-564
shoulders,lateral-raise,-1026,512,-593
shoulders,lateral-raise,-1021,490,-546
shoulders,lateral-raise,-1029,430,-486
shoulders,lateral-raise,-1017,394,-477
shoulders,lateral-raise,-998,395,-528
shoulders,lateral-raise,-990,380,-460
shoulders,lateral-raise,-988,368,-372
shoulders,lateral-raise,-1004,363,-338
shoulders,lateral-raise,-1018,344,-344
shoulders,lateral-raise,-1031,344,-344
shoulders,lateral-raise,-1059,345,-333
shoulders,lateral-raise,-1033,348,-276
shoulders,lateral-raise,-1037,331,-244
shoulders,lateral-raise,-1016,350,-169
shoulders,lateral-raise,-1017,332,-234
shoulders,lateral-raise,-1024,295,-174
shoulders,lateral-raise,-1024,279,-149
shoulders,lateral-raise,-1016,264,-88
shoulders,lateral-raise,-1016,272,-104
shoulders,lateral-raise,-984,280,-88
shoulders,lateral-raise,-984,280,-88
shoulders,lateral-raise,-992,272,-96
shoulders,lateral-raise,-969,257,-66
shoulders,lateral-raise,-968,241,-27
shoulders,lateral-raise,-975,240,-39
shoulders,lateral-raise,-947,233,-4
shoulders,lateral-raise,-979,253,0
shoulders,lateral-raise,-964,256,-41
shoulders,lateral-raise,-973,229,-35
shoulders,lateral-raise,-976,217,-58
shoulders,lateral-raise,-982,241,-58
shoulders,lateral-raise,-996,267,-87
shoulders,lateral-raise,-1000,254,-175
shoulders,lateral-raise,-1024,248,-165
shoulders,lateral-raise,-1026,219,-141
shoulders,lateral-raise,-1035,219,-259
shoulders,lateral-raise,-1078,273,-355
shoulders,lateral-raise,-1096,285,-455
shoulders,lateral-raise,-1116,300,-588
shoulders,lateral-raise,-1133,307,-650
shoulders,lateral-raise,-1141,304,-632
shoulders,lateral-raise,-1186,304,-621
shoulders,lateral-raise,-1234,308,-593
shoulders,lateral-raise,-1300,321,-611
shoulders,lateral-raise,-1398,345,-631
shoulders,lateral-raise,-1480,348,-608
shoulders,lateral-raise,-1524,348,-573
shoulders,lateral-raise,-1551,360,-544
shoulders,lateral-raise,-1568,378,-533
shoulders,lateral-raise,-1555,380,-527
shoulders,lateral-raise,-1513,365,-555
shoulders,lateral-raise,-1449,390,-621
shoulders,lateral-raise,-1377,391,-639
shoulders,lateral-raise,-1292,379,-573
shoulders,lateral-raise,-1180,384,-600
shoulders,lateral-raise,-1098,377,-625
shoulders,lateral-raise,-1028,353,-622
shoulders,lateral-raise,-955,344,-635
shoulders,lateral-raise,-886,366,-605
shoulders,lateral-raise,-843,335,-676
shoulders,lateral-raise,-775,235,-562
shoulders,lateral-raise,-665,180,-396
shoulders,lateral-raise,-588,152,-453
shoulders,lateral-raise,-512,116,-481
shoulders,lateral-raise,-409,138,-512
shoulders,lateral-raise,-353,145,-670
shoulders,lateral-raise,-289,87,-579
shoulders,lateral-raise,-209,78,-528
shoulders,lateral-raise,-119,54,-529
shoulders,lateral-raise,-93,10,-550
shoulders,lateral-raise,1,64,-488
shoulders,lateral-raise,63,64,-520
shoulders,lateral-raise,142,33,-567
shoulders,lateral-raise,174,-14,-636
shoulders,lateral-raise,206,-46,-588
shoulders,lateral-raise,230,-19,-548
shoulders,lateral-raise,246,-37,-558
shoulders,lateral-raise,255,-54,-511
shoulders,lateral-raise,290,-56,-531
shoulders,lateral-raise,316,-96,-543
shoulders,lateral-raise,346,-97,-544
shoulders,lateral-raise,371,-140,-493
shoulders,lateral-raise,438,-127,-536
shoulders,lateral-raise,438,-144,-570
shoulders,lateral-raise,432,-117,-541
shoulders,lateral-raise,443,-138,-511
shoulders,lateral-raise,437,-141,-532
shoulders,lateral-raise,416,-141,-495
shoulders,lateral-raise,376,-123,-488
shoulders,lateral-raise,345,-127,-516
shoulders,lateral-raise,326,-131,-548
shoulders,lateral-raise,330,-133,-541
shoulders,lateral-raise,308,-141,-528
shoulders,lateral-raise,306,-122,-555
shoulders,lateral-raise,320,-108,-576
shoulders,lateral-raise,295,-116,-568
shoulders,lateral-raise,260,-112,-584
shoulders,lateral-raise,240,-85,-646
shoulders,lateral-raise,203,-46,-692
shoulders,lateral-raise,147,4,-640
shoulders,lateral-raise,80,47,-578
shoulders,lateral-raise,5,72,-611
shoulders,lateral-raise,-52,102,-655
shoulders,lateral-raise,-119,112,-665
shoulders,lateral-raise,-171,128,-637
shoulders,lateral-raise,-215,152,-684
shoulders,lateral-raise,-274,151,-785
shoulders,lateral-raise,-303,195,-736
shoulders,lateral-raise,-333,230,-675
shoulders,lateral-raise,-380,254,-738
shoulders,lateral-raise,-432,283,-757
shoulders,lateral-raise,-504,323,-727
shoulders,lateral-raise,-586,333,-728
shoulders,lateral-raise,-676,324,-633
shoulders,lateral-raise,-744,346,-686
shoulders,lateral-raise,-805,366,-721
shoulders,lateral-raise,-899,405,-721
shoulders,lateral-raise,-933,380,-666
shoulders,lateral-raise,-986,425,-689
shoulders,lateral-raise,-1017,440,-699
shoulders,lateral-raise,-1042,440,-607
shoulders,lateral-raise,-1104,440,-584
shoulders,lateral-raise,-1072,504,-608
shoulders,lateral-raise,-1134,496,-484
shoulders,lateral-raise,-1121,496,-465
shoulders,lateral-raise,-1142,496,-412
shoulders,lateral-raise,-1115,496,-481
shoulders,lateral-raise,-1098,453,-417
shoulders,lateral-raise,-1103,462,-296
shoulders,lateral-raise,-1090,444,-260
shoulders,lateral-raise,-1061,447,-236
shoulders,lateral-raise,-1063,461,-199
shoulders,lateral-raise,-1070,464,-179
shoulders,lateral-raise,-1103,452,-120
shoulders,lateral-raise,-1136,430,-116
shoulders,lateral-raise,-1144,412,-96
shoulders,lateral-raise,-1133,397,-94
shoulders,lateral-raise,-1111,386,-57
shoulders,lateral-raise,-1082,395,-83
shoulders,lateral-raise,-1061,400,-93
shoulders,lateral-raise,-1051,385,-83
shoulders,lateral-raise,-1023,366,-65
shoulders,lateral-raise,-1003,341,-85
shoulders,lateral-raise,-981,323,-113
shoulders,lateral-raise,-950,324,-98
shoulders,lateral-raise,-932,324,-54
shoulders,lateral-raise,-920,308,-49
shoulders,lateral-raise,-900,284,-56
shoulders,lateral-raise,-880,272,-21
shoulders,lateral-raise,-861,268,12
shoulders,lateral-raise,-834,250,20
shoulders,lateral-raise,-803,242,21
shoulders,lateral-raise,-774,253,16
shoulders,lateral-raise,-760,236,13
shoulders,lateral-raise,-751,216,20
shoulders,lateral-raise,-725,211,43
shoulders,lateral-raise,-701,187,40
shoulders,lateral-raise,-686,158,29
shoulders,lateral-raise,-669,163,31
shoulders,lateral-raise,-686,194,19
shoulders,lateral-raise,-702,196,46
shoulders,lateral-raise,-703,171,47
shoulders,lateral-raise,-749,130,72
shoulders,lateral-raise,-833,133,75
shoulders,lateral-raise,-837,121,81
shoulders,lateral-raise,-820,132,50
shoulders,lateral-raise,-805,151,64
shoulders,lateral-raise,-842,141,61
shoulders,lateral-raise,-853,116,28
shoulders,lateral-raise,-827,154,-9
shoulders,lateral-raise,-866,182,82
shoulders,lateral-raise,-912,143,113
shoulders,lateral-raise,-920,96,160
shoulders,lateral-raise,-872,72,152
shoulders,lateral-raise,-919,126,67
shoulders,lateral-raise,-1019,219,87
shoulders,lateral-raise,-1046,157,58
shoulders,lateral-raise,-1026,64,78
shoulders,lateral-raise,-1038,106,80
shoulders,lateral-raise,-1110,105,80
shoulders,lateral-raise,-1106,159,25
shoulders,lateral-raise,-1104,168,36
shoulders,lateral-raise,-1124,168,47
shoulders,lateral-raise,-1147,212,10
shoulders,lateral-raise,-1195,205,37
shoulders,lateral-raise,-1220,188,54
shoulders,lateral-raise,-1230,196,62
shoulders,lateral-raise,-1232,183,70
shoulders,lateral-raise,-1232,187,50
shoulders,lateral-raise,-1200,219,-3
shoulders,lateral-raise,-1189,248,-8
shoulders,lateral-raise,-1207,246,0
shoulders,lateral-raise,-1216,230,-5
shoulders,lateral-raise,-1230,219,45
shoulders,lateral-raise,-1226,202,34
shoulders,lateral-raise,-1194,201,0
shoulders,lateral-raise,-1167,221,0
shoulders,lateral-raise,-1168,228,0
shoulders,lateral-raise,-1168,236,16
shoulders,lateral-raise,-1164,240,24
shoulders,lateral-raise,-1168,228,5
shoulders,lateral-raise,-1168,224,24
shoulders,lateral-raise,-1198,241,44
shoulders,lateral-raise,-1282,280,48
shoulders,lateral-raise,-1323,307,105
shoulders,lateral-raise,-1265,254,10
shoulders,lateral-raise,-1257,226,-17
shoulders,lateral-raise,-1317,350,560
shoulders,lateral-raise,-1390,339,914
shoulders,lateral-raise,-1582,393,366
shoulders,lateral-raise,-1631,351,-102
shoulders,lateral-raise,-1674,313,-447
shoulders,lateral-raise,-1664,441,-245
shoulders,lateral-raise,-1590,540,-59
shoulders,lateral-raise,-1510,590,-14
shoulders,lateral-raise,-1451,616,-43
shoulders,lateral-raise,-1370,612,-57
shoulders,lateral-raise,-1276,595,-66
shoulders,lateral-raise,-1183,618,-85
shoulders,lateral-raise,-1106,633,-132
shoulders,lateral-raise,-1044,649,-180
shoulders,lateral-raise,-988,656,-240
shoulders,lateral-raise,-902,664,-241
shoulders,lateral-raise,-824,656,-272
