-1208,176,152,lateral-raise,,,
-1224,176,175,lateral-raise,,,
-1262,229,199,lateral-raise,,,
-1316,247,155,lateral-raise,,,
-1335,255,137,lateral-raise,,,
-1343,220,107,lateral-raise,,,
-1358,209,90,lateral-raise,,,
-1374,235,27,lateral-raise,,,
-1383,267,9,lateral-raise,,,
-1404,272,1,lateral-raise,,,
-1414,278,-19,lateral-raise,,,
-1453,286,7,lateral-raise,,,
-1476,264,-238,lateral-raise,,,
-1321,191,-32,lateral-raise,,,
-1207,552,-14,lateral-raise,,,
-1217,804,-65,lateral-raise,,,
-1362,512,15,lateral-raise,,,
-1519,152,214,lateral-raise,,,
-1634,23,209,lateral-raise,,,
-1687,112,-38,lateral-raise,,,
-1653,291,-131,lateral-raise,,,
-1596,373,-52,lateral-raise,,,
-1576,358,59,lateral-raise,,,
-1554,301,138,lateral-raise,,,
-1511,227,110,lateral-raise,,,
-1468,176,48,lateral-raise,,,
-1436,168,9,lateral-raise,,,
-1413,169,17,lateral-raise,,,
-1375,174,42,lateral-raise,,,
-1320,165,-10,lateral-raise,,,
-1269,141,-27,lateral-raise,,,
-1212,166,22,lateral-raise,,,
-1136,147,3,lateral-raise,,,
-1047,88,-29,lateral-raise,,,
-950,64,24,lateral-raise,,,
-848,46,68,lateral-raise,,,
-751,40,89,lateral-raise,,,
-665,40,76,lateral-raise,,,
-594,54,82,lateral-raise,,,
-571,91,46,lateral-raise,,,
-544,72,4,lateral-raise,,,
-506,79,68,lateral-raise,,,
-475,100,15,lateral-raise,,,
-446,39,10,lateral-raise,,,
-435,37,26,lateral-raise,,,
-457,82,36,lateral-raise,,,
-466,171,-3,lateral-raise,,,
-488,199,-33,lateral-raise,,,
-489,184,-42,lateral-raise,,,
-505,192,-71,lateral-raise,,,
-544,176,-31,lateral-raise,,,
-584,160,79,lateral-raise,,,
-662,144,18,lateral-raise,,,
-748,197,-68,lateral-raise,,,
-797,170,-42,lateral-raise,,,
-917,234,-273,lateral-raise,,,
-978,204,-517,lateral-raise,,,
-1047,193,-446,lateral-raise,,,
-1090,219,-528,lateral-raise,,,
-1143,197,-664,lateral-raise,,,
-1185,212,-714,lateral-raise,,,
-1230,216,-764,lateral-raise,,,
-1246,253,-764,lateral-raise,,,
-1278,258,-730,lateral-raise,,,
-1300,256,-767,lateral-raise,,,
-1338,285,-795,lateral-raise,,,
-1391,335,-767,lateral-raise,,,
-1484,341,-784,lateral-raise,,,
-1531,341,-726,lateral-raise,,,
-1556,334,-657,lateral-raise,,,
-1528,343,-714,lateral-raise,,,
-1451,347,-722,lateral-raise,,,
-1370,363,-659,lateral-raise,,,
-1309,376,-681,lateral-raise,,,
-1236,372,-677,lateral-raise,,,
-1146,347,-644,lateral-raise,,,
-1064,340,-692,lateral-raise,,,
-978,329,-724,lateral-raise,,,
-895,297,-712,lateral-raise,,,
-814,299,-656,lateral-raise,,,
-706,315,-608,lateral-raise,,,
-606,291,-666,lateral-raise,,,
-534,251,-676,lateral-raise,,,
-454,250,-652,lateral-raise,,,
-375,218,-650,lateral-raise,,,
-278,181,-548,lateral-raise,,,
-181,192,-459,lateral-raise,,,
-104,190,-408,lateral-raise,,,
-58,167,-454,lateral-raise,,,
-24,112,-450,lateral-raise,,,
47,81,-366,lateral-raise,,,
133,51,-302,lateral-raise,,,
161,31,-295,lateral-raise,,,
207,24,-285,lateral-raise,,,
246,19,-271,lateral-raise,,,
283,-9,-271,lateral-raise,,,
307,-19,-322,lateral-raise,,,
334,-47,-330,lateral-raise,,,
402,-31,-276,lateral-raise,,,
434,-20,-432,lateral-raise,,,
465,-95,-438,lateral-raise,,,
496,-72,-368,lateral-raise,,,
536,-72,-416,lateral-raise,,,
544,-64,-525,lateral-raise,,,
529,-56,-566,lateral-raise,,,
528,-86,-546,lateral-raise,,,
557,-81,-522,lateral-raise,,,
560,-59,-577,lateral-raise,,,
574,-42,-570,lateral-raise,,,
521,-40,-575,lateral-raise,,,
519,-53,-536,lateral-raise,,,
474,-49,-606,lateral-raise,,,
445,-35,-675,lateral-raise,,,
428,-26,-663,lateral-raise,,,
406,-24,-656,lateral-raise,,,
376,-18,-662,lateral-raise,,,
351,-5,-675,lateral-raise,,,
327,17,-686,lateral-raise,,,
293,56,-737,lateral-raise,,,
254,40,-760,lateral-raise,,,
235,65,-775,lateral-raise,,,
202,68,-804,lateral-raise,,,
174,66,-830,lateral-raise,,,
126,53,-900,lateral-raise,,,
92,62,-917,lateral-raise,,,
88,84,-883,lateral-raise,,,
55,96,-880,lateral-raise,,,
-8,112,-920,lateral-raise,,,
-40,112,-921,lateral-raise,,,
-73,115,-910,lateral-raise,,,
-126,146,-925,lateral-raise,,,
-178,181,-919,lateral-raise,,,
-214,210,-944,lateral-raise,,,
-231,212,-956,lateral-raise,,,
-297,201,-910,lateral-raise,,,
-344,219,-900,lateral-raise,,,
-373,227,-971,lateral-raise,,,
-368,232,-978,lateral-raise,,,
-386,232,-977,lateral-raise,,,
-436,234,-928,lateral-raise,,,
-460,250,-862,lateral-raise,,,
-501,273,-917,lateral-raise,,,
-527,251,-883,lateral-raise,,,
-549,265,-895,lateral-raise,,,
-539,269,-877,lateral-raise,,,
-558,262,-819,lateral-raise,,,
-595,294,-789,lateral-raise,,,
-618,281,-765,lateral-raise,,,
-638,289,-748,lateral-raise,,,
-695,298,-776,lateral-raise,,,
-683,319,-675,lateral-raise,,,
-736,296,-728,lateral-raise,,,
-752,312,-736,lateral-raise,,,
-784,296,-704,lateral-raise,,,
-815,288,-681,lateral-raise,,,
-824,288,-650,lateral-raise,,,
-831,258,-693,lateral-raise,,,
-883,271,-718,lateral-raise,,,
-852,279,-606,lateral-raise,,,
-869,280,-550,lateral-raise,,,
-872,273,-564,lateral-raise,,,
-892,285,-595,lateral-raise,,,
-909,281,-561,lateral-raise,,,
-925,274,-520,lateral-raise,,,
-916,253,-518,lateral-raise,,,
-924,260,-599,lateral-raise,,,
-934,258,-548,lateral-raise,,,
-930,267,-486,lateral-raise,,,
-939,272,-466,lateral-raise,,,
-944,267,-442,lateral-raise,,,
-949,264,-437,lateral-raise,,,
-957,264,-404,lateral-raise,,,
-955,239,-414,lateral-raise,,,
-962,210,-403,lateral-raise,,,
-949,214,-365,lateral-raise,,,
-945,237,-348,lateral-raise,,,
-948,244,-335,lateral-raise,,,
-948,228,-307,lateral-raise,,,
-948,228,-272,lateral-raise,,,
-944,228,-264,lateral-raise,,,
-944,216,-261,lateral-raise,,,
-948,205,-287,lateral-raise,,,
-935,185,-329,lateral-raise,,,
-918,166,-355,lateral-raise,,,
-934,140,-411,lateral-raise,,,
-970,132,-445,lateral-raise,,,
-1041,174,-548,lateral-raise,,,
-1111,203,-679,lateral-raise,,,
-1172,181,-751,lateral-raise,,,
-1207,183,-777,lateral-raise,,,
-1218,160,-808,lateral-raise,,,
-1196,150,-846,lateral-raise,,,
-1184,122,-870,lateral-raise,,,
-1182,131,-813,lateral-raise,,,
-1182,144,-836,lateral-raise,,,
-1215,141,-837,lateral-raise,,,
-1249,127,-750,lateral-raise,,,
-1260,121,-787,lateral-raise,,,
-1288,130,-799,lateral-raise,,,
-1289,143,-727,lateral-raise,,,
-1303,130,-714,lateral-raise,,,
-1285,158,-736,lateral-raise,,,
-1223,128,-735,lateral-raise,,,
-1184,144,-704,lateral-raise,,,
-1136,144,-712,lateral-raise,,,
-1136,144,-712,lateral-raise,,,
-1097,121,-728,lateral-raise,,,
-1020,120,-751,lateral-raise,,,
-979,135,-767,lateral-raise,,,
-881,100,-710,lateral-raise,,,
-744,132,-640,lateral-raise,,,
-693,101,-730,lateral-raise,,,
-579,103,-669,lateral-raise,,,
-487,131,-669,lateral-raise,,,
-413,129,-659,lateral-raise,,,
-330,103,-612,lateral-raise,,,
-269,84,-650,lateral-raise,,,
-220,86,-676,lateral-raise,,,
-155,106,-568,lateral-raise,,,
-102,101,-602,lateral-raise,,,
-60,68,-621,lateral-raise,,,
-21,67,-600,lateral-raise,,,
66,98,-524,lateral-raise,,,
119,71,-559,lateral-raise,,,
148,43,-605,lateral-raise,,,
184,40,-570,lateral-raise,,,
219,17,-488,lateral-raise,,,
232,18,-484,lateral-raise,,,
249,15,-525,lateral-raise,,,
272,-17,-532,lateral-raise,,,
284,-20,-512,lateral-raise,,,
292,-8,-527,lateral-raise,,,
318,-26,-545,lateral-raise,,,
348,-41,-514,lateral-raise,,,
349,-39,-516,lateral-raise,,,
350,-45,-547,lateral-raise,,,
360,-37,-555,lateral-raise,,,
369,-38,-569,lateral-raise,,,
379,-48,-589,lateral-raise,,,
368,-48,-597,lateral-raise,,,
361,-53,-602,lateral-raise,,,
342,-62,-613,lateral-raise,,,
332,-58,-607,lateral-raise,,,
312,-60,-662,lateral-raise,,,
283,-46,-643,lateral-raise,,,
261,-42,-677,lateral-raise,,,
245,-42,-668,lateral-raise,,,
223,-17,-695,lateral-raise,,,
174,-25,-735,lateral-raise,,,
155,-29,-779,lateral-raise,,,
112,-6,-802,lateral-raise,,,
42,9,-814,lateral-raise,,,
-19,16,-793,lateral-raise,,,
-67,15,-802,lateral-raise,,,
-121,0,-842,lateral-raise,,,
-160,16,-912,lateral-raise,,,
-200,48,-944,lateral-raise,,,
-200,32,-890,lateral-raise,,,
-253,47,-880,lateral-raise,,,
-345,55,-843,lateral-raise,,,
-381,71,-876,lateral-raise,,,
-398,93,-944,lateral-raise,,,
-400,96,-952,lateral-raise,,,
-441,130,-843,lateral-raise,,,
-481,96,-857,lateral-raise,,,
-508,114,-890,lateral-raise,,,
-550,120,-890,lateral-raise,,,
-579,126,-894,lateral-raise,,,
-602,134,-938,lateral-raise,,,
-637,142,-905,lateral-raise,,,
-654,155,-808,lateral-raise,,,
-684,166,-765,lateral-raise,,,
-718,168,-803,lateral-raise,,,
-749,179,-861,lateral-raise,,,
-770,189,-860,lateral-raise,,,
-766,187,-749,lateral-raise,,,
-789,198,-760,lateral-raise,,,
-822,199,-776,lateral-raise,,,
-845,205,-721,lateral-raise,,,
-860,220,-722,lateral-raise,,,
-872,220,-752,lateral-raise,,,
-888,228,-708,lateral-raise,,,
-900,221,-679,lateral-raise,,,
-911,215,-652,lateral-raise,,,
-924,236,-585,lateral-raise,,,
-935,240,-579,lateral-raise,,,
-947,246,-568,lateral-raise,,,
-955,244,-541,lateral-raise,,,
-963,236,-524,lateral-raise,,,
-963,251,-488,lateral-raise,,,
-955,248,-451,lateral-raise,,,
-972,266,-435,lateral-raise,,,
-993,263,-429,lateral-raise,,,
-978,238,-415,lateral-raise,,,
-976,228,-344,lateral-raise,,,
-957,223,-346,lateral-raise,,,
-974,251,-357,lateral-raise,,,
-967,261,-358,lateral-raise,,,
-963,247,-275,lateral-raise,,,
-978,239,-247,lateral-raise,,,
-994,230,-240,lateral-raise,,,
-1006,216,-234,lateral-raise,,,
-991,216,-187,lateral-raise,,,
-983,217,-216,lateral-raise,,,
-976,224,-214,lateral-raise,,,
-976,215,-176,lateral-raise,,,
-968,192,-192,lateral-raise,,,
-968,200,-160,lateral-raise,,,
-960,200,-183,lateral-raise,,,
-975,200,-245,lateral-raise,,,
-969,193,-233,lateral-raise,,,
-968,192,-239,lateral-raise,,,
-975,178,-326,lateral-raise,,,
-983,169,-406,lateral-raise,,,
-984,188,-416,lateral-raise,,,
-997,192,-436,lateral-raise,,,
-1052,225,-492,lateral-raise,,,
-1108,226,-561,lateral-raise,,,
-1139,212,-564,lateral-raise,,,
-1168,220,-602,lateral-raise,,,
-1205,200,-651,lateral-raise,,,
-1222,232,-681,lateral-raise,,,
-1257,237,-677,lateral-raise,,,
-1294,243,-699,lateral-raise,,,
-1336,253,-765,lateral-raise,,,
-1352,225,-705,lateral-raise,,,
-1322,213,-646,lateral-raise,,,
-1299,211,-659,lateral-raise,,,
-1296,240,-728,lateral-raise,,,
-1327,260,-741,lateral-raise,,,
-1322,239,-685,lateral-raise,,,
-1321,228,-681,lateral-raise,,,
-1304,240,-688,lateral-raise,,,
-1245,240,-703,lateral-raise,,,
-1213,236,-710,lateral-raise,,,
-1168,247,-694,lateral-raise,,,
-1091,239,-715,lateral-raise,,,
-1008,210,-714,lateral-raise,,,
-929,194,-707,lateral-raise,,,
-842,175,-692,lateral-raise,,,
-732,163,-659,lateral-raise,,,
-617,155,-659,lateral-raise,,,
-523,128,-648,lateral-raise,,,
-426,117,-634,lateral-raise,,,
-320,86,-600,lateral-raise,,,
-216,76,-588,lateral-raise,,,
-150,69,-539,lateral-raise,,,
-78,78,-496,lateral-raise,,,
-25,36,-505,lateral-raise,,,
47,13,-552,lateral-raise,,,
87,2,-572,lateral-raise,,,
138,11,-446,lateral-raise,,,
211,-24,-379,lateral-raise,,,
235,-23,-412,lateral-raise,,,
265,-10,-448,lateral-raise,,,
281,-41,-444,lateral-raise,,,
297,-64,-376,lateral-raise,,,
336,-64,-384,lateral-raise,,,
312,-80,-424,lateral-raise,,,
328,-64,-478,lateral-raise,,,
336,-34,-450,lateral-raise,,,
343,-54,-426,lateral-raise,,,
359,-78,-446,lateral-raise,,,
374,-101,-541,lateral-raise,,,
397,-76,-468,lateral-raise,,,
427,-99,-545,lateral-raise,,,
419,-71,-567,lateral-raise,,,
416,-51,-516,lateral-raise,,,
391,-73,-593,lateral-raise,,,
365,-80,-641,lateral-raise,,,
336,-56,-690,lateral-raise,,,
322,-60,-675,lateral-raise,,,
309,-47,-687,lateral-raise,,,
282,-40,-785,lateral-raise,,,
256,-45,-792,lateral-raise,,,
227,-32,-765,lateral-raise,,,
206,22,-755,lateral-raise,,,
175,48,-737,lateral-raise,,,
150,48,-747,lateral-raise,,,
107,57,-755,lateral-raise,,,
71,77,-734,lateral-raise,,,
47,97,-742,lateral-raise,,,
7,116,-802,lateral-raise,,,
-40,116,-852,lateral-raise,,,
-83,112,-829,lateral-raise,,,
-119,135,-781,lateral-raise,,,
-157,145,-810,lateral-raise,,,
-204,133,-864,lateral-raise,,,
-245,138,-870,lateral-raise,,,
-282,167,-849,lateral-raise,,,
-321,192,-809,lateral-raise,,,
-361,211,-824,lateral-raise,,,
-418,251,-821,lateral-raise,,,
-452,263,-821,lateral-raise,,,
-491,289,-821,lateral-raise,,,
-539,316,-781,lateral-raise,,,
-610,326,-760,lateral-raise,,,
-677,322,-786,lateral-raise,,,
-730,336,-792,lateral-raise,,,
-768,374,-798,lateral-raise,,,
-776,403,-817,lateral-raise,,,
-815,417,-772,lateral-raise,,,
-815,423,-714,lateral-raise,,,
-868,418,-778,lateral-raise,,,
-905,431,-723,lateral-raise,,,
-912,416,-668,lateral-raise,,,
-913,417,-613,lateral-raise,,,
-937,440,-702,lateral-raise,,,
-960,424,-648,lateral-raise,,,
-944,432,-568,lateral-raise,,,
-944,432,-568,lateral-raise,,,
-975,409,-552,lateral-raise,,,
-1014,408,-544,lateral-raise,,,
-994,415,-514,lateral-raise,,,
-985,416,-570,lateral-raise,,,
-1005,387,-469,lateral-raise,,,
-1001,391,-428,lateral-raise,,,
-1007,392,-410,lateral-raise,,,
-975,419,-381,lateral-raise,,,
-968,404,-389,lateral-raise,,,
-993,381,-322,lateral-raise,,,
-994,370,-273,lateral-raise,,,
-998,350,-258,lateral-raise,,,
-982,356,-274,lateral-raise,,,
-982,366,-280,lateral-raise,,,
-973,362,-230,lateral-raise,,,
-957,365,-159,lateral-raise,,,
-947,363,-152,lateral-raise,,,
-954,350,-175,lateral-raise,,,
-965,334,-189,lateral-raise,,,
-968,333,-154,lateral-raise,,,
-968,336,-142,lateral-raise,,,
-972,336,-152,lateral-raise,,,
-980,323,-148,lateral-raise,,,
-980,320,-132,lateral-raise,,,
-972,324,-132,lateral-raise,,,
-968,316,-144,lateral-raise,,,
-964,312,-148,lateral-raise,,,
-953,301,-152,lateral-raise,,,
-944,288,-165,lateral-raise,,,
-934,288,-197,lateral-raise,,,
-926,288,-219,lateral-raise,,,
-945,294,-268,lateral-raise,,,
-971,301,-363,lateral-raise,,,
-1005,296,-377,lateral-raise,,,
-1044,313,-355,lateral-raise,,,
-1077,354,-441,lateral-raise,,,
-1103,352,-529,lateral-raise,,,
-1142,320,-584,lateral-raise,,,
-1132,307,-559,lateral-raise,,,
-1123,351,-643,lateral-raise,,,
-1139,383,-641,lateral-raise,,,
-1164,415,-588,lateral-raise,,,
-1230,413,-648,lateral-raise,,,
-1273,438,-647,lateral-raise,,,
-1341,420,-637,lateral-raise,,,
-1387,385,-614,lateral-raise,,,
-1414,400,-681,lateral-raise,,,
-1394,400,-692,lateral-raise,,,
-1430,408,-623,lateral-raise,,,
-1352,416,-577,lateral-raise,,,
-1304,400,-671,lateral-raise,,,
-1226,377,-765,lateral-raise,,,
-1209,353,-753,lateral-raise,,,
-1171,285,-759,lateral-raise,,,
-1073,324,-629,lateral-raise,,,
-1007,299,-602,lateral-raise,,,
-951,317,-656,lateral-raise,,,
-889,313,-698,lateral-raise,,,
-793,245,-651,lateral-raise,,,
-704,239,-588,lateral-raise,,,
-612,221,-608,lateral-raise,,,
-549,210,-653,lateral-raise,,,
-488,154,-700,lateral-raise,,,
-419,142,-671,lateral-raise,,,
-331,133,-576,lateral-raise,,,
-248,89,-466,lateral-raise,,,
-148,94,-497,lateral-raise,,,
-101,78,-517,lateral-raise,,,
-60,33,-563,lateral-raise,,,
9,11,-587,lateral-raise,,,
73,3,-622,lateral-raise,,,
138,-9,-579,lateral-raise,,,
181,-16,-532,lateral-raise,,,
196,-7,-562,lateral-raise,,,
217,-17,-559,lateral-raise,,,
248,-40,-492,lateral-raise,,,
283,-44,-433,lateral-raise,,,
297,-40,-471,lateral-raise,,,
306,-44,-529,lateral-raise,,,
318,-61,-540,lateral-raise,,,
327,-80,-529,lateral-raise,,,
366,-89,-487,lateral-raise,,,
379,-98,-518,lateral-raise,,,
392,-85,-509,lateral-raise,,,
400,-93,-498,lateral-raise,,,
386,-122,-540,lateral-raise,,,
383,-121,-517,lateral-raise,,,
362,-102,-520,lateral-raise,,,
362,-92,-512,lateral-raise,,,
340,-87,-578,lateral-raise,,,
323,-112,-627,lateral-raise,,,
304,-105,-580,lateral-raise,,,
299,-72,-607,lateral-raise,,,
265,-68,-651,lateral-raise,,,
222,-50,-711,lateral-raise,,,
207,-60,-704,lateral-raise,,,
195,-24,-705,lateral-raise,,,
140,-22,-724,lateral-raise,,,
86,1,-781,lateral-raise,,,
54,16,-721,lateral-raise,,,
-24,24,-768,lateral-raise,,,
-72,40,-720,lateral-raise,,,
-119,87,-790,lateral-raise,,,
-181,80,-830,lateral-raise,,,
-251,95,-914,lateral-raise,,,
-300,118,-884,lateral-raise,,,
-333,99,-901,lateral-raise,,,
-392,103,-743,lateral-raise,,,
-448,118,-775,lateral-raise,,,
-443,167,-804,lateral-raise,,,
-479,156,-782,lateral-raise,,,
-520,184,-890,lateral-raise,,,
-565,186,-877,lateral-raise,,,
-552,208,-792,lateral-raise,,,
-597,204,-780,lateral-raise,,,
-685,223,-813,lateral-raise,,,
-723,238,-802,lateral-raise,,,
-750,245,-743,lateral-raise,,,
-797,259,-767,lateral-raise,,,
-841,269,-792,lateral-raise,,,
-861,262,-723,lateral-raise,,,
-874,285,-704,lateral-raise,,,
-931,341,-757,lateral-raise,,,
-946,364,-721,lateral-raise,,,
-967,351,-616,lateral-raise,,,
-1008,327,-572,lateral-raise,,,
-1012,328,-644,lateral-raise,,,
-1012,352,-647,lateral-raise,,,
-1023,345,-539,lateral-raise,,,
-1032,335,-507,lateral-raise,,,
-1032,361,-517,lateral-raise,,,
-1022,384,-502,lateral-raise,,,
-1020,381,-439,lateral-raise,,,
-1037,370,-331,lateral-raise,,,
-1032,355,-313,lateral-raise,,,
-1040,341,-381,lateral-raise,,,
-1058,329,-375,lateral-raise,,,
-1059,312,-316,lateral-raise,,,
-1040,327,-249,lateral-raise,,,
-1016,366,-212,lateral-raise,,,
-1014,358,-220,lateral-raise,,,
-1006,352,-201,lateral-raise,,,
-1000,349,-172,lateral-raise,,,
-995,324,-175,lateral-raise,,,
-970,266,-267,lateral-raise,,,
-983,281,-146,lateral-raise,,,
-975,291,-155,lateral-raise,,,
-968,321,-113,lateral-raise,,,
-969,328,-125,lateral-raise,,,
-984,328,-88,lateral-raise,,,
-976,319,-96,lateral-raise,,,
-976,272,-88,lateral-raise,,,
-984,272,-64,lateral-raise,,,
-976,272,-48,lateral-raise,,,
-953,302,-78,lateral-raise,,,
-945,311,-80,lateral-raise,,,
-951,312,-44,lateral-raise,,,
-931,312,-83,lateral-raise,,,
-942,298,-81,lateral-raise,,,
-951,296,-60,lateral-raise,,,
-952,309,-83,lateral-raise,,,
-945,319,-108,lateral-raise,,,
-931,326,-182,lateral-raise,,,
-965,328,-250,lateral-raise,,,
-982,334,-318,lateral-raise,,,
-1031,360,-230,lateral-raise,,,
-1088,374,-329,lateral-raise,,,
-1121,370,-484,lateral-raise,,,
-1160,357,-550,lateral-raise,,,
-1197,373,-544,lateral-raise,,,
-1239,379,-546,lateral-raise,,,
-1246,401,-601,lateral-raise,,,
-1250,421,-646,lateral-raise,,,
-1298,410,-596,lateral-raise,,,
-1341,409,-556,lateral-raise,,,
-1382,420,-573,lateral-raise,,,
-1429,432,-572,lateral-raise,,,
-1472,444,-564,lateral-raise,,,
-1481,475,-610,lateral-raise,,,
-1464,489,-604,lateral-raise,,,
-1446,479,-583,lateral-raise,,,
-1414,475,-622,lateral-raise,,,
-1355,450,-631,lateral-raise,,,
-1270,425,-692,lateral-raise,,,
-1208,388,-721,lateral-raise,,,
-1119,360,-685,lateral-raise,,,
-996,362,-604,lateral-raise,,,
-845,390,-495,lateral-raise,,,
-766,366,-542,lateral-raise,,,
-697,356,-568,lateral-raise,,,
-618,336,-542,lateral-raise,,,
-556,308,-558,lateral-raise,,,
-475,291,-640,lateral-raise,,,
-415,268,-660,lateral-raise,,,
-364,245,-596,lateral-raise,,,
-295,232,-536,lateral-raise,,,
-224,231,-539,lateral-raise,,,
-103,219,-559,lateral-raise,,,
-17,173,-556,lateral-raise,,,
57,140,-591,lateral-raise,,,
64,78,-579,lateral-raise,,,
65,47,-479,lateral-raise,,,
96,24,-448,lateral-raise,,,
144,80,-464,lateral-raise,,,
144,80,-464,lateral-raise,,,
191,41,-542,lateral-raise,,,
207,2,-567,lateral-raise,,,
260,37,-553,lateral-raise,,,
257,-26,-530,lateral-raise,,,
306,-3,-478,lateral-raise,,,
305,-56,-465,lateral-raise,,,
365,-23,-450,lateral-raise,,,
343,-49,-508,lateral-raise,,,
395,-43,-513,lateral-raise,,,
408,-78,-576,lateral-raise,,,
408,-88,-542,lateral-raise,,,
426,-76,-456,lateral-raise,,,
426,-84,-538,lateral-raise,,,
418,-82,-542,lateral-raise,,,
410,-74,-517,lateral-raise,,,
408,-99,-588,lateral-raise,,,
403,-91,-608,lateral-raise,,,
390,-80,-605,lateral-raise,,,
369,-75,-598,lateral-raise,,,
346,-53,-616,lateral-raise,,,
322,-45,-651,lateral-raise,,,
299,-26,-660,lateral-raise,,,
271,-8,-678,lateral-raise,,,
227,0,-729,lateral-raise,,,
192,16,-768,lateral-raise,,,
142,32,-753,lateral-raise,,,
89,51,-746,lateral-raise,,,
69,75,-733,lateral-raise,,,
39,95,-685,lateral-raise,,,
-3,114,-715,lateral-raise,,,
-50,131,-774,lateral-raise,,,
-89,139,-778,lateral-raise,,,
-123,152,-782,lateral-raise,,,
-173,160,-787,lateral-raise,,,
-219,156,-754,lateral-raise,,,
-284,186,-799,lateral-raise,,,
-353,196,-852,lateral-raise,,,
-412,218,-844,lateral-raise,,,
-457,248,-851,lateral-raise,,,
-498,250,-819,lateral-raise,,,
-548,257,-771,lateral-raise,,,
-605,271,-789,lateral-raise,,,
-636,309,-816,lateral-raise,,,
-667,341,-803,lateral-raise,,,
-742,377,-721,lateral-raise,,,
-735,382,-795,lateral-raise,,,
-813,362,-743,lateral-raise,,,
-880,394,-737,lateral-raise,,,
-889,424,-755,lateral-raise,,,
-920,424,-839,lateral-raise,,,
-936,440,-705,lateral-raise,,,
-913,409,-665,lateral-raise,,,
-958,393,-694,lateral-raise,,,
-997,437,-689,lateral-raise,,,
-978,455,-622,lateral-raise,,,
-997,420,-645,lateral-raise,,,
-979,402,-522,lateral-raise,,,
-1010,414,-531,lateral-raise,,,
-1009,396,-476,lateral-raise,,,
-1028,431,-484,lateral-raise,,,
-1007,408,-456,lateral-raise,,,
-994,375,-386,lateral-raise,,,
-992,380,-368,lateral-raise,,,
-998,390,-356,lateral-raise,,,
-983,386,-346,lateral-raise,,,
-982,356,-316,lateral-raise,,,
-989,349,-309,lateral-raise,,,
-992,341,-286,lateral-raise,,,
-992,331,-267,lateral-raise,,,
-982,318,-284,lateral-raise,,,
-971,312,-272,lateral-raise,,,
-977,317,-247,lateral-raise,,,
-980,320,-213,lateral-raise,,,
-972,320,-214,lateral-raise,,,
-980,320,-211,lateral-raise,,,
-988,316,-188,lateral-raise,,,
-988,300,-199,lateral-raise,,,
-992,288,-209,lateral-raise,,,
-988,284,-189,lateral-raise,,,
-981,277,-183,lateral-raise,,,
-973,272,-182,lateral-raise,,,
-965,272,-156,lateral-raise,,,
-960,272,-156,lateral-raise,,,
-960,267,-178,lateral-raise,,,
-957,253,-142,lateral-raise,,,
-952,246,-113,lateral-raise,,,
-952,242,-101,lateral-raise,,,
-952,250,-129,lateral-raise,,,
-954,256,-182,lateral-raise,,,
-956,247,-198,lateral-raise,,,
-949,224,-220,lateral-raise,,,
-974,265,-341,lateral-raise,,,
-1021,309,-400,lateral-raise,,,
-1132,329,-421,lateral-raise,,,
-1157,288,-546,lateral-raise,,,
-1195,290,-567,lateral-raise,,,
-1223,305,-625,lateral-raise,,,
-1210,319,-640,lateral-raise,,,
-1232,314,-742,lateral-raise,,,
-1226,352,-704,lateral-raise,,,
-1288,352,-688,lateral-raise,,,
-1328,344,-712,lateral-raise,,,
-1382,328,-619,lateral-raise,,,
-1414,328,-692,lateral-raise,,,
-1438,350,-748,lateral-raise,,,
-1447,359,-679,lateral-raise,,,
-1441,396,-629,lateral-raise,,,
-1405,372,-694,lateral-raise,,,
-1380,354,-677,lateral-raise,,,
-1329,359,-659,lateral-raise,,,
-1235,334,-682,lateral-raise,,,
-1140,328,-732,lateral-raise,,,
-1046,340,-701,lateral-raise,,,
-958,320,-676,lateral-raise,,,
-877,306,-625,lateral-raise,,,
-793,298,-597,lateral-raise,,,
-712,307,-625,lateral-raise,,,
-672,328,-694,lateral-raise,,,
-627,273,-694,lateral-raise,,,
-470,209,-466,lateral-raise,,,
-338,187,-463,lateral-raise,,,
-223,179,-608,lateral-raise,,,
-103,139,-600,lateral-raise,,,
20,94,-587,lateral-raise,,,
136,50,-578,lateral-raise,,,
201,20,-552,lateral-raise,,,
208,-16,-552,lateral-raise,,,
196,-56,-510,lateral-raise,,,
218,-20,-438,lateral-raise,,,
227,4,-404,lateral-raise,,,
210,-32,-356,lateral-raise,,,
224,-22,-370,lateral-raise,,,
239,-26,-483,lateral-raise,,,
296,-56,-491,lateral-raise,,,
366,-72,-518,lateral-raise,,,
389,-112,-563,lateral-raise,,,
396,-111,-527,lateral-raise,,,
424,-70,-425,lateral-raise,,,
422,-77,-404,lateral-raise,,,
414,-106,-392,lateral-raise,,,
410,-86,-428,lateral-raise,,,
418,-87,-557,lateral-raise,,,
425,-109,-577,lateral-raise,,,
431,-95,-583,lateral-raise,,,
422,-92,-572,lateral-raise,,,
408,-108,-551,lateral-raise,,,
404,-81,-549,lateral-raise,,,
368,-86,-594,lateral-raise,,,
367,-63,-613,lateral-raise,,,
359,-56,-580,lateral-raise,,,
336,-55,-663,lateral-raise,,,
328,-24,-632,lateral-raise,,,
280,8,-656,lateral-raise,,,
210,-15,-718,lateral-raise,,,
162,-1,-659,lateral-raise,,,
100,37,-775,lateral-raise,,,
45,55,-806,lateral-raise,,,
-17,56,-758,lateral-raise,,,
-66,98,-801,lateral-raise,,,
-79,145,-835,lateral-raise,,,
-120,125,-787,lateral-raise,,,
-200,120,-783,lateral-raise,,,
-235,184,-816,lateral-raise,,,
-252,200,-781,lateral-raise,,,
-304,254,-762,lateral-raise,,,
-326,272,-795,lateral-raise,,,
-385,255,-774,lateral-raise,,,
-408,248,-738,lateral-raise,,,
-451,270,-798,lateral-raise,,,
-514,312,-848,lateral-raise,,,
-582,364,-836,lateral-raise,,,
-618,394,-784,lateral-raise,,,
-648,429,-650,lateral-raise,,,
-720,448,-701,lateral-raise,,,
-773,466,-770,lateral-raise,,,
-810,510,-782,lateral-raise,,,
-861,519,-741,lateral-raise,,,
-892,508,-676,lateral-raise,,,
-919,512,-691,lateral-raise,,,
-940,519,-675,lateral-raise,,,
-954,539,-678,lateral-raise,,,
-979,532,-645,lateral-raise,,,
-997,510,-526,lateral-raise,,,
-1022,517,-564,lateral-raise,,,
-1026,512,-593,lateral-raise,,,
-1021,490,-546,lateral-raise,,,
-1029,430,-486,lateral-raise,,,
-1017,394,-477,lateral-raise,,,
-998,395,-528,lateral-raise,,,
-990,380,-460,lateral-raise,,,
-988,368,-372,lateral-raise,,,
-1004,363,-338,lateral-raise,,,
-1018,344,-344,lateral-raise,,,
-1031,344,-344,lateral-raise,,,
-1059,345,-333,lateral-raise,,,
-1033,348,-276,lateral-raise,,,
-1037,331,-244,lateral-raise,,,
-1016,350,-169,lateral-raise,,,
-1017,332,-234,lateral-raise,,,
-1024,295,-174,lateral-raise,,,
-1024,279,-149,lateral-raise,,,
-1016,264,-88,lateral-raise,,,
-1016,272,-104,lateral-raise,,,
-984,280,-88,lateral-raise,,,
-984,280,-88,lateral-raise,,,
-992,272,-96,lateral-raise,,,
-969,257,-66,lateral-raise,,,
-968,241,-27,lateral-raise,,,
-975,240,-39,lateral-raise,,,
-947,233,-4,lateral-raise,,,
-979,253,0,lateral-raise,,,
-964,256,-41,lateral-raise,,,
-973,229,-35,lateral-raise,,,
-976,217,-58,lateral-raise,,,
-982,241,-58,lateral-raise,,,
-996,267,-87,lateral-raise,,,
-1000,254,-175,lateral-raise,,,
-1024,248,-165,lateral-raise,,,
-1026,219,-141,lateral-raise,,,
-1035,219,-259,lateral-raise,,,
-1078,273,-355,lateral-raise,,,
-1096,285,-455,lateral-raise,,,
-1116,300,-588,lateral-raise,,,
-1133,307,-650,lateral-raise,,,
-1141,304,-632,lateral-raise,,,
-1186,304,-621,lateral-raise,,,
-1234,308,-593,lateral-raise,,,
-1300,321,-611,lateral-raise,,,
-1398,345,-631,lateral-raise,,,
-1480,348,-608,lateral-raise,,,
-1524,348,-573,lateral-raise,,,
-1551,360,-544,lateral-raise,,,
-1568,378,-533,lateral-raise,,,
-1555,380,-527,lateral-raise,,,
-1513,365,-555,lateral-raise,,,
-1449,390,-621,lateral-raise,,,
-1377,391,-639,lateral-raise,,,
-1292,379,-573,lateral-raise,,,
-1180,384,-600,lateral-raise,,,
-1098,377,-625,lateral-raise,,,
-1028,353,-622,lateral-raise,,,
-955,344,-635,lateral-raise,,,
-886,366,-605,lateral-raise,,,
-843,335,-676,lateral-raise,,,
-775,235,-562,lateral-raise,,,
-665,180,-396,lateral-raise,,,
-588,152,-453,lateral-raise,,,
-512,116,-481,lateral-raise,,,
-409,138,-512,lateral-raise,,,
-353,145,-670,lateral-raise,,,
-289,87,-579,lateral-raise,,,
-209,78,-528,lateral-raise,,,
-119,54,-529,lateral-raise,,,
-93,10,-550,lateral-raise,,,
1,64,-488,lateral-raise,,,
63,64,-520,lateral-raise,,,
142,33,-567,lateral-raise,,,
174,-14,-636,lateral-raise,,,
206,-46,-588,lateral-raise,,,
230,-19,-548,lateral-raise,,,
246,-37,-558,lateral-raise,,,
255,-54,-511,lateral-raise,,,
290,-56,-531,lateral-raise,,,
316,-96,-543,lateral-raise,,,
346,-97,-544,lateral-raise,,,
371,-140,-493,lateral-raise,,,
438,-127,-536,lateral-raise,,,
438,-144,-570,lateral-raise,,,
432,-117,-541,lateral-raise,,,
443,-138,-511,lateral-raise,,,
437,-141,-532,lateral-raise,,,
416,-141,-495,lateral-raise,,,
376,-123,-488,lateral-raise,,,
345,-127,-516,lateral-raise,,,
326,-131,-548,lateral-raise,,,
330,-133,-541,lateral-raise,,,
308,-141,-528,lateral-raise,,,
306,-122,-555,lateral-raise,,,
320,-108,-576,lateral-raise,,,
295,-116,-568,lateral-raise,,,
260,-112,-584,lateral-raise,,,
240,-85,-646,lateral-raise,,,
203,-46,-692,lateral-raise,,,
147,4,-640,lateral-raise,,,
80,47,-578,lateral-raise,,,
5,72,-611,lateral-raise,,,
-52,102,-655,lateral-raise,,,
-119,112,-665,lateral-raise,,,
-171,128,-637,lateral-raise,,,
-215,152,-684,lateral-raise,,,
-274,151,-785,lateral-raise,,,
-303,195,-736,lateral-raise,,,
-333,230,-675,lateral-raise,,,
-380,254,-738,lateral-raise,,,
-432,283,-757,lateral-raise,,,
-504,323,-727,lateral-raise,,,
-586,333,-728,lateral-raise,,,
-676,324,-633,lateral-raise,,,
-744,346,-686,lateral-raise,,,
-805,366,-721,lateral-raise,,,
-899,405,-721,lateral-raise,,,
-933,380,-666,lateral-raise,,,
-986,425,-689,lateral-raise,,,
-1017,440,-699,lateral-raise,,,
-1042,440,-607,lateral-raise,,,
-1104,440,-584,lateral-raise,,,
-1072,504,-608,lateral-raise,,,
-1134,496,-484,lateral-raise,,,
-1121,496,-465,lateral-raise,,,
-1142,496,-412,lateral-raise,,,
-1115,496,-481,lateral-raise,,,
-1098,453,-417,lateral-raise,,,
-1103,462,-296,lateral-raise,,,
-1090,444,-260,lateral-raise,,,
-1061,447,-236,lateral-raise,,,
-1063,461,-199,lateral-raise,,,
-1070,464,-179,lateral-raise,,,
-1103,452,-120,lateral-raise,,,
-1136,430,-116,lateral-raise,,,
-1144,412,-96,lateral-raise,,,
-1133,397,-94,lateral-raise,,,
-1111,386,-57,lateral-raise,,,
-1082,395,-83,lateral-raise,,,
-1061,400,-93,lateral-raise,,,
-1051,385,-83,lateral-raise,,,
-1023,366,-65,lateral-raise,,,
-1003,341,-85,lateral-raise,,,
-981,323,-113,lateral-raise,,,
-950,324,-98,lateral-raise,,,
-932,324,-54,lateral-raise,,,
-920,308,-49,lateral-raise,,,
-900,284,-56,lateral-raise,,,
-880,272,-21,lateral-raise,,,
-861,268,12,lateral-raise,,,
-834,250,20,lateral-raise,,,
-803,242,21,lateral-raise,,,
-774,253,16,lateral-raise,,,
-760,236,13,lateral-raise,,,
-751,216,20,lateral-raise,,,
-725,211,43,lateral-raise,,,
-701,187,40,lateral-raise,,,
-686,158,29,lateral-raise,,,
-669,163,31,lateral-raise,,,
-686,194,19,lateral-raise,,,
-702,196,46,lateral-raise,,,
-703,171,47,lateral-raise,,,
-749,130,72,lateral-raise,,,
-833,133,75,lateral-raise,,,
-837,121,81,lateral-raise,,,
-820,132,50,lateral-raise,,,
-805,151,64,lateral-raise,,,
-842,141,61,lateral-raise,,,
-853,116,28,lateral-raise,,,
-827,154,-9,lateral-raise,,,
-866,182,82,lateral-raise,,,
-912,143,113,lateral-raise,,,
-920,96,160,lateral-raise,,,
-872,72,152,lateral-raise,,,
-919,126,67,lateral-raise,,,
-1019,219,87,lateral-raise,,,
-1046,157,58,lateral-raise,,,
-1026,64,78,lateral-raise,,,
-1038,106,80,lateral-raise,,,
-1110,105,80,lateral-raise,,,
-1106,159,25,lateral-raise,,,
-1104,168,36,lateral-raise,,,
-1124,168,47,lateral-raise,,,
-1147,212,10,lateral-raise,,,
-1195,205,37,lateral-raise,,,
-1220,188,54,lateral-raise,,,
-1230,196,62,lateral-raise,,,
-1232,183,70,lateral-raise,,,
-1232,187,50,lateral-raise,,,
-1200,219,-3,lateral-raise,,,
-1189,248,-8,lateral-raise,,,
-1207,246,0,lateral-raise,,,
-1216,230,-5,lateral-raise,,,
-1230,219,45,lateral-raise,,,
-1226,202,34,lateral-raise,,,
-1194,201,0,lateral-raise,,,
-1167,221,0,lateral-raise,,,
-1168,228,0,lateral-raise,,,
-1168,236,16,lateral-raise,,,
-1164,240,24,lateral-raise,,,
-1168,228,5,lateral-raise,,,
-1168,224,24,lateral-raise,,,
-1198,241,44,lateral-raise,,,
-1282,280,48,lateral-raise,,,
-1323,307,105,lateral-raise,,,
-1265,254,10,lateral-raise,,,
-1257,226,-17,lateral-raise,,,
-1317,350,560,lateral-raise,,,
-1390,339,914,lateral-raise,,,
-1582,393,366,lateral-raise,,,
-1631,351,-102,lateral-raise,,,
-1674,313,-447,lateral-raise,,,
-1664,441,-245,lateral-raise,,,
-1590,540,-59,lateral-raise,,,
-1510,590,-14,lateral-raise,,,
-1451,616,-43,lateral-raise,,,
-1370,612,-57,lateral-raise,,,
-1276,595,-66,lateral-raise,,,
-1183,618,-85,lateral-raise,,,
-1106,633,-132,lateral-raise,,,
-1044,649,-180,lateral-raise,,,
-988,656,-240,lateral-raise,,,
-902,664,-241,lateral-raise,,,
-824,656,-272,lateral-raise,,,
