arms,biceps-curl,816,544,-272
arms,biceps-curl,738,521,-218
arms,biceps-curl,698,573,-178
arms,biceps-curl,636,576,-236
arms,biceps-curl,617,620,-328
arms,biceps-curl,552,638,-286
arms,biceps-curl,509,640,-280
arms,biceps-curl,477,620,-253
arms,biceps-curl,439,649,-281
arms,biceps-curl,393,604,-262
arms,biceps-curl,371,617,-237
arms,biceps-curl,393,624,-220
arms,biceps-curl,442,636,-186
arms,biceps-curl,485,622,-182
arms,biceps-curl,553,627,-127
arms,biceps-curl,626,632,-132
arms,biceps-curl,718,637,-187
arms,biceps-curl,831,640,-182
arms,biceps-curl,913,615,-122
arms,biceps-curl,985,595,-145
arms,biceps-curl,1059,549,-214
arms,biceps-curl,1107,497,-245
arms,biceps-curl,1129,476,-248
arms,biceps-curl,1145,442,-291
arms,biceps-curl,1148,395,-324
arms,biceps-curl,1124,376,-304
arms,biceps-curl,1092,395,-323
arms,biceps-curl,1058,434,-323
arms,biceps-curl,1025,463,-312
arms,biceps-curl,1023,472,-342
arms,biceps-curl,1022,482,-318
arms,biceps-curl,1011,514,-270
arms,biceps-curl,1016,550,-207
arms,biceps-curl,1016,568,-200
arms,biceps-curl,1013,589,-193
arms,biceps-curl,1001,612,-110
arms,biceps-curl,977,663,-50
arms,biceps-curl,964,724,-92
arms,biceps-curl,970,742,-56
arms,biceps-curl,943,764,20
arms,biceps-curl,900,783,35
arms,biceps-curl,847,809,55
arms,biceps-curl,801,820,100
arms,biceps-curl,761,840,155
arms,biceps-curl,716,839,125
arms,biceps-curl,680,829,116
arms,biceps-curl,608,807,217
arms,biceps-curl,526,879,236
arms,biceps-curl,494,866,294
arms,biceps-curl,454,904,263
arms,biceps-curl,399,888,241
arms,biceps-curl,345,880,319
arms,biceps-curl,297,864,281
arms,biceps-curl,243,1069,158
arms,biceps-curl,203,834,398
arms,biceps-curl,120,867,380
arms,biceps-curl,83,936,383
arms,biceps-curl,59,874,377
arms,biceps-curl,-5,878,342
arms,biceps-curl,-56,927,396
arms,biceps-curl,-129,884,415
arms,biceps-curl,-169,885,333
arms,biceps-curl,-201,851,331
arms,biceps-curl,-256,774,384
arms,biceps-curl,-313,670,241
arms,biceps-curl,-339,674,150
arms,biceps-curl,-344,677,125
arms,biceps-curl,-349,640,201
arms,biceps-curl,-373,566,219
arms,biceps-curl,-374,526,188
arms,biceps-curl,-368,555,191
arms,biceps-curl,-354,609,195
arms,biceps-curl,-339,613,229
arms,biceps-curl,-345,596,247
arms,biceps-curl,-326,605,257
arms,biceps-curl,-304,662,284
arms,biceps-curl,-284,716,244
arms,biceps-curl,-241,709,180
arms,biceps-curl,-205,703,172
arms,biceps-curl,-178,748,197
arms,biceps-curl,-136,828,318
arms,biceps-curl,-56,943,377
arms,biceps-curl,4,948,244
arms,biceps-curl,13,850,165
arms,biceps-curl,86,923,79
arms,biceps-curl,138,1023,63
arms,biceps-curl,184,1088,118
arms,biceps-curl,256,998,105
arms,biceps-curl,296,973,50
arms,biceps-curl,310,1026,-117
arms,biceps-curl,366,985,35
arms,biceps-curl,411,914,4
arms,biceps-curl,414,949,-49
arms,biceps-curl,525,927,-121
arms,biceps-curl,592,875,-282
arms,biceps-curl,602,844,-235
arms,biceps-curl,683,819,-158
arms,biceps-curl,779,837,-275
arms,biceps-curl,807,803,-309
arms,biceps-curl,791,726,-371
arms,biceps-curl,769,688,-282
arms,biceps-curl,792,704,-336
arms,biceps-curl,848,664,-344
arms,biceps-curl,848,664,-344
arms,biceps-curl,856,594,-328
arms,biceps-curl,871,569,-366
arms,biceps-curl,872,561,-405
arms,biceps-curl,894,531,-328
arms,biceps-curl,932,499,-306
arms,biceps-curl,929,461,-297
arms,biceps-curl,935,449,-344
arms,biceps-curl,936,381,-272
arms,biceps-curl,936,381,-256
arms,biceps-curl,961,359,-275
arms,biceps-curl,980,340,-286
arms,biceps-curl,990,318,-276
arms,biceps-curl,986,306,-254
arms,biceps-curl,984,310,-248
arms,biceps-curl,984,312,-259
arms,biceps-curl,984,307,-264
arms,biceps-curl,973,299,-206
arms,biceps-curl,963,301,-212
arms,biceps-curl,970,299,-267
arms,biceps-curl,966,296,-269
arms,biceps-curl,960,301,-261
arms,biceps-curl,973,326,-273
arms,biceps-curl,988,344,-267
arms,biceps-curl,992,356,-268
arms,biceps-curl,996,380,-280
arms,biceps-curl,1004,415,-299
arms,biceps-curl,1012,462,-305
arms,biceps-curl,1009,513,-284
arms,biceps-curl,1000,561,-270
arms,biceps-curl,990,594,-266
arms,biceps-curl,970,620,-280
arms,biceps-curl,945,655,-277
arms,biceps-curl,904,688,-264
arms,biceps-curl,862,714,-232
arms,biceps-curl,830,738,-205
arms,biceps-curl,799,751,-211
arms,biceps-curl,768,776,-183
arms,biceps-curl,734,806,-124
arms,biceps-curl,695,822,-93
arms,biceps-curl,656,814,-109
arms,biceps-curl,614,817,-78
arms,biceps-curl,560,857,7
arms,biceps-curl,514,860,45
arms,biceps-curl,473,840,80
arms,biceps-curl,419,843,136
arms,biceps-curl,372,871,142
arms,biceps-curl,324,865,209
arms,biceps-curl,269,873,216
arms,biceps-curl,214,895,217
arms,biceps-curl,143,864,249
arms,biceps-curl,73,904,303
arms,biceps-curl,49,912,281
arms,biceps-curl,10,904,303
arms,biceps-curl,-14,911,304
arms,biceps-curl,-67,919,384
arms,biceps-curl,-108,927,349
arms,biceps-curl,-140,914,393
arms,biceps-curl,-171,878,380
arms,biceps-curl,-203,859,349
arms,biceps-curl,-241,849,377
arms,biceps-curl,-273,823,365
arms,biceps-curl,-292,828,410
arms,biceps-curl,-320,808,412
arms,biceps-curl,-357,759,326
arms,biceps-curl,-385,704,227
arms,biceps-curl,-409,671,155
arms,biceps-curl,-432,626,125
arms,biceps-curl,-445,608,152
arms,biceps-curl,-458,588,173
arms,biceps-curl,-449,546,112
arms,biceps-curl,-416,523,139
arms,biceps-curl,-400,557,207
arms,biceps-curl,-387,597,197
arms,biceps-curl,-363,617,167
arms,biceps-curl,-335,636,152
arms,biceps-curl,-296,656,200
arms,biceps-curl,-257,710,252
arms,biceps-curl,-233,756,178
arms,biceps-curl,-192,784,92
arms,biceps-curl,-139,841,105
arms,biceps-curl,-117,870,128
arms,biceps-curl,-91,895,100
arms,biceps-curl,-33,932,18
arms,biceps-curl,11,960,-64
arms,biceps-curl,42,935,-101
arms,biceps-curl,125,867,-158
arms,biceps-curl,203,921,-266
arms,biceps-curl,251,925,-276
arms,biceps-curl,328,878,-308
arms,biceps-curl,422,907,-379
arms,biceps-curl,506,932,-421
arms,biceps-curl,551,884,-433
arms,biceps-curl,589,861,-397
arms,biceps-curl,621,846,-388
arms,biceps-curl,651,826,-416
arms,biceps-curl,676,781,-471
arms,biceps-curl,712,750,-459
arms,biceps-curl,714,726,-408
arms,biceps-curl,736,695,-406
arms,biceps-curl,744,679,-376
arms,biceps-curl,752,632,-368
arms,biceps-curl,744,600,-344
arms,biceps-curl,783,569,-406
arms,biceps-curl,830,560,-370
arms,biceps-curl,847,523,-346
arms,biceps-curl,870,491,-315
arms,biceps-curl,901,452,-305
arms,biceps-curl,904,441,-304
arms,biceps-curl,924,426,-311
arms,biceps-curl,941,411,-305
arms,biceps-curl,957,382,-271
arms,biceps-curl,979,363,-289
arms,biceps-curl,990,341,-302
arms,biceps-curl,1010,330,-298
arms,biceps-curl,1010,322,-290
arms,biceps-curl,1014,314,-271
arms,biceps-curl,1010,306,-270
arms,biceps-curl,1003,304,-277
arms,biceps-curl,995,293,-280
arms,biceps-curl,987,308,-265
arms,biceps-curl,979,330,-286
arms,biceps-curl,976,331,-294
arms,biceps-curl,971,347,-260
arms,biceps-curl,968,369,-231
arms,biceps-curl,972,389,-263
arms,biceps-curl,959,408,-279
arms,biceps-curl,952,432,-280
arms,biceps-curl,964,460,-284
arms,biceps-curl,964,487,-261
arms,biceps-curl,960,518,-234
arms,biceps-curl,957,549,-233
arms,biceps-curl,946,581,-246
arms,biceps-curl,927,609,-226
arms,biceps-curl,912,641,-210
arms,biceps-curl,907,680,-205
arms,biceps-curl,888,699,-195
arms,biceps-curl,857,714,-140
arms,biceps-curl,819,741,-114
arms,biceps-curl,802,760,-114
arms,biceps-curl,776,790,-90
arms,biceps-curl,743,808,-76
arms,biceps-curl,702,803,-81
arms,biceps-curl,652,787,-56
arms,biceps-curl,595,805,-44
arms,biceps-curl,560,838,18
arms,biceps-curl,506,871,32
arms,biceps-curl,460,864,39
arms,biceps-curl,420,865,96
arms,biceps-curl,374,884,98
arms,biceps-curl,342,936,130
arms,biceps-curl,302,928,168
arms,biceps-curl,248,936,152
arms,biceps-curl,200,944,144
arms,biceps-curl,146,960,152
arms,biceps-curl,83,945,220
arms,biceps-curl,13,914,343
arms,biceps-curl,8,912,301
arms,biceps-curl,-28,919,303
arms,biceps-curl,-74,920,395
arms,biceps-curl,-114,920,401
arms,biceps-curl,-147,927,360
arms,biceps-curl,-198,889,391
arms,biceps-curl,-227,867,406
arms,biceps-curl,-263,833,346
arms,biceps-curl,-290,818,394
arms,biceps-curl,-320,792,369
arms,biceps-curl,-351,773,335
arms,biceps-curl,-371,751,311
arms,biceps-curl,-392,739,293
arms,biceps-curl,-421,694,246
arms,biceps-curl,-442,657,224
arms,biceps-curl,-448,623,214
arms,biceps-curl,-448,594,241
arms,biceps-curl,-443,584,273
arms,biceps-curl,-427,580,262
arms,biceps-curl,-412,576,209
arms,biceps-curl,-400,597,222
arms,biceps-curl,-384,616,240
arms,biceps-curl,-364,624,228
arms,biceps-curl,-352,669,277
arms,biceps-curl,-345,687,292
arms,biceps-curl,-323,669,195
arms,biceps-curl,-285,746,144
arms,biceps-curl,-238,847,158
arms,biceps-curl,-193,852,121
arms,biceps-curl,-157,846,133
arms,biceps-curl,-123,922,62
arms,biceps-curl,-84,962,31
arms,biceps-curl,-42,984,111
arms,biceps-curl,7,1026,39
arms,biceps-curl,56,1018,-110
arms,biceps-curl,91,980,-139
arms,biceps-curl,148,999,-108
arms,biceps-curl,225,1031,-148
arms,biceps-curl,239,1053,-137
arms,biceps-curl,280,994,-195
arms,biceps-curl,331,957,-258
arms,biceps-curl,355,934,-270
arms,biceps-curl,388,921,-257
arms,biceps-curl,434,927,-271
arms,biceps-curl,465,908,-267
arms,biceps-curl,490,840,-320
arms,biceps-curl,544,832,-336
arms,biceps-curl,560,824,-336
arms,biceps-curl,560,824,-336
arms,biceps-curl,583,801,-313
arms,biceps-curl,592,762,-312
arms,biceps-curl,614,730,-387
arms,biceps-curl,638,692,-363
arms,biceps-curl,669,681,-281
arms,biceps-curl,686,673,-293
arms,biceps-curl,729,631,-330
arms,biceps-curl,769,611,-363
arms,biceps-curl,789,601,-329
arms,biceps-curl,824,594,-295
arms,biceps-curl,857,573,-344
arms,biceps-curl,870,532,-342
arms,biceps-curl,878,502,-324
arms,biceps-curl,897,473,-320
arms,biceps-curl,915,447,-331
arms,biceps-curl,925,424,-298
arms,biceps-curl,928,411,-269
arms,biceps-curl,923,403,-279
arms,biceps-curl,930,395,-313
arms,biceps-curl,936,382,-333
arms,biceps-curl,941,385,-313
arms,biceps-curl,944,379,-305
arms,biceps-curl,948,359,-290
arms,biceps-curl,960,344,-280
arms,biceps-curl,976,340,-272
arms,biceps-curl,988,340,-252
arms,biceps-curl,996,321,-255
arms,biceps-curl,1000,318,-275
arms,biceps-curl,993,336,-285
arms,biceps-curl,981,346,-277
arms,biceps-curl,979,369,-275
arms,biceps-curl,978,387,-277
arms,biceps-curl,965,395,-283
arms,biceps-curl,957,408,-304
arms,biceps-curl,945,431,-294
arms,biceps-curl,921,459,-263
arms,biceps-curl,908,501,-236
arms,biceps-curl,920,548,-222
arms,biceps-curl,918,589,-220
arms,biceps-curl,910,620,-234
arms,biceps-curl,900,671,-234
arms,biceps-curl,876,708,-205
arms,biceps-curl,854,732,-191
arms,biceps-curl,834,752,-179
arms,biceps-curl,789,755,-141
arms,biceps-curl,766,786,-109
arms,biceps-curl,741,810,-79
arms,biceps-curl,694,833,-71
arms,biceps-curl,647,848,-48
arms,biceps-curl,600,856,-47
arms,biceps-curl,552,888,31
arms,biceps-curl,505,904,48
arms,biceps-curl,481,896,33
arms,biceps-curl,420,866,25
arms,biceps-curl,372,864,46
arms,biceps-curl,318,864,198
arms,biceps-curl,277,892,160
arms,biceps-curl,252,896,118
arms,biceps-curl,208,929,212
arms,biceps-curl,161,949,232
arms,biceps-curl,120,971,257
arms,biceps-curl,75,939,289
arms,biceps-curl,40,928,272
arms,biceps-curl,8,946,282
arms,biceps-curl,-34,946,311
arms,biceps-curl,-70,922,309
arms,biceps-curl,-112,907,331
arms,biceps-curl,-149,893,365
arms,biceps-curl,-180,883,366
arms,biceps-curl,-212,865,365
arms,biceps-curl,-257,851,411
arms,biceps-curl,-289,825,408
arms,biceps-curl,-323,781,371
arms,biceps-curl,-348,764,364
arms,biceps-curl,-364,743,360
arms,biceps-curl,-388,700,360
arms,biceps-curl,-408,676,356
arms,biceps-curl,-412,668,329
arms,biceps-curl,-408,653,301
arms,biceps-curl,-408,637,312
arms,biceps-curl,-408,635,328
arms,biceps-curl,-405,631,280
arms,biceps-curl,-391,639,269
arms,biceps-curl,-379,691,339
arms,biceps-curl,-379,709,355
arms,biceps-curl,-368,711,295
arms,biceps-curl,-366,726,251
arms,biceps-curl,-356,737,272
arms,biceps-curl,-338,796,364
arms,biceps-curl,-313,823,344
arms,biceps-curl,-286,780,225
arms,biceps-curl,-274,757,210
arms,biceps-curl,-241,865,264
arms,biceps-curl,-202,948,320
arms,biceps-curl,-171,912,400
arms,biceps-curl,-188,788,260
arms,biceps-curl,-145,700,31
arms,biceps-curl,-67,835,36
arms,biceps-curl,9,983,194
arms,biceps-curl,33,967,227
arms,biceps-curl,64,920,56
arms,biceps-curl,136,944,-56
arms,biceps-curl,136,936,-64
arms,biceps-curl,182,959,73
arms,biceps-curl,251,1042,-24
arms,biceps-curl,292,975,-120
arms,biceps-curl,317,925,-78
arms,biceps-curl,362,962,-79
arms,biceps-curl,423,975,-135
arms,biceps-curl,459,956,-144
arms,biceps-curl,497,972,-209
arms,biceps-curl,542,944,-173
arms,biceps-curl,552,899,-185
arms,biceps-curl,576,882,-204
arms,biceps-curl,619,886,-214
arms,biceps-curl,643,854,-245
arms,biceps-curl,681,829,-273
arms,biceps-curl,674,786,-226
arms,biceps-curl,669,779,-195
arms,biceps-curl,692,769,-223
arms,biceps-curl,719,730,-260
arms,biceps-curl,733,688,-282
arms,biceps-curl,745,649,-279
arms,biceps-curl,783,636,-241
arms,biceps-curl,825,623,-246
arms,biceps-curl,852,600,-264
arms,biceps-curl,860,564,-248
arms,biceps-curl,860,532,-244
arms,biceps-curl,871,524,-248
arms,biceps-curl,887,506,-266
arms,biceps-curl,893,478,-268
arms,biceps-curl,891,454,-234
arms,biceps-curl,899,437,-224
arms,biceps-curl,907,426,-236
arms,biceps-curl,915,408,-248
arms,biceps-curl,928,387,-229
arms,biceps-curl,946,371,-212
arms,biceps-curl,954,362,-182
arms,biceps-curl,962,372,-176
arms,biceps-curl,970,388,-192
arms,biceps-curl,976,398,-226
arms,biceps-curl,974,390,-186
arms,biceps-curl,967,384,-227
arms,biceps-curl,961,388,-239
arms,biceps-curl,969,409,-239
arms,biceps-curl,975,418,-279
arms,biceps-curl,969,435,-274
arms,biceps-curl,975,466,-287
arms,biceps-curl,967,490,-278
arms,biceps-curl,951,514,-254
arms,biceps-curl,936,544,-225
arms,biceps-curl,928,560,-256
arms,biceps-curl,920,592,-232
arms,biceps-curl,912,631,-240
arms,biceps-curl,882,655,-248
arms,biceps-curl,880,686,-248
arms,biceps-curl,829,703,-168
arms,biceps-curl,810,725,-139
arms,biceps-curl,787,784,-115
arms,biceps-curl,757,819,-30
arms,biceps-curl,739,851,-23
arms,biceps-curl,710,889,2
arms,biceps-curl,672,902,21
arms,biceps-curl,621,898,18
arms,biceps-curl,566,902,95
arms,biceps-curl,523,898,126
arms,biceps-curl,489,890,105
arms,biceps-curl,441,905,163
arms,biceps-curl,392,896,181
arms,biceps-curl,355,904,218
arms,biceps-curl,319,917,260
arms,biceps-curl,279,925,277
arms,biceps-curl,240,914,285
arms,biceps-curl,192,909,307
arms,biceps-curl,164,916,347
arms,biceps-curl,134,924,424
arms,biceps-curl,87,928,418
arms,biceps-curl,36,924,368
arms,biceps-curl,-30,897,376
arms,biceps-curl,-98,879,413
arms,biceps-curl,-142,870,430
arms,biceps-curl,-177,814,381
arms,biceps-curl,-219,755,341
arms,biceps-curl,-263,748,364
arms,biceps-curl,-300,762,396
arms,biceps-curl,-325,752,387
arms,biceps-curl,-346,734,390
arms,biceps-curl,-383,674,325
arms,biceps-curl,-414,633,262
arms,biceps-curl,-414,656,269
arms,biceps-curl,-436,650,304
arms,biceps-curl,-448,625,290
arms,biceps-curl,-448,595,237
arms,biceps-curl,-442,580,231
arms,biceps-curl,-415,601,260
arms,biceps-curl,-401,608,235
arms,biceps-curl,-360,609,207
arms,biceps-curl,-361,622,199
arms,biceps-curl,-367,672,196
arms,biceps-curl,-350,674,243
arms,biceps-curl,-327,703,276
arms,biceps-curl,-304,690,206
arms,biceps-curl,-288,752,128
arms,biceps-curl,-248,792,152
arms,biceps-curl,-194,815,113
arms,biceps-curl,-177,846,158
arms,biceps-curl,-101,915,48
arms,biceps-curl,-38,920,-48
arms,biceps-curl,-39,941,44
arms,biceps-curl,44,1021,35
arms,biceps-curl,104,1018,18
arms,biceps-curl,139,996,-137
arms,biceps-curl,151,992,-214
arms,biceps-curl,190,973,-192
arms,biceps-curl,262,993,-122
arms,biceps-curl,322,964,-231
arms,biceps-curl,389,958,-296
arms,biceps-curl,414,908,-275
arms,biceps-curl,455,905,-253
arms,biceps-curl,494,901,-259
arms,biceps-curl,520,859,-332
arms,biceps-curl,584,830,-373
arms,biceps-curl,621,819,-391
arms,biceps-curl,653,816,-381
arms,biceps-curl,677,807,-391
arms,biceps-curl,680,778,-390
arms,biceps-curl,702,738,-380
arms,biceps-curl,737,716,-363
arms,biceps-curl,748,692,-356
arms,biceps-curl,752,660,-360
arms,biceps-curl,767,637,-359
arms,biceps-curl,787,617,-368
arms,biceps-curl,800,591,-348
arms,biceps-curl,810,565,-317
arms,biceps-curl,824,545,-327
arms,biceps-curl,827,511,-355
arms,biceps-curl,843,496,-346
arms,biceps-curl,867,491,-310
arms,biceps-curl,879,473,-295
arms,biceps-curl,903,451,-310
arms,biceps-curl,926,436,-312
arms,biceps-curl,948,422,-332
arms,biceps-curl,960,414,-307
arms,biceps-curl,960,405,-269
arms,biceps-curl,961,392,-291
arms,biceps-curl,967,392,-301
arms,biceps-curl,961,392,-292
arms,biceps-curl,967,392,-310
arms,biceps-curl,958,394,-300
arms,biceps-curl,943,407,-335
arms,biceps-curl,927,402,-320
arms,biceps-curl,912,425,-320
arms,biceps-curl,904,441,-320
arms,biceps-curl,904,472,-320
arms,biceps-curl,920,512,-328
arms,biceps-curl,936,559,-375
arms,biceps-curl,936,621,-285
arms,biceps-curl,929,654,-325
arms,biceps-curl,935,707,-299
arms,biceps-curl,893,705,-282
arms,biceps-curl,874,753,-294
arms,biceps-curl,858,774,-269
arms,biceps-curl,823,803,-211
arms,biceps-curl,790,834,-187
arms,biceps-curl,746,834,-184
arms,biceps-curl,699,820,-178
arms,biceps-curl,634,840,-61
arms,biceps-curl,575,860,-53
arms,biceps-curl,543,887,-41
arms,biceps-curl,503,907,13
arms,biceps-curl,461,934,43
arms,biceps-curl,401,923,80
arms,biceps-curl,361,902,121
arms,biceps-curl,322,926,126
arms,biceps-curl,280,949,163
arms,biceps-curl,250,957,197
arms,biceps-curl,213,947,178
arms,biceps-curl,162,932,186
arms,biceps-curl,99,920,237
arms,biceps-curl,40,904,244
arms,biceps-curl,1,892,228
arms,biceps-curl,-49,873,265
arms,biceps-curl,-102,860,283
arms,biceps-curl,-147,851,310
arms,biceps-curl,-200,829,371
arms,biceps-curl,-233,821,352
arms,biceps-curl,-271,810,361
arms,biceps-curl,-317,797,373
arms,biceps-curl,-338,787,363
arms,biceps-curl,-375,766,354
arms,biceps-curl,-417,737,349
arms,biceps-curl,-442,712,312
arms,biceps-curl,-454,684,284
arms,biceps-curl,-477,668,263
arms,biceps-curl,-498,644,232
arms,biceps-curl,-503,591,223
arms,biceps-curl,-495,557,189
arms,biceps-curl,-486,586,225
arms,biceps-curl,-470,600,276
arms,biceps-curl,-455,602,242
arms,biceps-curl,-449,615,190
arms,biceps-curl,-454,603,169
arms,biceps-curl,-422,642,188
arms,biceps-curl,-383,688,265
arms,biceps-curl,-360,688,296
arms,biceps-curl,-344,688,240
arms,biceps-curl,-344,688,240
arms,biceps-curl,-352,704,240
arms,biceps-curl,-314,765,179
arms,biceps-curl,-230,872,243
arms,biceps-curl,-195,844,314
arms,biceps-curl,-192,847,199
arms,biceps-curl,-150,911,44
arms,biceps-curl,-103,968,-31
arms,biceps-curl,-43,996,140
arms,biceps-curl,1,980,137
arms,biceps-curl,40,1020,45
arms,biceps-curl,79,1001,-81
arms,biceps-curl,118,1004,-76
arms,biceps-curl,157,1002,24
arms,biceps-curl,208,994,-30
arms,biceps-curl,257,953,-131
arms,biceps-curl,288,909,-192
arms,biceps-curl,328,922,-155
arms,biceps-curl,400,931,-204
arms,biceps-curl,472,874,-347
arms,biceps-curl,510,830,-389
arms,biceps-curl,539,833,-330
arms,biceps-curl,579,840,-332
arms,biceps-curl,626,823,-407
arms,biceps-curl,656,804,-398
arms,biceps-curl,672,788,-372
arms,biceps-curl,695,768,-361
arms,biceps-curl,716,738,-346
arms,biceps-curl,741,694,-393
arms,biceps-curl,758,669,-387
arms,biceps-curl,747,654,-317
arms,biceps-curl,764,631,-294
arms,biceps-curl,787,601,-316
arms,biceps-curl,803,573,-347
arms,biceps-curl,827,558,-350
arms,biceps-curl,837,534,-307
arms,biceps-curl,850,523,-301
arms,biceps-curl,864,508,-310
arms,biceps-curl,888,494,-294
arms,biceps-curl,888,481,-262
arms,biceps-curl,896,454,-249
arms,biceps-curl,931,447,-236
arms,biceps-curl,945,432,-285
arms,biceps-curl,951,393,-279
arms,biceps-curl,948,400,-314
arms,biceps-curl,975,399,-269
arms,biceps-curl,968,392,-252
arms,biceps-curl,968,391,-296
arms,biceps-curl,968,384,-295
arms,biceps-curl,968,384,-271
arms,biceps-curl,952,392,-224
arms,biceps-curl,952,400,-216
arms,biceps-curl,952,400,-239
arms,biceps-curl,952,415,-225
arms,biceps-curl,959,431,-246
arms,biceps-curl,960,454,-226
arms,biceps-curl,974,463,-224
arms,biceps-curl,969,492,-217
arms,biceps-curl,968,516,-250
arms,biceps-curl,968,553,-276
arms,biceps-curl,948,593,-228
arms,biceps-curl,919,644,-184
arms,biceps-curl,900,681,-238
arms,biceps-curl,872,730,-220
arms,biceps-curl,840,744,-202
arms,biceps-curl,798,784,-137
arms,biceps-curl,778,822,-118
arms,biceps-curl,749,854,-115
arms,biceps-curl,715,859,-75
arms,biceps-curl,684,861,-36
arms,biceps-curl,647,879,-4
arms,biceps-curl,613,883,27
arms,biceps-curl,577,885,49
arms,biceps-curl,538,892,92
arms,biceps-curl,498,900,120
arms,biceps-curl,455,904,132
arms,biceps-curl,412,908,164
arms,biceps-curl,373,920,169
arms,biceps-curl,337,939,193
arms,biceps-curl,302,948,251
arms,biceps-curl,250,934,261
arms,biceps-curl,195,930,262
arms,biceps-curl,155,938,263
arms,biceps-curl,97,925,260
arms,biceps-curl,42,917,288
arms,biceps-curl,3,915,304
arms,biceps-curl,-41,908,311
arms,biceps-curl,-94,871,328
arms,biceps-curl,-139,852,320
arms,biceps-curl,-182,858,306
arms,biceps-curl,-233,835,343
arms,biceps-curl,-271,813,363
arms,biceps-curl,-302,799,345
arms,biceps-curl,-335,788,352
arms,biceps-curl,-374,766,354
arms,biceps-curl,-412,745,358
arms,biceps-curl,-443,687,281
arms,biceps-curl,-471,607,223
arms,biceps-curl,-464,597,207
arms,biceps-curl,-464,550,190
arms,biceps-curl,-464,520,153
arms,biceps-curl,-456,528,176
arms,biceps-curl,-456,552,216
arms,biceps-curl,-456,583,239
arms,biceps-curl,-441,592,225
arms,biceps-curl,-418,592,157
arms,biceps-curl,-394,680,210
arms,biceps-curl,-356,702,187
arms,biceps-curl,-345,683,219
arms,biceps-curl,-324,741,142
arms,biceps-curl,-287,779,88
arms,biceps-curl,-254,797,119
arms,biceps-curl,-210,838,128
arms,biceps-curl,-150,885,54
arms,biceps-curl,-76,932,-16
arms,biceps-curl,-50,973,62
arms,biceps-curl,-54,927,39
arms,biceps-curl,11,915,-84
arms,biceps-curl,89,920,-160
arms,biceps-curl,149,931,-187
arms,biceps-curl,224,972,-212
arms,biceps-curl,276,957,-214
arms,biceps-curl,317,917,-246
arms,biceps-curl,396,904,-337
arms,biceps-curl,462,904,-375
arms,biceps-curl,497,900,-351
arms,biceps-curl,537,917,-311
arms,biceps-curl,580,916,-360
arms,biceps-curl,604,865,-413
arms,biceps-curl,601,821,-370
arms,biceps-curl,613,815,-348
arms,biceps-curl,643,817,-349
arms,biceps-curl,661,785,-363
arms,biceps-curl,689,740,-398
arms,biceps-curl,704,705,-388
arms,biceps-curl,715,688,-338
arms,biceps-curl,744,699,-322
arms,biceps-curl,772,676,-344
arms,biceps-curl,798,637,-317
arms,biceps-curl,792,597,-269
arms,biceps-curl,792,564,-318
arms,biceps-curl,794,545,-301
arms,biceps-curl,805,515,-331
arms,biceps-curl,825,493,-281
arms,biceps-curl,837,473,-287
arms,biceps-curl,866,435,-274
arms,biceps-curl,885,407,-243
arms,biceps-curl,925,400,-267
arms,biceps-curl,969,399,-296
arms,biceps-curl,978,382,-293
arms,biceps-curl,1000,360,-246
arms,biceps-curl,1000,352,-209
arms,biceps-curl,1016,344,-256
arms,biceps-curl,1000,352,-240
arms,biceps-curl,992,336,-224
arms,biceps-curl,984,351,-247
arms,biceps-curl,969,352,-270
arms,biceps-curl,946,374,-250
arms,biceps-curl,937,390,-241
arms,biceps-curl,943,399,-261
arms,biceps-curl,951,420,-257
arms,biceps-curl,945,437,-263
arms,biceps-curl,951,453,-277
arms,biceps-curl,939,475,-274
arms,biceps-curl,942,492,-253
arms,biceps-curl,950,508,-266
arms,biceps-curl,952,541,-260
arms,biceps-curl,946,569,-222
arms,biceps-curl,933,604,-253
arms,biceps-curl,917,643,-261
arms,biceps-curl,901,672,-240
arms,biceps-curl,886,705,-227
arms,biceps-curl,855,735,-219
arms,biceps-curl,840,749,-202
arms,biceps-curl,826,766,-178
arms,biceps-curl,798,794,-150
arms,biceps-curl,771,834,-119
arms,biceps-curl,731,868,-108
arms,biceps-curl,676,896,-60
arms,biceps-curl,629,912,4
arms,biceps-curl,579,912,9
arms,biceps-curl,519,912,35
arms,biceps-curl,458,909,70
arms,biceps-curl,403,907,50
arms,biceps-curl,369,906,64
arms,biceps-curl,327,893,124
arms,biceps-curl,274,891,160
arms,biceps-curl,211,906,160
arms,biceps-curl,149,918,194
arms,biceps-curl,95,896,267
arms,biceps-curl,64,898,248
arms,biceps-curl,26,898,228
arms,biceps-curl,-30,875,256
arms,biceps-curl,-85,856,302
arms,biceps-curl,-114,855,277
arms,biceps-curl,-171,841,336
arms,biceps-curl,-229,807,338
arms,biceps-curl,-260,802,357
arms,biceps-curl,-292,810,387
arms,biceps-curl,-332,759,338
arms,biceps-curl,-371,753,280
arms,biceps-curl,-410,757,282
arms,biceps-curl,-439,704,320
arms,biceps-curl,-408,696,320
arms,biceps-curl,-408,640,192
arms,biceps-curl,-408,640,192
arms,biceps-curl,-416,586,83
arms,biceps-curl,-408,592,156
arms,biceps-curl,-401,599,287
arms,biceps-curl,-393,615,289
arms,biceps-curl,-392,573,231
arms,biceps-curl,-385,596,231
arms,biceps-curl,-357,668,321
arms,biceps-curl,-345,680,289
arms,biceps-curl,-337,687,267
arms,biceps-curl,-317,682,239
arms,biceps-curl,-269,717,232
arms,biceps-curl,-244,782,238
arms,biceps-curl,-216,824,228
arms,biceps-curl,-179,855,144
arms,biceps-curl,-123,875,56
arms,biceps-curl,-72,912,16
arms,biceps-curl,-19,975,66
arms,biceps-curl,25,1000,35
arms,biceps-curl,84,1005,-20
arms,biceps-curl,122,1013,-32
arms,biceps-curl,156,1016,-69
arms,biceps-curl,198,1012,-105
arms,biceps-curl,246,1012,-164
arms,biceps-curl,301,999,-212
arms,biceps-curl,340,976,-212
arms,biceps-curl,371,956,-223
arms,biceps-curl,407,933,-258
arms,biceps-curl,438,920,-273
arms,biceps-curl,466,903,-264
arms,biceps-curl,503,877,-277
arms,biceps-curl,548,860,-278
arms,biceps-curl,571,825,-268
arms,biceps-curl,598,795,-307
arms,biceps-curl,643,774,-312
arms,biceps-curl,658,747,-314
arms,biceps-curl,696,729,-327
arms,biceps-curl,740,710,-348
arms,biceps-curl,750,698,-344
arms,biceps-curl,744,675,-305
arms,biceps-curl,749,651,-336
arms,biceps-curl,769,626,-336
arms,biceps-curl,779,597,-333
arms,biceps-curl,792,580,-324
arms,biceps-curl,788,558,-334
arms,biceps-curl,765,544,-271
arms,biceps-curl,812,542,-329
arms,biceps-curl,848,517,-336
arms,biceps-curl,850,471,-335
arms,biceps-curl,881,456,-312
arms,biceps-curl,904,456,-304
arms,biceps-curl,904,448,-304
arms,biceps-curl,896,432,-304
arms,biceps-curl,896,409,-281
arms,biceps-curl,911,386,-243
arms,biceps-curl,934,369,-262
arms,biceps-curl,936,361,-250
arms,biceps-curl,950,346,-255
arms,biceps-curl,959,344,-236
arms,biceps-curl,973,331,-252
arms,biceps-curl,983,335,-243
arms,biceps-curl,990,342,-202
arms,biceps-curl,998,344,-235
arms,biceps-curl,1000,338,-254
arms,biceps-curl,994,342,-244
arms,biceps-curl,998,367,-257
arms,biceps-curl,994,387,-236
arms,biceps-curl,987,403,-262
arms,biceps-curl,995,434,-275
arms,biceps-curl,990,463,-272
arms,biceps-curl,959,492,-282
arms,biceps-curl,939,528,-274
arms,biceps-curl,927,549,-241
arms,biceps-curl,911,570,-224
arms,biceps-curl,900,601,-246
arms,biceps-curl,892,645,-243
arms,biceps-curl,872,688,-220
arms,biceps-curl,856,735,-197
arms,biceps-curl,841,779,-172
arms,biceps-curl,810,803,-168
arms,biceps-curl,772,823,-151
arms,biceps-curl,731,848,-109
arms,biceps-curl,694,887,-71
arms,biceps-curl,661,909,-41
arms,biceps-curl,642,918,-13
arms,biceps-curl,600,941,-3
arms,biceps-curl,544,936,40
arms,biceps-curl,474,936,107
arms,biceps-curl,429,942,117
arms,biceps-curl,382,946,180
arms,biceps-curl,317,904,188
arms,biceps-curl,268,906,184
arms,biceps-curl,215,908,216
arms,biceps-curl,165,884,227
arms,biceps-curl,106,866,273
arms,biceps-curl,63,878,234
arms,biceps-curl,-4,864,258
arms,biceps-curl,-41,862,345
arms,biceps-curl,-60,839,351
arms,biceps-curl,-115,832,344
arms,biceps-curl,-177,832,337
arms,biceps-curl,-216,840,368
arms,biceps-curl,-264,816,368
arms,biceps-curl,-311,800,368
arms,biceps-curl,-327,762,360
arms,biceps-curl,-365,715,308
arms,biceps-curl,-383,690,297
arms,biceps-curl,-413,681,275
arms,biceps-curl,-423,638,272
arms,biceps-curl,-458,591,224
arms,biceps-curl,-464,557,183
arms,biceps-curl,-444,559,202
arms,biceps-curl,-434,592,297
arms,biceps-curl,-426,606,283
arms,biceps-curl,-418,608,181
arms,biceps-curl,-398,637,176
arms,biceps-curl,-369,705,224
arms,biceps-curl,-349,722,246
arms,biceps-curl,-333,715,243
arms,biceps-curl,-307,744,240
arms,biceps-curl,-271,796,184
arms,biceps-curl,-241,791,182
arms,biceps-curl,-199,829,181
arms,biceps-curl,-162,901,131
arms,biceps-curl,-130,910,91
arms,biceps-curl,-82,918,102
arms,biceps-curl,-23,961,74
arms,biceps-curl,24,992,-12
arms,biceps-curl,67,996,-71
arms,biceps-curl,125,1003,-81
arms,biceps-curl,181,1027,-83
arms,biceps-curl,221,1016,-130
arms,biceps-curl,259,978,-211
arms,biceps-curl,291,968,-264
arms,biceps-curl,313,974,-244
arms,biceps-curl,358,973,-227
arms,biceps-curl,400,936,-295
arms,biceps-curl,434,889,-350
arms,biceps-curl,445,851,-312
arms,biceps-curl,469,844,-274
arms,biceps-curl,516,848,-294
arms,biceps-curl,561,819,-350
arms,biceps-curl,602,797,-388
arms,biceps-curl,641,783,-343
arms,biceps-curl,651,776,-336
arms,biceps-curl,665,774,-336
arms,biceps-curl,675,751,-331
arms,biceps-curl,700,687,-305
arms,biceps-curl,735,679,-376
arms,biceps-curl,729,662,-297
arms,biceps-curl,745,631,-305
arms,biceps-curl,768,615,-321
arms,biceps-curl,784,584,-360
arms,biceps-curl,800,560,-320
arms,biceps-curl,816,552,-304
arms,biceps-curl,831,529,-274
arms,biceps-curl,839,498,-279
arms,biceps-curl,855,489,-324
arms,biceps-curl,863,452,-264
arms,biceps-curl,878,441,-270
arms,biceps-curl,900,433,-306
arms,biceps-curl,904,392,-265
arms,biceps-curl,897,371,-236
arms,biceps-curl,928,374,-270
arms,biceps-curl,961,357,-261
arms,biceps-curl,986,352,-238
arms,biceps-curl,992,334,-244
arms,biceps-curl,992,317,-225
arms,biceps-curl,986,306,-238
arms,biceps-curl,989,299,-248
arms,biceps-curl,981,301,-222
arms,biceps-curl,971,299,-254
arms,biceps-curl,968,301,-275
arms,biceps-curl,963,309,-291
arms,biceps-curl,960,321,-272
arms,biceps-curl,964,328,-252
arms,biceps-curl,972,341,-252
arms,biceps-curl,976,360,-260
arms,biceps-curl,968,380,-292
arms,biceps-curl,952,404,-297
arms,biceps-curl,937,431,-269
arms,biceps-curl,924,455,-242
arms,biceps-curl,923,467,-248
arms,biceps-curl,931,488,-277
arms,biceps-curl,942,527,-275
arms,biceps-curl,949,564,-268
arms,biceps-curl,939,595,-253
arms,biceps-curl,923,619,-264
arms,biceps-curl,910,641,-257
arms,biceps-curl,893,691,-224
arms,biceps-curl,858,724,-186
arms,biceps-curl,836,748,-196
arms,biceps-curl,817,789,-203
arms,biceps-curl,782,815,-166
arms,biceps-curl,738,841,-95
arms,biceps-curl,707,855,-89
arms,biceps-curl,673,888,-90
arms,biceps-curl,624,890,-48
arms,biceps-curl,563,905,9
arms,biceps-curl,516,913,18
arms,biceps-curl,477,920,43
arms,biceps-curl,430,920,89
arms,biceps-curl,390,927,113
arms,biceps-curl,328,904,160
arms,biceps-curl,288,920,152
arms,biceps-curl,288,920,152
arms,biceps-curl,234,904,136
arms,biceps-curl,171,927,197
arms,biceps-curl,108,891,207
arms,biceps-curl,38,895,310
arms,biceps-curl,3,910,263
arms,biceps-curl,-56,912,291
arms,biceps-curl,-98,905,337
arms,biceps-curl,-124,911,331
arms,biceps-curl,-167,886,295
arms,biceps-curl,-220,893,320
arms,biceps-curl,-269,865,266
arms,biceps-curl,-328,814,224
arms,biceps-curl,-373,776,275
arms,biceps-curl,-413,722,279
arms,biceps-curl,-430,676,188
arms,biceps-curl,-432,637,141
arms,biceps-curl,-427,613,173
arms,biceps-curl,-434,572,167
arms,biceps-curl,-435,542,162
arms,biceps-curl,-427,526,149
arms,biceps-curl,-424,525,159
arms,biceps-curl,-415,546,207
arms,biceps-curl,-399,569,189
arms,biceps-curl,-392,601,169
arms,biceps-curl,-384,644,180
arms,biceps-curl,-376,676,172
arms,biceps-curl,-369,688,201
arms,biceps-curl,-339,699,208
arms,biceps-curl,-302,719,165
arms,biceps-curl,-278,767,160
arms,biceps-curl,-236,848,169
arms,biceps-curl,-175,882,181
arms,biceps-curl,-125,891,168
arms,biceps-curl,-72,951,103
arms,biceps-curl,-21,985,-17
arms,biceps-curl,31,959,5
arms,biceps-curl,65,997,130
arms,biceps-curl,130,1042,7
arms,biceps-curl,184,984,-122
arms,biceps-curl,205,940,-133
arms,biceps-curl,295,984,-155
arms,biceps-curl,331,979,-165
arms,biceps-curl,353,946,-172
arms,biceps-curl,414,911,-289
arms,biceps-curl,463,901,-293
arms,biceps-curl,521,874,-262
arms,biceps-curl,540,894,-244
arms,biceps-curl,602,870,-299
arms,biceps-curl,640,824,-351
arms,biceps-curl,656,840,-312
arms,biceps-curl,688,792,-352
arms,biceps-curl,672,761,-282
arms,biceps-curl,725,737,-295
arms,biceps-curl,728,706,-303
arms,biceps-curl,794,653,-319
arms,biceps-curl,807,641,-284
arms,biceps-curl,829,619,-252
arms,biceps-curl,846,602,-268
arms,biceps-curl,848,580,-279
arms,biceps-curl,848,563,-280
arms,biceps-curl,880,541,-280
arms,biceps-curl,907,517,-280
arms,biceps-curl,936,500,-298
arms,biceps-curl,968,502,-316
arms,biceps-curl,999,533,-291
arms,biceps-curl,1030,550,-280
arms,biceps-curl,1035,547,-302
arms,biceps-curl,1032,549,-323
arms,biceps-curl,1027,588,-338
arms,biceps-curl,1024,628,-354
arms,biceps-curl,1005,654,-336
arms,biceps-curl,973,687,-315
arms,biceps-curl,951,708,-352
arms,biceps-curl,922,712,-397
arms,biceps-curl,883,724,-420
arms,biceps-curl,832,744,-412
arms,biceps-curl,758,744,-365
arms,biceps-curl,712,743,-318
arms,biceps-curl,670,770,-278
arms,biceps-curl,609,775,-317
arms,biceps-curl,581,742,-365
arms,biceps-curl,546,716,-343
arms,biceps-curl,524,693,-380
arms,biceps-curl,499,680,-352
arms,biceps-curl,472,659,-331
arms,biceps-curl,425,638,-286
arms,biceps-curl,390,616,-249
arms,biceps-curl,386,599,-390
arms,biceps-curl,380,527,-455
arms,biceps-curl,337,455,-306
arms,biceps-curl,300,490,-222
arms,biceps-curl,269,534,-218
arms,biceps-curl,336,568,-367
arms,biceps-curl,377,619,-368
arms,biceps-curl,384,673,-421
arms,biceps-curl,381,632,-437
arms,biceps-curl,366,702,-284
arms,biceps-curl,425,768,-324
arms,biceps-curl,441,768,-384
arms,biceps-curl,457,776,-393
arms,biceps-curl,480,760,-416
