-1976,-1024,328,triceps-extension,,,
-2768,622,-1132,triceps-extension,,,
-2587,1433,-1298,triceps-extension,,,
-795,846,-417,triceps-extension,,,
-248,975,-717,triceps-extension,,,
-394,328,-331,triceps-extension,,,
-472,11,-294,triceps-extension,,,
-446,276,-528,triceps-extension,,,
-480,195,-455,triceps-extension,,,
-540,201,-549,triceps-extension,,,
-552,259,-512,triceps-extension,,,
-546,340,-477,triceps-extension,,,
-556,366,-508,triceps-extension,,,
-536,374,-449,triceps-extension,,,
-482,370,-332,triceps-extension,,,
-442,374,-313,triceps-extension,,,
-437,403,-417,triceps-extension,,,
-472,411,-438,triceps-extension,,,
-544,408,-373,triceps-extension,,,
-625,413,-300,triceps-extension,,,
-699,435,-224,triceps-extension,,,
-760,462,-183,triceps-extension,,,
-802,485,-185,triceps-extension,,,
-863,496,-127,triceps-extension,,,
-937,454,-26,triceps-extension,,,
-964,380,76,triceps-extension,,,
-956,325,113,triceps-extension,,,
-959,293,103,triceps-extension,,,
-979,287,127,triceps-extension,,,
-1026,286,109,triceps-extension,,,
-1111,243,49,triceps-extension,,,
-1192,191,-5,triceps-extension,,,
-1261,193,4,triceps-extension,,,
-1378,345,-134,triceps-extension,,,
-1465,493,-516,triceps-extension,,,
-1379,264,-395,triceps-extension,,,
-1375,118,-215,triceps-extension,,,
-1409,193,-125,triceps-extension,,,
-1444,510,-256,triceps-extension,,,
-1386,418,-409,triceps-extension,,,
-1338,298,116,triceps-extension,,,
-1468,326,232,triceps-extension,,,
-1617,252,108,triceps-extension,,,
-1765,104,-10,triceps-extension,,,
-1890,80,-110,triceps-extension,,,
-1889,254,-73,triceps-extension,,,
-1769,299,92,triceps-extension,,,
-1772,244,-202,triceps-extension,,,
-1716,183,-223,triceps-extension,,,
-1640,169,-204,triceps-extension,,,
-1631,217,-318,triceps-extension,,,
-1561,303,-114,triceps-extension,,,
-1568,382,-81,triceps-extension,,,
-1576,475,-141,triceps-extension,,,
-1494,562,-211,triceps-extension,,,
-1452,634,-333,triceps-extension,,,
-1398,661,-358,triceps-extension,,,
-1287,678,-395,triceps-extension,,,
-1170,728,-468,triceps-extension,,,
-1092,743,-367,triceps-extension,,,
-963,711,-500,triceps-extension,,,
-930,691,-428,triceps-extension,,,
-841,738,-369,triceps-extension,,,
-719,673,-396,triceps-extension,,,
-641,589,-390,triceps-extension,,,
-550,557,-436,triceps-extension,,,
-403,474,-445,triceps-extension,,,
-260,364,-413,triceps-extension,,,
-111,286,-337,triceps-extension,,,
15,203,-365,triceps-extension,,,
105,158,-395,triceps-extension,,,
179,61,-373,triceps-extension,,,
301,-32,-295,triceps-extension,,,
417,-69,-266,triceps-extension,,,
503,-50,-297,triceps-extension,,,
548,-70,-275,triceps-extension,,,
568,-120,-264,triceps-extension,,,
630,-143,-161,triceps-extension,,,
713,-160,-168,triceps-extension,,,
727,-156,-375,triceps-extension,,,
696,-179,-292,triceps-extension,,,
731,-219,-135,triceps-extension,,,
781,-212,-180,triceps-extension,,,
750,-201,-148,triceps-extension,,,
712,-219,-42,triceps-extension,,,
746,-234,12,triceps-extension,,,
779,-254,79,triceps-extension,,,
775,-246,105,triceps-extension,,,
817,-227,158,triceps-extension,,,
890,-182,207,triceps-extension,,,
896,-183,82,triceps-extension,,,
898,-275,8,triceps-extension,,,
904,-221,5,triceps-extension,,,
883,-208,-11,triceps-extension,,,
765,-207,-10,triceps-extension,,,
699,-190,86,triceps-extension,,,
648,-120,176,triceps-extension,,,
517,-118,118,triceps-extension,,,
489,-94,180,triceps-extension,,,
504,-69,126,triceps-extension,,,
507,-160,92,triceps-extension,,,
616,-152,232,triceps-extension,,,
712,-184,232,triceps-extension,,,
782,-200,255,triceps-extension,,,
845,-276,393,triceps-extension,,,
826,-295,340,triceps-extension,,,
839,-281,307,triceps-extension,,,
840,-244,290,triceps-extension,,,
798,-289,358,triceps-extension,,,
744,-310,470,triceps-extension,,,
683,-279,428,triceps-extension,,,
705,-272,377,triceps-extension,,,
680,-374,330,triceps-extension,,,
629,-450,332,triceps-extension,,,
604,-464,330,triceps-extension,,,
629,-499,357,triceps-extension,,,
623,-598,328,triceps-extension,,,
622,-710,301,triceps-extension,,,
597,-793,301,triceps-extension,,,
552,-821,299,triceps-extension,,,
516,-819,362,triceps-extension,,,
425,-860,405,triceps-extension,,,
352,-869,370,triceps-extension,,,
322,-833,353,triceps-extension,,,
303,-856,356,triceps-extension,,,
279,-901,378,triceps-extension,,,
252,-908,408,triceps-extension,,,
240,-912,428,triceps-extension,,,
232,-947,444,triceps-extension,,,
198,-980,481,triceps-extension,,,
150,-963,538,triceps-extension,,,
121,-946,509,triceps-extension,,,
93,-950,398,triceps-extension,,,
49,-957,376,triceps-extension,,,
27,-980,449,triceps-extension,,,
29,-965,475,triceps-extension,,,
32,-989,488,triceps-extension,,,
58,-1018,474,triceps-extension,,,
78,-1031,498,triceps-extension,,,
72,-1063,540,triceps-extension,,,
72,-1108,542,triceps-extension,,,
67,-1124,593,triceps-extension,,,
48,-1134,622,triceps-extension,,,
48,-1127,607,triceps-extension,,,
47,-1111,564,triceps-extension,,,
36,-1066,542,triceps-extension,,,
16,-1078,530,triceps-extension,,,
16,-1065,547,triceps-extension,,,
17,-1069,561,triceps-extension,,,
25,-1039,490,triceps-extension,,,
32,-1031,508,triceps-extension,,,
41,-1016,441,triceps-extension,,,
80,-1000,472,triceps-extension,,,
96,-976,432,triceps-extension,,,
135,-968,479,triceps-extension,,,
166,-953,465,triceps-extension,,,
175,-930,442,triceps-extension,,,
220,-906,462,triceps-extension,,,
274,-904,414,triceps-extension,,,
315,-883,415,triceps-extension,,,
334,-880,375,triceps-extension,,,
369,-853,388,triceps-extension,,,
409,-861,392,triceps-extension,,,
429,-858,411,triceps-extension,,,
469,-862,422,triceps-extension,,,
510,-834,406,triceps-extension,,,
544,-777,371,triceps-extension,,,
575,-743,406,triceps-extension,,,
595,-719,424,triceps-extension,,,
605,-696,364,triceps-extension,,,
597,-646,325,triceps-extension,,,
582,-629,279,triceps-extension,,,
601,-597,251,triceps-extension,,,
621,-557,262,triceps-extension,,,
638,-525,253,triceps-extension,,,
661,-485,236,triceps-extension,,,
681,-447,228,triceps-extension,,,
696,-424,224,triceps-extension,,,
696,-388,192,triceps-extension,,,
676,-341,175,triceps-extension,,,
664,-324,177,triceps-extension,,,
668,-307,160,triceps-extension,,,
702,-277,157,triceps-extension,,,
747,-278,129,triceps-extension,,,
761,-297,105,triceps-extension,,,
785,-303,126,triceps-extension,,,
795,-291,125,triceps-extension,,,
781,-299,117,triceps-extension,,,
769,-306,132,triceps-extension,,,
752,-317,111,triceps-extension,,,
722,-322,115,triceps-extension,,,
662,-284,100,triceps-extension,,,
712,-255,155,triceps-extension,,,
661,-368,169,triceps-extension,,,
686,-390,277,triceps-extension,,,
717,-355,197,triceps-extension,,,
735,-421,223,triceps-extension,,,
675,-502,212,triceps-extension,,,
649,-543,196,triceps-extension,,,
727,-542,292,triceps-extension,,,
716,-612,257,triceps-extension,,,
667,-664,268,triceps-extension,,,
719,-666,345,triceps-extension,,,
688,-736,384,triceps-extension,,,
640,-760,464,triceps-extension,,,
640,-760,464,triceps-extension,,,
570,-729,324,triceps-extension,,,
576,-736,328,triceps-extension,,,
516,-796,417,triceps-extension,,,
417,-807,388,triceps-extension,,,
422,-815,377,triceps-extension,,,
382,-837,425,triceps-extension,,,
369,-867,452,triceps-extension,,,
361,-919,543,triceps-extension,,,
327,-974,488,triceps-extension,,,
320,-1016,472,triceps-extension,,,
264,-1043,478,triceps-extension,,,
206,-1054,468,triceps-extension,,,
186,-1062,488,triceps-extension,,,
161,-1064,496,triceps-extension,,,
124,-1081,474,triceps-extension,,,
112,-1077,496,triceps-extension,,,
101,-1104,459,triceps-extension,,,
86,-1115,452,triceps-extension,,,
70,-1112,439,triceps-extension,,,
64,-1117,434,triceps-extension,,,
73,-1111,426,triceps-extension,,,
89,-1095,420,triceps-extension,,,
96,-1079,415,triceps-extension,,,
100,-1064,396,triceps-extension,,,
100,-1044,384,triceps-extension,,,
104,-1020,361,triceps-extension,,,
127,-990,332,triceps-extension,,,
162,-957,335,triceps-extension,,,
191,-944,347,triceps-extension,,,
216,-947,333,triceps-extension,,,
258,-958,328,triceps-extension,,,
303,-977,351,triceps-extension,,,
344,-981,347,triceps-extension,,,
386,-963,384,triceps-extension,,,
423,-963,345,triceps-extension,,,
465,-943,333,triceps-extension,,,
496,-918,329,triceps-extension,,,
522,-912,276,triceps-extension,,,
532,-907,242,triceps-extension,,,
549,-883,245,triceps-extension,,,
571,-860,228,triceps-extension,,,
589,-833,220,triceps-extension,,,
622,-798,272,triceps-extension,,,
658,-780,228,triceps-extension,,,
673,-749,251,triceps-extension,,,
681,-724,205,triceps-extension,,,
690,-686,177,triceps-extension,,,
713,-654,184,triceps-extension,,,
737,-607,174,triceps-extension,,,
760,-584,120,triceps-extension,,,
776,-552,160,triceps-extension,,,
768,-513,113,triceps-extension,,,
753,-459,104,triceps-extension,,,
730,-441,89,triceps-extension,,,
801,-374,132,triceps-extension,,,
801,-375,100,triceps-extension,,,
835,-341,96,triceps-extension,,,
847,-322,55,triceps-extension,,,
828,-300,41,triceps-extension,,,
772,-263,-12,triceps-extension,,,
696,-237,-24,triceps-extension,,,
680,-220,-5,triceps-extension,,,
698,-162,12,triceps-extension,,,
757,-156,10,triceps-extension,,,
799,-171,42,triceps-extension,,,
847,-182,62,triceps-extension,,,
875,-189,80,triceps-extension,,,
912,-171,83,triceps-extension,,,
928,-165,39,triceps-extension,,,
908,-193,36,triceps-extension,,,
925,-175,24,triceps-extension,,,
912,-184,-6,triceps-extension,,,
866,-217,47,triceps-extension,,,
861,-189,23,triceps-extension,,,
855,-202,10,triceps-extension,,,
832,-232,72,triceps-extension,,,
812,-224,50,triceps-extension,,,
807,-253,67,triceps-extension,,,
795,-320,164,triceps-extension,,,
768,-360,176,triceps-extension,,,
803,-354,157,triceps-extension,,,
841,-396,158,triceps-extension,,,
793,-509,154,triceps-extension,,,
747,-552,192,triceps-extension,,,
723,-539,171,triceps-extension,,,
689,-549,175,triceps-extension,,,
647,-585,238,triceps-extension,,,
573,-650,291,triceps-extension,,,
548,-666,257,triceps-extension,,,
560,-716,347,triceps-extension,,,
540,-796,386,triceps-extension,,,
458,-839,396,triceps-extension,,,
435,-837,415,triceps-extension,,,
437,-870,414,triceps-extension,,,
367,-907,450,triceps-extension,,,
301,-930,461,triceps-extension,,,
268,-947,445,triceps-extension,,,
230,-977,493,triceps-extension,,,
206,-992,456,triceps-extension,,,
175,-993,464,triceps-extension,,,
152,-1024,464,triceps-extension,,,
128,-1056,448,triceps-extension,,,
112,-1072,456,triceps-extension,,,
89,-1102,494,triceps-extension,,,
88,-1126,466,triceps-extension,,,
88,-1150,500,triceps-extension,,,
81,-1152,525,triceps-extension,,,
66,-1166,507,triceps-extension,,,
64,-1154,524,triceps-extension,,,
57,-1139,521,triceps-extension,,,
49,-1123,520,triceps-extension,,,
42,-1088,501,triceps-extension,,,
52,-1055,508,triceps-extension,,,
56,-1036,482,triceps-extension,,,
62,-1014,460,triceps-extension,,,
70,-997,456,triceps-extension,,,
94,-981,445,triceps-extension,,,
99,-976,429,triceps-extension,,,
117,-976,440,triceps-extension,,,
164,-976,458,triceps-extension,,,
214,-971,429,triceps-extension,,,
222,-963,394,triceps-extension,,,
244,-960,412,triceps-extension,,,
251,-947,396,triceps-extension,,,
257,-940,385,triceps-extension,,,
280,-932,375,triceps-extension,,,
292,-912,352,triceps-extension,,,
296,-896,360,triceps-extension,,,
314,-873,372,triceps-extension,,,
347,-863,380,triceps-extension,,,
377,-865,397,triceps-extension,,,
406,-856,403,triceps-extension,,,
428,-868,375,triceps-extension,,,
468,-885,354,triceps-extension,,,
509,-877,347,triceps-extension,,,
523,-867,344,triceps-extension,,,
533,-846,323,triceps-extension,,,
558,-817,312,triceps-extension,,,
594,-794,308,triceps-extension,,,
600,-770,290,triceps-extension,,,
600,-734,283,triceps-extension,,,
603,-662,304,triceps-extension,,,
617,-612,246,triceps-extension,,,
627,-549,271,triceps-extension,,,
645,-494,258,triceps-extension,,,
676,-473,228,triceps-extension,,,
701,-423,254,triceps-extension,,,
683,-411,242,triceps-extension,,,
717,-358,262,triceps-extension,,,
785,-337,237,triceps-extension,,,
801,-351,176,triceps-extension,,,
824,-327,176,triceps-extension,,,
800,-265,200,triceps-extension,,,
831,-186,223,triceps-extension,,,
809,-199,194,triceps-extension,,,
793,-148,177,triceps-extension,,,
792,-151,176,triceps-extension,,,
771,-152,176,triceps-extension,,,
782,-131,253,triceps-extension,,,
804,-142,237,triceps-extension,,,
841,-117,265,triceps-extension,,,
861,-164,226,triceps-extension,,,
889,-201,235,triceps-extension,,,
902,-189,265,triceps-extension,,,
886,-196,236,triceps-extension,,,
868,-229,218,triceps-extension,,,
812,-263,233,triceps-extension,,,
792,-261,279,triceps-extension,,,
765,-207,301,triceps-extension,,,
752,-247,325,triceps-extension,,,
716,-300,311,triceps-extension,,,
666,-317,316,triceps-extension,,,
686,-325,328,triceps-extension,,,
661,-402,333,triceps-extension,,,
642,-492,390,triceps-extension,,,
634,-542,376,triceps-extension,,,
633,-589,365,triceps-extension,,,
668,-664,440,triceps-extension,,,
688,-758,461,triceps-extension,,,
666,-852,418,triceps-extension,,,
636,-911,385,triceps-extension,,,
534,-937,363,triceps-extension,,,
423,-941,376,triceps-extension,,,
490,-909,406,triceps-extension,,,
480,-881,344,triceps-extension,,,
363,-826,318,triceps-extension,,,
344,-805,373,triceps-extension,,,
326,-828,383,triceps-extension,,,
325,-870,418,triceps-extension,,,
332,-915,441,triceps-extension,,,
328,-954,476,triceps-extension,,,
345,-984,449,triceps-extension,,,
327,-992,478,triceps-extension,,,
340,-1023,473,triceps-extension,,,
288,-1008,477,triceps-extension,,,
283,-968,460,triceps-extension,,,
252,-967,445,triceps-extension,,,
221,-956,477,triceps-extension,,,
201,-921,460,triceps-extension,,,
206,-927,495,triceps-extension,,,
176,-920,489,triceps-extension,,,
177,-921,512,triceps-extension,,,
200,-968,504,triceps-extension,,,
192,-984,520,triceps-extension,,,
200,-1007,520,triceps-extension,,,
200,-1023,520,triceps-extension,,,
185,-1039,505,triceps-extension,,,
177,-1069,475,triceps-extension,,,
176,-1058,465,triceps-extension,,,
176,-1035,499,triceps-extension,,,
183,-1018,470,triceps-extension,,,
191,-1003,504,triceps-extension,,,
172,-993,492,triceps-extension,,,
187,-967,494,triceps-extension,,,
192,-948,484,triceps-extension,,,
192,-944,444,triceps-extension,,,
204,-938,450,triceps-extension,,,
214,-925,450,triceps-extension,,,
227,-926,409,triceps-extension,,,
248,-928,446,triceps-extension,,,
261,-912,472,triceps-extension,,,
289,-909,462,triceps-extension,,,
309,-907,456,triceps-extension,,,
336,-890,461,triceps-extension,,,
371,-861,459,triceps-extension,,,
415,-835,469,triceps-extension,,,
453,-820,480,triceps-extension,,,
485,-808,463,triceps-extension,,,
528,-796,464,triceps-extension,,,
587,-784,480,triceps-extension,,,
624,-765,454,triceps-extension,,,
638,-741,431,triceps-extension,,,
666,-718,427,triceps-extension,,,
690,-688,418,triceps-extension,,,
701,-655,423,triceps-extension,,,
713,-620,408,triceps-extension,,,
741,-573,411,triceps-extension,,,
741,-536,413,triceps-extension,,,
759,-502,403,triceps-extension,,,
767,-478,362,triceps-extension,,,
750,-417,286,triceps-extension,,,
768,-372,276,triceps-extension,,,
772,-349,275,triceps-extension,,,
782,-307,300,triceps-extension,,,
785,-284,260,triceps-extension,,,
821,-265,265,triceps-extension,,,
809,-274,201,triceps-extension,,,
814,-279,255,triceps-extension,,,
799,-214,243,triceps-extension,,,
792,-202,200,triceps-extension,,,
789,-222,197,triceps-extension,,,
751,-198,160,triceps-extension,,,
729,-161,168,triceps-extension,,,
760,-192,184,triceps-extension,,,
760,-160,176,triceps-extension,,,
799,-144,160,triceps-extension,,,
808,-205,175,triceps-extension,,,
830,-193,169,triceps-extension,,,
898,-185,190,triceps-extension,,,
840,-205,78,triceps-extension,,,
769,-180,78,triceps-extension,,,
787,-217,182,triceps-extension,,,
785,-144,153,triceps-extension,,,
732,-206,164,triceps-extension,,,
809,-186,225,triceps-extension,,,
770,-257,135,triceps-extension,,,
776,-310,261,triceps-extension,,,
760,-314,283,triceps-extension,,,
689,-392,346,triceps-extension,,,
692,-452,376,triceps-extension,,,
677,-491,338,triceps-extension,,,
669,-551,320,triceps-extension,,,
657,-601,407,triceps-extension,,,
604,-651,476,triceps-extension,,,
547,-658,483,triceps-extension,,,
547,-685,443,triceps-extension,,,
542,-752,456,triceps-extension,,,
481,-801,501,triceps-extension,,,
432,-804,504,triceps-extension,,,
420,-824,492,triceps-extension,,,
397,-875,511,triceps-extension,,,
343,-892,514,triceps-extension,,,
293,-902,470,triceps-extension,,,
270,-940,455,triceps-extension,,,
230,-978,483,triceps-extension,,,
177,-995,506,triceps-extension,,,
143,-1000,508,triceps-extension,,,
117,-1011,525,triceps-extension,,,
86,-1037,528,triceps-extension,,,
57,-1050,549,triceps-extension,,,
33,-1058,542,triceps-extension,,,
18,-1070,500,triceps-extension,,,
24,-1082,496,triceps-extension,,,
24,-1066,457,triceps-extension,,,
24,-1070,483,triceps-extension,,,
23,-1065,471,triceps-extension,,,
17,-1069,499,triceps-extension,,,
23,-1058,479,triceps-extension,,,
16,-1070,521,triceps-extension,,,
16,-1054,525,triceps-extension,,,
20,-1038,500,triceps-extension,,,
58,-1016,541,triceps-extension,,,
80,-1016,502,triceps-extension,,,
80,-1015,471,triceps-extension,,,
88,-984,432,triceps-extension,,,
104,-944,456,triceps-extension,,,
104,-944,456,triceps-extension,,,
135,-967,433,triceps-extension,,,
166,-930,417,triceps-extension,,,
190,-906,401,triceps-extension,,,
236,-889,385,triceps-extension,,,
261,-895,391,triceps-extension,,,
299,-903,392,triceps-extension,,,
359,-877,358,triceps-extension,,,
361,-892,325,triceps-extension,,,
367,-896,359,triceps-extension,,,
368,-896,349,triceps-extension,,,
399,-877,338,triceps-extension,,,
420,-854,324,triceps-extension,,,
436,-854,314,triceps-extension,,,
451,-827,329,triceps-extension,,,
467,-805,303,triceps-extension,,,
494,-789,299,triceps-extension,,,
509,-773,309,triceps-extension,,,
527,-763,302,triceps-extension,,,
551,-760,271,triceps-extension,,,
579,-746,280,triceps-extension,,,
592,-745,291,triceps-extension,,,
628,-743,306,triceps-extension,,,
669,-727,303,triceps-extension,,,
705,-712,284,triceps-extension,,,
740,-692,300,triceps-extension,,,
752,-672,293,triceps-extension,,,
745,-657,271,triceps-extension,,,
761,-623,262,triceps-extension,,,
779,-575,230,triceps-extension,,,
747,-549,213,triceps-extension,,,
756,-523,226,triceps-extension,,,
803,-471,256,triceps-extension,,,
816,-437,256,triceps-extension,,,
842,-414,256,triceps-extension,,,
876,-364,244,triceps-extension,,,
911,-329,214,triceps-extension,,,
924,-297,189,triceps-extension,,,
918,-254,144,triceps-extension,,,
922,-237,155,triceps-extension,,,
875,-182,112,triceps-extension,,,
888,-111,111,triceps-extension,,,
880,-107,96,triceps-extension,,,
839,-115,62,triceps-extension,,,
826,-95,96,triceps-extension,,,
787,-138,95,triceps-extension,,,
804,-92,84,triceps-extension,,,
768,-138,54,triceps-extension,,,
772,-158,134,triceps-extension,,,
849,-122,105,triceps-extension,,,
888,-192,144,triceps-extension,,,
904,-200,104,triceps-extension,,,
943,-192,120,triceps-extension,,,
868,-230,21,triceps-extension,,,
871,-217,165,triceps-extension,,,
901,-150,125,triceps-extension,,,
875,-173,56,triceps-extension,,,
837,-218,111,triceps-extension,,,
818,-197,134,triceps-extension,,,
843,-152,123,triceps-extension,,,
809,-255,192,triceps-extension,,,
781,-280,233,triceps-extension,,,
782,-274,209,triceps-extension,,,
844,-351,303,triceps-extension,,,
788,-423,271,triceps-extension,,,
737,-434,248,triceps-extension,,,
795,-443,276,triceps-extension,,,
764,-535,320,triceps-extension,,,
699,-587,315,triceps-extension,,,
716,-612,340,triceps-extension,,,
701,-693,335,triceps-extension,,,
670,-750,363,triceps-extension,,,
641,-741,401,triceps-extension,,,
597,-737,404,triceps-extension,,,
546,-727,409,triceps-extension,,,
495,-712,408,triceps-extension,,,
468,-732,428,triceps-extension,,,
449,-764,441,triceps-extension,,,
417,-783,435,triceps-extension,,,
396,-810,441,triceps-extension,,,
379,-859,425,triceps-extension,,,
337,-909,445,triceps-extension,,,
307,-925,451,triceps-extension,,,
303,-935,395,triceps-extension,,,
274,-971,419,triceps-extension,,,
240,-989,453,triceps-extension,,,
217,-977,455,triceps-extension,,,
198,-955,477,triceps-extension,,,
188,-952,486,triceps-extension,,,
178,-974,498,triceps-extension,,,
180,-977,545,triceps-extension,,,
168,-1010,523,triceps-extension,,,
171,-1019,533,triceps-extension,,,
184,-1037,519,triceps-extension,,,
184,-1064,513,triceps-extension,,,
183,-1065,518,triceps-extension,,,
176,-1069,500,triceps-extension,,,
176,-1048,461,triceps-extension,,,
174,-1047,433,triceps-extension,,,
152,-1040,440,triceps-extension,,,
153,-1031,441,triceps-extension,,,
192,-992,472,triceps-extension,,,
208,-976,456,triceps-extension,,,
216,-945,433,triceps-extension,,,
239,-936,462,triceps-extension,,,
262,-921,389,triceps-extension,,,
279,-876,450,triceps-extension,,,
309,-908,427,triceps-extension,,,
333,-898,417,triceps-extension,,,
350,-896,436,triceps-extension,,,
372,-889,420,triceps-extension,,,
396,-881,436,triceps-extension,,,
381,-899,396,triceps-extension,,,
401,-879,415,triceps-extension,,,
432,-866,430,triceps-extension,,,
434,-864,426,triceps-extension,,,
443,-858,435,triceps-extension,,,
465,-839,429,triceps-extension,,,
472,-827,413,triceps-extension,,,
488,-824,413,triceps-extension,,,
501,-814,436,triceps-extension,,,
509,-803,428,triceps-extension,,,
531,-790,421,triceps-extension,,,
553,-779,419,triceps-extension,,,
564,-780,416,triceps-extension,,,
581,-762,420,triceps-extension,,,
609,-748,416,triceps-extension,,,
632,-736,404,triceps-extension,,,
659,-724,373,triceps-extension,,,
684,-713,348,triceps-extension,,,
702,-682,345,triceps-extension,,,
720,-654,319,triceps-extension,,,
723,-621,299,triceps-extension,,,
740,-586,295,triceps-extension,,,
763,-553,280,triceps-extension,,,
776,-498,277,triceps-extension,,,
792,-472,259,triceps-extension,,,
804,-453,230,triceps-extension,,,
837,-403,210,triceps-extension,,,
844,-381,174,triceps-extension,,,
826,-342,160,triceps-extension,,,
815,-299,140,triceps-extension,,,
833,-256,144,triceps-extension,,,
808,-244,111,triceps-extension,,,
799,-192,96,triceps-extension,,,
750,-188,55,triceps-extension,,,
734,-166,52,triceps-extension,,,
720,-150,77,triceps-extension,,,
724,-130,52,triceps-extension,,,
763,-78,97,triceps-extension,,,
804,-160,107,triceps-extension,,,
890,-152,160,triceps-extension,,,
960,-161,167,triceps-extension,,,
976,-231,97,triceps-extension,,,
929,-201,49,triceps-extension,,,
852,-230,10,triceps-extension,,,
855,-225,105,triceps-extension,,,
849,-188,83,triceps-extension,,,
819,-227,66,triceps-extension,,,
837,-197,99,triceps-extension,,,
854,-294,118,triceps-extension,,,
889,-319,180,triceps-extension,,,
948,-313,153,triceps-extension,,,
909,-401,112,triceps-extension,,,
902,-405,141,triceps-extension,,,
789,-448,158,triceps-extension,,,
734,-411,236,triceps-extension,,,
676,-432,258,triceps-extension,,,
645,-459,278,triceps-extension,,,
618,-491,293,triceps-extension,,,
624,-572,296,triceps-extension,,,
642,-644,321,triceps-extension,,,
613,-664,316,triceps-extension,,,
625,-693,314,triceps-extension,,,
643,-772,311,triceps-extension,,,
604,-812,304,triceps-extension,,,
576,-804,326,triceps-extension,,,
588,-842,352,triceps-extension,,,
572,-872,364,triceps-extension,,,
517,-852,383,triceps-extension,,,
492,-844,400,triceps-extension,,,
475,-862,407,triceps-extension,,,
411,-860,416,triceps-extension,,,
363,-835,416,triceps-extension,,,
356,-846,413,triceps-extension,,,
342,-868,408,triceps-extension,,,
344,-891,411,triceps-extension,,,
320,-893,413,triceps-extension,,,
302,-903,396,triceps-extension,,,
291,-943,379,triceps-extension,,,
267,-958,395,triceps-extension,,,
230,-954,364,triceps-extension,,,
219,-962,376,triceps-extension,,,
195,-966,379,triceps-extension,,,
172,-960,393,triceps-extension,,,
151,-957,401,triceps-extension,,,
139,-945,407,triceps-extension,,,
110,-952,399,triceps-extension,,,
95,-955,389,triceps-extension,,,
86,-979,358,triceps-extension,,,
65,-1010,337,triceps-extension,,,
73,-1034,344,triceps-extension,,,
97,-1064,336,triceps-extension,,,
120,-1064,352,triceps-extension,,,
136,-1080,344,triceps-extension,,,
136,-1080,344,triceps-extension,,,
167,-1080,414,triceps-extension,,,
160,-1080,416,triceps-extension,,,
190,-1080,371,triceps-extension,,,
185,-1080,390,triceps-extension,,,
170,-1066,385,triceps-extension,,,
203,-1036,370,triceps-extension,,,
208,-1018,361,triceps-extension,,,
241,-983,373,triceps-extension,,,
268,-956,369,triceps-extension,,,
278,-965,368,triceps-extension,,,
286,-962,349,triceps-extension,,,
300,-954,338,triceps-extension,,,
316,-934,330,triceps-extension,,,
320,-917,311,triceps-extension,,,
331,-923,304,triceps-extension,,,
358,-917,331,triceps-extension,,,
368,-912,307,triceps-extension,,,
378,-902,319,triceps-extension,,,
399,-886,346,triceps-extension,,,
422,-870,347,triceps-extension,,,
427,-859,321,triceps-extension,,,
442,-856,308,triceps-extension,,,
478,-847,312,triceps-extension,,,
484,-836,308,triceps-extension,,,
488,-820,292,triceps-extension,,,
512,-820,257,triceps-extension,,,
531,-817,261,triceps-extension,,,
548,-804,296,triceps-extension,,,
559,-791,276,triceps-extension,,,
581,-762,251,triceps-extension,,,
603,-758,274,triceps-extension,,,
617,-771,289,triceps-extension,,,
648,-773,264,triceps-extension,,,
685,-758,287,triceps-extension,,,
696,-729,307,triceps-extension,,,
696,-714,242,triceps-extension,,,
709,-707,265,triceps-extension,,,
738,-670,296,triceps-extension,,,
731,-664,252,triceps-extension,,,
765,-662,252,triceps-extension,,,
749,-647,209,triceps-extension,,,
736,-605,216,triceps-extension,,,
737,-591,211,triceps-extension,,,
743,-579,182,triceps-extension,,,
737,-543,167,triceps-extension,,,
748,-535,159,triceps-extension,,,
787,-521,146,triceps-extension,,,
826,-525,170,triceps-extension,,,
856,-464,215,triceps-extension,,,
856,-464,184,triceps-extension,,,
896,-424,176,triceps-extension,,,
904,-385,145,triceps-extension,,,
866,-331,152,triceps-extension,,,
849,-321,115,triceps-extension,,,
855,-284,112,triceps-extension,,,
806,-259,62,triceps-extension,,,
779,-221,98,triceps-extension,,,
769,-182,77,triceps-extension,,,
728,-183,59,triceps-extension,,,
759,-158,82,triceps-extension,,,
768,-158,82,triceps-extension,,,
811,-166,92,triceps-extension,,,
872,-198,96,triceps-extension,,,
900,-196,90,triceps-extension,,,
938,-198,77,triceps-extension,,,
924,-200,66,triceps-extension,,,
890,-205,26,triceps-extension,,,
869,-203,24,triceps-extension,,,
889,-180,78,triceps-extension,,,
889,-188,84,triceps-extension,,,
885,-219,101,triceps-extension,,,
860,-213,92,triceps-extension,,,
844,-191,103,triceps-extension,,,
848,-223,154,triceps-extension,,,
827,-260,168,triceps-extension,,,
816,-248,180,triceps-extension,,,
812,-278,200,triceps-extension,,,
767,-365,211,triceps-extension,,,
739,-408,249,triceps-extension,,,
735,-432,287,triceps-extension,,,
715,-487,283,triceps-extension,,,
689,-544,270,triceps-extension,,,
649,-596,309,triceps-extension,,,
667,-646,346,triceps-extension,,,
659,-722,330,triceps-extension,,,
627,-755,354,triceps-extension,,,
602,-753,358,triceps-extension,,,
562,-778,358,triceps-extension,,,
522,-788,370,triceps-extension,,,
445,-798,357,triceps-extension,,,
401,-785,379,triceps-extension,,,
377,-775,393,triceps-extension,,,
383,-847,403,triceps-extension,,,
374,-881,417,triceps-extension,,,
361,-892,420,triceps-extension,,,
365,-925,397,triceps-extension,,,
332,-967,441,triceps-extension,,,
293,-960,454,triceps-extension,,,
247,-961,424,triceps-extension,,,
231,-983,425,triceps-extension,,,
200,-960,448,triceps-extension,,,
176,-960,424,triceps-extension,,,
137,-952,455,triceps-extension,,,
113,-960,448,triceps-extension,,,
112,-960,455,triceps-extension,,,
97,-975,456,triceps-extension,,,
96,-983,513,triceps-extension,,,
75,-984,492,triceps-extension,,,
79,-998,543,triceps-extension,,,
93,-1013,552,triceps-extension,,,
109,-1029,506,triceps-extension,,,
125,-1038,521,triceps-extension,,,
140,-1052,528,triceps-extension,,,
168,-1056,480,triceps-extension,,,
188,-1050,493,triceps-extension,,,
215,-1037,458,triceps-extension,,,
246,-1015,490,triceps-extension,,,
256,-992,469,triceps-extension,,,
272,-979,411,triceps-extension,,,
295,-971,392,triceps-extension,,,
314,-948,382,triceps-extension,,,
330,-922,381,triceps-extension,,,
345,-907,403,triceps-extension,,,
356,-891,398,triceps-extension,,,
377,-876,406,triceps-extension,,,
388,-868,416,triceps-extension,,,
412,-864,408,triceps-extension,,,
444,-852,404,triceps-extension,,,
452,-836,389,triceps-extension,,,
467,-828,387,triceps-extension,,,
483,-814,400,triceps-extension,,,
488,-797,406,triceps-extension,,,
491,-789,404,triceps-extension,,,
502,-781,390,triceps-extension,,,
517,-773,381,triceps-extension,,,
531,-765,354,triceps-extension,,,
536,-765,364,triceps-extension,,,
547,-778,336,triceps-extension,,,
582,-784,325,triceps-extension,,,
604,-780,310,triceps-extension,,,
623,-770,350,triceps-extension,,,
653,-773,346,triceps-extension,,,
673,-759,348,triceps-extension,,,
683,-751,328,triceps-extension,,,
697,-737,327,triceps-extension,,,
706,-693,321,triceps-extension,,,
720,-672,325,triceps-extension,,,
719,-673,293,triceps-extension,,,
706,-678,265,triceps-extension,,,
728,-656,280,triceps-extension,,,
737,-647,272,triceps-extension,,,
760,-624,288,triceps-extension,,,
752,-632,256,triceps-extension,,,
791,-609,303,triceps-extension,,,
769,-578,243,triceps-extension,,,
775,-546,188,triceps-extension,,,
776,-508,191,triceps-extension,,,
740,-475,156,triceps-extension,,,
792,-472,173,triceps-extension,,,
848,-472,176,triceps-extension,,,
889,-479,169,triceps-extension,,,
929,-493,227,triceps-extension,,,
923,-483,202,triceps-extension,,,
914,-455,211,triceps-extension,,,
906,-436,198,triceps-extension,,,
928,-408,221,triceps-extension,,,
919,-406,221,triceps-extension,,,
918,-380,210,triceps-extension,,,
920,-384,170,triceps-extension,,,
894,-355,115,triceps-extension,,,
849,-316,81,triceps-extension,,,
802,-255,62,triceps-extension,,,
727,-214,51,triceps-extension,,,
656,-199,53,triceps-extension,,,
628,-196,43,triceps-extension,,,
637,-183,88,triceps-extension,,,
690,-172,132,triceps-extension,,,
792,-216,152,triceps-extension,,,
894,-260,161,triceps-extension,,,
958,-290,129,triceps-extension,,,
984,-316,77,triceps-extension,,,
967,-312,39,triceps-extension,,,
938,-299,45,triceps-extension,,,
916,-268,34,triceps-extension,,,
905,-233,53,triceps-extension,,,
912,-203,93,triceps-extension,,,
893,-187,69,triceps-extension,,,
890,-181,66,triceps-extension,,,
894,-192,63,triceps-extension,,,
884,-196,46,triceps-extension,,,
870,-218,76,triceps-extension,,,
882,-237,108,triceps-extension,,,
941,-212,89,triceps-extension,,,
938,-255,76,triceps-extension,,,
971,-249,120,triceps-extension,,,
897,-252,75,triceps-extension,,,
843,-230,40,triceps-extension,,,
747,-222,-2,triceps-extension,,,
708,-261,108,triceps-extension,,,
737,-148,61,triceps-extension,,,
645,-201,22,triceps-extension,,,
737,-224,133,triceps-extension,,,
760,-216,32,triceps-extension,,,
752,-216,56,triceps-extension,,,
752,-216,56,triceps-extension,,,
744,-208,40,triceps-extension,,,
729,-155,25,triceps-extension,,,
676,-174,54,triceps-extension,,,
621,-198,-53,triceps-extension,,,
673,-171,-78,triceps-extension,,,
652,-189,-52,triceps-extension,,,
730,-124,-21,triceps-extension,,,
724,-105,-76,triceps-extension,,,
766,-97,-75,triceps-extension,,,
763,-52,-85,triceps-extension,,,
760,10,-88,triceps-extension,,,
772,54,-118,triceps-extension,,,
770,88,-140,triceps-extension,,,
791,119,-178,triceps-extension,,,
800,167,-186,triceps-extension,,,
854,173,-195,triceps-extension,,,
854,221,-321,triceps-extension,,,
840,253,-308,triceps-extension,,,
875,286,-259,triceps-extension,,,
906,304,-246,triceps-extension,,,
921,341,-152,triceps-extension,,,
946,408,-101,triceps-extension,,,
904,470,-129,triceps-extension,,,
819,558,-73,triceps-extension,,,
788,660,4,triceps-extension,,,
734,742,12,triceps-extension,,,
631,836,30,triceps-extension,,,
552,917,81,triceps-extension,,,
468,951,105,triceps-extension,,,
373,989,122,triceps-extension,,,
283,1029,136,triceps-extension,,,
183,1024,174,triceps-extension,,,
85,1035,312,triceps-extension,,,
6,1061,302,triceps-extension,,,
-82,1060,351,triceps-extension,,,
-183,1041,473,triceps-extension,,,
-261,1053,389,triceps-extension,,,
-336,1026,448,triceps-extension,,,
-406,1014,513,triceps-extension,,,
-492,939,498,triceps-extension,,,
-548,888,561,triceps-extension,,,
-609,884,631,triceps-extension,,,
-667,862,428,triceps-extension,,,
-729,843,450,triceps-extension,,,
-737,810,457,triceps-extension,,,
-743,811,408,triceps-extension,,,
-739,681,487,triceps-extension,,,
-778,696,477,triceps-extension,,,
-817,694,421,triceps-extension,,,
-856,616,329,triceps-extension,,,
-880,592,431,triceps-extension,,,
-903,600,393,triceps-extension,,,
-980,478,445,triceps-extension,,,
-1021,465,351,triceps-extension,,,
-1002,464,308,triceps-extension,,,
-1036,393,397,triceps-extension,,,
-1068,342,345,triceps-extension,,,
-1086,322,391,triceps-extension,,,
-1101,293,360,triceps-extension,,,
-1091,301,391,triceps-extension,,,
-1069,291,336,triceps-extension,,,
-1076,288,320,triceps-extension,,,
-1074,300,266,triceps-extension,,,
-1078,275,260,triceps-extension,,,
-1057,235,270,triceps-extension,,,
-1065,246,200,triceps-extension,,,
-1050,245,292,triceps-extension,,,
-1035,224,247,triceps-extension,,,
-1047,211,212,triceps-extension,,,
-1066,183,239,triceps-extension,,,
-1077,158,229,triceps-extension,,,
-1080,143,225,triceps-extension,,,
-1071,140,201,triceps-extension,,,
-1060,140,206,triceps-extension,,,
-1048,128,274,triceps-extension,,,
-1044,116,280,triceps-extension,,,
-1048,97,225,triceps-extension,,,
-1030,109,196,triceps-extension,,,
-1004,148,185,triceps-extension,,,
-1010,152,196,triceps-extension,,,
-1050,110,282,triceps-extension,,,
-1088,27,365,triceps-extension,,,
-1056,24,328,triceps-extension,,,
-973,105,275,triceps-extension,,,
-923,162,275,triceps-extension,,,
-935,191,249,triceps-extension,,,
-963,199,227,triceps-extension,,,
-996,180,256,triceps-extension,,,
-1010,198,252,triceps-extension,,,
-1014,203,244,triceps-extension,,,
-1005,148,251,triceps-extension,,,
-988,104,236,triceps-extension,,,
-973,119,273,triceps-extension,,,
-1006,188,364,triceps-extension,,,
-1039,166,383,triceps-extension,,,
-1030,145,368,triceps-extension,,,
-1017,94,298,triceps-extension,,,
-1020,166,233,triceps-extension,,,
-968,249,246,triceps-extension,,,
-959,272,208,triceps-extension,,,
-936,280,216,triceps-extension,,,
