arms,triceps-extension,-80,680,-256
arms,triceps-extension,-103,796,-427
arms,triceps-extension,-51,914,-546
arms,triceps-extension,-123,935,-492
arms,triceps-extension,-201,936,-437
arms,triceps-extension,-208,922,-361
arms,triceps-extension,-355,822,-296
arms,triceps-extension,-403,740,-486
arms,triceps-extension,-495,648,-433
arms,triceps-extension,-532,560,-462
arms,triceps-extension,-517,493,-529
arms,triceps-extension,-438,393,-600
arms,triceps-extension,-482,320,-435
arms,triceps-extension,-451,251,-435
arms,triceps-extension,-449,215,-382
arms,triceps-extension,-428,130,-341
arms,triceps-extension,-432,96,-271
arms,triceps-extension,-435,38,-308
arms,triceps-extension,-412,-38,-364
arms,triceps-extension,-385,-108,-386
arms,triceps-extension,-390,-193,-397
arms,triceps-extension,-419,-223,-289
arms,triceps-extension,-436,-225,-280
arms,triceps-extension,-431,-202,-332
arms,triceps-extension,-428,-126,-253
arms,triceps-extension,-464,-120,-192
arms,triceps-extension,-484,-148,-235
arms,triceps-extension,-446,-147,-209
arms,triceps-extension,-420,-213,-143
arms,triceps-extension,-461,-223,-58
arms,triceps-extension,-493,-173,27
arms,triceps-extension,-458,-253,-52
arms,triceps-extension,-480,-309,-66
arms,triceps-extension,-574,-320,-15
arms,triceps-extension,-674,-357,33
arms,triceps-extension,-752,-366,-10
arms,triceps-extension,-819,-385,47
arms,triceps-extension,-865,-437,68
arms,triceps-extension,-900,-412,66
arms,triceps-extension,-857,-419,10
arms,triceps-extension,-842,-382,-24
arms,triceps-extension,-865,-324,39
arms,triceps-extension,-803,-387,24
arms,triceps-extension,-797,-455,-25
arms,triceps-extension,-691,-544,-60
arms,triceps-extension,-714,-547,77
arms,triceps-extension,-729,-584,46
arms,triceps-extension,-735,-672,34
arms,triceps-extension,-726,-672,180
arms,triceps-extension,-679,-680,264
arms,triceps-extension,-639,-689,256
arms,triceps-extension,-577,-743,216
arms,triceps-extension,-545,-775,185
arms,triceps-extension,-498,-799,214
arms,triceps-extension,-436,-867,141
arms,triceps-extension,-374,-857,289
arms,triceps-extension,-375,-863,283
arms,triceps-extension,-390,-871,252
arms,triceps-extension,-337,-927,303
arms,triceps-extension,-341,-943,319
arms,triceps-extension,-337,-964,307
arms,triceps-extension,-292,-987,323
arms,triceps-extension,-230,-967,396
arms,triceps-extension,-204,-930,362
arms,triceps-extension,-171,-949,250
arms,triceps-extension,-160,-977,262
arms,triceps-extension,-138,-978,325
arms,triceps-extension,-123,-960,306
arms,triceps-extension,-115,-973,256
arms,triceps-extension,-107,-989,271
arms,triceps-extension,-104,-997,352
arms,triceps-extension,-85,-1019,378
arms,triceps-extension,-72,-1055,331
arms,triceps-extension,-50,-1090,367
arms,triceps-extension,-41,-1091,412
arms,triceps-extension,-48,-1072,412
arms,triceps-extension,-56,-1096,420
arms,triceps-extension,-68,-1143,409
arms,triceps-extension,-61,-1171,337
arms,triceps-extension,-30,-1188,279
arms,triceps-extension,-11,-1158,339
arms,triceps-extension,-6,-1115,398
arms,triceps-extension,-1,-1114,372
arms,triceps-extension,-19,-1095,378
arms,triceps-extension,-38,-1080,399
arms,triceps-extension,-67,-1072,378
arms,triceps-extension,-84,-1054,425
arms,triceps-extension,-114,-1048,424
arms,triceps-extension,-131,-1048,447
arms,triceps-extension,-174,-1040,414
arms,triceps-extension,-212,-1020,463
arms,triceps-extension,-213,-1025,483
arms,triceps-extension,-273,-993,463
arms,triceps-extension,-315,-963,441
arms,triceps-extension,-339,-970,384
arms,triceps-extension,-399,-931,466
arms,triceps-extension,-395,-894,377
arms,triceps-extension,-427,-876,444
arms,triceps-extension,-458,-839,323
arms,triceps-extension,-491,-822,359
arms,triceps-extension,-552,-791,336
arms,triceps-extension,-568,-752,320
arms,triceps-extension,-592,-712,320
arms,triceps-extension,-608,-658,320
arms,triceps-extension,-600,-595,252
arms,triceps-extension,-593,-592,218
arms,triceps-extension,-592,-541,282
arms,triceps-extension,-628,-515,252
arms,triceps-extension,-618,-505,220
arms,triceps-extension,-555,-511,175
arms,triceps-extension,-531,-465,195
arms,triceps-extension,-574,-397,200
arms,triceps-extension,-635,-333,181
arms,triceps-extension,-679,-388,114
arms,triceps-extension,-748,-426,114
arms,triceps-extension,-786,-426,132
arms,triceps-extension,-826,-378,159
arms,triceps-extension,-834,-366,162
arms,triceps-extension,-821,-373,138
arms,triceps-extension,-784,-360,170
arms,triceps-extension,-799,-327,238
arms,triceps-extension,-776,-312,229
arms,triceps-extension,-766,-322,246
arms,triceps-extension,-753,-365,226
arms,triceps-extension,-763,-388,223
arms,triceps-extension,-788,-397,231
arms,triceps-extension,-784,-420,220
arms,triceps-extension,-776,-468,248
arms,triceps-extension,-761,-500,276
arms,triceps-extension,-755,-485,284
arms,triceps-extension,-775,-476,277
arms,triceps-extension,-760,-514,274
arms,triceps-extension,-709,-560,314
arms,triceps-extension,-652,-563,352
arms,triceps-extension,-608,-562,352
arms,triceps-extension,-600,-568,347
arms,triceps-extension,-584,-618,339
arms,triceps-extension,-569,-678,334
arms,triceps-extension,-520,-748,317
arms,triceps-extension,-474,-794,328
arms,triceps-extension,-450,-782,344
arms,triceps-extension,-425,-805,379
arms,triceps-extension,-400,-816,346
arms,triceps-extension,-399,-799,380
arms,triceps-extension,-383,-876,371
arms,triceps-extension,-325,-931,433
arms,triceps-extension,-258,-901,489
arms,triceps-extension,-213,-877,499
arms,triceps-extension,-188,-858,513
arms,triceps-extension,-139,-884,441
arms,triceps-extension,-63,-933,458
arms,triceps-extension,-39,-880,504
arms,triceps-extension,-16,-888,488
arms,triceps-extension,-8,-936,480
arms,triceps-extension,8,-936,464
arms,triceps-extension,8,-959,532
arms,triceps-extension,15,-1005,573
arms,triceps-extension,31,-1052,612
arms,triceps-extension,68,-1027,637
arms,triceps-extension,100,-1010,619
arms,triceps-extension,138,-1015,609
arms,triceps-extension,164,-1016,588
arms,triceps-extension,175,-1016,564
arms,triceps-extension,176,-1022,560
arms,triceps-extension,182,-1030,560
arms,triceps-extension,178,-1032,554
arms,triceps-extension,200,-1038,593
arms,triceps-extension,191,-1023,614
arms,triceps-extension,167,-1016,633
arms,triceps-extension,138,-1005,618
arms,triceps-extension,123,-1011,582
arms,triceps-extension,95,-1001,568
arms,triceps-extension,65,-987,598
arms,triceps-extension,32,-984,597
arms,triceps-extension,7,-970,589
arms,triceps-extension,-22,-947,596
arms,triceps-extension,-44,-940,583
arms,triceps-extension,-73,-940,580
arms,triceps-extension,-100,-932,576
arms,triceps-extension,-127,-913,579
arms,triceps-extension,-156,-892,571
arms,triceps-extension,-178,-884,529
arms,triceps-extension,-207,-880,513
arms,triceps-extension,-226,-864,501
arms,triceps-extension,-246,-837,481
arms,triceps-extension,-265,-823,473
arms,triceps-extension,-288,-805,488
arms,triceps-extension,-317,-803,448
arms,triceps-extension,-349,-803,442
arms,triceps-extension,-374,-787,466
arms,triceps-extension,-408,-776,466
arms,triceps-extension,-418,-770,444
arms,triceps-extension,-455,-752,434
arms,triceps-extension,-487,-754,440
arms,triceps-extension,-521,-753,439
arms,triceps-extension,-565,-720,428
arms,triceps-extension,-591,-718,408
arms,triceps-extension,-592,-698,407
arms,triceps-extension,-652,-654,400
arms,triceps-extension,-690,-636,397
arms,triceps-extension,-712,-588,363
arms,triceps-extension,-712,-534,289
arms,triceps-extension,-705,-485,306
arms,triceps-extension,-744,-392,360
arms,triceps-extension,-704,-416,288
arms,triceps-extension,-704,-416,288
arms,triceps-extension,-665,-354,187
arms,triceps-extension,-694,-337,245
arms,triceps-extension,-674,-358,181
arms,triceps-extension,-716,-367,176
arms,triceps-extension,-756,-375,190
arms,triceps-extension,-795,-404,206
arms,triceps-extension,-834,-401,188
arms,triceps-extension,-833,-427,211
arms,triceps-extension,-825,-380,190
arms,triceps-extension,-748,-387,178
arms,triceps-extension,-784,-280,263
arms,triceps-extension,-728,-302,222
arms,triceps-extension,-745,-291,241
arms,triceps-extension,-749,-314,262
arms,triceps-extension,-750,-328,270
arms,triceps-extension,-812,-312,288
arms,triceps-extension,-793,-351,243
arms,triceps-extension,-834,-351,282
arms,triceps-extension,-803,-410,280
arms,triceps-extension,-746,-442,299
arms,triceps-extension,-745,-413,342
arms,triceps-extension,-712,-431,334
arms,triceps-extension,-684,-439,355
arms,triceps-extension,-671,-461,409
arms,triceps-extension,-644,-540,456
arms,triceps-extension,-620,-569,492
arms,triceps-extension,-615,-563,489
arms,triceps-extension,-628,-615,454
arms,triceps-extension,-622,-701,429
arms,triceps-extension,-582,-758,427
arms,triceps-extension,-523,-756,435
arms,triceps-extension,-468,-736,437
arms,triceps-extension,-418,-741,432
arms,triceps-extension,-382,-768,437
arms,triceps-extension,-341,-824,458
arms,triceps-extension,-287,-869,485
arms,triceps-extension,-262,-834,507
arms,triceps-extension,-248,-836,514
arms,triceps-extension,-217,-907,461
arms,triceps-extension,-184,-937,509
arms,triceps-extension,-145,-909,516
arms,triceps-extension,-112,-900,465
arms,triceps-extension,-107,-927,470
arms,triceps-extension,-73,-961,465
arms,triceps-extension,-17,-908,527
arms,triceps-extension,40,-874,516
arms,triceps-extension,43,-897,476
arms,triceps-extension,89,-906,527
arms,triceps-extension,112,-944,514
arms,triceps-extension,128,-960,592
arms,triceps-extension,112,-984,584
arms,triceps-extension,96,-1023,631
arms,triceps-extension,88,-1070,708
arms,triceps-extension,110,-1065,645
arms,triceps-extension,112,-1071,676
arms,triceps-extension,155,-1065,651
arms,triceps-extension,160,-1029,662
arms,triceps-extension,194,-1031,555
arms,triceps-extension,200,-1019,509
arms,triceps-extension,207,-996,530
arms,triceps-extension,189,-979,511
arms,triceps-extension,184,-951,541
arms,triceps-extension,148,-956,558
arms,triceps-extension,112,-948,560
arms,triceps-extension,75,-938,571
arms,triceps-extension,47,-947,548
arms,triceps-extension,18,-952,547
arms,triceps-extension,3,-973,541
arms,triceps-extension,-41,-964,551
arms,triceps-extension,-74,-952,565
arms,triceps-extension,-99,-933,578
arms,triceps-extension,-117,-911,584
arms,triceps-extension,-129,-904,593
arms,triceps-extension,-149,-891,591
arms,triceps-extension,-156,-872,567
arms,triceps-extension,-160,-856,544
arms,triceps-extension,-172,-840,505
arms,triceps-extension,-187,-832,468
arms,triceps-extension,-211,-839,471
arms,triceps-extension,-234,-851,473
arms,triceps-extension,-261,-850,474
arms,triceps-extension,-289,-843,485
arms,triceps-extension,-313,-839,474
arms,triceps-extension,-344,-819,469
arms,triceps-extension,-381,-803,470
arms,triceps-extension,-409,-790,460
arms,triceps-extension,-453,-777,465
arms,triceps-extension,-472,-762,419
arms,triceps-extension,-502,-762,442
arms,triceps-extension,-524,-740,419
arms,triceps-extension,-536,-721,388
arms,triceps-extension,-545,-686,353
arms,triceps-extension,-587,-637,380
arms,triceps-extension,-598,-624,314
arms,triceps-extension,-585,-619,284
arms,triceps-extension,-591,-580,308
arms,triceps-extension,-584,-543,276
arms,triceps-extension,-587,-534,323
arms,triceps-extension,-630,-502,369
arms,triceps-extension,-746,-464,392
arms,triceps-extension,-816,-480,400
arms,triceps-extension,-880,-496,352
arms,triceps-extension,-927,-519,298
arms,triceps-extension,-905,-535,273
arms,triceps-extension,-874,-484,257
arms,triceps-extension,-733,-407,168
arms,triceps-extension,-613,-343,160
arms,triceps-extension,-558,-343,216
arms,triceps-extension,-682,-201,333
arms,triceps-extension,-657,-236,219
arms,triceps-extension,-687,-294,251
arms,triceps-extension,-798,-304,328
arms,triceps-extension,-886,-316,344
arms,triceps-extension,-910,-338,320
arms,triceps-extension,-912,-344,300
arms,triceps-extension,-878,-338,256
arms,triceps-extension,-803,-342,273
arms,triceps-extension,-830,-263,283
arms,triceps-extension,-803,-256,291
arms,triceps-extension,-776,-231,316
arms,triceps-extension,-761,-213,343
arms,triceps-extension,-785,-226,371
arms,triceps-extension,-766,-274,384
arms,triceps-extension,-754,-300,393
arms,triceps-extension,-768,-318,400
arms,triceps-extension,-772,-361,392
arms,triceps-extension,-796,-432,396
arms,triceps-extension,-793,-518,396
arms,triceps-extension,-753,-567,413
arms,triceps-extension,-740,-580,455
arms,triceps-extension,-734,-608,457
arms,triceps-extension,-701,-653,461
arms,triceps-extension,-632,-681,483
arms,triceps-extension,-556,-679,494
arms,triceps-extension,-514,-675,463
arms,triceps-extension,-459,-728,394
arms,triceps-extension,-403,-726,435
arms,triceps-extension,-325,-697,487
arms,triceps-extension,-294,-657,481
arms,triceps-extension,-288,-724,422
arms,triceps-extension,-290,-798,460
arms,triceps-extension,-298,-856,535
arms,triceps-extension,-301,-891,560
arms,triceps-extension,-285,-904,561
arms,triceps-extension,-267,-906,567
arms,triceps-extension,-235,-917,555
arms,triceps-extension,-189,-893,528
arms,triceps-extension,-91,-865,591
arms,triceps-extension,-38,-794,571
arms,triceps-extension,-14,-817,506
arms,triceps-extension,25,-832,553
arms,triceps-extension,72,-824,600
arms,triceps-extension,72,-824,560
arms,triceps-extension,72,-871,576
arms,triceps-extension,57,-963,584
arms,triceps-extension,49,-1005,703
arms,triceps-extension,33,-1008,712
arms,triceps-extension,82,-1037,776
arms,triceps-extension,116,-1054,756
arms,triceps-extension,134,-1029,738
arms,triceps-extension,163,-1004,723
arms,triceps-extension,194,-954,707
arms,triceps-extension,200,-931,685
arms,triceps-extension,206,-916,655
arms,triceps-extension,184,-894,666
arms,triceps-extension,158,-864,643
arms,triceps-extension,135,-873,638
arms,triceps-extension,89,-880,679
arms,triceps-extension,34,-880,691
arms,triceps-extension,16,-896,662
arms,triceps-extension,-4,-924,673
arms,triceps-extension,-41,-921,693
arms,triceps-extension,-70,-912,677
arms,triceps-extension,-85,-893,636
arms,triceps-extension,-97,-884,616
arms,triceps-extension,-117,-871,629
arms,triceps-extension,-140,-844,628
arms,triceps-extension,-160,-820,624
arms,triceps-extension,-176,-800,624
arms,triceps-extension,-202,-785,590
arms,triceps-extension,-231,-776,574
arms,triceps-extension,-257,-779,572
arms,triceps-extension,-293,-781,560
arms,triceps-extension,-324,-770,572
arms,triceps-extension,-356,-769,552
arms,triceps-extension,-381,-784,547
arms,triceps-extension,-402,-779,536
arms,triceps-extension,-426,-770,531
arms,triceps-extension,-439,-778,522
arms,triceps-extension,-460,-778,517
arms,triceps-extension,-476,-754,500
arms,triceps-extension,-499,-729,523
arms,triceps-extension,-543,-702,483
arms,triceps-extension,-572,-692,497
arms,triceps-extension,-599,-663,504
arms,triceps-extension,-637,-610,496
arms,triceps-extension,-668,-569,440
arms,triceps-extension,-691,-517,383
arms,triceps-extension,-649,-490,372
arms,triceps-extension,-664,-423,326
arms,triceps-extension,-666,-413,304
arms,triceps-extension,-711,-352,312
arms,triceps-extension,-688,-360,296
arms,triceps-extension,-712,-328,312
arms,triceps-extension,-712,-328,312
arms,triceps-extension,-728,-281,304
arms,triceps-extension,-728,-265,289
arms,triceps-extension,-706,-316,281
arms,triceps-extension,-733,-335,287
arms,triceps-extension,-729,-315,167
arms,triceps-extension,-819,-319,236
arms,triceps-extension,-839,-340,214
arms,triceps-extension,-853,-344,201
arms,triceps-extension,-902,-318,233
arms,triceps-extension,-880,-306,215
arms,triceps-extension,-860,-261,214
arms,triceps-extension,-832,-242,210
arms,triceps-extension,-812,-240,208
arms,triceps-extension,-751,-217,219
arms,triceps-extension,-739,-225,274
arms,triceps-extension,-760,-232,285
arms,triceps-extension,-757,-248,322
arms,triceps-extension,-747,-266,344
arms,triceps-extension,-803,-282,359
arms,triceps-extension,-835,-355,349
arms,triceps-extension,-772,-432,341
arms,triceps-extension,-741,-447,380
arms,triceps-extension,-765,-444,408
arms,triceps-extension,-751,-481,416
arms,triceps-extension,-700,-532,428
arms,triceps-extension,-626,-533,467
arms,triceps-extension,-598,-512,497
arms,triceps-extension,-606,-537,456
arms,triceps-extension,-547,-612,463
arms,triceps-extension,-486,-666,499
arms,triceps-extension,-469,-671,462
arms,triceps-extension,-461,-728,481
arms,triceps-extension,-429,-792,504
arms,triceps-extension,-363,-811,538
arms,triceps-extension,-338,-823,566
arms,triceps-extension,-326,-854,546
arms,triceps-extension,-257,-882,567
arms,triceps-extension,-178,-856,606
arms,triceps-extension,-132,-832,591
arms,triceps-extension,-110,-842,557
arms,triceps-extension,-65,-874,551
arms,triceps-extension,-25,-840,589
arms,triceps-extension,9,-804,618
arms,triceps-extension,14,-833,627
arms,triceps-extension,2,-905,594
arms,triceps-extension,15,-985,622
arms,triceps-extension,2,-1001,763
arms,triceps-extension,33,-1010,690
arms,triceps-extension,57,-1047,728
arms,triceps-extension,88,-1024,744
arms,triceps-extension,112,-1016,728
arms,triceps-extension,143,-1000,705
arms,triceps-extension,174,-962,689
arms,triceps-extension,176,-945,718
arms,triceps-extension,183,-937,691
arms,triceps-extension,170,-936,731
arms,triceps-extension,154,-929,729
arms,triceps-extension,132,-942,687
arms,triceps-extension,88,-944,700
arms,triceps-extension,87,-937,652
arms,triceps-extension,63,-949,678
arms,triceps-extension,31,-952,669
arms,triceps-extension,-6,-958,622
arms,triceps-extension,-10,-942,667
arms,triceps-extension,-42,-913,677
arms,triceps-extension,-67,-893,627
arms,triceps-extension,-94,-877,624
arms,triceps-extension,-125,-872,637
arms,triceps-extension,-156,-857,599
arms,triceps-extension,-183,-848,566
arms,triceps-extension,-206,-838,550
arms,triceps-extension,-225,-827,539
arms,triceps-extension,-272,-815,563
arms,triceps-extension,-321,-812,554
arms,triceps-extension,-357,-808,536
arms,triceps-extension,-396,-792,532
arms,triceps-extension,-424,-780,508
arms,triceps-extension,-454,-769,496
arms,triceps-extension,-487,-749,492
arms,triceps-extension,-513,-733,468
arms,triceps-extension,-539,-715,446
arms,triceps-extension,-553,-684,450
arms,triceps-extension,-577,-649,437
arms,triceps-extension,-597,-608,432
arms,triceps-extension,-618,-568,424
arms,triceps-extension,-659,-545,396
arms,triceps-extension,-697,-517,377
arms,triceps-extension,-691,-471,389
arms,triceps-extension,-728,-412,352
arms,triceps-extension,-743,-372,314
arms,triceps-extension,-702,-360,246
arms,triceps-extension,-667,-348,189
arms,triceps-extension,-685,-299,243
arms,triceps-extension,-720,-316,220
arms,triceps-extension,-772,-339,235
arms,triceps-extension,-803,-359,200
arms,triceps-extension,-822,-355,201
arms,triceps-extension,-798,-380,207
arms,triceps-extension,-770,-317,194
arms,triceps-extension,-815,-264,223
arms,triceps-extension,-776,-280,192
arms,triceps-extension,-760,-288,208
arms,triceps-extension,-822,-272,278
arms,triceps-extension,-885,-257,234
arms,triceps-extension,-866,-308,195
arms,triceps-extension,-900,-319,207
arms,triceps-extension,-847,-334,151
arms,triceps-extension,-805,-343,172
arms,triceps-extension,-827,-337,224
arms,triceps-extension,-772,-309,219
arms,triceps-extension,-721,-337,216
arms,triceps-extension,-680,-325,292
arms,triceps-extension,-753,-283,324
arms,triceps-extension,-710,-393,316
arms,triceps-extension,-700,-444,353
arms,triceps-extension,-710,-442,379
arms,triceps-extension,-706,-512,356
arms,triceps-extension,-688,-593,387
arms,triceps-extension,-648,-611,408
arms,triceps-extension,-637,-608,444
arms,triceps-extension,-610,-638,489
arms,triceps-extension,-587,-661,504
arms,triceps-extension,-556,-696,504
arms,triceps-extension,-523,-716,517
arms,triceps-extension,-499,-747,493
arms,triceps-extension,-455,-822,468
arms,triceps-extension,-384,-880,500
arms,triceps-extension,-321,-888,524
arms,triceps-extension,-274,-876,527
arms,triceps-extension,-216,-890,525
arms,triceps-extension,-146,-882,532
arms,triceps-extension,-94,-814,557
arms,triceps-extension,-74,-782,543
arms,triceps-extension,-61,-798,537
arms,triceps-extension,-61,-838,527
arms,triceps-extension,-59,-912,514
arms,triceps-extension,-32,-949,577
arms,triceps-extension,-34,-969,562
arms,triceps-extension,-38,-1007,587
arms,triceps-extension,-24,-1032,648
arms,triceps-extension,9,-975,661
arms,triceps-extension,50,-939,626
arms,triceps-extension,89,-916,638
arms,triceps-extension,99,-896,664
arms,triceps-extension,111,-897,660
arms,triceps-extension,101,-908,653
arms,triceps-extension,78,-939,743
arms,triceps-extension,63,-961,738
arms,triceps-extension,46,-977,756
arms,triceps-extension,16,-984,697
arms,triceps-extension,16,-984,712
arms,triceps-extension,16,-976,696
arms,triceps-extension,-16,-976,656
arms,triceps-extension,-16,-976,640
arms,triceps-extension,-31,-938,632
arms,triceps-extension,-62,-936,602
arms,triceps-extension,-86,-914,585
arms,triceps-extension,-95,-898,584
arms,triceps-extension,-124,-910,563
arms,triceps-extension,-155,-885,574
arms,triceps-extension,-167,-893,583
arms,triceps-extension,-175,-883,577
arms,triceps-extension,-208,-874,582
arms,triceps-extension,-228,-866,584
arms,triceps-extension,-238,-864,542
arms,triceps-extension,-293,-858,552
arms,triceps-extension,-301,-850,549
arms,triceps-extension,-296,-837,533
arms,triceps-extension,-318,-816,533
arms,triceps-extension,-328,-797,531
arms,triceps-extension,-338,-797,487
arms,triceps-extension,-354,-785,494
arms,triceps-extension,-389,-757,512
arms,triceps-extension,-408,-735,512
arms,triceps-extension,-435,-728,485
arms,triceps-extension,-469,-719,460
arms,triceps-extension,-488,-724,444
arms,triceps-extension,-504,-736,440
arms,triceps-extension,-527,-717,448
arms,triceps-extension,-559,-696,419
arms,triceps-extension,-597,-689,419
arms,triceps-extension,-627,-673,477
arms,triceps-extension,-638,-651,477
arms,triceps-extension,-657,-608,439
arms,triceps-extension,-660,-553,418
arms,triceps-extension,-635,-512,400
arms,triceps-extension,-640,-467,379
arms,triceps-extension,-679,-438,346
arms,triceps-extension,-698,-427,289
arms,triceps-extension,-696,-414,253
arms,triceps-extension,-680,-400,208
arms,triceps-extension,-715,-369,232
arms,triceps-extension,-752,-339,234
arms,triceps-extension,-753,-324,237
arms,triceps-extension,-760,-343,231
arms,triceps-extension,-771,-331,269
arms,triceps-extension,-828,-309,290
arms,triceps-extension,-799,-347,250
arms,triceps-extension,-794,-366,260
arms,triceps-extension,-815,-345,215
arms,triceps-extension,-800,-352,208
arms,triceps-extension,-799,-344,199
arms,triceps-extension,-776,-360,152
arms,triceps-extension,-752,-360,192
arms,triceps-extension,-752,-360,192
arms,triceps-extension,-744,-376,215
arms,triceps-extension,-706,-414,239
arms,triceps-extension,-674,-386,240
arms,triceps-extension,-716,-355,276
arms,triceps-extension,-663,-416,280
arms,triceps-extension,-635,-466,343
arms,triceps-extension,-659,-465,366
arms,triceps-extension,-611,-491,395
arms,triceps-extension,-659,-509,400
arms,triceps-extension,-634,-595,413
arms,triceps-extension,-593,-622,490
arms,triceps-extension,-560,-618,494
arms,triceps-extension,-552,-640,470
arms,triceps-extension,-529,-700,464
arms,triceps-extension,-459,-737,509
arms,triceps-extension,-405,-722,544
arms,triceps-extension,-366,-733,526
arms,triceps-extension,-332,-775,532
arms,triceps-extension,-271,-817,579
arms,triceps-extension,-211,-803,610
arms,triceps-extension,-160,-789,584
arms,triceps-extension,-132,-810,564
arms,triceps-extension,-106,-854,590
arms,triceps-extension,-67,-897,629
arms,triceps-extension,-44,-916,668
arms,triceps-extension,-17,-932,673
arms,triceps-extension,12,-944,667
arms,triceps-extension,23,-955,694
arms,triceps-extension,42,-955,702
arms,triceps-extension,79,-936,678
arms,triceps-extension,130,-957,640
arms,triceps-extension,175,-992,600
arms,triceps-extension,205,-987,611
arms,triceps-extension,216,-968,640
arms,triceps-extension,218,-952,678
arms,triceps-extension,217,-961,733
arms,triceps-extension,194,-978,746
arms,triceps-extension,184,-964,740
arms,triceps-extension,204,-980,704
arms,triceps-extension,189,-989,697
arms,triceps-extension,175,-975,666
arms,triceps-extension,169,-965,644
arms,triceps-extension,174,-950,663
arms,triceps-extension,156,-933,652
arms,triceps-extension,126,-910,627
arms,triceps-extension,108,-895,644
arms,triceps-extension,71,-889,605
arms,triceps-extension,55,-904,565
arms,triceps-extension,38,-903,669
arms,triceps-extension,-32,-856,560
arms,triceps-extension,-56,-856,584
arms,triceps-extension,-72,-872,568
arms,triceps-extension,-87,-857,606
arms,triceps-extension,-110,-849,571
arms,triceps-extension,-134,-833,553
arms,triceps-extension,-157,-825,559
arms,triceps-extension,-188,-824,553
arms,triceps-extension,-226,-797,579
arms,triceps-extension,-239,-805,591
arms,triceps-extension,-286,-795,579
arms,triceps-extension,-321,-792,557
arms,triceps-extension,-353,-792,589
arms,triceps-extension,-372,-786,558
arms,triceps-extension,-417,-772,585
arms,triceps-extension,-455,-774,566
arms,triceps-extension,-464,-770,524
arms,triceps-extension,-486,-730,534
arms,triceps-extension,-496,-701,502
arms,triceps-extension,-521,-681,511
arms,triceps-extension,-546,-662,508
arms,triceps-extension,-566,-651,472
arms,triceps-extension,-595,-643,479
arms,triceps-extension,-644,-609,505
arms,triceps-extension,-676,-584,477
arms,triceps-extension,-692,-567,440
arms,triceps-extension,-712,-536,404
arms,triceps-extension,-728,-516,364
arms,triceps-extension,-747,-486,323
arms,triceps-extension,-749,-452,299
arms,triceps-extension,-733,-428,312
arms,triceps-extension,-722,-387,296
arms,triceps-extension,-703,-362,257
arms,triceps-extension,-682,-340,226
arms,triceps-extension,-677,-304,221
arms,triceps-extension,-683,-280,240
arms,triceps-extension,-694,-294,261
arms,triceps-extension,-760,-288,247
arms,triceps-extension,-804,-303,186
arms,triceps-extension,-814,-346,180
arms,triceps-extension,-812,-348,148
arms,triceps-extension,-836,-331,160
arms,triceps-extension,-877,-318,161
arms,triceps-extension,-860,-343,167
arms,triceps-extension,-845,-328,166
arms,triceps-extension,-867,-280,198
arms,triceps-extension,-824,-283,192
arms,triceps-extension,-761,-307,257
arms,triceps-extension,-765,-261,273
arms,triceps-extension,-720,-334,288
arms,triceps-extension,-720,-289,288
arms,triceps-extension,-704,-320,304
arms,triceps-extension,-720,-384,344
arms,triceps-extension,-681,-423,321
arms,triceps-extension,-733,-394,373
arms,triceps-extension,-766,-489,354
arms,triceps-extension,-732,-554,374
arms,triceps-extension,-678,-624,419
arms,triceps-extension,-693,-597,466
arms,triceps-extension,-723,-619,390
arms,triceps-extension,-688,-697,409
arms,triceps-extension,-628,-712,501
arms,triceps-extension,-578,-699,507
arms,triceps-extension,-512,-715,504
arms,triceps-extension,-417,-684,558
arms,triceps-extension,-333,-648,558
arms,triceps-extension,-272,-634,563
arms,triceps-extension,-250,-654,562
arms,triceps-extension,-264,-724,528
arms,triceps-extension,-251,-815,559
arms,triceps-extension,-235,-858,579
arms,triceps-extension,-247,-889,616
arms,triceps-extension,-242,-942,621
arms,triceps-extension,-218,-982,640
arms,triceps-extension,-181,-961,677
arms,triceps-extension,-147,-919,701
arms,triceps-extension,-107,-904,708
arms,triceps-extension,-52,-880,720
arms,triceps-extension,-1,-833,748
arms,triceps-extension,17,-782,745
arms,triceps-extension,4,-773,721
arms,triceps-extension,-3,-834,682
arms,triceps-extension,-8,-893,650
arms,triceps-extension,-20,-921,688
arms,triceps-extension,-46,-942,711
arms,triceps-extension,-64,-966,691
arms,triceps-extension,-85,-995,725
arms,triceps-extension,-96,-1000,737
arms,triceps-extension,-98,-993,711
arms,triceps-extension,-100,-963,732
arms,triceps-extension,-84,-918,742
arms,triceps-extension,-72,-884,736
arms,triceps-extension,-74,-864,728
arms,triceps-extension,-83,-832,690
arms,triceps-extension,-100,-831,668
arms,triceps-extension,-122,-826,679
arms,triceps-extension,-136,-841,626
arms,triceps-extension,-140,-850,643
arms,triceps-extension,-176,-863,665
arms,triceps-extension,-178,-857,676
arms,triceps-extension,-200,-864,625
arms,triceps-extension,-200,-856,649
arms,triceps-extension,-200,-848,672
arms,triceps-extension,-232,-824,648
arms,triceps-extension,-201,-770,601
arms,triceps-extension,-246,-776,638
arms,triceps-extension,-263,-769,685
arms,triceps-extension,-271,-761,600
arms,triceps-extension,-293,-753,606
arms,triceps-extension,-296,-773,559
arms,triceps-extension,-330,-756,627
arms,triceps-extension,-336,-752,613
arms,triceps-extension,-369,-752,595
arms,triceps-extension,-401,-733,598
arms,triceps-extension,-427,-722,575
arms,triceps-extension,-474,-702,580
arms,triceps-extension,-500,-696,555
arms,triceps-extension,-527,-679,544
arms,triceps-extension,-558,-666,544
arms,triceps-extension,-595,-659,506
arms,triceps-extension,-608,-656,504
arms,triceps-extension,-628,-615,512
arms,triceps-extension,-635,-577,477
arms,triceps-extension,-651,-558,466
arms,triceps-extension,-678,-533,430
arms,triceps-extension,-706,-507,422
arms,triceps-extension,-720,-479,414
arms,triceps-extension,-737,-460,371
arms,triceps-extension,-776,-440,360
arms,triceps-extension,-792,-420,337
arms,triceps-extension,-788,-398,304
arms,triceps-extension,-767,-344,283
arms,triceps-extension,-709,-301,246
arms,triceps-extension,-656,-290,232
arms,triceps-extension,-635,-256,235
arms,triceps-extension,-646,-225,225
arms,triceps-extension,-667,-243,200
arms,triceps-extension,-711,-261,213
arms,triceps-extension,-794,-295,240
arms,triceps-extension,-883,-328,229
arms,triceps-extension,-912,-374,204
arms,triceps-extension,-900,-394,196
arms,triceps-extension,-853,-391,149
arms,triceps-extension,-814,-347,200
arms,triceps-extension,-805,-287,232
arms,triceps-extension,-784,-248,239
arms,triceps-extension,-751,-248,283
arms,triceps-extension,-786,-248,342
arms,triceps-extension,-741,-253,331
arms,triceps-extension,-716,-292,361
arms,triceps-extension,-748,-256,373
arms,triceps-extension,-690,-363,332
arms,triceps-extension,-734,-424,399
arms,triceps-extension,-672,-432,360
arms,triceps-extension,-712,-488,400
arms,triceps-extension,-712,-488,400
arms,triceps-extension,-728,-566,431
arms,triceps-extension,-675,-690,417
arms,triceps-extension,-672,-689,468
arms,triceps-extension,-599,-732,465
arms,triceps-extension,-549,-693,471
arms,triceps-extension,-495,-716,465
arms,triceps-extension,-440,-734,478
arms,triceps-extension,-352,-729,493
arms,triceps-extension,-310,-708,587
arms,triceps-extension,-291,-742,538
arms,triceps-extension,-294,-814,489
arms,triceps-extension,-290,-856,528
arms,triceps-extension,-259,-899,568
arms,triceps-extension,-225,-918,587
arms,triceps-extension,-199,-926,598
arms,triceps-extension,-176,-917,595
arms,triceps-extension,-147,-928,581
arms,triceps-extension,-105,-905,622
arms,triceps-extension,-48,-858,643
arms,triceps-extension,0,-873,607
arms,triceps-extension,30,-887,598
arms,triceps-extension,71,-858,626
arms,triceps-extension,83,-853,649
arms,triceps-extension,68,-893,635
arms,triceps-extension,64,-936,648
arms,triceps-extension,64,-960,718
arms,triceps-extension,68,-975,760
arms,triceps-extension,72,-991,753
arms,triceps-extension,79,-1007,734
arms,triceps-extension,88,-1000,730
arms,triceps-extension,100,-967,729
arms,triceps-extension,117,-946,704
arms,triceps-extension,107,-925,701
arms,triceps-extension,96,-899,693
arms,triceps-extension,84,-886,683
arms,triceps-extension,56,-878,663
arms,triceps-extension,45,-866,646
arms,triceps-extension,16,-850,658
arms,triceps-extension,7,-854,633
arms,triceps-extension,-24,-841,620
arms,triceps-extension,-28,-819,658
arms,triceps-extension,-52,-833,629
arms,triceps-extension,-70,-838,618
arms,triceps-extension,-56,-825,630
arms,triceps-extension,-59,-832,615
arms,triceps-extension,-81,-831,604
arms,triceps-extension,-97,-816,570
arms,triceps-extension,-113,-816,593
arms,triceps-extension,-128,-823,607
arms,triceps-extension,-136,-800,560
arms,triceps-extension,-168,-792,576
arms,triceps-extension,-184,-800,568
arms,triceps-extension,-184,-800,560
arms,triceps-extension,-221,-800,575
arms,triceps-extension,-231,-800,554
arms,triceps-extension,-261,-779,566
arms,triceps-extension,-278,-769,547
arms,triceps-extension,-300,-761,558
arms,triceps-extension,-317,-767,573
arms,triceps-extension,-346,-775,569
arms,triceps-extension,-371,-763,619
arms,triceps-extension,-382,-766,570
arms,triceps-extension,-414,-756,570
arms,triceps-extension,-430,-746,564
arms,triceps-extension,-449,-755,549
arms,triceps-extension,-467,-749,550
arms,triceps-extension,-488,-749,563
arms,triceps-extension,-501,-736,552
arms,triceps-extension,-514,-713,580
arms,triceps-extension,-530,-689,590
arms,triceps-extension,-546,-661,555
arms,triceps-extension,-561,-643,527
arms,triceps-extension,-586,-636,533
arms,triceps-extension,-617,-628,514
arms,triceps-extension,-649,-607,505
arms,triceps-extension,-672,-584,504
arms,triceps-extension,-684,-561,484
arms,triceps-extension,-688,-533,465
arms,triceps-extension,-702,-509,455
arms,triceps-extension,-717,-489,451
arms,triceps-extension,-725,-474,406
arms,triceps-extension,-753,-458,374
arms,triceps-extension,-765,-436,396
arms,triceps-extension,-776,-408,421
arms,triceps-extension,-811,-392,393
arms,triceps-extension,-816,-382,305
arms,triceps-extension,-807,-358,277
arms,triceps-extension,-778,-344,252
arms,triceps-extension,-756,-308,264
arms,triceps-extension,-751,-267,259
arms,triceps-extension,-783,-253,235
arms,triceps-extension,-807,-275,213
arms,triceps-extension,-803,-291,203
arms,triceps-extension,-816,-303,223
arms,triceps-extension,-813,-294,260
arms,triceps-extension,-791,-283,230
arms,triceps-extension,-789,-305,221
arms,triceps-extension,-838,-314,270
arms,triceps-extension,-818,-336,241
arms,triceps-extension,-856,-336,255
arms,triceps-extension,-840,-352,224
arms,triceps-extension,-808,-376,192
arms,triceps-extension,-808,-368,285
arms,triceps-extension,-816,-368,296
arms,triceps-extension,-741,-361,289
arms,triceps-extension,-772,-360,295
arms,triceps-extension,-769,-374,317
arms,triceps-extension,-747,-425,362
arms,triceps-extension,-724,-398,361
arms,triceps-extension,-680,-405,380
arms,triceps-extension,-698,-415,410
arms,triceps-extension,-672,-454,372
arms,triceps-extension,-701,-520,410
arms,triceps-extension,-682,-566,436
arms,triceps-extension,-637,-570,464
arms,triceps-extension,-624,-608,466
arms,triceps-extension,-596,-674,453
arms,triceps-extension,-568,-691,475
arms,triceps-extension,-523,-720,488
arms,triceps-extension,-484,-736,503
arms,triceps-extension,-462,-761,492
arms,triceps-extension,-442,-814,499
arms,triceps-extension,-395,-826,526
arms,triceps-extension,-350,-812,540
arms,triceps-extension,-327,-838,518
arms,triceps-extension,-287,-847,538
arms,triceps-extension,-232,-824,560
arms,triceps-extension,-208,-828,544
arms,triceps-extension,-186,-851,555
arms,triceps-extension,-139,-843,600
arms,triceps-extension,-105,-816,633
arms,triceps-extension,-102,-839,601
arms,triceps-extension,-109,-893,583
arms,triceps-extension,-98,-940,637
arms,triceps-extension,-93,-957,696
arms,triceps-extension,-104,-965,699
arms,triceps-extension,-104,-992,691
arms,triceps-extension,-95,-994,745
arms,triceps-extension,-61,-996,760
arms,triceps-extension,-30,-980,746
arms,triceps-extension,-22,-963,765
arms,triceps-extension,-23,-934,730
arms,triceps-extension,-47,-893,736
arms,triceps-extension,-39,-883,735
arms,triceps-extension,-34,-895,720
arms,triceps-extension,-49,-886,675
arms,triceps-extension,-56,-870,696
arms,triceps-extension,-57,-857,693
arms,triceps-extension,-75,-870,664
arms,triceps-extension,-112,-848,663
arms,triceps-extension,-120,-848,640
arms,triceps-extension,-120,-840,632
arms,triceps-extension,-144,-848,640
arms,triceps-extension,-167,-840,640
arms,triceps-extension,-160,-832,625
arms,triceps-extension,-205,-810,661
arms,triceps-extension,-215,-779,635
arms,triceps-extension,-209,-790,618
arms,triceps-extension,-215,-806,525
arms,triceps-extension,-271,-788,614
arms,triceps-extension,-267,-784,559
arms,triceps-extension,-277,-791,531
arms,triceps-extension,-274,-792,541
arms,triceps-extension,-284,-798,525
arms,triceps-extension,-336,-782,550
arms,triceps-extension,-370,-782,525
arms,triceps-extension,-399,-773,512
arms,triceps-extension,-425,-762,506
arms,triceps-extension,-448,-755,504
arms,triceps-extension,-467,-747,509
arms,triceps-extension,-492,-729,492
arms,triceps-extension,-509,-725,495
arms,triceps-extension,-536,-709,518
arms,triceps-extension,-561,-687,519
arms,triceps-extension,-581,-667,490
arms,triceps-extension,-601,-647,476
arms,triceps-extension,-620,-632,484
arms,triceps-extension,-648,-604,480
arms,triceps-extension,-679,-580,480
arms,triceps-extension,-718,-565,462
arms,triceps-extension,-751,-548,428
arms,triceps-extension,-777,-527,414
arms,triceps-extension,-810,-507,400
arms,triceps-extension,-836,-503,394
arms,triceps-extension,-862,-473,384
arms,triceps-extension,-861,-434,368
arms,triceps-extension,-827,-382,344
arms,triceps-extension,-783,-313,343
arms,triceps-extension,-735,-264,318
arms,triceps-extension,-706,-222,335
arms,triceps-extension,-686,-204,280
arms,triceps-extension,-684,-172,249
arms,triceps-extension,-704,-189,222
arms,triceps-extension,-745,-215,209
arms,triceps-extension,-796,-251,181
arms,triceps-extension,-862,-271,204
arms,triceps-extension,-899,-312,175
arms,triceps-extension,-921,-313,117
arms,triceps-extension,-927,-319,160
arms,triceps-extension,-918,-302,161
arms,triceps-extension,-886,-271,176
arms,triceps-extension,-855,-248,184
arms,triceps-extension,-808,-240,192
arms,triceps-extension,-776,-192,216
arms,triceps-extension,-799,-184,232
arms,triceps-extension,-785,-192,255
arms,triceps-extension,-762,-274,241
arms,triceps-extension,-738,-287,320
arms,triceps-extension,-779,-352,292
arms,triceps-extension,-756,-374,330
arms,triceps-extension,-766,-396,343
arms,triceps-extension,-761,-473,337
arms,triceps-extension,-727,-547,421
arms,triceps-extension,-695,-579,389
arms,triceps-extension,-694,-621,345
arms,triceps-extension,-630,-668,378
arms,triceps-extension,-573,-662,421
arms,triceps-extension,-543,-667,426
arms,triceps-extension,-491,-694,413
arms,triceps-extension,-423,-715,451
arms,triceps-extension,-379,-709,477
arms,triceps-extension,-378,-729,475
arms,triceps-extension,-374,-769,497
arms,triceps-extension,-349,-827,545
arms,triceps-extension,-336,-856,559
arms,triceps-extension,-305,-860,556
arms,triceps-extension,-276,-886,560
arms,triceps-extension,-255,-908,577
arms,triceps-extension,-216,-892,596
arms,triceps-extension,-180,-876,585
arms,triceps-extension,-150,-880,579
arms,triceps-extension,-96,-855,603
arms,triceps-extension,-56,-827,596
arms,triceps-extension,-50,-835,574
arms,triceps-extension,-25,-840,593
arms,triceps-extension,6,-828,617
arms,triceps-extension,5,-830,627
arms,triceps-extension,-24,-898,629
arms,triceps-extension,-40,-971,668
arms,triceps-extension,-42,-1021,691
arms,triceps-extension,-42,-1032,693
arms,triceps-extension,-18,-1030,740
arms,triceps-extension,0,-1022,769
arms,triceps-extension,3,-1008,739
arms,triceps-extension,20,-970,708
arms,triceps-extension,44,-940,660
arms,triceps-extension,63,-925,676
arms,triceps-extension,56,-948,658
arms,triceps-extension,53,-918,666
arms,triceps-extension,33,-904,616
arms,triceps-extension,46,-905,617
arms,triceps-extension,22,-912,622
arms,triceps-extension,-8,-904,584
arms,triceps-extension,-9,-888,600
arms,triceps-extension,-71,-888,616
arms,triceps-extension,-64,-888,577
arms,triceps-extension,-56,-896,576
arms,triceps-extension,-78,-874,591
arms,triceps-extension,-109,-865,548
arms,triceps-extension,-91,-828,551
arms,triceps-extension,-88,-796,510
arms,triceps-extension,-95,-799,497
arms,triceps-extension,-109,-800,556
arms,triceps-extension,-125,-793,568
arms,triceps-extension,-153,-773,562
arms,triceps-extension,-166,-780,560
arms,triceps-extension,-186,-808,554
arms,triceps-extension,-198,-804,546
arms,triceps-extension,-211,-840,533
arms,triceps-extension,-233,-862,517
arms,triceps-extension,-256,-869,528
arms,triceps-extension,-275,-872,504
arms,triceps-extension,-290,-872,493
arms,triceps-extension,-291,-857,486
arms,triceps-extension,-307,-838,485
arms,triceps-extension,-329,-832,497
arms,triceps-extension,-340,-823,486
arms,triceps-extension,-366,-807,489
arms,triceps-extension,-380,-800,462
arms,triceps-extension,-396,-796,472
arms,triceps-extension,-424,-788,505
arms,triceps-extension,-439,-780,514
arms,triceps-extension,-462,-780,516
arms,triceps-extension,-483,-777,480
arms,triceps-extension,-494,-768,493
arms,triceps-extension,-510,-762,506
arms,triceps-extension,-532,-749,496
arms,triceps-extension,-560,-744,471
arms,triceps-extension,-581,-734,445
arms,triceps-extension,-594,-710,476
arms,triceps-extension,-600,-706,446
arms,triceps-extension,-608,-706,440
arms,triceps-extension,-642,-686,442
arms,triceps-extension,-670,-676,437
arms,triceps-extension,-671,-659,402
arms,triceps-extension,-699,-631,408
arms,triceps-extension,-716,-591,401
arms,triceps-extension,-735,-583,362
arms,triceps-extension,-730,-572,331
arms,triceps-extension,-746,-542,344
arms,triceps-extension,-761,-527,288
arms,triceps-extension,-779,-512,366
arms,triceps-extension,-816,-511,336
arms,triceps-extension,-809,-488,343
arms,triceps-extension,-832,-472,304
arms,triceps-extension,-848,-432,336
arms,triceps-extension,-848,-432,336
arms,triceps-extension,-856,-432,266
arms,triceps-extension,-848,-417,218
arms,triceps-extension,-803,-401,186
arms,triceps-extension,-771,-378,126
arms,triceps-extension,-775,-340,141
arms,triceps-extension,-804,-273,109
arms,triceps-extension,-781,-305,84
arms,triceps-extension,-796,-299,113
arms,triceps-extension,-780,-289,100
arms,triceps-extension,-789,-263,109
arms,triceps-extension,-835,-268,100
arms,triceps-extension,-848,-296,102
arms,triceps-extension,-860,-310,86
arms,triceps-extension,-875,-301,91
arms,triceps-extension,-874,-307,113
arms,triceps-extension,-883,-323,98
arms,triceps-extension,-883,-333,99
arms,triceps-extension,-880,-331,89
arms,triceps-extension,-865,-323,105
arms,triceps-extension,-837,-301,120
arms,triceps-extension,-815,-307,125
arms,triceps-extension,-790,-311,146
arms,triceps-extension,-772,-304,177
arms,triceps-extension,-776,-329,200
arms,triceps-extension,-768,-376,220
arms,triceps-extension,-744,-396,224
arms,triceps-extension,-758,-414,245
arms,triceps-extension,-788,-465,276
arms,triceps-extension,-775,-509,282
arms,triceps-extension,-755,-534,299
arms,triceps-extension,-745,-556,319
arms,triceps-extension,-726,-570,353
arms,triceps-extension,-720,-576,363
arms,triceps-extension,-672,-616,352
arms,triceps-extension,-625,-632,364
arms,triceps-extension,-585,-630,401
arms,triceps-extension,-566,-641,416
arms,triceps-extension,-556,-700,400
arms,triceps-extension,-530,-745,428
arms,triceps-extension,-480,-778,443
arms,triceps-extension,-477,-790,456
arms,triceps-extension,-456,-819,461
arms,triceps-extension,-407,-830,494
arms,triceps-extension,-346,-812,530
arms,triceps-extension,-301,-787,547
arms,triceps-extension,-279,-812,569
arms,triceps-extension,-261,-855,506
arms,triceps-extension,-222,-848,638
arms,triceps-extension,-191,-857,600
arms,triceps-extension,-168,-880,593
arms,triceps-extension,-136,-896,647
arms,triceps-extension,-97,-873,671
arms,triceps-extension,-81,-880,649
arms,triceps-extension,-58,-932,603
arms,triceps-extension,-20,-943,644
arms,triceps-extension,-16,-944,698
arms,triceps-extension,-16,-972,690
arms,triceps-extension,25,-990,681
arms,triceps-extension,25,-999,680
arms,triceps-extension,31,-1007,680
arms,triceps-extension,26,-983,718
arms,triceps-extension,12,-964,734
arms,triceps-extension,-10,-984,682
arms,triceps-extension,-28,-974,670
arms,triceps-extension,-32,-974,626
arms,triceps-extension,-49,-954,614
arms,triceps-extension,-45,-949,573
arms,triceps-extension,-61,-920,594
arms,triceps-extension,-82,-899,580
arms,triceps-extension,-98,-886,565
arms,triceps-extension,-109,-880,568
arms,triceps-extension,-126,-861,559
arms,triceps-extension,-149,-844,565
arms,triceps-extension,-156,-831,554
arms,triceps-extension,-160,-816,548
arms,triceps-extension,-172,-816,556
arms,triceps-extension,-161,-809,548
arms,triceps-extension,-159,-796,540
arms,triceps-extension,-180,-796,540
arms,triceps-extension,-177,-792,520
arms,triceps-extension,-171,-792,494
arms,triceps-extension,-176,-795,480
arms,triceps-extension,-188,-800,457
arms,triceps-extension,-213,-792,474
arms,triceps-extension,-234,-779,445
arms,triceps-extension,-268,-779,442
arms,triceps-extension,-305,-773,455
arms,triceps-extension,-334,-782,476
arms,triceps-extension,-356,-778,480
arms,triceps-extension,-381,-777,461
arms,triceps-extension,-427,-754,475
arms,triceps-extension,-450,-760,466
arms,triceps-extension,-504,-763,509
arms,triceps-extension,-545,-777,491
arms,triceps-extension,-554,-785,468
arms,triceps-extension,-571,-793,496
arms,triceps-extension,-591,-799,498
arms,triceps-extension,-578,-783,518
arms,triceps-extension,-601,-767,488
arms,triceps-extension,-624,-752,496
arms,triceps-extension,-616,-736,488
arms,triceps-extension,-632,-688,512
arms,triceps-extension,-655,-657,559
arms,triceps-extension,-664,-626,552
arms,triceps-extension,-686,-631,507
arms,triceps-extension,-746,-632,482
arms,triceps-extension,-766,-618,487
arms,triceps-extension,-768,-588,495
arms,triceps-extension,-795,-570,489
arms,triceps-extension,-813,-561,448
arms,triceps-extension,-849,-540,466
arms,triceps-extension,-850,-523,453
arms,triceps-extension,-885,-477,460
arms,triceps-extension,-884,-452,434
arms,triceps-extension,-898,-430,453
arms,triceps-extension,-904,-384,447
arms,triceps-extension,-910,-340,423
arms,triceps-extension,-885,-312,405
arms,triceps-extension,-846,-283,368
arms,triceps-extension,-812,-241,337
arms,triceps-extension,-815,-209,288
arms,triceps-extension,-786,-176,250
arms,triceps-extension,-737,-151,203
arms,triceps-extension,-702,-113,172
arms,triceps-extension,-675,-75,181
arms,triceps-extension,-656,-64,184
arms,triceps-extension,-664,-72,152
arms,triceps-extension,-672,-95,105
arms,triceps-extension,-668,-127,76
arms,triceps-extension,-668,-137,61
arms,triceps-extension,-657,-145,38
arms,triceps-extension,-648,-155,8
arms,triceps-extension,-645,-130,-25
arms,triceps-extension,-655,-111,-17
arms,triceps-extension,-672,-99,-9
arms,triceps-extension,-669,-94,-51
arms,triceps-extension,-701,-65,-6
arms,triceps-extension,-694,-46,-16
arms,triceps-extension,-661,-44,-54
arms,triceps-extension,-698,-46,-52
arms,triceps-extension,-711,-23,-57
arms,triceps-extension,-751,-51,-30
arms,triceps-extension,-811,-64,-23
arms,triceps-extension,-820,-64,-36
arms,triceps-extension,-795,-60,-138
arms,triceps-extension,-762,-36,-160
arms,triceps-extension,-721,-1,-219
arms,triceps-extension,-729,61,-244
arms,triceps-extension,-735,109,-204
arms,triceps-extension,-723,74,-261
arms,triceps-extension,-786,113,-201
arms,triceps-extension,-848,136,-241
arms,triceps-extension,-832,152,-343
arms,triceps-extension,-987,175,-321
arms,triceps-extension,-946,176,-427
arms,triceps-extension,-974,206,-454
arms,triceps-extension,-947,208,-536
arms,triceps-extension,-994,272,-494
arms,triceps-extension,-937,301,-565
arms,triceps-extension,-908,277,-596
arms,triceps-extension,-931,372,-680
arms,triceps-extension,-943,444,-644
arms,triceps-extension,-880,481,-613
arms,triceps-extension,-821,562,-620
arms,triceps-extension,-736,614,-618
arms,triceps-extension,-653,659,-528
arms,triceps-extension,-586,695,-439
arms,triceps-extension,-484,715,-527
arms,triceps-extension,-394,769,-576
arms,triceps-extension,-363,813,-544
arms,triceps-extension,-314,809,-553
arms,triceps-extension,-278,805,-514
arms,triceps-extension,-243,808,-399
arms,triceps-extension,-145,813,-390
arms,triceps-extension,-57,856,-370
arms,triceps-extension,-2,897,-259
arms,triceps-extension,74,896,-225
arms,triceps-extension,156,900,-172
arms,triceps-extension,211,893,-119
arms,triceps-extension,276,872,-85
arms,triceps-extension,360,893,37
arms,triceps-extension,420,913,107
arms,triceps-extension,483,894,86
arms,triceps-extension,564,865,39
arms,triceps-extension,634,837,39
arms,triceps-extension,688,810,61
arms,triceps-extension,720,765,72
arms,triceps-extension,788,745,70
arms,triceps-extension,897,714,-3
arms,triceps-extension,968,714,46
arms,triceps-extension,994,686,125
arms,triceps-extension,1020,652,36
arms,triceps-extension,1113,619,4
arms,triceps-extension,1202,530,-45
arms,triceps-extension,1179,508,63
arms,triceps-extension,1192,517,7
arms,triceps-extension,1193,453,-47
arms,triceps-extension,1198,425,-39
arms,triceps-extension,1185,367,-27
arms,triceps-extension,1190,361,17
arms,triceps-extension,1160,368,-72
arms,triceps-extension,1151,368,-62
arms,triceps-extension,1128,384,8
