arms,biceps-curl,111,-909,-754
arms,biceps-curl,563,-1497,-527
arms,biceps-curl,205,32,-1097
arms,biceps-curl,128,245,-997
arms,biceps-curl,499,-75,-780
arms,biceps-curl,634,18,-834
arms,biceps-curl,495,-219,-742
arms,biceps-curl,164,-1208,121
arms,biceps-curl,1069,-1265,-233
arms,biceps-curl,1391,-1786,-12
arms,biceps-curl,-420,-87,-1227
arms,biceps-curl,-1440,248,-976
arms,biceps-curl,-187,674,-877
arms,biceps-curl,-253,696,-846
arms,biceps-curl,410,274,-475
arms,biceps-curl,458,370,-600
arms,biceps-curl,248,476,-788
arms,biceps-curl,73,449,-914
arms,biceps-curl,13,635,-968
arms,biceps-curl,44,733,-846
arms,biceps-curl,62,815,-648
arms,biceps-curl,120,867,-497
arms,biceps-curl,227,887,-434
arms,biceps-curl,358,888,-263
arms,biceps-curl,512,895,-429
arms,biceps-curl,630,888,-445
arms,biceps-curl,702,883,-415
arms,biceps-curl,752,859,-470
arms,biceps-curl,748,840,-382
arms,biceps-curl,794,840,-543
arms,biceps-curl,848,861,-691
arms,biceps-curl,826,777,-381
arms,biceps-curl,836,546,-74
arms,biceps-curl,986,431,-383
arms,biceps-curl,1024,680,-392
arms,biceps-curl,1025,611,-339
arms,biceps-curl,862,644,-225
arms,biceps-curl,812,651,-359
arms,biceps-curl,747,624,-361
arms,biceps-curl,599,602,-232
arms,biceps-curl,473,556,-177
arms,biceps-curl,392,521,-231
arms,biceps-curl,304,552,-267
arms,biceps-curl,216,563,-153
arms,biceps-curl,179,609,-43
arms,biceps-curl,237,631,-86
arms,biceps-curl,307,632,-140
arms,biceps-curl,386,653,-227
arms,biceps-curl,525,745,-199
arms,biceps-curl,627,761,-224
arms,biceps-curl,741,722,-233
arms,biceps-curl,881,701,-263
arms,biceps-curl,998,693,-239
arms,biceps-curl,1077,659,-229
arms,biceps-curl,1161,628,-293
arms,biceps-curl,1210,591,-279
arms,biceps-curl,1223,562,-374
arms,biceps-curl,1224,512,-400
arms,biceps-curl,1205,513,-449
arms,biceps-curl,1164,535,-457
arms,biceps-curl,1144,583,-447
arms,biceps-curl,1158,638,-400
arms,biceps-curl,1219,688,-417
arms,biceps-curl,1285,741,-411
arms,biceps-curl,1299,789,-350
arms,biceps-curl,1302,847,-356
arms,biceps-curl,1310,914,-399
arms,biceps-curl,1249,921,-394
arms,biceps-curl,1141,928,-315
arms,biceps-curl,1019,923,-392
arms,biceps-curl,893,809,-377
arms,biceps-curl,795,730,-333
arms,biceps-curl,686,600,-362
arms,biceps-curl,564,522,-378
arms,biceps-curl,435,446,-330
arms,biceps-curl,305,346,-261
arms,biceps-curl,188,262,-235
arms,biceps-curl,81,193,-214
arms,biceps-curl,-30,150,-149
arms,biceps-curl,-99,93,-92
arms,biceps-curl,-144,88,-128
arms,biceps-curl,-171,74,-135
arms,biceps-curl,-192,103,-127
arms,biceps-curl,-146,151,-143
arms,biceps-curl,-111,189,-208
arms,biceps-curl,-49,201,-243
arms,biceps-curl,55,253,-275
arms,biceps-curl,170,314,-303
arms,biceps-curl,308,442,-384
arms,biceps-curl,433,563,-471
arms,biceps-curl,588,695,-516
arms,biceps-curl,715,758,-604
arms,biceps-curl,808,768,-448
arms,biceps-curl,901,768,-432
arms,biceps-curl,1018,814,-485
arms,biceps-curl,1099,846,-481
arms,biceps-curl,1104,804,-568
arms,biceps-curl,1061,757,-412
arms,biceps-curl,1140,731,-434
arms,biceps-curl,1200,701,-413
arms,biceps-curl,1248,643,-381
arms,biceps-curl,1269,573,-376
arms,biceps-curl,1285,554,-440
arms,biceps-curl,1282,552,-499
arms,biceps-curl,1256,564,-542
arms,biceps-curl,1213,580,-576
arms,biceps-curl,1177,630,-676
arms,biceps-curl,1157,726,-701
arms,biceps-curl,1152,803,-620
arms,biceps-curl,1194,856,-558
arms,biceps-curl,1257,897,-569
arms,biceps-curl,1300,947,-569
arms,biceps-curl,1298,978,-522
arms,biceps-curl,1274,998,-519
arms,biceps-curl,1237,995,-482
arms,biceps-curl,1147,928,-410
arms,biceps-curl,1034,822,-396
arms,biceps-curl,928,752,-416
arms,biceps-curl,834,694,-386
arms,biceps-curl,715,585,-307
arms,biceps-curl,578,445,-243
arms,biceps-curl,463,313,-199
arms,biceps-curl,333,229,-170
arms,biceps-curl,222,200,-163
arms,biceps-curl,136,183,-165
arms,biceps-curl,61,152,-135
arms,biceps-curl,3,129,-109
arms,biceps-curl,-59,75,-130
arms,biceps-curl,-118,62,-80
arms,biceps-curl,-152,64,-103
arms,biceps-curl,-152,100,-168
arms,biceps-curl,-147,145,-188
arms,biceps-curl,-121,178,-256
arms,biceps-curl,-86,196,-260
arms,biceps-curl,-24,263,-289
arms,biceps-curl,68,334,-338
arms,biceps-curl,154,335,-367
arms,biceps-curl,299,460,-481
arms,biceps-curl,471,634,-548
arms,biceps-curl,630,737,-511
arms,biceps-curl,717,752,-600
arms,biceps-curl,820,760,-607
arms,biceps-curl,937,761,-568
arms,biceps-curl,1071,831,-528
arms,biceps-curl,1119,809,-497
arms,biceps-curl,1112,717,-519
arms,biceps-curl,1112,660,-483
arms,biceps-curl,1097,685,-480
arms,biceps-curl,1096,695,-473
arms,biceps-curl,1068,668,-444
arms,biceps-curl,1064,644,-379
arms,biceps-curl,1091,633,-428
arms,biceps-curl,1122,619,-440
arms,biceps-curl,1122,565,-459
arms,biceps-curl,1089,533,-452
arms,biceps-curl,1092,504,-430
arms,biceps-curl,1108,531,-424
arms,biceps-curl,1135,550,-516
arms,biceps-curl,1144,563,-552
arms,biceps-curl,1155,590,-460
arms,biceps-curl,1171,642,-432
arms,biceps-curl,1222,700,-435
arms,biceps-curl,1278,755,-447
arms,biceps-curl,1325,819,-480
arms,biceps-curl,1344,890,-459
arms,biceps-curl,1313,951,-432
arms,biceps-curl,1241,972,-467
arms,biceps-curl,1125,931,-463
arms,biceps-curl,968,832,-424
arms,biceps-curl,819,756,-393
arms,biceps-curl,708,700,-372
arms,biceps-curl,596,613,-355
arms,biceps-curl,483,541,-301
arms,biceps-curl,390,456,-245
arms,biceps-curl,291,350,-222
arms,biceps-curl,200,290,-203
arms,biceps-curl,130,269,-149
arms,biceps-curl,76,227,-165
arms,biceps-curl,-3,165,-208
arms,biceps-curl,-73,120,-194
arms,biceps-curl,-157,116,-143
arms,biceps-curl,-222,96,-104
arms,biceps-curl,-236,76,-135
arms,biceps-curl,-221,95,-162
arms,biceps-curl,-201,123,-175
arms,biceps-curl,-155,137,-223
arms,biceps-curl,-76,156,-294
arms,biceps-curl,3,233,-286
arms,biceps-curl,92,297,-333
arms,biceps-curl,205,324,-367
arms,biceps-curl,346,538,-284
arms,biceps-curl,499,687,-450
arms,biceps-curl,708,835,-489
arms,biceps-curl,848,928,-520
arms,biceps-curl,920,808,-560
arms,biceps-curl,920,808,-560
arms,biceps-curl,974,800,-467
arms,biceps-curl,1067,838,-403
arms,biceps-curl,1132,892,-415
arms,biceps-curl,1151,801,-350
arms,biceps-curl,1166,685,-415
arms,biceps-curl,1140,616,-410
arms,biceps-curl,1116,588,-374
arms,biceps-curl,1152,611,-441
arms,biceps-curl,1153,577,-384
arms,biceps-curl,1133,530,-317
arms,biceps-curl,1159,489,-416
arms,biceps-curl,1162,474,-430
arms,biceps-curl,1148,507,-442
arms,biceps-curl,1121,543,-488
arms,biceps-curl,1084,558,-521
arms,biceps-curl,1061,582,-539
arms,biceps-curl,1051,618,-533
arms,biceps-curl,1068,668,-503
arms,biceps-curl,1105,703,-458
arms,biceps-curl,1168,717,-445
arms,biceps-curl,1195,752,-448
arms,biceps-curl,1205,821,-426
arms,biceps-curl,1207,873,-412
arms,biceps-curl,1183,892,-433
arms,biceps-curl,1128,880,-432
arms,biceps-curl,1050,876,-412
arms,biceps-curl,975,870,-390
arms,biceps-curl,883,820,-382
arms,biceps-curl,776,781,-400
arms,biceps-curl,685,757,-365
arms,biceps-curl,608,694,-330
arms,biceps-curl,545,628,-357
arms,biceps-curl,468,592,-336
arms,biceps-curl,366,542,-304
arms,biceps-curl,257,489,-306
arms,biceps-curl,148,456,-312
arms,biceps-curl,71,448,-325
arms,biceps-curl,-27,389,-329
arms,biceps-curl,-132,264,-223
arms,biceps-curl,-208,210,-192
arms,biceps-curl,-246,215,-193
arms,biceps-curl,-277,204,-197
arms,biceps-curl,-308,185,-190
arms,biceps-curl,-325,189,-229
arms,biceps-curl,-300,167,-261
arms,biceps-curl,-260,166,-239
arms,biceps-curl,-221,228,-231
arms,biceps-curl,-172,289,-321
arms,biceps-curl,-94,305,-335
arms,biceps-curl,-23,344,-312
arms,biceps-curl,55,376,-360
arms,biceps-curl,180,376,-321
arms,biceps-curl,298,467,-472
arms,biceps-curl,460,621,-614
arms,biceps-curl,596,668,-464
arms,biceps-curl,708,686,-477
arms,biceps-curl,846,702,-536
arms,biceps-curl,994,759,-530
arms,biceps-curl,1103,775,-521
arms,biceps-curl,1159,783,-500
arms,biceps-curl,1181,720,-413
arms,biceps-curl,1196,679,-417
arms,biceps-curl,1206,648,-430
arms,biceps-curl,1214,616,-403
arms,biceps-curl,1216,574,-455
arms,biceps-curl,1194,538,-508
arms,biceps-curl,1130,452,-368
arms,biceps-curl,1115,421,-328
arms,biceps-curl,1151,460,-385
arms,biceps-curl,1148,416,-452
arms,biceps-curl,1122,376,-509
arms,biceps-curl,1089,381,-500
arms,biceps-curl,1054,402,-476
arms,biceps-curl,1040,446,-472
arms,biceps-curl,1044,468,-489
arms,biceps-curl,1052,468,-496
arms,biceps-curl,1068,476,-484
arms,biceps-curl,1095,498,-480
arms,biceps-curl,1137,541,-480
arms,biceps-curl,1192,571,-477
arms,biceps-curl,1230,599,-523
arms,biceps-curl,1234,644,-557
arms,biceps-curl,1207,664,-468
arms,biceps-curl,1171,705,-465
arms,biceps-curl,1139,779,-549
arms,biceps-curl,1055,744,-570
arms,biceps-curl,921,699,-484
arms,biceps-curl,796,732,-453
arms,biceps-curl,708,744,-618
arms,biceps-curl,652,740,-573
arms,biceps-curl,568,710,-475
arms,biceps-curl,488,625,-440
arms,biceps-curl,399,544,-377
arms,biceps-curl,296,446,-411
arms,biceps-curl,185,344,-334
arms,biceps-curl,69,342,-314
arms,biceps-curl,-33,325,-265
arms,biceps-curl,-132,293,-269
arms,biceps-curl,-195,247,-234
arms,biceps-curl,-249,223,-261
arms,biceps-curl,-296,192,-168
arms,biceps-curl,-320,232,-168
arms,biceps-curl,-343,255,-191
arms,biceps-curl,-344,248,-238
arms,biceps-curl,-314,248,-210
arms,biceps-curl,-283,255,-193
arms,biceps-curl,-251,242,-185
arms,biceps-curl,-199,233,-275
arms,biceps-curl,-124,273,-261
arms,biceps-curl,-32,307,-303
arms,biceps-curl,56,312,-384
arms,biceps-curl,142,350,-419
arms,biceps-curl,241,465,-467
arms,biceps-curl,415,544,-552
arms,biceps-curl,582,536,-652
arms,biceps-curl,727,568,-651
arms,biceps-curl,857,679,-556
arms,biceps-curl,983,736,-601
arms,biceps-curl,1066,702,-619
arms,biceps-curl,1144,670,-567
arms,biceps-curl,1191,654,-534
arms,biceps-curl,1200,605,-456
arms,biceps-curl,1181,525,-454
arms,biceps-curl,1177,479,-475
arms,biceps-curl,1175,463,-473
arms,biceps-curl,1189,485,-455
arms,biceps-curl,1228,492,-428
arms,biceps-curl,1233,441,-470
arms,biceps-curl,1212,401,-505
arms,biceps-curl,1187,417,-495
arms,biceps-curl,1140,455,-514
arms,biceps-curl,1089,474,-502
arms,biceps-curl,1041,506,-482
arms,biceps-curl,1010,527,-515
arms,biceps-curl,984,512,-512
arms,biceps-curl,962,525,-486
arms,biceps-curl,994,552,-442
arms,biceps-curl,1025,543,-387
arms,biceps-curl,1061,537,-374
arms,biceps-curl,1104,578,-372
arms,biceps-curl,1132,574,-407
arms,biceps-curl,1146,640,-495
arms,biceps-curl,1149,722,-514
arms,biceps-curl,1131,803,-476
arms,biceps-curl,1095,811,-420
arms,biceps-curl,1030,790,-441
arms,biceps-curl,950,829,-444
arms,biceps-curl,853,806,-415
arms,biceps-curl,735,783,-483
arms,biceps-curl,613,765,-415
arms,biceps-curl,558,714,-400
arms,biceps-curl,480,783,-400
arms,biceps-curl,432,729,-432
arms,biceps-curl,339,705,-448
arms,biceps-curl,268,628,-402
arms,biceps-curl,160,564,-348
arms,biceps-curl,94,480,-286
arms,biceps-curl,-5,436,-373
arms,biceps-curl,-86,320,-265
arms,biceps-curl,-178,277,-221
arms,biceps-curl,-245,252,-236
arms,biceps-curl,-302,209,-168
arms,biceps-curl,-344,175,-139
arms,biceps-curl,-358,112,-148
arms,biceps-curl,-360,120,-182
arms,biceps-curl,-342,87,-163
arms,biceps-curl,-313,83,-135
arms,biceps-curl,-259,172,-178
arms,biceps-curl,-191,230,-238
arms,biceps-curl,-115,266,-298
arms,biceps-curl,-27,300,-300
arms,biceps-curl,77,376,-303
arms,biceps-curl,211,478,-427
arms,biceps-curl,411,645,-606
arms,biceps-curl,552,758,-564
arms,biceps-curl,614,763,-407
arms,biceps-curl,711,789,-427
arms,biceps-curl,828,872,-560
arms,biceps-curl,938,924,-559
arms,biceps-curl,996,887,-396
arms,biceps-curl,1006,822,-320
arms,biceps-curl,1054,790,-397
arms,biceps-curl,1096,770,-425
arms,biceps-curl,1084,736,-371
arms,biceps-curl,1070,696,-321
arms,biceps-curl,1085,693,-315
arms,biceps-curl,1101,685,-355
arms,biceps-curl,1114,670,-392
arms,biceps-curl,1113,646,-457
arms,biceps-curl,1092,644,-451
arms,biceps-curl,1080,652,-472
arms,biceps-curl,1078,635,-443
arms,biceps-curl,1070,623,-429
arms,biceps-curl,1058,651,-455
arms,biceps-curl,1031,665,-480
arms,biceps-curl,1024,678,-432
arms,biceps-curl,1030,711,-380
arms,biceps-curl,1078,704,-350
arms,biceps-curl,1130,707,-332
arms,biceps-curl,1156,737,-303
arms,biceps-curl,1208,754,-390
arms,biceps-curl,1199,786,-350
arms,biceps-curl,1168,840,-288
arms,biceps-curl,1144,896,-296
arms,biceps-curl,1113,888,-319
arms,biceps-curl,1036,911,-381
arms,biceps-curl,928,852,-399
arms,biceps-curl,796,782,-364
arms,biceps-curl,684,819,-296
arms,biceps-curl,574,789,-316
arms,biceps-curl,478,743,-388
arms,biceps-curl,411,689,-360
arms,biceps-curl,335,628,-411
arms,biceps-curl,231,603,-392
arms,biceps-curl,134,581,-322
arms,biceps-curl,40,497,-292
arms,biceps-curl,-49,425,-276
arms,biceps-curl,-124,311,-209
arms,biceps-curl,-200,211,-145
arms,biceps-curl,-256,195,-139
arms,biceps-curl,-277,195,-191
arms,biceps-curl,-300,197,-180
arms,biceps-curl,-337,190,-140
arms,biceps-curl,-347,165,-104
arms,biceps-curl,-339,161,-97
arms,biceps-curl,-309,199,-158
arms,biceps-curl,-249,224,-217
arms,biceps-curl,-195,228,-228
arms,biceps-curl,-132,264,-248
arms,biceps-curl,-27,319,-291
arms,biceps-curl,81,381,-312
arms,biceps-curl,184,495,-354
arms,biceps-curl,327,648,-398
arms,biceps-curl,482,765,-413
arms,biceps-curl,599,823,-496
arms,biceps-curl,703,854,-548
arms,biceps-curl,844,883,-484
arms,biceps-curl,954,910,-426
arms,biceps-curl,1018,876,-473
arms,biceps-curl,1042,818,-456
arms,biceps-curl,1056,748,-445
arms,biceps-curl,1086,750,-416
arms,biceps-curl,1108,709,-412
arms,biceps-curl,1125,665,-384
arms,biceps-curl,1145,634,-330
arms,biceps-curl,1153,612,-381
arms,biceps-curl,1158,631,-403
arms,biceps-curl,1142,625,-383
arms,biceps-curl,1128,629,-432
arms,biceps-curl,1124,597,-435
arms,biceps-curl,1089,569,-469
arms,biceps-curl,1094,576,-534
arms,biceps-curl,1064,586,-487
arms,biceps-curl,1048,648,-448
arms,biceps-curl,1056,672,-408
arms,biceps-curl,1072,664,-462
arms,biceps-curl,1080,672,-434
arms,biceps-curl,1110,702,-439
arms,biceps-curl,1156,755,-440
arms,biceps-curl,1203,846,-447
arms,biceps-curl,1222,870,-392
arms,biceps-curl,1169,886,-377
arms,biceps-curl,1113,928,-369
arms,biceps-curl,1026,936,-355
arms,biceps-curl,925,955,-377
arms,biceps-curl,823,892,-390
arms,biceps-curl,709,836,-332
arms,biceps-curl,615,765,-265
arms,biceps-curl,523,710,-311
arms,biceps-curl,446,690,-325
arms,biceps-curl,343,639,-266
arms,biceps-curl,257,653,-261
arms,biceps-curl,176,601,-241
arms,biceps-curl,95,506,-249
arms,biceps-curl,21,472,-250
arms,biceps-curl,-54,430,-217
arms,biceps-curl,-133,333,-155
arms,biceps-curl,-203,263,-155
arms,biceps-curl,-244,248,-172
arms,biceps-curl,-260,228,-160
arms,biceps-curl,-279,208,-172
arms,biceps-curl,-300,215,-191
arms,biceps-curl,-297,235,-186
arms,biceps-curl,-285,241,-181
arms,biceps-curl,-267,248,-213
arms,biceps-curl,-230,278,-247
arms,biceps-curl,-177,291,-307
arms,biceps-curl,-117,307,-335
arms,biceps-curl,-52,356,-285
arms,biceps-curl,32,418,-290
arms,biceps-curl,127,449,-290
arms,biceps-curl,271,561,-435
arms,biceps-curl,437,716,-492
arms,biceps-curl,579,781,-475
arms,biceps-curl,698,812,-402
arms,biceps-curl,819,849,-516
arms,biceps-curl,923,823,-567
arms,biceps-curl,1021,854,-542
arms,biceps-curl,1051,831,-443
arms,biceps-curl,1079,765,-469
arms,biceps-curl,1137,740,-508
arms,biceps-curl,1150,695,-462
arms,biceps-curl,1127,687,-439
arms,biceps-curl,1104,663,-425
arms,biceps-curl,1120,624,-456
arms,biceps-curl,1104,608,-424
arms,biceps-curl,1104,608,-424
arms,biceps-curl,1073,585,-408
arms,biceps-curl,1064,561,-461
arms,biceps-curl,1064,553,-501
arms,biceps-curl,1079,552,-402
arms,biceps-curl,1051,552,-385
arms,biceps-curl,1041,580,-461
arms,biceps-curl,1033,591,-486
arms,biceps-curl,1032,599,-535
arms,biceps-curl,1032,652,-446
arms,biceps-curl,1051,683,-468
arms,biceps-curl,1087,669,-505
arms,biceps-curl,1120,676,-482
arms,biceps-curl,1134,721,-443
arms,biceps-curl,1130,776,-409
arms,biceps-curl,1117,809,-417
arms,biceps-curl,1074,800,-397
arms,biceps-curl,1024,808,-363
arms,biceps-curl,977,806,-393
arms,biceps-curl,920,800,-411
arms,biceps-curl,839,805,-370
arms,biceps-curl,740,776,-367
arms,biceps-curl,638,739,-371
arms,biceps-curl,545,728,-373
arms,biceps-curl,467,695,-372
arms,biceps-curl,392,668,-356
arms,biceps-curl,294,660,-348
arms,biceps-curl,177,593,-318
arms,biceps-curl,66,482,-295
arms,biceps-curl,-29,407,-307
arms,biceps-curl,-109,345,-280
arms,biceps-curl,-180,264,-201
arms,biceps-curl,-241,215,-175
arms,biceps-curl,-277,211,-224
arms,biceps-curl,-291,232,-243
arms,biceps-curl,-298,227,-236
arms,biceps-curl,-304,223,-199
arms,biceps-curl,-298,253,-191
arms,biceps-curl,-266,296,-240
arms,biceps-curl,-222,313,-269
arms,biceps-curl,-201,291,-285
arms,biceps-curl,-132,313,-282
arms,biceps-curl,-68,360,-323
arms,biceps-curl,4,406,-303
arms,biceps-curl,87,447,-348
arms,biceps-curl,208,510,-379
arms,biceps-curl,354,628,-411
arms,biceps-curl,465,673,-445
arms,biceps-curl,599,692,-514
arms,biceps-curl,741,777,-543
arms,biceps-curl,905,824,-511
arms,biceps-curl,975,856,-457
arms,biceps-curl,1069,817,-440
arms,biceps-curl,1087,740,-463
arms,biceps-curl,1125,758,-419
arms,biceps-curl,1135,709,-416
arms,biceps-curl,1115,661,-402
arms,biceps-curl,1084,607,-386
arms,biceps-curl,1080,552,-364
arms,biceps-curl,1080,484,-353
arms,biceps-curl,1080,446,-267
arms,biceps-curl,1112,434,-254
arms,biceps-curl,1151,426,-337
arms,biceps-curl,1154,400,-414
arms,biceps-curl,1123,374,-432
arms,biceps-curl,1101,368,-438
arms,biceps-curl,1074,407,-423
arms,biceps-curl,1048,462,-443
arms,biceps-curl,1029,501,-451
arms,biceps-curl,1019,522,-443
arms,biceps-curl,1006,528,-425
arms,biceps-curl,1010,542,-411
arms,biceps-curl,1030,552,-422
arms,biceps-curl,1067,548,-423
arms,biceps-curl,1123,579,-403
arms,biceps-curl,1173,625,-371
arms,biceps-curl,1208,656,-368
arms,biceps-curl,1216,691,-365
arms,biceps-curl,1186,716,-322
arms,biceps-curl,1146,745,-296
arms,biceps-curl,1115,796,-340
arms,biceps-curl,1070,837,-387
arms,biceps-curl,1004,862,-380
arms,biceps-curl,919,849,-406
arms,biceps-curl,810,783,-413
arms,biceps-curl,710,736,-400
arms,biceps-curl,632,731,-379
arms,biceps-curl,546,718,-352
arms,biceps-curl,449,706,-310
arms,biceps-curl,359,670,-298
arms,biceps-curl,258,598,-287
arms,biceps-curl,161,524,-299
arms,biceps-curl,47,468,-233
arms,biceps-curl,-83,405,-172
arms,biceps-curl,-187,343,-196
arms,biceps-curl,-255,278,-214
arms,biceps-curl,-308,198,-189
arms,biceps-curl,-348,111,-92
arms,biceps-curl,-382,99,-53
arms,biceps-curl,-358,146,-125
arms,biceps-curl,-327,177,-225
arms,biceps-curl,-288,224,-256
arms,biceps-curl,-240,320,-312
arms,biceps-curl,-201,304,-273
arms,biceps-curl,-116,319,-287
arms,biceps-curl,-30,387,-310
arms,biceps-curl,71,472,-421
arms,biceps-curl,216,544,-382
arms,biceps-curl,267,615,-383
arms,biceps-curl,347,644,-391
arms,biceps-curl,500,715,-412
arms,biceps-curl,645,813,-475
arms,biceps-curl,742,838,-501
arms,biceps-curl,797,821,-423
arms,biceps-curl,893,816,-370
arms,biceps-curl,973,781,-401
arms,biceps-curl,1078,768,-445
arms,biceps-curl,1140,712,-395
arms,biceps-curl,1152,656,-384
arms,biceps-curl,1157,651,-413
arms,biceps-curl,1135,605,-327
arms,biceps-curl,1110,561,-267
arms,biceps-curl,1133,547,-336
arms,biceps-curl,1166,507,-356
arms,biceps-curl,1176,467,-349
arms,biceps-curl,1172,460,-373
arms,biceps-curl,1164,481,-405
arms,biceps-curl,1144,508,-404
arms,biceps-curl,1101,528,-384
arms,biceps-curl,1046,547,-388
arms,biceps-curl,998,571,-388
arms,biceps-curl,969,601,-381
arms,biceps-curl,973,611,-386
arms,biceps-curl,1007,607,-379
arms,biceps-curl,1041,635,-327
arms,biceps-curl,1075,654,-318
arms,biceps-curl,1125,683,-337
arms,biceps-curl,1159,705,-283
arms,biceps-curl,1181,753,-286
arms,biceps-curl,1194,784,-318
arms,biceps-curl,1194,812,-316
arms,biceps-curl,1165,833,-333
arms,biceps-curl,1115,867,-345
arms,biceps-curl,1048,877,-321
arms,biceps-curl,961,863,-343
arms,biceps-curl,874,850,-405
arms,biceps-curl,776,815,-335
arms,biceps-curl,654,810,-264
arms,biceps-curl,561,816,-206
arms,biceps-curl,480,729,-271
arms,biceps-curl,372,638,-265
arms,biceps-curl,286,599,-289
arms,biceps-curl,207,567,-328
arms,biceps-curl,81,489,-312
arms,biceps-curl,-29,434,-258
arms,biceps-curl,-108,386,-317
arms,biceps-curl,-172,332,-350
arms,biceps-curl,-256,233,-250
arms,biceps-curl,-314,181,-104
arms,biceps-curl,-341,155,-137
arms,biceps-curl,-324,159,-171
arms,biceps-curl,-313,187,-189
arms,biceps-curl,-286,218,-212
arms,biceps-curl,-280,243,-216
arms,biceps-curl,-243,285,-204
arms,biceps-curl,-196,284,-272
arms,biceps-curl,-113,333,-314
arms,biceps-curl,-36,346,-314
arms,biceps-curl,40,366,-295
arms,biceps-curl,161,506,-299
arms,biceps-curl,287,652,-346
arms,biceps-curl,404,721,-434
arms,biceps-curl,562,756,-472
arms,biceps-curl,704,806,-453
arms,biceps-curl,798,809,-459
arms,biceps-curl,890,859,-503
arms,biceps-curl,1014,938,-468
arms,biceps-curl,1072,910,-399
arms,biceps-curl,1064,816,-384
arms,biceps-curl,1072,733,-403
arms,biceps-curl,1091,703,-395
arms,biceps-curl,1086,716,-328
arms,biceps-curl,1044,693,-278
arms,biceps-curl,1019,627,-277
arms,biceps-curl,1045,578,-311
arms,biceps-curl,1083,553,-327
arms,biceps-curl,1077,525,-287
arms,biceps-curl,1053,520,-261
arms,biceps-curl,1050,520,-311
arms,biceps-curl,1054,506,-314
arms,biceps-curl,1048,472,-286
arms,biceps-curl,1048,472,-318
arms,biceps-curl,1048,483,-364
arms,biceps-curl,1045,525,-361
arms,biceps-curl,1033,547,-307
arms,biceps-curl,1039,559,-328
arms,biceps-curl,1038,554,-366
arms,biceps-curl,1074,570,-346
arms,biceps-curl,1089,589,-306
arms,biceps-curl,1098,632,-320
arms,biceps-curl,1123,635,-321
arms,biceps-curl,1160,673,-335
arms,biceps-curl,1159,689,-311
arms,biceps-curl,1120,736,-280
arms,biceps-curl,1088,792,-264
arms,biceps-curl,1088,792,-264
arms,biceps-curl,1080,831,-342
arms,biceps-curl,1042,855,-306
arms,biceps-curl,965,871,-282
arms,biceps-curl,902,872,-353
arms,biceps-curl,789,822,-374
arms,biceps-curl,678,725,-334
arms,biceps-curl,596,712,-389
arms,biceps-curl,551,725,-400
arms,biceps-curl,453,728,-433
arms,biceps-curl,330,677,-351
arms,biceps-curl,242,627,-334
arms,biceps-curl,152,531,-312
arms,biceps-curl,52,433,-239
arms,biceps-curl,-22,351,-205
arms,biceps-curl,-90,317,-211
arms,biceps-curl,-144,307,-194
arms,biceps-curl,-213,283,-210
arms,biceps-curl,-250,272,-214
arms,biceps-curl,-276,252,-159
arms,biceps-curl,-293,240,-152
arms,biceps-curl,-277,249,-200
arms,biceps-curl,-260,260,-228
arms,biceps-curl,-234,286,-232
arms,biceps-curl,-191,316,-261
arms,biceps-curl,-136,320,-284
arms,biceps-curl,-58,354,-307
arms,biceps-curl,29,411,-321
arms,biceps-curl,114,463,-346
arms,biceps-curl,235,552,-400
arms,biceps-curl,360,624,-381
arms,biceps-curl,466,669,-401
arms,biceps-curl,618,733,-486
arms,biceps-curl,761,795,-485
arms,biceps-curl,871,826,-459
arms,biceps-curl,951,850,-429
arms,biceps-curl,998,833,-361
arms,biceps-curl,1055,768,-342
arms,biceps-curl,1122,744,-438
arms,biceps-curl,1123,730,-397
arms,biceps-curl,1102,678,-337
arms,biceps-curl,1100,665,-257
arms,biceps-curl,1124,627,-309
arms,biceps-curl,1140,591,-370
arms,biceps-curl,1114,529,-324
arms,biceps-curl,1070,483,-241
arms,biceps-curl,1059,503,-255
arms,biceps-curl,1088,486,-331
arms,biceps-curl,1087,456,-366
arms,biceps-curl,1072,448,-321
arms,biceps-curl,1056,464,-368
arms,biceps-curl,1040,472,-352
arms,biceps-curl,1024,480,-344
arms,biceps-curl,1016,526,-298
arms,biceps-curl,1016,565,-296
arms,biceps-curl,1038,561,-384
arms,biceps-curl,1054,574,-349
arms,biceps-curl,1070,597,-316
arms,biceps-curl,1106,648,-305
arms,biceps-curl,1145,689,-351
arms,biceps-curl,1165,742,-340
arms,biceps-curl,1162,784,-342
arms,biceps-curl,1135,823,-332
arms,biceps-curl,1110,850,-352
arms,biceps-curl,1069,868,-348
arms,biceps-curl,999,849,-367
arms,biceps-curl,915,834,-382
arms,biceps-curl,823,821,-389
arms,biceps-curl,724,769,-360
arms,biceps-curl,642,729,-359
arms,biceps-curl,591,730,-363
arms,biceps-curl,533,746,-341
arms,biceps-curl,453,743,-333
arms,biceps-curl,385,705,-340
arms,biceps-curl,300,663,-322
arms,biceps-curl,202,640,-287
arms,biceps-curl,100,584,-276
arms,biceps-curl,-10,490,-276
arms,biceps-curl,-105,377,-261
arms,biceps-curl,-187,279,-223
arms,biceps-curl,-239,238,-195
arms,biceps-curl,-264,221,-210
arms,biceps-curl,-300,216,-236
arms,biceps-curl,-320,219,-271
arms,biceps-curl,-317,240,-315
arms,biceps-curl,-304,295,-334
arms,biceps-curl,-281,346,-294
arms,biceps-curl,-253,347,-288
arms,biceps-curl,-209,342,-296
arms,biceps-curl,-148,372,-344
arms,biceps-curl,-72,415,-405
arms,biceps-curl,4,453,-371
arms,biceps-curl,96,520,-403
arms,biceps-curl,184,604,-483
arms,biceps-curl,277,665,-448
arms,biceps-curl,373,686,-414
arms,biceps-curl,531,788,-510
arms,biceps-curl,631,822,-496
arms,biceps-curl,711,802,-492
arms,biceps-curl,802,833,-442
arms,biceps-curl,834,848,-470
arms,biceps-curl,896,848,-400
arms,biceps-curl,928,784,-368
arms,biceps-curl,967,706,-376
arms,biceps-curl,991,689,-414
arms,biceps-curl,1029,673,-394
arms,biceps-curl,1047,665,-326
arms,biceps-curl,1041,614,-327
arms,biceps-curl,1068,566,-314
arms,biceps-curl,1072,526,-285
arms,biceps-curl,1065,487,-287
arms,biceps-curl,1051,487,-308
arms,biceps-curl,1035,494,-306
arms,biceps-curl,1038,508,-316
arms,biceps-curl,1064,506,-296
arms,biceps-curl,1060,492,-341
arms,biceps-curl,1056,499,-389
arms,biceps-curl,1056,521,-422
arms,biceps-curl,1034,555,-394
arms,biceps-curl,1013,594,-376
arms,biceps-curl,1008,613,-381
arms,biceps-curl,1013,611,-379
arms,biceps-curl,1030,618,-376
arms,biceps-curl,1063,633,-348
arms,biceps-curl,1107,667,-301
arms,biceps-curl,1145,714,-319
arms,biceps-curl,1152,757,-344
arms,biceps-curl,1136,788,-328
arms,biceps-curl,1105,800,-332
arms,biceps-curl,1058,807,-351
arms,biceps-curl,1000,816,-353
arms,biceps-curl,936,823,-364
arms,biceps-curl,869,845,-376
arms,biceps-curl,782,849,-364
arms,biceps-curl,690,815,-390
arms,biceps-curl,591,770,-370
arms,biceps-curl,500,707,-322
arms,biceps-curl,413,689,-349
arms,biceps-curl,327,674,-383
arms,biceps-curl,245,680,-425
arms,biceps-curl,172,656,-366
arms,biceps-curl,101,557,-287
arms,biceps-curl,51,457,-215
arms,biceps-curl,-15,422,-263
arms,biceps-curl,-93,375,-235
arms,biceps-curl,-169,364,-292
arms,biceps-curl,-232,341,-313
arms,biceps-curl,-292,315,-310
arms,biceps-curl,-332,267,-223
arms,biceps-curl,-366,217,-211
arms,biceps-curl,-343,226,-258
arms,biceps-curl,-327,265,-305
arms,biceps-curl,-280,312,-344
arms,biceps-curl,-240,344,-312
arms,biceps-curl,-209,297,-273
arms,biceps-curl,-124,334,-379
arms,biceps-curl,-16,403,-399
arms,biceps-curl,72,466,-393
arms,biceps-curl,144,529,-413
arms,biceps-curl,250,557,-388
arms,biceps-curl,346,621,-432
arms,biceps-curl,507,752,-400
arms,biceps-curl,575,756,-438
arms,biceps-curl,660,771,-435
arms,biceps-curl,767,776,-382
arms,biceps-curl,877,836,-386
arms,biceps-curl,957,827,-421
arms,biceps-curl,976,799,-346
arms,biceps-curl,1021,803,-340
arms,biceps-curl,1051,776,-341
arms,biceps-curl,1051,755,-320
arms,biceps-curl,1073,721,-332
arms,biceps-curl,1078,694,-300
arms,biceps-curl,1058,669,-291
arms,biceps-curl,1016,656,-276
arms,biceps-curl,992,620,-265
arms,biceps-curl,1009,592,-268
arms,biceps-curl,1036,580,-247
arms,biceps-curl,1052,556,-276
arms,biceps-curl,1068,536,-339
arms,biceps-curl,1073,524,-353
arms,biceps-curl,1057,534,-344
arms,biceps-curl,1048,569,-354
arms,biceps-curl,1035,602,-352
arms,biceps-curl,1016,610,-334
arms,biceps-curl,1016,603,-347
arms,biceps-curl,1024,608,-357
arms,biceps-curl,1053,616,-365
arms,biceps-curl,1078,647,-358
arms,biceps-curl,1077,694,-336
arms,biceps-curl,1096,732,-302
arms,biceps-curl,1130,754,-320
arms,biceps-curl,1156,793,-315
arms,biceps-curl,1136,834,-299
arms,biceps-curl,1103,884,-322
arms,biceps-curl,1085,940,-371
arms,biceps-curl,1011,958,-385
arms,biceps-curl,875,932,-384
arms,biceps-curl,773,843,-331
arms,biceps-curl,672,798,-364
arms,biceps-curl,579,772,-406
arms,biceps-curl,500,720,-381
arms,biceps-curl,421,717,-321
arms,biceps-curl,336,624,-344
arms,biceps-curl,248,592,-336
arms,biceps-curl,248,592,-336
arms,biceps-curl,139,530,-274
arms,biceps-curl,22,444,-211
arms,biceps-curl,-111,380,-201
arms,biceps-curl,-200,288,-222
arms,biceps-curl,-251,216,-231
arms,biceps-curl,-312,173,-218
arms,biceps-curl,-381,120,-175
arms,biceps-curl,-405,105,-161
arms,biceps-curl,-375,117,-180
arms,biceps-curl,-368,152,-248
arms,biceps-curl,-362,210,-245
arms,biceps-curl,-336,236,-246
arms,biceps-curl,-299,228,-266
arms,biceps-curl,-236,235,-352
arms,biceps-curl,-160,296,-362
arms,biceps-curl,-76,352,-341
arms,biceps-curl,-1,384,-378
arms,biceps-curl,90,443,-405
arms,biceps-curl,232,566,-403
arms,biceps-curl,358,634,-433
arms,biceps-curl,479,663,-442
arms,biceps-curl,630,769,-477
arms,biceps-curl,760,840,-525
arms,biceps-curl,833,823,-486
arms,biceps-curl,884,808,-428
arms,biceps-curl,931,789,-416
arms,biceps-curl,996,779,-416
arms,biceps-curl,1059,760,-377
arms,biceps-curl,1082,700,-328
arms,biceps-curl,1122,666,-344
arms,biceps-curl,1178,647,-350
arms,biceps-curl,1205,626,-311
arms,biceps-curl,1186,591,-288
arms,biceps-curl,1163,536,-298
arms,biceps-curl,1175,518,-350
arms,biceps-curl,1187,505,-337
arms,biceps-curl,1170,486,-322
arms,biceps-curl,1142,478,-348
arms,biceps-curl,1105,477,-397
arms,biceps-curl,1073,491,-357
arms,biceps-curl,1042,478,-334
arms,biceps-curl,1016,501,-285
arms,biceps-curl,1014,486,-266
arms,biceps-curl,1002,477,-237
arms,biceps-curl,1019,515,-269
arms,biceps-curl,1040,545,-249
arms,biceps-curl,1038,555,-265
arms,biceps-curl,1007,596,-280
arms,biceps-curl,992,673,-273
arms,biceps-curl,991,695,-311
arms,biceps-curl,913,633,-201
arms,biceps-curl,834,686,-239
arms,biceps-curl,786,734,-240
arms,biceps-curl,762,654,-262
arms,biceps-curl,658,706,-249
arms,biceps-curl,641,676,-341
arms,biceps-curl,584,665,-296
arms,biceps-curl,535,657,-288
arms,biceps-curl,501,656,-355
arms,biceps-curl,444,617,-342
arms,biceps-curl,388,633,-336
arms,biceps-curl,333,615,-342
arms,biceps-curl,266,536,-320
arms,biceps-curl,207,506,-318
arms,biceps-curl,198,521,-320
arms,biceps-curl,211,534,-392
arms,biceps-curl,216,525,-354
arms,biceps-curl,216,546,-288
arms,biceps-curl,247,585,-354
arms,biceps-curl,304,625,-440
arms,biceps-curl,347,664,-445
arms,biceps-curl,374,694,-418
arms,biceps-curl,402,735,-453
arms,biceps-curl,438,790,-497
arms,biceps-curl,452,820,-492
arms,biceps-curl,456,796,-424
arms,biceps-curl,456,806,-406
arms,biceps-curl,474,826,-455
arms,biceps-curl,504,828,-475
arms,biceps-curl,501,857,-481
arms,biceps-curl,477,838,-472
arms,biceps-curl,433,806,-444
arms,biceps-curl,408,764,-417
arms,biceps-curl,408,741,-451
arms,biceps-curl,411,733,-446
arms,biceps-curl,421,735,-424
arms,biceps-curl,437,750,-429
arms,biceps-curl,448,750,-451
arms,biceps-curl,450,764,-421
arms,biceps-curl,470,815,-318
arms,biceps-curl,523,978,-566
arms,biceps-curl,514,774,-474
arms,biceps-curl,423,801,-397
arms,biceps-curl,454,792,-503
arms,biceps-curl,442,704,-489
arms,biceps-curl,459,757,-440
arms,biceps-curl,478,733,-441
arms,biceps-curl,454,703,-454
arms,biceps-curl,424,696,-428
arms,biceps-curl,432,688,-505
arms,biceps-curl,424,688,-528
