-528,384,-472,biceps-curl,,,
-544,361,-526,biceps-curl,,,
-536,337,-513,biceps-curl,,,
-514,299,-549,biceps-curl,,,
-505,303,-530,biceps-curl,,,
-518,297,-557,biceps-curl,,,
-513,303,-553,biceps-curl,,,
-512,297,-572,biceps-curl,,,
-512,289,-629,biceps-curl,,,
-512,295,-614,biceps-curl,,,
-518,302,-595,biceps-curl,,,
-520,310,-611,biceps-curl,,,
-532,324,-610,biceps-curl,,,
-565,328,-602,biceps-curl,,,
-593,339,-606,biceps-curl,,,
-661,355,-625,biceps-curl,,,
-720,344,-605,biceps-curl,,,
-731,278,-492,biceps-curl,,,
-748,268,-333,biceps-curl,,,
-681,354,-237,biceps-curl,,,
-685,352,-278,biceps-curl,,,
-683,278,-371,biceps-curl,,,
-683,199,-430,biceps-curl,,,
-726,151,-388,biceps-curl,,,
-711,169,-278,biceps-curl,,,
-668,172,-180,biceps-curl,,,
-644,125,-182,biceps-curl,,,
-639,55,-261,biceps-curl,,,
-623,15,-254,biceps-curl,,,
-568,21,-149,biceps-curl,,,
-497,19,-67,biceps-curl,,,
-425,36,-5,biceps-curl,,,
-377,53,96,biceps-curl,,,
-344,64,163,biceps-curl,,,
-396,109,181,biceps-curl,,,
-521,155,183,biceps-curl,,,
-652,216,209,biceps-curl,,,
-723,260,238,biceps-curl,,,
-790,276,264,biceps-curl,,,
-846,315,297,biceps-curl,,,
-908,413,335,biceps-curl,,,
-959,416,366,biceps-curl,,,
-1000,329,380,biceps-curl,,,
-1052,254,319,biceps-curl,,,
-1126,239,322,biceps-curl,,,
-1171,226,384,biceps-curl,,,
-1196,176,323,biceps-curl,,,
-1237,179,356,biceps-curl,,,
-1305,226,412,biceps-curl,,,
-1328,262,346,biceps-curl,,,
-1344,184,424,biceps-curl,,,
-1376,144,464,biceps-curl,,,
-1407,167,480,biceps-curl,,,
-1454,244,358,biceps-curl,,,
-1456,166,255,biceps-curl,,,
-1463,80,226,biceps-curl,,,
-1550,1,96,biceps-curl,,,
-1539,13,66,biceps-curl,,,
-1556,50,16,biceps-curl,,,
-1460,63,-279,biceps-curl,,,
-1303,155,-284,biceps-curl,,,
-1297,354,-31,biceps-curl,,,
-1341,443,645,biceps-curl,,,
-1406,214,576,biceps-curl,,,
-1471,-17,290,biceps-curl,,,
-1545,-106,222,biceps-curl,,,
-1590,-36,241,biceps-curl,,,
-1611,43,188,biceps-curl,,,
-1627,138,-24,biceps-curl,,,
-1607,161,-18,biceps-curl,,,
-1587,177,159,biceps-curl,,,
-1541,178,299,biceps-curl,,,
-1521,122,344,biceps-curl,,,
-1528,3,272,biceps-curl,,,
-1511,-68,212,biceps-curl,,,
-1471,-35,245,biceps-curl,,,
-1444,-16,204,biceps-curl,,,
-1405,-20,93,biceps-curl,,,
-1302,-4,71,biceps-curl,,,
-1164,4,204,biceps-curl,,,
-1051,-5,315,biceps-curl,,,
-971,15,180,biceps-curl,,,
-897,142,87,biceps-curl,,,
-822,175,101,biceps-curl,,,
-710,29,92,biceps-curl,,,
-558,14,158,biceps-curl,,,
-497,-35,90,biceps-curl,,,
-480,-76,107,biceps-curl,,,
-472,-20,134,biceps-curl,,,
-454,-4,120,biceps-curl,,,
-468,12,98,biceps-curl,,,
-451,22,78,biceps-curl,,,
-442,15,-12,biceps-curl,,,
-487,16,29,biceps-curl,,,
-491,55,-17,biceps-curl,,,
-557,55,34,biceps-curl,,,
-597,114,104,biceps-curl,,,
-646,197,95,biceps-curl,,,
-715,166,1,biceps-curl,,,
-756,140,11,biceps-curl,,,
-841,214,-92,biceps-curl,,,
-872,144,24,biceps-curl,,,
-872,168,-40,biceps-curl,,,
-872,168,-40,biceps-curl,,,
-888,114,-48,biceps-curl,,,
-896,135,-63,biceps-curl,,,
-903,196,18,biceps-curl,,,
-926,236,97,biceps-curl,,,
-935,233,40,biceps-curl,,,
-957,176,-17,biceps-curl,,,
-1008,223,17,biceps-curl,,,
-1029,245,44,biceps-curl,,,
-1045,183,2,biceps-curl,,,
-1042,181,68,biceps-curl,,,
-1040,215,7,biceps-curl,,,
-1058,158,-64,biceps-curl,,,
-1058,277,-68,biceps-curl,,,
-1033,311,-35,biceps-curl,,,
-1035,304,-30,biceps-curl,,,
-1056,331,38,biceps-curl,,,
-1064,360,51,biceps-curl,,,
-1069,424,157,biceps-curl,,,
-1072,476,194,biceps-curl,,,
-1082,521,152,biceps-curl,,,
-1083,544,164,biceps-curl,,,
-1071,580,224,biceps-curl,,,
-1051,625,221,biceps-curl,,,
-1036,636,217,biceps-curl,,,
-1012,656,288,biceps-curl,,,
-992,695,294,biceps-curl,,,
-985,741,274,biceps-curl,,,
-962,794,297,biceps-curl,,,
-937,836,298,biceps-curl,,,
-922,883,296,biceps-curl,,,
-900,912,281,biceps-curl,,,
-874,929,293,biceps-curl,,,
-837,960,302,biceps-curl,,,
-758,963,328,biceps-curl,,,
-694,961,318,biceps-curl,,,
-654,949,280,biceps-curl,,,
-589,964,287,biceps-curl,,,
-512,970,394,biceps-curl,,,
-418,943,306,biceps-curl,,,
-321,909,262,biceps-curl,,,
-222,892,369,biceps-curl,,,
-159,869,344,biceps-curl,,,
-64,855,370,biceps-curl,,,
-5,844,294,biceps-curl,,,
77,813,339,biceps-curl,,,
126,778,352,biceps-curl,,,
197,717,263,biceps-curl,,,
266,675,258,biceps-curl,,,
314,575,287,biceps-curl,,,
368,536,248,biceps-curl,,,
416,504,264,biceps-curl,,,
463,465,140,biceps-curl,,,
494,418,159,biceps-curl,,,
526,371,153,biceps-curl,,,
557,375,130,biceps-curl,,,
581,276,-22,biceps-curl,,,
598,236,-47,biceps-curl,,,
675,191,-14,biceps-curl,,,
708,164,-95,biceps-curl,,,
732,153,-119,biceps-curl,,,
768,146,13,biceps-curl,,,
757,169,-26,biceps-curl,,,
752,212,0,biceps-curl,,,
705,289,28,biceps-curl,,,
671,341,89,biceps-curl,,,
647,385,134,biceps-curl,,,
597,443,176,biceps-curl,,,
565,490,208,biceps-curl,,,
540,529,216,biceps-curl,,,
518,584,236,biceps-curl,,,
474,646,267,biceps-curl,,,
434,718,285,biceps-curl,,,
420,761,292,biceps-curl,,,
412,798,283,biceps-curl,,,
391,841,268,biceps-curl,,,
368,852,268,biceps-curl,,,
345,867,260,biceps-curl,,,
306,914,204,biceps-curl,,,
269,930,180,biceps-curl,,,
229,959,179,biceps-curl,,,
166,1043,122,biceps-curl,,,
116,1066,118,biceps-curl,,,
79,1053,143,biceps-curl,,,
37,1045,132,biceps-curl,,,
-5,1024,67,biceps-curl,,,
-63,992,67,biceps-curl,,,
-119,1012,40,biceps-curl,,,
-195,1056,-13,biceps-curl,,,
-260,1014,-42,biceps-curl,,,
-309,964,-24,biceps-curl,,,
-364,976,-3,biceps-curl,,,
-420,966,68,biceps-curl,,,
-480,924,8,biceps-curl,,,
-528,942,-31,biceps-curl,,,
-582,921,-25,biceps-curl,,,
-631,868,-35,biceps-curl,,,
-692,833,-60,biceps-curl,,,
-728,845,-20,biceps-curl,,,
-731,795,-77,biceps-curl,,,
-793,689,-167,biceps-curl,,,
-824,720,-128,biceps-curl,,,
-832,664,24,biceps-curl,,,
-879,648,-100,biceps-curl,,,
-933,595,-81,biceps-curl,,,
-958,577,-65,biceps-curl,,,
-975,547,-13,biceps-curl,,,
-990,515,-29,biceps-curl,,,
-999,512,-53,biceps-curl,,,
-986,478,-29,biceps-curl,,,
-991,419,-31,biceps-curl,,,
-992,388,-6,biceps-curl,,,
-992,352,-25,biceps-curl,,,
-986,325,-1,biceps-curl,,,
-990,332,32,biceps-curl,,,
-1010,330,-13,biceps-curl,,,
-1016,334,-3,biceps-curl,,,
-1044,319,25,biceps-curl,,,
-1051,290,16,biceps-curl,,,
-1064,301,-13,biceps-curl,,,
-1082,297,-4,biceps-curl,,,
-1083,303,13,biceps-curl,,,
-1070,326,11,biceps-curl,,,
-1083,327,-11,biceps-curl,,,
-1083,338,-11,biceps-curl,,,
-1094,356,-13,biceps-curl,,,
-1104,377,13,biceps-curl,,,
-1076,412,40,biceps-curl,,,
-1044,451,28,biceps-curl,,,
-1028,479,35,biceps-curl,,,
-1013,506,44,biceps-curl,,,
-1003,521,27,biceps-curl,,,
-998,525,21,biceps-curl,,,
-996,559,40,biceps-curl,,,
-1010,596,43,biceps-curl,,,
-997,638,64,biceps-curl,,,
-989,688,86,biceps-curl,,,
-969,716,74,biceps-curl,,,
-934,742,76,biceps-curl,,,
-911,742,37,biceps-curl,,,
-850,766,80,biceps-curl,,,
-788,791,102,biceps-curl,,,
-700,821,108,biceps-curl,,,
-614,846,165,biceps-curl,,,
-561,875,208,biceps-curl,,,
-523,896,126,biceps-curl,,,
-489,947,131,biceps-curl,,,
-437,966,265,biceps-curl,,,
-411,962,270,biceps-curl,,,
-359,1063,248,biceps-curl,,,
-349,1048,246,biceps-curl,,,
-287,1048,203,biceps-curl,,,
-239,1056,305,biceps-curl,,,
-185,1024,375,biceps-curl,,,
-130,993,306,biceps-curl,,,
-60,1015,372,biceps-curl,,,
-4,994,369,biceps-curl,,,
51,970,383,biceps-curl,,,
99,954,448,biceps-curl,,,
139,882,407,biceps-curl,,,
199,858,352,biceps-curl,,,
261,816,357,biceps-curl,,,
292,756,334,biceps-curl,,,
328,706,411,biceps-curl,,,
355,684,432,biceps-curl,,,
384,644,360,biceps-curl,,,
404,561,265,biceps-curl,,,
442,484,211,biceps-curl,,,
495,447,239,biceps-curl,,,
523,418,272,biceps-curl,,,
533,382,196,biceps-curl,,,
567,332,137,biceps-curl,,,
599,297,133,biceps-curl,,,
632,259,69,biceps-curl,,,
676,194,47,biceps-curl,,,
723,147,1,biceps-curl,,,
761,114,8,biceps-curl,,,
797,79,27,biceps-curl,,,
812,92,32,biceps-curl,,,
800,147,79,biceps-curl,,,
777,194,92,biceps-curl,,,
753,227,113,biceps-curl,,,
717,270,171,biceps-curl,,,
657,360,243,biceps-curl,,,
612,447,272,biceps-curl,,,
589,501,316,biceps-curl,,,
562,579,459,biceps-curl,,,
525,642,430,biceps-curl,,,
517,666,375,biceps-curl,,,
470,695,343,biceps-curl,,,
456,769,373,biceps-curl,,,
428,810,369,biceps-curl,,,
416,792,268,biceps-curl,,,
404,799,315,biceps-curl,,,
353,845,233,biceps-curl,,,
309,928,240,biceps-curl,,,
252,897,244,biceps-curl,,,
226,960,254,biceps-curl,,,
180,1010,178,biceps-curl,,,
141,963,128,biceps-curl,,,
108,996,121,biceps-curl,,,
53,1048,28,biceps-curl,,,
-2,1048,111,biceps-curl,,,
-56,1040,88,biceps-curl,,,
-112,1024,32,biceps-curl,,,
-190,1008,-84,biceps-curl,,,
-245,1023,-20,biceps-curl,,,
-293,957,36,biceps-curl,,,
-362,916,-33,biceps-curl,,,
-418,898,-83,biceps-curl,,,
-459,903,24,biceps-curl,,,
-546,924,-49,biceps-curl,,,
-633,848,-31,biceps-curl,,,
-707,825,22,biceps-curl,,,
-752,856,-57,biceps-curl,,,
-779,852,-68,biceps-curl,,,
-802,769,-82,biceps-curl,,,
-849,738,-100,biceps-curl,,,
-864,702,-75,biceps-curl,,,
-897,666,-58,biceps-curl,,,
-917,667,-72,biceps-curl,,,
-920,630,-48,biceps-curl,,,
-925,593,-57,biceps-curl,,,
-928,544,-42,biceps-curl,,,
-947,515,-34,biceps-curl,,,
-979,480,-26,biceps-curl,,,
-1005,443,6,biceps-curl,,,
-1020,423,11,biceps-curl,,,
-1016,379,-4,biceps-curl,,,
-1020,348,4,biceps-curl,,,
-1024,337,20,biceps-curl,,,
-1012,324,31,biceps-curl,,,
-1012,324,36,biceps-curl,,,
-1019,320,35,biceps-curl,,,
-1021,314,21,biceps-curl,,,
-1022,313,20,biceps-curl,,,
-1032,308,35,biceps-curl,,,
-1029,286,6,biceps-curl,,,
-1027,309,35,biceps-curl,,,
-1030,302,18,biceps-curl,,,
-1022,305,40,biceps-curl,,,
-1024,326,21,biceps-curl,,,
-1050,326,-24,biceps-curl,,,
-1058,357,5,biceps-curl,,,
-1069,402,22,biceps-curl,,,
-1085,415,19,biceps-curl,,,
-1071,451,35,biceps-curl,,,
-1068,464,35,biceps-curl,,,
-1083,471,-34,biceps-curl,,,
-1048,525,13,biceps-curl,,,
-1045,571,50,biceps-curl,,,
-1015,602,-5,biceps-curl,,,
-1000,635,36,biceps-curl,,,
-992,689,-41,biceps-curl,,,
-1000,721,-72,biceps-curl,,,
-960,775,-40,biceps-curl,,,
-937,784,-71,biceps-curl,,,
-898,814,-4,biceps-curl,,,
-844,853,7,biceps-curl,,,
-811,885,23,biceps-curl,,,
-744,917,53,biceps-curl,,,
-666,934,-35,biceps-curl,,,
-622,956,-41,biceps-curl,,,
-556,973,-40,biceps-curl,,,
-479,1022,-7,biceps-curl,,,
-464,994,-25,biceps-curl,,,
-414,1003,5,biceps-curl,,,
-334,1038,16,biceps-curl,,,
-283,1048,92,biceps-curl,,,
-243,1019,126,biceps-curl,,,
-176,1002,156,biceps-curl,,,
-109,984,130,biceps-curl,,,
-46,950,191,biceps-curl,,,
27,931,156,biceps-curl,,,
100,913,147,biceps-curl,,,
176,875,182,biceps-curl,,,
240,842,211,biceps-curl,,,
291,801,215,biceps-curl,,,
342,741,247,biceps-curl,,,
393,691,255,biceps-curl,,,
444,652,252,biceps-curl,,,
476,624,164,biceps-curl,,,
506,583,85,biceps-curl,,,
540,505,188,biceps-curl,,,
551,463,224,biceps-curl,,,
570,443,113,biceps-curl,,,
599,382,41,biceps-curl,,,
630,337,50,biceps-curl,,,
656,304,35,biceps-curl,,,
701,267,11,biceps-curl,,,
738,224,-33,biceps-curl,,,
771,219,-52,biceps-curl,,,
806,195,-2,biceps-curl,,,
820,166,-28,biceps-curl,,,
815,191,-52,biceps-curl,,,
828,221,84,biceps-curl,,,
775,244,113,biceps-curl,,,
732,279,68,biceps-curl,,,
703,361,169,biceps-curl,,,
646,422,176,biceps-curl,,,
628,466,180,biceps-curl,,,
587,489,210,biceps-curl,,,
536,589,150,biceps-curl,,,
533,657,229,biceps-curl,,,
480,672,175,biceps-curl,,,
496,688,152,biceps-curl,,,
496,848,184,biceps-curl,,,
496,848,184,biceps-curl,,,
488,825,83,biceps-curl,,,
458,832,217,biceps-curl,,,
404,832,15,biceps-curl,,,
364,817,182,biceps-curl,,,
339,880,171,biceps-curl,,,
280,916,28,biceps-curl,,,
224,961,-12,biceps-curl,,,
183,1008,91,biceps-curl,,,
117,1016,79,biceps-curl,,,
40,1010,40,biceps-curl,,,
-19,1008,13,biceps-curl,,,
-111,978,-95,biceps-curl,,,
-177,944,-69,biceps-curl,,,
-221,993,-105,biceps-curl,,,
-282,999,-189,biceps-curl,,,
-309,987,-86,biceps-curl,,,
-354,979,-82,biceps-curl,,,
-422,966,-153,biceps-curl,,,
-468,940,-127,biceps-curl,,,
-513,918,-125,biceps-curl,,,
-578,880,-209,biceps-curl,,,
-630,847,-207,biceps-curl,,,
-657,840,-155,biceps-curl,,,
-714,840,-173,biceps-curl,,,
-764,820,-156,biceps-curl,,,
-768,762,-108,biceps-curl,,,
-786,687,-163,biceps-curl,,,
-819,641,-204,biceps-curl,,,
-839,639,-144,biceps-curl,,,
-861,622,-122,biceps-curl,,,
-889,578,-121,biceps-curl,,,
-907,551,-50,biceps-curl,,,
-931,534,-12,biceps-curl,,,
-960,544,-73,biceps-curl,,,
-951,495,-19,biceps-curl,,,
-975,447,-15,biceps-curl,,,
-1000,420,-30,biceps-curl,,,
-1020,396,-4,biceps-curl,,,
-1013,365,56,biceps-curl,,,
-1030,384,43,biceps-curl,,,
-1025,368,-8,biceps-curl,,,
-1032,296,-7,biceps-curl,,,
-1033,297,6,biceps-curl,,,
-1042,300,28,biceps-curl,,,
-1057,271,-53,biceps-curl,,,
-1064,263,-29,biceps-curl,,,
-1064,249,2,biceps-curl,,,
-1064,264,26,biceps-curl,,,
-1072,273,70,biceps-curl,,,
-1064,320,16,biceps-curl,,,
-1072,328,56,biceps-curl,,,
-1064,367,-6,biceps-curl,,,
-1072,391,76,biceps-curl,,,
-1065,407,28,biceps-curl,,,
-1057,415,-20,biceps-curl,,,
-1027,452,-3,biceps-curl,,,
-1024,477,0,biceps-curl,,,
-1017,507,7,biceps-curl,,,
-996,532,1,biceps-curl,,,
-966,582,59,biceps-curl,,,
-941,630,66,biceps-curl,,,
-924,677,27,biceps-curl,,,
-890,700,22,biceps-curl,,,
-868,733,83,biceps-curl,,,
-830,790,110,biceps-curl,,,
-810,808,95,biceps-curl,,,
-776,851,83,biceps-curl,,,
-760,867,117,biceps-curl,,,
-740,900,131,biceps-curl,,,
-703,915,69,biceps-curl,,,
-683,965,70,biceps-curl,,,
-671,1019,138,biceps-curl,,,
-660,1023,204,biceps-curl,,,
-613,1025,210,biceps-curl,,,
-551,1049,192,biceps-curl,,,
-496,1040,248,biceps-curl,,,
-422,1004,266,biceps-curl,,,
-339,999,257,biceps-curl,,,
-278,1004,303,biceps-curl,,,
-232,983,366,biceps-curl,,,
-165,960,427,biceps-curl,,,
-81,954,374,biceps-curl,,,
-17,932,346,biceps-curl,,,
22,901,389,biceps-curl,,,
69,870,363,biceps-curl,,,
136,833,332,biceps-curl,,,
208,795,367,biceps-curl,,,
259,776,369,biceps-curl,,,
304,746,318,biceps-curl,,,
366,717,306,biceps-curl,,,
419,672,368,biceps-curl,,,
439,631,365,biceps-curl,,,
477,584,345,biceps-curl,,,
506,539,301,biceps-curl,,,
523,500,220,biceps-curl,,,
547,408,95,biceps-curl,,,
579,340,215,biceps-curl,,,
611,300,201,biceps-curl,,,
658,246,106,biceps-curl,,,
689,207,131,biceps-curl,,,
728,168,-24,biceps-curl,,,
784,152,8,biceps-curl,,,
815,98,-116,biceps-curl,,,
831,126,-52,biceps-curl,,,
839,135,-18,biceps-curl,,,
840,151,13,biceps-curl,,,
804,181,45,biceps-curl,,,
842,233,132,biceps-curl,,,
787,295,226,biceps-curl,,,
736,324,173,biceps-curl,,,
663,393,193,biceps-curl,,,
604,433,289,biceps-curl,,,
623,539,498,biceps-curl,,,
541,520,280,biceps-curl,,,
518,528,227,biceps-curl,,,
486,610,366,biceps-curl,,,
478,662,377,biceps-curl,,,
453,715,279,biceps-curl,,,
435,747,298,biceps-curl,,,
437,742,374,biceps-curl,,,
405,785,257,biceps-curl,,,
379,802,211,biceps-curl,,,
344,848,272,biceps-curl,,,
307,901,193,biceps-curl,,,
261,938,159,biceps-curl,,,
261,989,217,biceps-curl,,,
240,1024,208,biceps-curl,,,
157,1040,53,biceps-curl,,,
72,1052,-40,biceps-curl,,,
-5,1045,30,biceps-curl,,,
-62,1015,45,biceps-curl,,,
-149,995,-15,biceps-curl,,,
-250,1028,-87,biceps-curl,,,
-301,1040,-57,biceps-curl,,,
-334,995,-70,biceps-curl,,,
-413,1024,-121,biceps-curl,,,
-441,1030,-53,biceps-curl,,,
-500,978,-49,biceps-curl,,,
-571,927,-118,biceps-curl,,,
-636,986,-61,biceps-curl,,,
-686,936,-147,biceps-curl,,,
-738,826,-56,biceps-curl,,,
-750,820,-79,biceps-curl,,,
-785,771,-64,biceps-curl,,,
-834,769,-177,biceps-curl,,,
-852,689,-129,biceps-curl,,,
-883,739,-73,biceps-curl,,,
-902,635,-18,biceps-curl,,,
-881,657,-37,biceps-curl,,,
-898,560,4,biceps-curl,,,
-944,559,-81,biceps-curl,,,
-960,520,-111,biceps-curl,,,
-944,480,-17,biceps-curl,,,
-975,488,0,biceps-curl,,,
-991,381,-8,biceps-curl,,,
-1022,383,44,biceps-curl,,,
-1009,369,33,biceps-curl,,,
-1015,347,11,biceps-curl,,,
-1030,302,43,biceps-curl,,,
-1025,303,7,biceps-curl,,,
-1064,257,-7,biceps-curl,,,
-1046,235,31,biceps-curl,,,
-1040,245,72,biceps-curl,,,
-1052,217,68,biceps-curl,,,
-1020,238,46,biceps-curl,,,
-1014,213,69,biceps-curl,,,
-1022,217,51,biceps-curl,,,
-1041,235,51,biceps-curl,,,
-1037,218,67,biceps-curl,,,
-1021,224,56,biceps-curl,,,
-1031,232,33,biceps-curl,,,
-1025,257,59,biceps-curl,,,
-1021,277,70,biceps-curl,,,
-1047,289,41,biceps-curl,,,
-1055,314,69,biceps-curl,,,
-1061,354,95,biceps-curl,,,
-1068,401,76,biceps-curl,,,
-1068,436,96,biceps-curl,,,
-1080,440,90,biceps-curl,,,
-1062,450,81,biceps-curl,,,
-1028,504,99,biceps-curl,,,
-1017,554,75,biceps-curl,,,
-1002,565,90,biceps-curl,,,
-980,560,73,biceps-curl,,,
-951,569,53,biceps-curl,,,
-931,600,90,biceps-curl,,,
-917,640,72,biceps-curl,,,
-914,661,81,biceps-curl,,,
-911,681,73,biceps-curl,,,
-886,725,111,biceps-curl,,,
-874,784,150,biceps-curl,,,
-838,795,153,biceps-curl,,,
-774,835,191,biceps-curl,,,
-756,842,220,biceps-curl,,,
-689,821,244,biceps-curl,,,
-608,853,269,biceps-curl,,,
-554,886,288,biceps-curl,,,
-509,929,234,biceps-curl,,,
-473,937,248,biceps-curl,,,
-395,945,250,biceps-curl,,,
-324,951,272,biceps-curl,,,
-253,928,272,biceps-curl,,,
-168,928,272,biceps-curl,,,
-104,952,360,biceps-curl,,,
-104,952,360,biceps-curl,,,
-73,936,275,biceps-curl,,,
-4,966,318,biceps-curl,,,
75,1020,298,biceps-curl,,,
109,988,413,biceps-curl,,,
169,941,296,biceps-curl,,,
253,936,336,biceps-curl,,,
291,909,426,biceps-curl,,,
329,917,393,biceps-curl,,,
369,881,397,biceps-curl,,,
401,808,387,biceps-curl,,,
427,767,341,biceps-curl,,,
462,736,376,biceps-curl,,,
484,681,416,biceps-curl,,,
488,612,327,biceps-curl,,,
521,553,255,biceps-curl,,,
536,482,310,biceps-curl,,,
525,440,307,biceps-curl,,,
530,407,278,biceps-curl,,,
556,362,193,biceps-curl,,,
592,320,44,biceps-curl,,,
645,281,50,biceps-curl,,,
681,233,46,biceps-curl,,,
735,191,-30,biceps-curl,,,
805,155,-64,biceps-curl,,,
836,148,-76,biceps-curl,,,
852,141,-95,biceps-curl,,,
846,124,-97,biceps-curl,,,
828,135,-38,biceps-curl,,,
825,147,16,biceps-curl,,,
803,184,16,biceps-curl,,,
769,238,19,biceps-curl,,,
724,254,62,biceps-curl,,,
674,294,128,biceps-curl,,,
640,373,156,biceps-curl,,,
609,423,233,biceps-curl,,,
556,458,261,biceps-curl,,,
500,512,236,biceps-curl,,,
484,548,281,biceps-curl,,,
465,604,346,biceps-curl,,,
443,692,223,biceps-curl,,,
453,769,251,biceps-curl,,,
432,785,267,biceps-curl,,,
387,851,266,biceps-curl,,,
358,950,199,biceps-curl,,,
336,885,295,biceps-curl,,,
271,930,212,biceps-curl,,,
254,954,92,biceps-curl,,,
222,984,145,biceps-curl,,,
183,977,160,biceps-curl,,,
143,1000,159,biceps-curl,,,
73,1032,33,biceps-curl,,,
33,1024,71,biceps-curl,,,
-36,1001,102,biceps-curl,,,
-122,1022,7,biceps-curl,,,
-186,1017,51,biceps-curl,,,
-249,987,-8,biceps-curl,,,
-319,1026,-23,biceps-curl,,,
-396,1093,188,biceps-curl,,,
-461,1031,37,biceps-curl,,,
-544,970,72,biceps-curl,,,
-617,916,94,biceps-curl,,,
-669,904,28,biceps-curl,,,
-716,904,-22,biceps-curl,,,
-734,880,50,biceps-curl,,,
-770,866,11,biceps-curl,,,
-801,803,-16,biceps-curl,,,
-808,760,49,biceps-curl,,,
-840,699,-9,biceps-curl,,,
-887,662,-31,biceps-curl,,,
-894,612,-6,biceps-curl,,,
-898,617,29,biceps-curl,,,
-913,594,20,biceps-curl,,,
-942,529,-13,biceps-curl,,,
-964,487,-20,biceps-curl,,,
-985,447,1,biceps-curl,,,
-1008,408,0,biceps-curl,,,
-1020,388,15,biceps-curl,,,
-1031,369,44,biceps-curl,,,
-1036,345,33,biceps-curl,,,
-1039,319,17,biceps-curl,,,
-1045,290,37,biceps-curl,,,
-1040,280,68,biceps-curl,,,
-1043,268,42,biceps-curl,,,
-1045,262,43,biceps-curl,,,
-1037,278,48,biceps-curl,,,
-1039,246,21,biceps-curl,,,
-1058,235,39,biceps-curl,,,
-1060,260,58,biceps-curl,,,
-1048,252,66,biceps-curl,,,
-1046,271,59,biceps-curl,,,
-1038,294,18,biceps-curl,,,
-1033,292,15,biceps-curl,,,
-1037,324,-15,biceps-curl,,,
-1023,384,33,biceps-curl,,,
-1020,385,42,biceps-curl,,,
-1045,397,53,biceps-curl,,,
-1023,443,36,biceps-curl,,,
-1009,474,83,biceps-curl,,,
-1015,496,115,biceps-curl,,,
-1000,489,18,biceps-curl,,,
-1016,520,96,biceps-curl,,,
-1008,592,40,biceps-curl,,,
-1008,600,71,biceps-curl,,,
-1000,630,80,biceps-curl,,,
-970,639,28,biceps-curl,,,
-961,698,133,biceps-curl,,,
-939,668,23,biceps-curl,,,
-873,727,50,biceps-curl,,,
-844,743,36,biceps-curl,,,
-800,757,92,biceps-curl,,,
-759,793,58,biceps-curl,,,
-714,864,112,biceps-curl,,,
-673,843,240,biceps-curl,,,
-640,880,193,biceps-curl,,,
-614,896,192,biceps-curl,,,
-574,930,211,biceps-curl,,,
-549,938,121,biceps-curl,,,
-484,925,188,biceps-curl,,,
-424,931,214,biceps-curl,,,
-357,921,154,biceps-curl,,,
-279,902,143,biceps-curl,,,
-210,896,219,biceps-curl,,,
-152,905,222,biceps-curl,,,
-106,908,183,biceps-curl,,,
-58,900,159,biceps-curl,,,
5,900,152,biceps-curl,,,
84,928,144,biceps-curl,,,
147,952,159,biceps-curl,,,
194,963,262,biceps-curl,,,
249,990,330,biceps-curl,,,
314,991,285,biceps-curl,,,
386,949,213,biceps-curl,,,
445,914,184,biceps-curl,,,
492,898,268,biceps-curl,,,
523,902,297,biceps-curl,,,
557,889,262,biceps-curl,,,
582,793,391,biceps-curl,,,
576,753,426,biceps-curl,,,
570,713,400,biceps-curl,,,
554,636,290,biceps-curl,,,
560,584,229,biceps-curl,,,
558,518,263,biceps-curl,,,
551,468,305,biceps-curl,,,
544,405,239,biceps-curl,,,
550,346,224,biceps-curl,,,
592,303,170,biceps-curl,,,
652,238,112,biceps-curl,,,
692,216,-19,biceps-curl,,,
742,134,-40,biceps-curl,,,
824,114,59,biceps-curl,,,
818,143,-32,biceps-curl,,,
880,105,-32,biceps-curl,,,
840,159,-32,biceps-curl,,,
871,144,30,biceps-curl,,,
872,159,17,biceps-curl,,,
842,212,46,biceps-curl,,,
833,223,63,biceps-curl,,,
768,303,143,biceps-curl,,,
711,361,187,biceps-curl,,,
663,429,206,biceps-curl,,,
589,487,235,biceps-curl,,,
583,444,325,biceps-curl,,,
533,553,223,biceps-curl,,,
501,634,180,biceps-curl,,,
514,648,261,biceps-curl,,,
485,742,229,biceps-curl,,,
483,765,48,biceps-curl,,,
499,793,168,biceps-curl,,,
477,840,172,biceps-curl,,,
448,861,157,biceps-curl,,,
415,889,148,biceps-curl,,,
346,934,101,biceps-curl,,,
317,981,118,biceps-curl,,,
260,1019,93,biceps-curl,,,
180,1041,-2,biceps-curl,,,
113,1048,-35,biceps-curl,,,
80,1040,9,biceps-curl,,,
44,1072,-24,biceps-curl,,,
-38,1104,-115,biceps-curl,,,
-92,1063,-33,biceps-curl,,,
-124,1038,8,biceps-curl,,,
-187,1032,-50,biceps-curl,,,
-240,968,11,biceps-curl,,,
-292,923,-42,biceps-curl,,,
-345,940,-87,biceps-curl,,,
-385,952,-108,biceps-curl,,,
-440,902,-137,biceps-curl,,,
-471,851,-51,biceps-curl,,,
-515,891,-60,biceps-curl,,,
-563,861,-114,biceps-curl,,,
-622,800,-114,biceps-curl,,,
-647,785,-60,biceps-curl,,,
-687,816,-2,biceps-curl,,,
-747,795,-228,biceps-curl,,,
-764,697,-93,biceps-curl,,,
-791,688,-44,biceps-curl,,,
-830,807,-63,biceps-curl,,,
-820,682,-59,biceps-curl,,,
-861,628,-72,biceps-curl,,,
-912,588,4,biceps-curl,,,
-915,533,-45,biceps-curl,,,
-976,480,16,biceps-curl,,,
-976,472,8,biceps-curl,,,
-1000,448,80,biceps-curl,,,
-1000,448,80,biceps-curl,,,
-1023,386,2,biceps-curl,,,
-1009,361,84,biceps-curl,,,
-1001,345,58,biceps-curl,,,
-1022,344,49,biceps-curl,,,
-1038,308,48,biceps-curl,,,
-1026,332,111,biceps-curl,,,
-1072,275,31,biceps-curl,,,
-1093,257,-11,biceps-curl,,,
-1076,230,69,biceps-curl,,,
-1097,237,75,biceps-curl,,,
-1098,228,53,biceps-curl,,,
-1066,230,54,biceps-curl,,,
-1085,238,15,biceps-curl,,,
-1050,246,46,biceps-curl,,,
-1032,298,81,biceps-curl,,,
-1043,309,56,biceps-curl,,,
-1027,320,29,biceps-curl,,,
-1011,323,34,biceps-curl,,,
-1008,340,70,biceps-curl,,,
-1008,338,69,biceps-curl,,,
-1008,337,51,biceps-curl,,,
-1012,384,48,biceps-curl,,,
-1038,429,57,biceps-curl,,,
-1035,469,85,biceps-curl,,,
-1020,488,84,biceps-curl,,,
-1036,476,33,biceps-curl,,,
-1030,513,59,biceps-curl,,,
-1001,560,86,biceps-curl,,,
-992,563,19,biceps-curl,,,
-992,597,29,biceps-curl,,,
-980,649,63,biceps-curl,,,
-940,661,65,biceps-curl,,,
-890,664,91,biceps-curl,,,
-856,690,93,biceps-curl,,,
-835,712,108,biceps-curl,,,
-813,726,105,biceps-curl,,,
-788,754,149,biceps-curl,,,
-792,742,131,biceps-curl,,,
-764,765,235,biceps-curl,,,
-747,791,204,biceps-curl,,,
-721,819,157,biceps-curl,,,
-677,837,140,biceps-curl,,,
-613,864,120,biceps-curl,,,
-544,865,123,biceps-curl,,,
-479,872,144,biceps-curl,,,
-403,869,148,biceps-curl,,,
-347,840,191,biceps-curl,,,
-277,840,287,biceps-curl,,,
-222,842,273,biceps-curl,,,
-152,913,311,biceps-curl,,,
-120,967,225,biceps-curl,,,
-42,1007,193,biceps-curl,,,
-25,1008,375,biceps-curl,,,
13,1015,362,biceps-curl,,,
74,1038,426,biceps-curl,,,
144,1011,375,biceps-curl,,,
215,1015,333,biceps-curl,,,
244,1016,410,biceps-curl,,,
281,1003,471,biceps-curl,,,
308,954,473,biceps-curl,,,
350,969,447,biceps-curl,,,
372,945,409,biceps-curl,,,
394,924,424,biceps-curl,,,
406,844,479,biceps-curl,,,
414,776,462,biceps-curl,,,
438,699,337,biceps-curl,,,
459,629,358,biceps-curl,,,
459,587,387,biceps-curl,,,
461,545,359,biceps-curl,,,
484,484,329,biceps-curl,,,
515,451,263,biceps-curl,,,
542,402,219,biceps-curl,,,
579,332,212,biceps-curl,,,
622,291,130,biceps-curl,,,
677,263,76,biceps-curl,,,
732,248,28,biceps-curl,,,
779,217,-67,biceps-curl,,,
826,188,-111,biceps-curl,,,
862,174,-127,biceps-curl,,,
890,145,-96,biceps-curl,,,
891,136,-43,biceps-curl,,,
875,139,-36,biceps-curl,,,
868,150,7,biceps-curl,,,
832,193,75,biceps-curl,,,
790,253,123,biceps-curl,,,
753,255,144,biceps-curl,,,
704,288,211,biceps-curl,,,
658,341,225,biceps-curl,,,
628,392,304,biceps-curl,,,
579,433,294,biceps-curl,,,
538,415,214,biceps-curl,,,
537,458,345,biceps-curl,,,
505,535,289,biceps-curl,,,
511,543,331,biceps-curl,,,
503,630,299,biceps-curl,,,
493,626,272,biceps-curl,,,
465,716,320,biceps-curl,,,
470,755,165,biceps-curl,,,
445,798,241,biceps-curl,,,
392,911,262,biceps-curl,,,
400,880,208,biceps-curl,,,
352,960,200,biceps-curl,,,
267,960,161,biceps-curl,,,
226,952,175,biceps-curl,,,
157,1027,131,biceps-curl,,,
86,1025,186,biceps-curl,,,
1,1031,192,biceps-curl,,,
-43,1011,171,biceps-curl,,,
-130,1076,168,biceps-curl,,,
-211,1048,148,biceps-curl,,,
-250,1053,203,biceps-curl,,,
-313,1024,248,biceps-curl,,,
-402,1041,138,biceps-curl,,,
-478,1066,80,biceps-curl,,,
-490,954,148,biceps-curl,,,
-522,975,147,biceps-curl,,,
-575,983,97,biceps-curl,,,
-597,895,140,biceps-curl,,,
-616,856,94,biceps-curl,,,
-660,820,56,biceps-curl,,,
-695,795,41,biceps-curl,,,
-742,749,22,biceps-curl,,,
-791,711,11,biceps-curl,,,
-812,708,88,biceps-curl,,,
-833,682,79,biceps-curl,,,
-877,644,24,biceps-curl,,,
-900,600,36,biceps-curl,,,
-908,580,48,biceps-curl,,,
-931,551,60,biceps-curl,,,
-951,515,53,biceps-curl,,,
-967,511,53,biceps-curl,,,
-982,459,21,biceps-curl,,,
-995,413,-28,biceps-curl,,,
-1003,405,22,biceps-curl,,,
-1011,378,24,biceps-curl,,,
-1021,333,34,biceps-curl,,,
-1025,330,81,biceps-curl,,,
-1015,325,62,biceps-curl,,,
-1036,281,58,biceps-curl,,,
-1048,248,68,biceps-curl,,,
-1048,259,85,biceps-curl,,,
-1048,221,94,biceps-curl,,,
-1045,233,60,biceps-curl,,,
-1032,200,76,biceps-curl,,,
-1033,202,62,biceps-curl,,,
-1039,216,85,biceps-curl,,,
-1036,215,14,biceps-curl,,,
-1068,209,68,biceps-curl,,,
-1033,221,107,biceps-curl,,,
-1048,186,34,biceps-curl,,,
-1056,227,66,biceps-curl,,,
-1040,312,142,biceps-curl,,,
-1072,272,-14,biceps-curl,,,
-1064,342,62,biceps-curl,,,
-1049,405,72,biceps-curl,,,
-1063,363,5,biceps-curl,,,
-1071,353,44,biceps-curl,,,
-1065,395,162,biceps-curl,,,
-1057,428,148,biceps-curl,,,
-1049,405,69,biceps-curl,,,
-1041,460,116,biceps-curl,,,
-1007,518,154,biceps-curl,,,
-981,534,135,biceps-curl,,,
-976,592,109,biceps-curl,,,
-946,620,110,biceps-curl,,,
-907,653,188,biceps-curl,,,
-850,693,210,biceps-curl,,,
-810,687,175,biceps-curl,,,
-784,707,128,biceps-curl,,,
-760,704,138,biceps-curl,,,
-732,721,116,biceps-curl,,,
-685,736,145,biceps-curl,,,
-640,750,157,biceps-curl,,,
-605,792,153,biceps-curl,,,
-574,812,178,biceps-curl,,,
-551,838,149,biceps-curl,,,
-532,872,187,biceps-curl,,,
-488,896,240,biceps-curl,,,
-437,893,251,biceps-curl,,,
-398,879,298,biceps-curl,,,
-365,888,239,biceps-curl,,,
-335,895,153,biceps-curl,,,
-296,920,179,biceps-curl,,,
-235,959,236,biceps-curl,,,
-191,964,236,biceps-curl,,,
-200,928,77,biceps-curl,,,
-155,951,59,biceps-curl,,,
-104,1012,59,biceps-curl,,,
-28,1054,55,biceps-curl,,,
37,1101,89,biceps-curl,,,
86,1130,140,biceps-curl,,,
141,1101,147,biceps-curl,,,
200,1057,123,biceps-curl,,,
274,1033,120,biceps-curl,,,
328,1041,180,biceps-curl,,,
368,1040,118,biceps-curl,,,
372,987,127,biceps-curl,,,
398,951,278,biceps-curl,,,
388,940,196,biceps-curl,,,
427,899,238,biceps-curl,,,
464,830,208,biceps-curl,,,
457,792,209,biceps-curl,,,
488,784,248,biceps-curl,,,
512,688,216,biceps-curl,,,
512,688,216,biceps-curl,,,
528,641,224,biceps-curl,,,
566,564,285,biceps-curl,,,
546,582,310,biceps-curl,,,
544,540,159,biceps-curl,,,
551,486,194,biceps-curl,,,
573,410,200,biceps-curl,,,
596,352,77,biceps-curl,,,
653,284,69,biceps-curl,,,
697,233,-6,biceps-curl,,,
729,224,-68,biceps-curl,,,
779,187,-49,biceps-curl,,,
804,170,-64,biceps-curl,,,
832,139,-54,biceps-curl,,,
846,128,-42,biceps-curl,,,
842,139,-68,biceps-curl,,,
835,155,-64,biceps-curl,,,
811,176,7,biceps-curl,,,
795,209,76,biceps-curl,,,
752,273,116,biceps-curl,,,
704,337,109,biceps-curl,,,
707,365,189,biceps-curl,,,
671,426,252,biceps-curl,,,
606,476,157,biceps-curl,,,
605,492,205,biceps-curl,,,
572,584,336,biceps-curl,,,
524,652,291,biceps-curl,,,
510,647,265,biceps-curl,,,
481,663,256,biceps-curl,,,
465,685,214,biceps-curl,,,
437,727,259,biceps-curl,,,
408,772,264,biceps-curl,,,
379,807,218,biceps-curl,,,
317,840,144,biceps-curl,,,
280,869,178,biceps-curl,,,
233,915,175,biceps-curl,,,
189,955,89,biceps-curl,,,
137,957,112,biceps-curl,,,
62,994,102,biceps-curl,,,
14,1009,67,biceps-curl,,,
-60,1037,33,biceps-curl,,,
-111,1025,-14,biceps-curl,,,
-157,1032,23,biceps-curl,,,
-237,1026,-18,biceps-curl,,,
-321,996,18,biceps-curl,,,
-389,1020,28,biceps-curl,,,
-438,983,-7,biceps-curl,,,
-502,968,-3,biceps-curl,,,
-585,966,-33,biceps-curl,,,
-602,920,91,biceps-curl,,,
-673,936,-64,biceps-curl,,,
-735,904,-32,biceps-curl,,,
-736,850,-32,biceps-curl,,,
-774,810,6,biceps-curl,,,
-813,771,15,biceps-curl,,,
-860,746,-79,biceps-curl,,,
-864,673,-38,biceps-curl,,,
-878,643,3,biceps-curl,,,
-880,626,8,biceps-curl,,,
-907,597,1,biceps-curl,,,
-951,507,-20,biceps-curl,,,
-973,488,1,biceps-curl,,,
-995,451,8,biceps-curl,,,
-1018,416,-52,biceps-curl,,,
-1018,373,-7,biceps-curl,,,
-1016,354,-30,biceps-curl,,,
-1061,302,-3,biceps-curl,,,
-1064,264,5,biceps-curl,,,
-1072,245,0,biceps-curl,,,
-1070,209,31,biceps-curl,,,
-1089,182,38,biceps-curl,,,
-1109,147,27,biceps-curl,,,
-1107,133,38,biceps-curl,,,
-1100,145,17,biceps-curl,,,
-1109,156,-17,biceps-curl,,,
-1087,168,-16,biceps-curl,,,
-1028,184,20,biceps-curl,,,
-981,184,21,biceps-curl,,,
-945,183,10,biceps-curl,,,
-921,203,25,biceps-curl,,,
-929,213,23,biceps-curl,,,
-920,182,51,biceps-curl,,,
-860,168,71,biceps-curl,,,
-849,214,73,biceps-curl,,,
-900,208,66,biceps-curl,,,
-952,150,13,biceps-curl,,,
-920,128,68,biceps-curl,,,
-900,200,94,biceps-curl,,,
-856,196,69,biceps-curl,,,
-878,172,38,biceps-curl,,,
-861,145,106,biceps-curl,,,
-824,178,92,biceps-curl,,,
-821,183,16,biceps-curl,,,
-807,171,23,biceps-curl,,,
-796,142,58,biceps-curl,,,
-772,128,77,biceps-curl,,,
-744,130,120,biceps-curl,,,
-743,145,178,biceps-curl,,,
-736,149,115,biceps-curl,,,
-735,111,43,biceps-curl,,,
-721,96,106,biceps-curl,,,
-744,112,160,biceps-curl,,,
