shoulders,lateral-raise,2653,254,-419
shoulders,lateral-raise,854,881,-772
shoulders,lateral-raise,540,979,-587
shoulders,lateral-raise,384,230,-473
shoulders,lateral-raise,244,40,-531
shoulders,lateral-raise,196,246,-485
shoulders,lateral-raise,525,895,-576
shoulders,lateral-raise,-364,843,-362
shoulders,lateral-raise,-1282,1411,-638
shoulders,lateral-raise,1179,792,-328
shoulders,lateral-raise,1914,1003,-475
shoulders,lateral-raise,1916,345,14
shoulders,lateral-raise,1667,719,-164
shoulders,lateral-raise,1568,477,-77
shoulders,lateral-raise,1306,569,-219
shoulders,lateral-raise,1039,666,-260
shoulders,lateral-raise,1012,671,-190
shoulders,lateral-raise,942,568,-202
shoulders,lateral-raise,907,476,-281
shoulders,lateral-raise,919,449,-311
shoulders,lateral-raise,920,392,-222
shoulders,lateral-raise,925,382,-158
shoulders,lateral-raise,973,368,-164
shoulders,lateral-raise,1016,360,-188
shoulders,lateral-raise,1016,300,-38
shoulders,lateral-raise,1008,227,2
shoulders,lateral-raise,1020,161,-116
shoulders,lateral-raise,1061,99,-191
shoulders,lateral-raise,1111,108,-115
shoulders,lateral-raise,1142,259,80
shoulders,lateral-raise,1209,358,55
shoulders,lateral-raise,1299,233,25
shoulders,lateral-raise,1301,125,41
shoulders,lateral-raise,1199,124,-280
shoulders,lateral-raise,1217,93,4
shoulders,lateral-raise,1418,116,124
shoulders,lateral-raise,1508,100,-20
shoulders,lateral-raise,1531,60,-121
shoulders,lateral-raise,1491,48,-57
shoulders,lateral-raise,1386,164,69
shoulders,lateral-raise,1288,304,199
shoulders,lateral-raise,1229,271,33
shoulders,lateral-raise,1197,177,42
shoulders,lateral-raise,1169,115,38
shoulders,lateral-raise,1107,82,26
shoulders,lateral-raise,1048,72,36
shoulders,lateral-raise,1013,110,18
shoulders,lateral-raise,983,92,2
shoulders,lateral-raise,957,55,38
shoulders,lateral-raise,923,77,77
shoulders,lateral-raise,888,128,152
shoulders,lateral-raise,900,111,16
shoulders,lateral-raise,853,87,-1
shoulders,lateral-raise,824,69,-91
shoulders,lateral-raise,759,136,-189
shoulders,lateral-raise,704,152,-303
shoulders,lateral-raise,688,125,-345
shoulders,lateral-raise,683,112,-308
shoulders,lateral-raise,686,125,-238
shoulders,lateral-raise,681,142,-259
shoulders,lateral-raise,680,136,-264
shoulders,lateral-raise,697,119,-295
shoulders,lateral-raise,718,117,-376
shoulders,lateral-raise,780,165,-396
shoulders,lateral-raise,927,127,-533
shoulders,lateral-raise,1054,101,-821
shoulders,lateral-raise,1110,79,-1095
shoulders,lateral-raise,1142,72,-1095
shoulders,lateral-raise,1183,53,-1062
shoulders,lateral-raise,1234,69,-980
shoulders,lateral-raise,1302,88,-952
shoulders,lateral-raise,1317,146,-945
shoulders,lateral-raise,1377,79,-942
shoulders,lateral-raise,1397,108,-915
shoulders,lateral-raise,1441,108,-939
shoulders,lateral-raise,1456,139,-899
shoulders,lateral-raise,1424,175,-903
shoulders,lateral-raise,1379,192,-848
shoulders,lateral-raise,1319,155,-861
shoulders,lateral-raise,1249,185,-768
shoulders,lateral-raise,1140,215,-660
shoulders,lateral-raise,980,162,-739
shoulders,lateral-raise,901,194,-668
shoulders,lateral-raise,781,150,-680
shoulders,lateral-raise,691,126,-627
shoulders,lateral-raise,588,132,-565
shoulders,lateral-raise,495,115,-512
shoulders,lateral-raise,404,99,-454
shoulders,lateral-raise,316,90,-470
shoulders,lateral-raise,269,47,-487
shoulders,lateral-raise,196,32,-442
shoulders,lateral-raise,104,24,-464
shoulders,lateral-raise,26,40,-410
shoulders,lateral-raise,-29,10,-393
shoulders,lateral-raise,-77,1,-385
shoulders,lateral-raise,-160,0,-450
shoulders,lateral-raise,-225,-21,-427
shoulders,lateral-raise,-267,-31,-410
shoulders,lateral-raise,-313,-32,-381
shoulders,lateral-raise,-347,-59,-429
shoulders,lateral-raise,-404,-64,-453
shoulders,lateral-raise,-429,-77,-481
shoulders,lateral-raise,-451,-92,-407
shoulders,lateral-raise,-474,-66,-396
shoulders,lateral-raise,-474,-85,-476
shoulders,lateral-raise,-461,-125,-464
shoulders,lateral-raise,-439,-97,-465
shoulders,lateral-raise,-437,-102,-532
shoulders,lateral-raise,-429,-128,-539
shoulders,lateral-raise,-424,-105,-518
shoulders,lateral-raise,-399,-93,-547
shoulders,lateral-raise,-360,-101,-573
shoulders,lateral-raise,-316,-81,-562
shoulders,lateral-raise,-265,-95,-552
shoulders,lateral-raise,-231,-146,-599
shoulders,lateral-raise,-236,-114,-644
shoulders,lateral-raise,-196,-80,-700
shoulders,lateral-raise,-140,-104,-760
shoulders,lateral-raise,-136,-94,-794
shoulders,lateral-raise,-136,-65,-838
shoulders,lateral-raise,-119,-69,-856
shoulders,lateral-raise,-93,-69,-843
shoulders,lateral-raise,-64,-49,-867
shoulders,lateral-raise,-15,-79,-956
shoulders,lateral-raise,-3,-93,-995
shoulders,lateral-raise,-8,-33,-940
shoulders,lateral-raise,4,43,-828
shoulders,lateral-raise,43,41,-892
shoulders,lateral-raise,93,64,-965
shoulders,lateral-raise,158,68,-920
shoulders,lateral-raise,199,76,-955
shoulders,lateral-raise,287,69,-1004
shoulders,lateral-raise,319,84,-1036
shoulders,lateral-raise,364,67,-981
shoulders,lateral-raise,435,84,-967
shoulders,lateral-raise,498,100,-957
shoulders,lateral-raise,520,75,-944
shoulders,lateral-raise,584,103,-1000
shoulders,lateral-raise,586,100,-918
shoulders,lateral-raise,619,159,-897
shoulders,lateral-raise,680,144,-912
shoulders,lateral-raise,680,128,-920
shoulders,lateral-raise,664,112,-968
shoulders,lateral-raise,703,143,-1100
shoulders,lateral-raise,704,144,-944
shoulders,lateral-raise,734,174,-765
shoulders,lateral-raise,743,154,-745
shoulders,lateral-raise,730,152,-823
shoulders,lateral-raise,805,138,-825
shoulders,lateral-raise,802,116,-749
shoulders,lateral-raise,793,112,-776
shoulders,lateral-raise,805,112,-673
shoulders,lateral-raise,802,118,-699
shoulders,lateral-raise,819,114,-644
shoulders,lateral-raise,824,112,-660
shoulders,lateral-raise,842,106,-643
shoulders,lateral-raise,854,98,-563
shoulders,lateral-raise,839,102,-614
shoulders,lateral-raise,843,99,-599
shoulders,lateral-raise,843,122,-592
shoulders,lateral-raise,845,116,-549
shoulders,lateral-raise,848,119,-476
shoulders,lateral-raise,867,128,-505
shoulders,lateral-raise,885,119,-544
shoulders,lateral-raise,897,108,-531
shoulders,lateral-raise,904,117,-498
shoulders,lateral-raise,912,124,-480
shoulders,lateral-raise,912,120,-484
shoulders,lateral-raise,904,108,-476
shoulders,lateral-raise,904,107,-457
shoulders,lateral-raise,911,124,-462
shoulders,lateral-raise,910,131,-453
shoulders,lateral-raise,899,133,-413
shoulders,lateral-raise,904,128,-408
shoulders,lateral-raise,901,128,-423
shoulders,lateral-raise,896,136,-445
shoulders,lateral-raise,901,142,-432
shoulders,lateral-raise,910,122,-414
shoulders,lateral-raise,909,128,-417
shoulders,lateral-raise,920,132,-448
shoulders,lateral-raise,926,144,-484
shoulders,lateral-raise,958,139,-507
shoulders,lateral-raise,1024,127,-489
shoulders,lateral-raise,1095,161,-638
shoulders,lateral-raise,1124,195,-904
shoulders,lateral-raise,1100,167,-1042
shoulders,lateral-raise,1079,163,-912
shoulders,lateral-raise,1066,176,-912
shoulders,lateral-raise,1017,118,-920
shoulders,lateral-raise,1027,182,-1012
shoulders,lateral-raise,1066,154,-1069
shoulders,lateral-raise,1106,184,-1011
shoulders,lateral-raise,1184,192,-1104
shoulders,lateral-raise,1224,240,-824
shoulders,lateral-raise,1224,240,-824
shoulders,lateral-raise,1224,178,-653
shoulders,lateral-raise,1232,237,-709
shoulders,lateral-raise,1172,233,-816
shoulders,lateral-raise,1139,166,-860
shoulders,lateral-raise,1107,131,-828
shoulders,lateral-raise,1097,100,-852
shoulders,lateral-raise,1076,103,-801
shoulders,lateral-raise,999,144,-785
shoulders,lateral-raise,925,106,-804
shoulders,lateral-raise,855,96,-770
shoulders,lateral-raise,809,65,-816
shoulders,lateral-raise,728,56,-760
shoulders,lateral-raise,651,80,-742
shoulders,lateral-raise,603,88,-733
shoulders,lateral-raise,520,71,-728
shoulders,lateral-raise,456,48,-744
shoulders,lateral-raise,387,56,-731
shoulders,lateral-raise,304,69,-730
shoulders,lateral-raise,213,62,-726
shoulders,lateral-raise,143,32,-734
shoulders,lateral-raise,92,7,-698
shoulders,lateral-raise,54,13,-610
shoulders,lateral-raise,-3,24,-611
shoulders,lateral-raise,-52,-22,-644
shoulders,lateral-raise,-76,-36,-600
shoulders,lateral-raise,-126,4,-556
shoulders,lateral-raise,-201,20,-556
shoulders,lateral-raise,-240,3,-539
shoulders,lateral-raise,-257,-34,-472
shoulders,lateral-raise,-296,-35,-448
shoulders,lateral-raise,-332,-28,-493
shoulders,lateral-raise,-355,-63,-436
shoulders,lateral-raise,-385,-69,-369
shoulders,lateral-raise,-437,-53,-421
shoulders,lateral-raise,-448,-86,-439
shoulders,lateral-raise,-446,-80,-447
shoulders,lateral-raise,-453,-122,-416
shoulders,lateral-raise,-482,-120,-429
shoulders,lateral-raise,-464,-112,-522
shoulders,lateral-raise,-464,-158,-441
shoulders,lateral-raise,-467,-116,-437
shoulders,lateral-raise,-476,-101,-523
shoulders,lateral-raise,-455,-126,-503
shoulders,lateral-raise,-445,-113,-552
shoulders,lateral-raise,-424,-122,-603
shoulders,lateral-raise,-422,-131,-561
shoulders,lateral-raise,-397,-82,-567
shoulders,lateral-raise,-352,-104,-556
shoulders,lateral-raise,-342,-96,-625
shoulders,lateral-raise,-288,-104,-672
shoulders,lateral-raise,-280,-104,-664
shoulders,lateral-raise,-218,-88,-765
shoulders,lateral-raise,-178,-88,-745
shoulders,lateral-raise,-116,-28,-796
shoulders,lateral-raise,-61,-39,-800
shoulders,lateral-raise,-42,-47,-800
shoulders,lateral-raise,37,1,-807
shoulders,lateral-raise,96,8,-828
shoulders,lateral-raise,137,8,-872
shoulders,lateral-raise,203,21,-880
shoulders,lateral-raise,235,37,-855
shoulders,lateral-raise,277,59,-935
shoulders,lateral-raise,330,76,-954
shoulders,lateral-raise,332,56,-923
shoulders,lateral-raise,402,77,-918
shoulders,lateral-raise,415,105,-892
shoulders,lateral-raise,440,144,-988
shoulders,lateral-raise,498,149,-993
shoulders,lateral-raise,520,169,-876
shoulders,lateral-raise,555,164,-873
shoulders,lateral-raise,595,128,-928
shoulders,lateral-raise,631,144,-861
shoulders,lateral-raise,666,181,-889
shoulders,lateral-raise,706,166,-999
shoulders,lateral-raise,724,156,-920
shoulders,lateral-raise,744,148,-836
shoulders,lateral-raise,780,140,-825
shoulders,lateral-raise,799,148,-833
shoulders,lateral-raise,822,137,-866
shoulders,lateral-raise,840,138,-797
shoulders,lateral-raise,853,155,-754
shoulders,lateral-raise,872,160,-752
shoulders,lateral-raise,887,151,-732
shoulders,lateral-raise,912,125,-759
shoulders,lateral-raise,904,109,-669
shoulders,lateral-raise,900,115,-678
shoulders,lateral-raise,923,118,-665
shoulders,lateral-raise,912,148,-652
shoulders,lateral-raise,908,122,-635
shoulders,lateral-raise,898,84,-546
shoulders,lateral-raise,907,108,-554
shoulders,lateral-raise,919,149,-554
shoulders,lateral-raise,912,133,-521
shoulders,lateral-raise,913,118,-489
shoulders,lateral-raise,921,106,-509
shoulders,lateral-raise,928,118,-584
shoulders,lateral-raise,929,105,-444
shoulders,lateral-raise,945,112,-406
shoulders,lateral-raise,952,112,-386
shoulders,lateral-raise,944,112,-416
shoulders,lateral-raise,952,128,-408
shoulders,lateral-raise,936,120,-392
shoulders,lateral-raise,928,151,-454
shoulders,lateral-raise,943,152,-456
shoulders,lateral-raise,944,145,-389
shoulders,lateral-raise,937,137,-369
shoulders,lateral-raise,929,136,-404
shoulders,lateral-raise,928,115,-408
shoulders,lateral-raise,908,119,-347
shoulders,lateral-raise,917,113,-303
shoulders,lateral-raise,927,138,-322
shoulders,lateral-raise,941,131,-328
shoulders,lateral-raise,956,128,-371
shoulders,lateral-raise,966,122,-360
shoulders,lateral-raise,974,96,-405
shoulders,lateral-raise,976,94,-407
shoulders,lateral-raise,993,85,-461
shoulders,lateral-raise,1043,58,-564
shoulders,lateral-raise,1117,90,-632
shoulders,lateral-raise,1134,127,-801
shoulders,lateral-raise,1153,121,-878
shoulders,lateral-raise,1187,93,-877
shoulders,lateral-raise,1200,80,-866
shoulders,lateral-raise,1173,80,-838
shoulders,lateral-raise,1148,89,-880
shoulders,lateral-raise,1127,100,-870
shoulders,lateral-raise,1132,108,-836
shoulders,lateral-raise,1148,100,-868
shoulders,lateral-raise,1166,99,-898
shoulders,lateral-raise,1192,126,-931
shoulders,lateral-raise,1202,127,-900
shoulders,lateral-raise,1206,117,-846
shoulders,lateral-raise,1180,130,-859
shoulders,lateral-raise,1148,123,-829
shoulders,lateral-raise,1092,142,-763
shoulders,lateral-raise,1016,160,-757
shoulders,lateral-raise,983,142,-778
shoulders,lateral-raise,924,136,-811
shoulders,lateral-raise,853,134,-838
shoulders,lateral-raise,778,130,-814
shoulders,lateral-raise,692,136,-767
shoulders,lateral-raise,614,134,-790
shoulders,lateral-raise,566,128,-796
shoulders,lateral-raise,508,121,-829
shoulders,lateral-raise,437,93,-727
shoulders,lateral-raise,366,116,-675
shoulders,lateral-raise,290,84,-701
shoulders,lateral-raise,235,48,-738
shoulders,lateral-raise,179,47,-667
shoulders,lateral-raise,109,34,-597
shoulders,lateral-raise,46,65,-544
shoulders,lateral-raise,-24,95,-544
shoulders,lateral-raise,-56,41,-576
shoulders,lateral-raise,-72,24,-491
shoulders,lateral-raise,-148,9,-450
shoulders,lateral-raise,-204,8,-508
shoulders,lateral-raise,-223,8,-454
shoulders,lateral-raise,-303,15,-362
shoulders,lateral-raise,-333,-82,-471
shoulders,lateral-raise,-350,-62,-461
shoulders,lateral-raise,-432,-43,-336
shoulders,lateral-raise,-494,-27,-332
shoulders,lateral-raise,-472,-75,-387
shoulders,lateral-raise,-445,-76,-468
shoulders,lateral-raise,-470,-90,-446
shoulders,lateral-raise,-462,-137,-508
shoulders,lateral-raise,-485,-106,-479
shoulders,lateral-raise,-485,-110,-473
shoulders,lateral-raise,-469,-125,-469
shoulders,lateral-raise,-469,-128,-496
shoulders,lateral-raise,-447,-128,-532
shoulders,lateral-raise,-422,-123,-544
shoulders,lateral-raise,-406,-106,-482
shoulders,lateral-raise,-386,-110,-542
shoulders,lateral-raise,-372,-102,-576
shoulders,lateral-raise,-364,-75,-535
shoulders,lateral-raise,-335,-85,-603
shoulders,lateral-raise,-308,-88,-628
shoulders,lateral-raise,-273,-34,-607
shoulders,lateral-raise,-211,-21,-673
shoulders,lateral-raise,-162,-45,-769
shoulders,lateral-raise,-124,-52,-862
shoulders,lateral-raise,-90,-67,-888
shoulders,lateral-raise,-77,-39,-864
shoulders,lateral-raise,-40,-21,-849
shoulders,lateral-raise,27,-11,-824
shoulders,lateral-raise,76,-3,-858
shoulders,lateral-raise,146,-1,-928
shoulders,lateral-raise,188,18,-964
shoulders,lateral-raise,251,32,-1026
shoulders,lateral-raise,286,70,-924
shoulders,lateral-raise,324,103,-880
shoulders,lateral-raise,397,79,-936
shoulders,lateral-raise,423,103,-955
shoulders,lateral-raise,464,92,-1031
shoulders,lateral-raise,499,74,-970
shoulders,lateral-raise,481,92,-893
shoulders,lateral-raise,548,119,-930
shoulders,lateral-raise,588,111,-943
shoulders,lateral-raise,634,106,-931
shoulders,lateral-raise,657,136,-860
shoulders,lateral-raise,674,129,-936
shoulders,lateral-raise,728,168,-936
shoulders,lateral-raise,752,168,-856
shoulders,lateral-raise,752,168,-856
shoulders,lateral-raise,806,160,-771
shoulders,lateral-raise,800,190,-791
shoulders,lateral-raise,807,199,-919
shoulders,lateral-raise,852,164,-789
shoulders,lateral-raise,820,146,-648
shoulders,lateral-raise,858,179,-653
shoulders,lateral-raise,878,170,-813
shoulders,lateral-raise,887,155,-760
shoulders,lateral-raise,881,165,-672
shoulders,lateral-raise,886,168,-605
shoulders,lateral-raise,894,193,-716
shoulders,lateral-raise,902,164,-680
shoulders,lateral-raise,916,158,-544
shoulders,lateral-raise,931,131,-515
shoulders,lateral-raise,930,137,-553
shoulders,lateral-raise,923,144,-568
shoulders,lateral-raise,920,133,-536
shoulders,lateral-raise,915,138,-474
shoulders,lateral-raise,917,154,-458
shoulders,lateral-raise,915,146,-474
shoulders,lateral-raise,912,122,-457
shoulders,lateral-raise,930,130,-422
shoulders,lateral-raise,948,144,-399
shoulders,lateral-raise,948,152,-404
shoulders,lateral-raise,948,160,-436
shoulders,lateral-raise,952,156,-421
shoulders,lateral-raise,956,145,-358
shoulders,lateral-raise,960,150,-310
shoulders,lateral-raise,960,165,-315
shoulders,lateral-raise,960,160,-358
shoulders,lateral-raise,957,151,-347
shoulders,lateral-raise,946,142,-289
shoulders,lateral-raise,939,147,-240
shoulders,lateral-raise,936,146,-232
shoulders,lateral-raise,927,163,-253
shoulders,lateral-raise,953,141,-291
shoulders,lateral-raise,974,106,-381
shoulders,lateral-raise,970,92,-454
shoulders,lateral-raise,987,102,-505
shoulders,lateral-raise,1031,108,-539
shoulders,lateral-raise,1060,168,-591
shoulders,lateral-raise,1084,232,-777
shoulders,lateral-raise,1103,183,-852
shoulders,lateral-raise,1095,133,-792
shoulders,lateral-raise,1091,168,-863
shoulders,lateral-raise,1116,172,-975
shoulders,lateral-raise,1157,210,-881
shoulders,lateral-raise,1232,238,-894
shoulders,lateral-raise,1233,198,-847
shoulders,lateral-raise,1256,136,-800
shoulders,lateral-raise,1296,152,-776
shoulders,lateral-raise,1304,175,-900
shoulders,lateral-raise,1327,153,-813
shoulders,lateral-raise,1321,189,-786
shoulders,lateral-raise,1313,185,-777
shoulders,lateral-raise,1269,155,-769
shoulders,lateral-raise,1243,166,-733
shoulders,lateral-raise,1206,175,-803
shoulders,lateral-raise,1140,176,-776
shoulders,lateral-raise,1063,176,-775
shoulders,lateral-raise,984,151,-763
shoulders,lateral-raise,887,125,-797
shoulders,lateral-raise,785,132,-856
shoulders,lateral-raise,672,142,-748
shoulders,lateral-raise,600,138,-721
shoulders,lateral-raise,495,164,-683
shoulders,lateral-raise,413,171,-734
shoulders,lateral-raise,366,136,-721
shoulders,lateral-raise,301,95,-727
shoulders,lateral-raise,223,105,-695
shoulders,lateral-raise,173,101,-645
shoulders,lateral-raise,95,74,-558
shoulders,lateral-raise,44,68,-549
shoulders,lateral-raise,23,76,-519
shoulders,lateral-raise,-21,55,-476
shoulders,lateral-raise,-72,-8,-464
shoulders,lateral-raise,-150,-2,-436
shoulders,lateral-raise,-208,15,-406
shoulders,lateral-raise,-243,-28,-358
shoulders,lateral-raise,-298,-35,-370
shoulders,lateral-raise,-331,-50,-426
shoulders,lateral-raise,-363,-73,-434
shoulders,lateral-raise,-397,-85,-404
shoulders,lateral-raise,-451,-72,-365
shoulders,lateral-raise,-451,-61,-373
shoulders,lateral-raise,-467,-77,-400
shoulders,lateral-raise,-505,-95,-459
shoulders,lateral-raise,-476,-118,-553
shoulders,lateral-raise,-550,-126,-404
shoulders,lateral-raise,-542,-96,-421
shoulders,lateral-raise,-531,-98,-432
shoulders,lateral-raise,-506,-104,-418
shoulders,lateral-raise,-479,-108,-504
shoulders,lateral-raise,-467,-132,-543
shoulders,lateral-raise,-439,-146,-535
shoulders,lateral-raise,-432,-107,-534
shoulders,lateral-raise,-429,-125,-582
shoulders,lateral-raise,-399,-97,-564
shoulders,lateral-raise,-382,-104,-618
shoulders,lateral-raise,-335,-104,-657
shoulders,lateral-raise,-304,-104,-704
shoulders,lateral-raise,-256,-80,-680
shoulders,lateral-raise,-209,-72,-688
shoulders,lateral-raise,-200,-72,-734
shoulders,lateral-raise,-163,-79,-803
shoulders,lateral-raise,-138,-36,-844
shoulders,lateral-raise,-86,-46,-812
shoulders,lateral-raise,-94,-34,-766
shoulders,lateral-raise,0,-39,-883
shoulders,lateral-raise,43,-27,-897
shoulders,lateral-raise,100,2,-844
shoulders,lateral-raise,163,-5,-851
shoulders,lateral-raise,201,17,-887
shoulders,lateral-raise,268,0,-968
shoulders,lateral-raise,341,-8,-904
shoulders,lateral-raise,349,49,-861
shoulders,lateral-raise,400,61,-912
shoulders,lateral-raise,462,67,-947
shoulders,lateral-raise,517,67,-926
shoulders,lateral-raise,531,84,-902
shoulders,lateral-raise,582,106,-931
shoulders,lateral-raise,645,117,-976
shoulders,lateral-raise,618,139,-895
shoulders,lateral-raise,669,130,-864
shoulders,lateral-raise,723,129,-840
shoulders,lateral-raise,737,140,-825
shoulders,lateral-raise,792,120,-896
shoulders,lateral-raise,824,123,-878
shoulders,lateral-raise,828,133,-831
shoulders,lateral-raise,853,109,-799
shoulders,lateral-raise,880,96,-733
shoulders,lateral-raise,886,102,-776
shoulders,lateral-raise,920,118,-817
shoulders,lateral-raise,940,125,-753
shoulders,lateral-raise,909,120,-662
shoulders,lateral-raise,936,112,-564
shoulders,lateral-raise,956,96,-675
shoulders,lateral-raise,926,101,-735
shoulders,lateral-raise,928,114,-590
shoulders,lateral-raise,946,110,-557
shoulders,lateral-raise,932,89,-486
shoulders,lateral-raise,937,118,-548
shoulders,lateral-raise,918,111,-574
shoulders,lateral-raise,940,104,-495
shoulders,lateral-raise,918,103,-482
shoulders,lateral-raise,907,101,-457
shoulders,lateral-raise,931,133,-515
shoulders,lateral-raise,953,113,-466
shoulders,lateral-raise,969,121,-404
shoulders,lateral-raise,976,128,-357
shoulders,lateral-raise,976,136,-454
shoulders,lateral-raise,992,120,-383
shoulders,lateral-raise,984,120,-321
shoulders,lateral-raise,976,112,-273
shoulders,lateral-raise,961,112,-333
shoulders,lateral-raise,982,127,-366
shoulders,lateral-raise,991,128,-332
shoulders,lateral-raise,992,135,-264
shoulders,lateral-raise,985,115,-305
shoulders,lateral-raise,977,119,-292
shoulders,lateral-raise,983,140,-281
shoulders,lateral-raise,971,118,-221
shoulders,lateral-raise,955,112,-240
shoulders,lateral-raise,958,118,-211
shoulders,lateral-raise,954,114,-254
shoulders,lateral-raise,940,112,-213
shoulders,lateral-raise,936,118,-238
shoulders,lateral-raise,953,120,-312
shoulders,lateral-raise,965,120,-412
shoulders,lateral-raise,1005,162,-448
shoulders,lateral-raise,1060,194,-535
shoulders,lateral-raise,1110,180,-628
shoulders,lateral-raise,1152,154,-728
shoulders,lateral-raise,1173,139,-832
shoulders,lateral-raise,1207,114,-868
shoulders,lateral-raise,1228,96,-812
shoulders,lateral-raise,1224,113,-847
shoulders,lateral-raise,1236,132,-944
shoulders,lateral-raise,1267,155,-933
shoulders,lateral-raise,1325,150,-859
shoulders,lateral-raise,1386,120,-784
shoulders,lateral-raise,1428,150,-693
shoulders,lateral-raise,1453,182,-647
shoulders,lateral-raise,1420,150,-704
shoulders,lateral-raise,1350,120,-773
shoulders,lateral-raise,1290,120,-794
shoulders,lateral-raise,1254,128,-726
shoulders,lateral-raise,1208,146,-689
shoulders,lateral-raise,1132,152,-651
shoulders,lateral-raise,1061,152,-655
shoulders,lateral-raise,986,142,-729
shoulders,lateral-raise,897,116,-812
shoulders,lateral-raise,795,135,-721
shoulders,lateral-raise,693,161,-633
shoulders,lateral-raise,604,164,-636
shoulders,lateral-raise,566,143,-615
shoulders,lateral-raise,458,131,-602
shoulders,lateral-raise,408,103,-564
shoulders,lateral-raise,340,153,-600
shoulders,lateral-raise,291,79,-592
shoulders,lateral-raise,220,63,-487
shoulders,lateral-raise,135,39,-632
shoulders,lateral-raise,88,8,-640
shoulders,lateral-raise,8,32,-512
shoulders,lateral-raise,0,94,-458
shoulders,lateral-raise,-68,5,-502
shoulders,lateral-raise,-117,22,-526
shoulders,lateral-raise,-156,-20,-630
shoulders,lateral-raise,-210,-53,-540
shoulders,lateral-raise,-321,14,-423
shoulders,lateral-raise,-329,-44,-497
shoulders,lateral-raise,-335,-83,-479
shoulders,lateral-raise,-388,-16,-472
shoulders,lateral-raise,-413,-89,-555
shoulders,lateral-raise,-410,-112,-607
shoulders,lateral-raise,-420,-112,-459
shoulders,lateral-raise,-430,-112,-437
shoulders,lateral-raise,-438,-152,-494
shoulders,lateral-raise,-429,-129,-467
shoulders,lateral-raise,-408,-134,-470
shoulders,lateral-raise,-405,-144,-543
shoulders,lateral-raise,-413,-129,-586
shoulders,lateral-raise,-421,-135,-602
shoulders,lateral-raise,-410,-144,-555
shoulders,lateral-raise,-405,-116,-534
shoulders,lateral-raise,-386,-109,-584
shoulders,lateral-raise,-364,-120,-577
shoulders,lateral-raise,-339,-116,-586
shoulders,lateral-raise,-308,-96,-644
shoulders,lateral-raise,-284,-84,-679
shoulders,lateral-raise,-257,-70,-674
shoulders,lateral-raise,-226,-48,-641
shoulders,lateral-raise,-195,-35,-679
shoulders,lateral-raise,-150,-22,-763
shoulders,lateral-raise,-103,-8,-835
shoulders,lateral-raise,-76,26,-884
shoulders,lateral-raise,-42,-6,-832
shoulders,lateral-raise,-3,-27,-803
shoulders,lateral-raise,34,21,-861
shoulders,lateral-raise,65,25,-973
shoulders,lateral-raise,92,25,-952
shoulders,lateral-raise,122,82,-1009
shoulders,lateral-raise,192,96,-1071
shoulders,lateral-raise,258,50,-913
shoulders,lateral-raise,314,100,-868
shoulders,lateral-raise,399,152,-931
shoulders,lateral-raise,439,148,-977
shoulders,lateral-raise,486,133,-935
shoulders,lateral-raise,531,168,-921
shoulders,lateral-raise,555,165,-865
shoulders,lateral-raise,586,141,-875
shoulders,lateral-raise,616,208,-802
shoulders,lateral-raise,626,215,-841
shoulders,lateral-raise,680,192,-880
shoulders,lateral-raise,656,200,-864
shoulders,lateral-raise,710,223,-771
shoulders,lateral-raise,727,201,-745
shoulders,lateral-raise,788,237,-819
shoulders,lateral-raise,799,182,-839
shoulders,lateral-raise,814,183,-754
shoulders,lateral-raise,823,212,-667
shoulders,lateral-raise,872,250,-786
shoulders,lateral-raise,900,216,-741
shoulders,lateral-raise,911,175,-682
shoulders,lateral-raise,931,168,-589
shoulders,lateral-raise,930,180,-574
shoulders,lateral-raise,928,184,-636
shoulders,lateral-raise,946,172,-685
shoulders,lateral-raise,952,157,-570
shoulders,lateral-raise,946,163,-509
shoulders,lateral-raise,933,200,-553
shoulders,lateral-raise,949,195,-571
shoulders,lateral-raise,950,148,-517
shoulders,lateral-raise,929,148,-468
shoulders,lateral-raise,925,155,-494
shoulders,lateral-raise,933,152,-529
shoulders,lateral-raise,932,165,-545
shoulders,lateral-raise,928,180,-530
shoulders,lateral-raise,940,188,-487
shoulders,lateral-raise,956,188,-404
shoulders,lateral-raise,968,172,-348
shoulders,lateral-raise,987,145,-367
shoulders,lateral-raise,1004,142,-370
shoulders,lateral-raise,1001,170,-382
shoulders,lateral-raise,989,181,-395
shoulders,lateral-raise,978,170,-324
shoulders,lateral-raise,962,163,-257
shoulders,lateral-raise,949,160,-216
shoulders,lateral-raise,941,149,-237
shoulders,lateral-raise,938,162,-280
shoulders,lateral-raise,946,168,-262
shoulders,lateral-raise,950,166,-222
shoulders,lateral-raise,940,148,-265
shoulders,lateral-raise,932,110,-371
shoulders,lateral-raise,947,97,-461
shoulders,lateral-raise,957,76,-418
shoulders,lateral-raise,956,117,-309
shoulders,lateral-raise,1021,230,-444
shoulders,lateral-raise,1056,258,-633
shoulders,lateral-raise,1115,215,-802
shoulders,lateral-raise,1138,205,-752
shoulders,lateral-raise,1161,177,-756
shoulders,lateral-raise,1170,192,-815
shoulders,lateral-raise,1209,200,-952
shoulders,lateral-raise,1248,208,-936
shoulders,lateral-raise,1240,240,-960
shoulders,lateral-raise,1240,240,-960
shoulders,lateral-raise,1271,193,-952
shoulders,lateral-raise,1371,131,-686
shoulders,lateral-raise,1436,210,-560
shoulders,lateral-raise,1455,245,-654
shoulders,lateral-raise,1442,234,-714
shoulders,lateral-raise,1384,204,-769
shoulders,lateral-raise,1308,186,-680
shoulders,lateral-raise,1236,184,-744
shoulders,lateral-raise,1185,197,-786
shoulders,lateral-raise,1119,232,-646
shoulders,lateral-raise,1073,234,-695
shoulders,lateral-raise,1010,214,-774
shoulders,lateral-raise,939,190,-757
shoulders,lateral-raise,851,161,-687
shoulders,lateral-raise,746,174,-647
shoulders,lateral-raise,685,141,-689
shoulders,lateral-raise,614,115,-665
shoulders,lateral-raise,533,117,-655
shoulders,lateral-raise,445,105,-733
shoulders,lateral-raise,375,82,-714
shoulders,lateral-raise,296,58,-612
shoulders,lateral-raise,238,61,-595
shoulders,lateral-raise,164,46,-560
shoulders,lateral-raise,87,49,-549
shoulders,lateral-raise,20,44,-588
shoulders,lateral-raise,-32,12,-557
shoulders,lateral-raise,-77,8,-502
shoulders,lateral-raise,-138,4,-491
shoulders,lateral-raise,-167,-34,-474
shoulders,lateral-raise,-208,-61,-416
shoulders,lateral-raise,-259,-53,-420
shoulders,lateral-raise,-281,-76,-452
shoulders,lateral-raise,-331,-51,-448
shoulders,lateral-raise,-376,-43,-467
shoulders,lateral-raise,-399,-60,-435
shoulders,lateral-raise,-411,-93,-424
shoulders,lateral-raise,-413,-96,-422
shoulders,lateral-raise,-452,-80,-418
shoulders,lateral-raise,-460,-109,-437
shoulders,lateral-raise,-453,-125,-472
shoulders,lateral-raise,-469,-111,-453
shoulders,lateral-raise,-460,-107,-507
shoulders,lateral-raise,-476,-120,-486
shoulders,lateral-raise,-452,-121,-518
shoulders,lateral-raise,-424,-126,-507
shoulders,lateral-raise,-425,-111,-535
shoulders,lateral-raise,-429,-106,-610
shoulders,lateral-raise,-391,-126,-627
shoulders,lateral-raise,-368,-96,-531
shoulders,lateral-raise,-359,-88,-616
shoulders,lateral-raise,-297,-120,-632
shoulders,lateral-raise,-280,-81,-679
shoulders,lateral-raise,-227,-95,-733
shoulders,lateral-raise,-224,-111,-706
shoulders,lateral-raise,-173,-61,-711
shoulders,lateral-raise,-82,-42,-698
shoulders,lateral-raise,-23,-54,-780
shoulders,lateral-raise,32,-63,-833
shoulders,lateral-raise,73,-24,-907
shoulders,lateral-raise,139,-16,-946
shoulders,lateral-raise,152,-16,-755
shoulders,lateral-raise,208,15,-853
shoulders,lateral-raise,236,-18,-866
shoulders,lateral-raise,264,-38,-927
shoulders,lateral-raise,306,-34,-889
shoulders,lateral-raise,331,29,-836
shoulders,lateral-raise,374,67,-965
shoulders,lateral-raise,445,46,-1011
shoulders,lateral-raise,518,73,-908
shoulders,lateral-raise,554,66,-856
shoulders,lateral-raise,603,81,-928
shoulders,lateral-raise,655,72,-920
shoulders,lateral-raise,676,97,-925
shoulders,lateral-raise,732,119,-869
shoulders,lateral-raise,788,121,-796
shoulders,lateral-raise,820,124,-860
shoulders,lateral-raise,855,77,-851
shoulders,lateral-raise,868,66,-783
shoulders,lateral-raise,864,110,-845
shoulders,lateral-raise,881,121,-878
shoulders,lateral-raise,898,138,-774
shoulders,lateral-raise,894,170,-722
shoulders,lateral-raise,919,134,-744
shoulders,lateral-raise,947,93,-652
shoulders,lateral-raise,957,117,-620
shoulders,lateral-raise,966,132,-691
shoulders,lateral-raise,955,113,-673
shoulders,lateral-raise,946,136,-607
shoulders,lateral-raise,956,136,-478
shoulders,lateral-raise,959,132,-514
shoulders,lateral-raise,928,120,-579
shoulders,lateral-raise,929,120,-568
shoulders,lateral-raise,937,124,-441
shoulders,lateral-raise,949,145,-348
shoulders,lateral-raise,977,145,-462
shoulders,lateral-raise,987,93,-445
shoulders,lateral-raise,1008,63,-410
shoulders,lateral-raise,1006,51,-348
shoulders,lateral-raise,984,89,-410
shoulders,lateral-raise,976,113,-454
shoulders,lateral-raise,968,136,-384
shoulders,lateral-raise,968,160,-312
shoulders,lateral-raise,952,168,-328
shoulders,lateral-raise,967,160,-320
shoulders,lateral-raise,968,115,-313
shoulders,lateral-raise,983,119,-305
shoulders,lateral-raise,991,141,-268
shoulders,lateral-raise,985,137,-271
shoulders,lateral-raise,991,143,-272
shoulders,lateral-raise,979,131,-272
shoulders,lateral-raise,963,135,-207
shoulders,lateral-raise,947,136,-275
shoulders,lateral-raise,950,111,-284
shoulders,lateral-raise,952,98,-232
shoulders,lateral-raise,946,96,-210
shoulders,lateral-raise,973,85,-311
shoulders,lateral-raise,995,125,-358
shoulders,lateral-raise,1016,155,-420
shoulders,lateral-raise,1040,123,-490
shoulders,lateral-raise,1089,160,-548
shoulders,lateral-raise,1137,172,-687
shoulders,lateral-raise,1176,150,-755
shoulders,lateral-raise,1211,144,-757
shoulders,lateral-raise,1233,153,-787
shoulders,lateral-raise,1244,143,-808
shoulders,lateral-raise,1269,145,-800
shoulders,lateral-raise,1312,152,-852
shoulders,lateral-raise,1371,129,-831
shoulders,lateral-raise,1412,138,-711
shoulders,lateral-raise,1434,154,-728
shoulders,lateral-raise,1436,126,-743
shoulders,lateral-raise,1392,118,-687
shoulders,lateral-raise,1362,149,-751
shoulders,lateral-raise,1332,175,-780
shoulders,lateral-raise,1282,155,-736
shoulders,lateral-raise,1228,157,-715
shoulders,lateral-raise,1156,184,-711
shoulders,lateral-raise,1112,179,-692
shoulders,lateral-raise,1040,179,-640
shoulders,lateral-raise,936,188,-772
shoulders,lateral-raise,875,121,-836
shoulders,lateral-raise,801,103,-807
shoulders,lateral-raise,661,141,-641
shoulders,lateral-raise,564,191,-608
shoulders,lateral-raise,490,145,-613
shoulders,lateral-raise,399,149,-641
shoulders,lateral-raise,331,125,-642
shoulders,lateral-raise,280,100,-602
shoulders,lateral-raise,190,130,-703
shoulders,lateral-raise,156,50,-687
shoulders,lateral-raise,77,88,-521
shoulders,lateral-raise,-32,87,-568
shoulders,lateral-raise,-72,25,-616
shoulders,lateral-raise,-119,16,-500
shoulders,lateral-raise,-211,31,-511
shoulders,lateral-raise,-223,-5,-616
shoulders,lateral-raise,-253,-52,-500
shoulders,lateral-raise,-342,1,-395
shoulders,lateral-raise,-310,-20,-482
shoulders,lateral-raise,-318,-58,-421
shoulders,lateral-raise,-387,-44,-428
shoulders,lateral-raise,-387,-86,-478
shoulders,lateral-raise,-397,-83,-386
shoulders,lateral-raise,-431,-37,-478
shoulders,lateral-raise,-446,-78,-500
shoulders,lateral-raise,-472,-72,-449
shoulders,lateral-raise,-480,-47,-466
shoulders,lateral-raise,-480,-68,-502
shoulders,lateral-raise,-491,-69,-442
shoulders,lateral-raise,-491,-48,-471
shoulders,lateral-raise,-488,-71,-494
shoulders,lateral-raise,-493,-78,-518
shoulders,lateral-raise,-467,-62,-584
shoulders,lateral-raise,-448,-84,-635
shoulders,lateral-raise,-435,-86,-603
shoulders,lateral-raise,-411,-72,-594
shoulders,lateral-raise,-388,-64,-641
shoulders,lateral-raise,-368,-60,-664
shoulders,lateral-raise,-322,-56,-695
shoulders,lateral-raise,-280,-30,-750
shoulders,lateral-raise,-248,-19,-751
shoulders,lateral-raise,-198,-32,-717
shoulders,lateral-raise,-178,-29,-754
shoulders,lateral-raise,-140,-30,-822
shoulders,lateral-raise,-84,-37,-803
shoulders,lateral-raise,-56,-21,-755
shoulders,lateral-raise,-22,-10,-786
shoulders,lateral-raise,23,-25,-806
shoulders,lateral-raise,60,6,-776
shoulders,lateral-raise,129,23,-902
shoulders,lateral-raise,180,-12,-895
shoulders,lateral-raise,212,13,-812
shoulders,lateral-raise,292,-19,-797
shoulders,lateral-raise,340,10,-818
shoulders,lateral-raise,369,44,-956
shoulders,lateral-raise,420,0,-870
shoulders,lateral-raise,450,94,-728
shoulders,lateral-raise,523,77,-795
shoulders,lateral-raise,556,55,-891
shoulders,lateral-raise,594,40,-916
shoulders,lateral-raise,624,42,-851
shoulders,lateral-raise,627,72,-756
shoulders,lateral-raise,712,56,-888
shoulders,lateral-raise,720,120,-920
shoulders,lateral-raise,720,120,-920
shoulders,lateral-raise,805,66,-804
shoulders,lateral-raise,869,11,-739
shoulders,lateral-raise,909,15,-706
shoulders,lateral-raise,956,38,-784
shoulders,lateral-raise,981,-10,-813
shoulders,lateral-raise,1005,-30,-732
shoulders,lateral-raise,1008,64,-631
shoulders,lateral-raise,975,60,-683
shoulders,lateral-raise,1014,36,-722
shoulders,lateral-raise,999,32,-639
shoulders,lateral-raise,998,51,-511
shoulders,lateral-raise,1036,56,-534
shoulders,lateral-raise,1030,50,-534
shoulders,lateral-raise,1018,71,-517
shoulders,lateral-raise,1049,69,-501
shoulders,lateral-raise,1059,64,-491
shoulders,lateral-raise,1035,75,-456
shoulders,lateral-raise,1014,70,-430
shoulders,lateral-raise,1033,64,-409
shoulders,lateral-raise,1038,64,-362
shoulders,lateral-raise,1023,73,-345
shoulders,lateral-raise,1020,76,-379
shoulders,lateral-raise,1020,81,-383
shoulders,lateral-raise,1024,84,-351
shoulders,lateral-raise,1024,68,-300
shoulders,lateral-raise,1008,64,-245
shoulders,lateral-raise,993,72,-239
shoulders,lateral-raise,991,76,-274
shoulders,lateral-raise,997,87,-266
shoulders,lateral-raise,989,96,-224
shoulders,lateral-raise,987,93,-236
shoulders,lateral-raise,992,97,-241
shoulders,lateral-raise,992,112,-213
shoulders,lateral-raise,989,115,-192
shoulders,lateral-raise,979,115,-160
shoulders,lateral-raise,968,104,-149
shoulders,lateral-raise,972,106,-135
shoulders,lateral-raise,988,116,-172
shoulders,lateral-raise,1000,124,-158
shoulders,lateral-raise,1000,107,-154
shoulders,lateral-raise,1007,89,-170
shoulders,lateral-raise,1037,89,-213
shoulders,lateral-raise,1030,50,-236
shoulders,lateral-raise,1070,26,-442
shoulders,lateral-raise,1117,98,-408
shoulders,lateral-raise,1161,111,-496
shoulders,lateral-raise,1174,97,-751
shoulders,lateral-raise,1144,102,-830
shoulders,lateral-raise,1153,71,-641
shoulders,lateral-raise,1185,48,-673
shoulders,lateral-raise,1255,24,-751
shoulders,lateral-raise,1318,24,-698
shoulders,lateral-raise,1381,24,-726
shoulders,lateral-raise,1429,39,-683
shoulders,lateral-raise,1476,33,-651
shoulders,lateral-raise,1516,68,-748
shoulders,lateral-raise,1450,58,-655
shoulders,lateral-raise,1467,56,-742
shoulders,lateral-raise,1459,63,-727
shoulders,lateral-raise,1430,103,-700
shoulders,lateral-raise,1386,112,-740
shoulders,lateral-raise,1339,93,-690
shoulders,lateral-raise,1237,88,-732
shoulders,lateral-raise,1143,100,-699
shoulders,lateral-raise,1086,75,-634
shoulders,lateral-raise,988,81,-666
shoulders,lateral-raise,909,61,-742
shoulders,lateral-raise,809,69,-595
shoulders,lateral-raise,702,55,-550
shoulders,lateral-raise,600,50,-586
shoulders,lateral-raise,488,70,-587
shoulders,lateral-raise,421,43,-630
shoulders,lateral-raise,363,20,-637
shoulders,lateral-raise,276,-6,-612
shoulders,lateral-raise,199,-20,-629
shoulders,lateral-raise,160,-8,-608
shoulders,lateral-raise,98,-4,-526
shoulders,lateral-raise,29,-15,-498
shoulders,lateral-raise,2,-36,-538
shoulders,lateral-raise,-46,-50,-533
shoulders,lateral-raise,-101,-64,-509
shoulders,lateral-raise,-144,-73,-528
shoulders,lateral-raise,-199,-100,-513
shoulders,lateral-raise,-238,-112,-477
shoulders,lateral-raise,-285,-96,-492
shoulders,lateral-raise,-338,-106,-551
shoulders,lateral-raise,-369,-119,-503
shoulders,lateral-raise,-405,-88,-508
shoulders,lateral-raise,-446,-72,-570
shoulders,lateral-raise,-460,-96,-524
shoulders,lateral-raise,-446,-104,-512
shoulders,lateral-raise,-440,-126,-522
shoulders,lateral-raise,-439,-80,-559
shoulders,lateral-raise,-432,-85,-510
shoulders,lateral-raise,-434,-111,-486
shoulders,lateral-raise,-445,-103,-428
shoulders,lateral-raise,-415,-97,-532
shoulders,lateral-raise,-410,-103,-574
shoulders,lateral-raise,-438,-88,-553
shoulders,lateral-raise,-391,-88,-575
shoulders,lateral-raise,-360,-104,-552
shoulders,lateral-raise,-368,-112,-568
shoulders,lateral-raise,-337,-128,-615
shoulders,lateral-raise,-298,-113,-570
shoulders,lateral-raise,-274,-97,-732
shoulders,lateral-raise,-236,-45,-737
shoulders,lateral-raise,-175,-33,-643
shoulders,lateral-raise,-168,-11,-639
shoulders,lateral-raise,-120,12,-763
shoulders,lateral-raise,-79,-11,-677
shoulders,lateral-raise,-79,-3,-676
shoulders,lateral-raise,-48,-6,-731
shoulders,lateral-raise,34,-14,-831
shoulders,lateral-raise,50,-58,-880
shoulders,lateral-raise,83,-78,-906
shoulders,lateral-raise,165,-40,-878
shoulders,lateral-raise,198,-41,-814
shoulders,lateral-raise,270,-32,-797
shoulders,lateral-raise,341,-19,-800
shoulders,lateral-raise,401,-21,-882
shoulders,lateral-raise,454,-29,-888
shoulders,lateral-raise,496,16,-835
shoulders,lateral-raise,540,57,-867
shoulders,lateral-raise,573,91,-913
shoulders,lateral-raise,610,129,-963
shoulders,lateral-raise,674,119,-988
shoulders,lateral-raise,704,96,-904
shoulders,lateral-raise,738,96,-863
shoulders,lateral-raise,813,107,-911
shoulders,lateral-raise,866,120,-886
shoulders,lateral-raise,881,113,-832
shoulders,lateral-raise,885,98,-787
shoulders,lateral-raise,913,94,-699
shoulders,lateral-raise,943,113,-693
shoulders,lateral-raise,976,117,-769
shoulders,lateral-raise,995,101,-775
shoulders,lateral-raise,1010,112,-664
shoulders,lateral-raise,1034,123,-597
shoulders,lateral-raise,1042,139,-585
shoulders,lateral-raise,1052,106,-614
shoulders,lateral-raise,1060,123,-558
shoulders,lateral-raise,1048,157,-555
shoulders,lateral-raise,1047,144,-550
shoulders,lateral-raise,1039,141,-473
shoulders,lateral-raise,1033,128,-479
shoulders,lateral-raise,1037,130,-466
shoulders,lateral-raise,1014,144,-423
shoulders,lateral-raise,999,145,-413
shoulders,lateral-raise,991,151,-385
shoulders,lateral-raise,976,144,-391
shoulders,lateral-raise,984,152,-368
shoulders,lateral-raise,984,152,-367
shoulders,lateral-raise,968,160,-305
shoulders,lateral-raise,968,152,-273
shoulders,lateral-raise,953,167,-272
shoulders,lateral-raise,967,161,-265
shoulders,lateral-raise,968,167,-249
shoulders,lateral-raise,975,168,-262
shoulders,lateral-raise,983,175,-250
shoulders,lateral-raise,984,169,-221
shoulders,lateral-raise,971,161,-203
shoulders,lateral-raise,975,153,-200
shoulders,lateral-raise,976,139,-187
shoulders,lateral-raise,982,136,-141
shoulders,lateral-raise,966,154,-110
shoulders,lateral-raise,954,160,-92
shoulders,lateral-raise,963,154,-99
shoulders,lateral-raise,979,146,-149
shoulders,lateral-raise,995,166,-195
shoulders,lateral-raise,1005,155,-219
shoulders,lateral-raise,1008,129,-199
shoulders,lateral-raise,1013,130,-179
shoulders,lateral-raise,1040,131,-238
shoulders,lateral-raise,1079,128,-261
shoulders,lateral-raise,1136,155,-230
shoulders,lateral-raise,1181,154,-259
shoulders,lateral-raise,1184,132,-358
shoulders,lateral-raise,1168,156,-524
shoulders,lateral-raise,1156,153,-624
shoulders,lateral-raise,1137,135,-638
shoulders,lateral-raise,1109,166,-724
shoulders,lateral-raise,1103,167,-783
shoulders,lateral-raise,1128,154,-760
shoulders,lateral-raise,1176,156,-772
shoulders,lateral-raise,1245,145,-780
shoulders,lateral-raise,1304,157,-738
shoulders,lateral-raise,1328,152,-724
shoulders,lateral-raise,1344,150,-769
shoulders,lateral-raise,1337,149,-697
shoulders,lateral-raise,1320,156,-632
shoulders,lateral-raise,1316,148,-720
shoulders,lateral-raise,1299,155,-700
shoulders,lateral-raise,1270,144,-644
shoulders,lateral-raise,1220,177,-689
shoulders,lateral-raise,1161,183,-691
shoulders,lateral-raise,1117,181,-651
shoulders,lateral-raise,1048,207,-579
shoulders,lateral-raise,984,199,-613
shoulders,lateral-raise,911,188,-720
shoulders,lateral-raise,811,154,-725
shoulders,lateral-raise,738,185,-798
shoulders,lateral-raise,622,205,-749
shoulders,lateral-raise,560,112,-648
shoulders,lateral-raise,448,104,-528
shoulders,lateral-raise,448,104,-528
shoulders,lateral-raise,355,96,-575
shoulders,lateral-raise,284,81,-561
shoulders,lateral-raise,213,35,-567
shoulders,lateral-raise,106,47,-670
shoulders,lateral-raise,75,12,-666
shoulders,lateral-raise,-12,50,-503
shoulders,lateral-raise,-51,22,-514
shoulders,lateral-raise,-129,36,-440
shoulders,lateral-raise,-137,20,-502
shoulders,lateral-raise,-168,22,-533
shoulders,lateral-raise,-195,12,-579
shoulders,lateral-raise,-242,32,-465
shoulders,lateral-raise,-274,34,-500
shoulders,lateral-raise,-297,21,-482
shoulders,lateral-raise,-326,-12,-503
shoulders,lateral-raise,-341,-19,-525
shoulders,lateral-raise,-355,-53,-549
shoulders,lateral-raise,-385,-52,-570
shoulders,lateral-raise,-390,-60,-576
shoulders,lateral-raise,-394,-53,-523
shoulders,lateral-raise,-391,-35,-534
shoulders,lateral-raise,-388,-41,-599
shoulders,lateral-raise,-388,-65,-611
shoulders,lateral-raise,-376,-68,-579
shoulders,lateral-raise,-360,-60,-608
shoulders,lateral-raise,-344,-60,-625
shoulders,lateral-raise,-329,-52,-599
shoulders,lateral-raise,-306,-52,-615
shoulders,lateral-raise,-275,-43,-624
shoulders,lateral-raise,-256,-27,-621
shoulders,lateral-raise,-244,-44,-622
shoulders,lateral-raise,-201,-55,-644
shoulders,lateral-raise,-149,-32,-689
shoulders,lateral-raise,-107,-8,-702
shoulders,lateral-raise,-59,20,-671
shoulders,lateral-raise,-32,43,-769
shoulders,lateral-raise,14,32,-781
shoulders,lateral-raise,42,36,-772
shoulders,lateral-raise,81,44,-819
shoulders,lateral-raise,124,37,-797
shoulders,lateral-raise,177,56,-867
shoulders,lateral-raise,220,61,-796
shoulders,lateral-raise,251,93,-748
shoulders,lateral-raise,321,118,-822
shoulders,lateral-raise,388,107,-854
shoulders,lateral-raise,428,134,-779
shoulders,lateral-raise,477,197,-890
shoulders,lateral-raise,545,154,-914
shoulders,lateral-raise,561,200,-941
shoulders,lateral-raise,592,192,-856
shoulders,lateral-raise,624,208,-824
shoulders,lateral-raise,640,224,-840
shoulders,lateral-raise,724,209,-908
shoulders,lateral-raise,750,253,-860
shoulders,lateral-raise,781,256,-725
shoulders,lateral-raise,855,277,-791
shoulders,lateral-raise,899,273,-807
shoulders,lateral-raise,918,265,-685
shoulders,lateral-raise,940,231,-691
shoulders,lateral-raise,964,244,-735
shoulders,lateral-raise,974,216,-687
shoulders,lateral-raise,995,196,-635
shoulders,lateral-raise,1006,192,-612
shoulders,lateral-raise,1014,227,-549
shoulders,lateral-raise,1022,217,-517
shoulders,lateral-raise,1018,214,-512
shoulders,lateral-raise,1027,216,-523
shoulders,lateral-raise,1027,200,-460
shoulders,lateral-raise,1024,197,-444
shoulders,lateral-raise,1029,205,-441
shoulders,lateral-raise,1032,218,-427
shoulders,lateral-raise,1027,201,-401
shoulders,lateral-raise,1024,202,-393
shoulders,lateral-raise,1033,207,-383
shoulders,lateral-raise,1048,212,-356
shoulders,lateral-raise,1052,212,-340
shoulders,lateral-raise,1048,185,-317
shoulders,lateral-raise,1041,168,-278
shoulders,lateral-raise,1032,168,-260
shoulders,lateral-raise,1025,181,-240
shoulders,lateral-raise,1013,200,-227
shoulders,lateral-raise,1002,200,-250
shoulders,lateral-raise,995,197,-231
shoulders,lateral-raise,995,187,-216
shoulders,lateral-raise,981,176,-213
shoulders,lateral-raise,978,174,-203
shoulders,lateral-raise,986,170,-190
shoulders,lateral-raise,994,184,-182
shoulders,lateral-raise,998,204,-182
shoulders,lateral-raise,985,190,-195
shoulders,lateral-raise,963,186,-178
shoulders,lateral-raise,976,191,-169
shoulders,lateral-raise,977,183,-101
shoulders,lateral-raise,982,172,-89
shoulders,lateral-raise,967,152,-98
shoulders,lateral-raise,961,152,-117
shoulders,lateral-raise,967,152,-162
shoulders,lateral-raise,961,153,-182
shoulders,lateral-raise,972,170,-160
shoulders,lateral-raise,1040,215,-159
shoulders,lateral-raise,1040,176,-128
shoulders,lateral-raise,1056,160,-216
shoulders,lateral-raise,1048,183,-488
shoulders,lateral-raise,1025,192,-504
shoulders,lateral-raise,1061,170,-519
shoulders,lateral-raise,1108,204,-556
shoulders,lateral-raise,1162,144,-596
shoulders,lateral-raise,1189,136,-691
shoulders,lateral-raise,1260,116,-690
shoulders,lateral-raise,1299,119,-735
shoulders,lateral-raise,1350,120,-731
shoulders,lateral-raise,1385,145,-792
shoulders,lateral-raise,1404,146,-715
shoulders,lateral-raise,1426,168,-706
shoulders,lateral-raise,1426,176,-730
shoulders,lateral-raise,1430,170,-736
shoulders,lateral-raise,1410,168,-664
shoulders,lateral-raise,1378,200,-643
shoulders,lateral-raise,1336,200,-669
shoulders,lateral-raise,1300,177,-655
shoulders,lateral-raise,1239,188,-615
shoulders,lateral-raise,1146,210,-638
shoulders,lateral-raise,1081,197,-655
shoulders,lateral-raise,1006,193,-626
shoulders,lateral-raise,938,187,-643
shoulders,lateral-raise,845,197,-680
shoulders,lateral-raise,756,184,-664
shoulders,lateral-raise,663,164,-598
shoulders,lateral-raise,525,176,-581
shoulders,lateral-raise,424,169,-634
shoulders,lateral-raise,347,153,-629
shoulders,lateral-raise,283,128,-557
shoulders,lateral-raise,230,113,-519
shoulders,lateral-raise,164,108,-556
shoulders,lateral-raise,103,91,-535
shoulders,lateral-raise,24,97,-490
shoulders,lateral-raise,14,27,-533
shoulders,lateral-raise,-31,18,-490
shoulders,lateral-raise,-94,9,-508
shoulders,lateral-raise,-122,-22,-448
shoulders,lateral-raise,-163,1,-496
shoulders,lateral-raise,-202,-24,-512
shoulders,lateral-raise,-220,-25,-573
shoulders,lateral-raise,-277,-23,-547
shoulders,lateral-raise,-305,25,-476
shoulders,lateral-raise,-321,31,-468
shoulders,lateral-raise,-388,21,-556
shoulders,lateral-raise,-418,-4,-596
shoulders,lateral-raise,-354,-39,-624
shoulders,lateral-raise,-376,-31,-521
shoulders,lateral-raise,-384,-16,-536
shoulders,lateral-raise,-384,-24,-544
shoulders,lateral-raise,-376,-32,-576
shoulders,lateral-raise,-353,-48,-615
shoulders,lateral-raise,-322,-48,-601
shoulders,lateral-raise,-313,-33,-630
shoulders,lateral-raise,-312,-61,-574
shoulders,lateral-raise,-312,15,-611
shoulders,lateral-raise,-277,-39,-707
shoulders,lateral-raise,-245,-21,-679
shoulders,lateral-raise,-240,37,-659
shoulders,lateral-raise,-175,22,-715
shoulders,lateral-raise,-116,35,-639
shoulders,lateral-raise,-79,46,-734
shoulders,lateral-raise,-60,72,-804
shoulders,lateral-raise,-15,51,-851
shoulders,lateral-raise,0,40,-812
shoulders,lateral-raise,33,62,-781
shoulders,lateral-raise,97,40,-814
shoulders,lateral-raise,152,66,-837
shoulders,lateral-raise,188,93,-881
shoulders,lateral-raise,240,61,-924
shoulders,lateral-raise,293,83,-864
shoulders,lateral-raise,349,112,-858
shoulders,lateral-raise,398,81,-861
shoulders,lateral-raise,425,60,-892
shoulders,lateral-raise,478,56,-965
shoulders,lateral-raise,532,60,-876
shoulders,lateral-raise,579,76,-706
shoulders,lateral-raise,631,80,-725
shoulders,lateral-raise,666,66,-880
shoulders,lateral-raise,712,65,-899
shoulders,lateral-raise,747,78,-835
shoulders,lateral-raise,776,73,-846
shoulders,lateral-raise,828,100,-816
shoulders,lateral-raise,862,93,-816
shoulders,lateral-raise,906,53,-790
shoulders,lateral-raise,942,78,-724
shoulders,lateral-raise,936,86,-726
shoulders,lateral-raise,936,107,-789
shoulders,lateral-raise,934,76,-727
shoulders,lateral-raise,932,88,-620
shoulders,lateral-raise,952,88,-629
shoulders,lateral-raise,980,85,-685
shoulders,lateral-raise,964,75,-560
shoulders,lateral-raise,984,88,-531
shoulders,lateral-raise,986,92,-587
shoulders,lateral-raise,998,122,-538
shoulders,lateral-raise,982,135,-428
shoulders,lateral-raise,961,127,-468
shoulders,lateral-raise,968,113,-515
shoulders,lateral-raise,968,128,-424
shoulders,lateral-raise,968,128,-408
shoulders,lateral-raise,968,144,-392
shoulders,lateral-raise,968,144,-392
shoulders,lateral-raise,929,160,-454
shoulders,lateral-raise,958,152,-365
shoulders,lateral-raise,938,137,-390
shoulders,lateral-raise,936,151,-392
shoulders,lateral-raise,950,166,-356
shoulders,lateral-raise,959,168,-331
shoulders,lateral-raise,1015,161,-355
shoulders,lateral-raise,1024,147,-320
shoulders,lateral-raise,1017,157,-234
shoulders,lateral-raise,1016,141,-241
shoulders,lateral-raise,997,142,-322
shoulders,lateral-raise,986,138,-308
shoulders,lateral-raise,972,154,-278
shoulders,lateral-raise,962,166,-232
shoulders,lateral-raise,954,168,-227
shoulders,lateral-raise,952,173,-227
shoulders,lateral-raise,968,165,-219
shoulders,lateral-raise,981,150,-216
shoulders,lateral-raise,994,144,-211
shoulders,lateral-raise,990,154,-194
shoulders,lateral-raise,998,155,-189
shoulders,lateral-raise,1017,156,-170
shoulders,lateral-raise,1020,143,-152
shoulders,lateral-raise,1012,132,-115
shoulders,lateral-raise,1000,152,-100
shoulders,lateral-raise,980,164,-112
shoulders,lateral-raise,961,167,-100
shoulders,lateral-raise,948,176,-117
shoulders,lateral-raise,954,176,-124
shoulders,lateral-raise,997,170,-93
shoulders,lateral-raise,1083,148,-149
shoulders,lateral-raise,1161,131,-242
shoulders,lateral-raise,1198,120,-339
shoulders,lateral-raise,1248,109,-557
shoulders,lateral-raise,1254,120,-618
shoulders,lateral-raise,1225,57,-707
shoulders,lateral-raise,1193,78,-742
shoulders,lateral-raise,1150,66,-754
shoulders,lateral-raise,1148,53,-752
shoulders,lateral-raise,1172,69,-826
shoulders,lateral-raise,1225,55,-908
shoulders,lateral-raise,1277,47,-939
shoulders,lateral-raise,1352,40,-811
shoulders,lateral-raise,1408,42,-689
shoulders,lateral-raise,1466,65,-688
shoulders,lateral-raise,1479,141,-621
shoulders,lateral-raise,1470,113,-601
shoulders,lateral-raise,1445,129,-721
shoulders,lateral-raise,1382,143,-732
shoulders,lateral-raise,1311,112,-616
shoulders,lateral-raise,1249,120,-592
shoulders,lateral-raise,1147,73,-584
shoulders,lateral-raise,1068,80,-493
shoulders,lateral-raise,952,73,-540
shoulders,lateral-raise,813,87,-712
shoulders,lateral-raise,729,95,-714
shoulders,lateral-raise,643,82,-614
shoulders,lateral-raise,536,80,-573
shoulders,lateral-raise,480,73,-608
shoulders,lateral-raise,407,85,-564
shoulders,lateral-raise,316,56,-558
shoulders,lateral-raise,259,36,-566
shoulders,lateral-raise,200,26,-526
shoulders,lateral-raise,143,30,-471
shoulders,lateral-raise,65,26,-416
shoulders,lateral-raise,12,18,-400
shoulders,lateral-raise,0,0,-432
shoulders,lateral-raise,-37,-24,-495
shoulders,lateral-raise,-76,-73,-479
shoulders,lateral-raise,-152,-32,-402
shoulders,lateral-raise,-178,-40,-421
shoulders,lateral-raise,-182,-86,-419
shoulders,lateral-raise,-241,-65,-428
shoulders,lateral-raise,-271,-83,-521
shoulders,lateral-raise,-293,-108,-543
shoulders,lateral-raise,-332,-64,-508
shoulders,lateral-raise,-344,-67,-485
shoulders,lateral-raise,-333,-100,-490
shoulders,lateral-raise,-327,-89,-516
shoulders,lateral-raise,-336,-90,-522
shoulders,lateral-raise,-326,-91,-539
shoulders,lateral-raise,-294,-93,-559
shoulders,lateral-raise,-261,-128,-572
shoulders,lateral-raise,-261,-120,-585
shoulders,lateral-raise,-241,-109,-640
shoulders,lateral-raise,-176,-115,-592
shoulders,lateral-raise,-158,-104,-561
shoulders,lateral-raise,-101,-106,-677
shoulders,lateral-raise,-86,-96,-687
shoulders,lateral-raise,-103,-62,-642
shoulders,lateral-raise,-11,-105,-737
shoulders,lateral-raise,17,-83,-661
shoulders,lateral-raise,72,-107,-715
shoulders,lateral-raise,163,-145,-703
shoulders,lateral-raise,242,-61,-808
shoulders,lateral-raise,377,-97,-896
shoulders,lateral-raise,457,-100,-692
shoulders,lateral-raise,472,-63,-659
shoulders,lateral-raise,587,-59,-805
shoulders,lateral-raise,650,-112,-742
shoulders,lateral-raise,712,-104,-680
shoulders,lateral-raise,728,-32,-776
shoulders,lateral-raise,759,-32,-970
shoulders,lateral-raise,828,-93,-839
shoulders,lateral-raise,869,1,-728
shoulders,lateral-raise,836,37,-880
shoulders,lateral-raise,853,-31,-989
shoulders,lateral-raise,898,-75,-881
shoulders,lateral-raise,911,-19,-693
shoulders,lateral-raise,959,-15,-777
shoulders,lateral-raise,981,-49,-859
shoulders,lateral-raise,984,-24,-897
shoulders,lateral-raise,1009,-10,-811
shoulders,lateral-raise,1040,-38,-772
shoulders,lateral-raise,1013,-24,-709
shoulders,lateral-raise,1006,-22,-642
shoulders,lateral-raise,1019,-35,-618
shoulders,lateral-raise,1019,-45,-648
shoulders,lateral-raise,1000,-16,-596
shoulders,lateral-raise,1007,-5,-509
shoulders,lateral-raise,1011,-3,-465
shoulders,lateral-raise,1008,-5,-485
shoulders,lateral-raise,1017,15,-481
shoulders,lateral-raise,1011,28,-401
shoulders,lateral-raise,1004,28,-369
shoulders,lateral-raise,1012,32,-409
shoulders,lateral-raise,1000,36,-380
shoulders,lateral-raise,984,40,-332
shoulders,lateral-raise,988,44,-343
shoulders,lateral-raise,988,48,-320
shoulders,lateral-raise,977,58,-277
shoulders,lateral-raise,981,75,-269
shoulders,lateral-raise,1000,77,-252
shoulders,lateral-raise,1000,66,-229
shoulders,lateral-raise,1000,67,-210
shoulders,lateral-raise,1003,91,-207
shoulders,lateral-raise,1003,98,-251
shoulders,lateral-raise,997,104,-240
shoulders,lateral-raise,1002,108,-219
shoulders,lateral-raise,980,116,-156
shoulders,lateral-raise,968,106,-153
shoulders,lateral-raise,970,110,-184
shoulders,lateral-raise,980,108,-183
shoulders,lateral-raise,1000,125,-175
shoulders,lateral-raise,1000,113,-164
shoulders,lateral-raise,1001,117,-150
shoulders,lateral-raise,1008,96,-182
shoulders,lateral-raise,1008,97,-99
shoulders,lateral-raise,1007,106,-130
shoulders,lateral-raise,999,128,-151
shoulders,lateral-raise,984,137,-128
shoulders,lateral-raise,968,160,-137
shoulders,lateral-raise,992,144,-191
shoulders,lateral-raise,1000,121,-153
shoulders,lateral-raise,1023,143,-114
shoulders,lateral-raise,1039,151,-157
shoulders,lateral-raise,1098,159,-320
shoulders,lateral-raise,1104,89,-286
shoulders,lateral-raise,1188,73,-371
shoulders,lateral-raise,1234,52,-493
shoulders,lateral-raise,1213,48,-659
shoulders,lateral-raise,1175,41,-695
shoulders,lateral-raise,1200,46,-677
shoulders,lateral-raise,1183,29,-678
shoulders,lateral-raise,1200,12,-716
shoulders,lateral-raise,1237,-4,-716
shoulders,lateral-raise,1305,26,-752
shoulders,lateral-raise,1356,40,-768
shoulders,lateral-raise,1395,83,-730
shoulders,lateral-raise,1450,146,-707
shoulders,lateral-raise,1477,173,-704
shoulders,lateral-raise,1455,181,-704
shoulders,lateral-raise,1430,174,-771
shoulders,lateral-raise,1368,131,-733
shoulders,lateral-raise,1270,86,-703
shoulders,lateral-raise,1215,72,-698
shoulders,lateral-raise,1158,93,-568
shoulders,lateral-raise,1060,92,-536
shoulders,lateral-raise,973,80,-642
shoulders,lateral-raise,899,117,-651
shoulders,lateral-raise,800,159,-594
shoulders,lateral-raise,684,175,-579
shoulders,lateral-raise,585,178,-587
shoulders,lateral-raise,491,153,-586
shoulders,lateral-raise,406,122,-591
shoulders,lateral-raise,341,101,-608
shoulders,lateral-raise,294,85,-584
shoulders,lateral-raise,250,94,-561
shoulders,lateral-raise,191,74,-564
shoulders,lateral-raise,157,32,-624
shoulders,lateral-raise,122,-2,-642
shoulders,lateral-raise,84,-43,-620
shoulders,lateral-raise,8,-87,-605
shoulders,lateral-raise,-37,-105,-565
shoulders,lateral-raise,-107,-76,-463
shoulders,lateral-raise,-162,-97,-543
shoulders,lateral-raise,-182,-103,-591
shoulders,lateral-raise,-227,-98,-631
shoulders,lateral-raise,-252,-108,-551
shoulders,lateral-raise,-298,-71,-543
shoulders,lateral-raise,-320,-59,-629
shoulders,lateral-raise,-320,-121,-575
shoulders,lateral-raise,-312,-144,-528
shoulders,lateral-raise,-312,-88,-512
shoulders,lateral-raise,-312,-88,-512
shoulders,lateral-raise,-343,-166,-543
shoulders,lateral-raise,-359,-130,-506
shoulders,lateral-raise,-315,-143,-586
shoulders,lateral-raise,-312,-159,-526
shoulders,lateral-raise,-355,-146,-456
shoulders,lateral-raise,-318,-116,-532
shoulders,lateral-raise,-285,-119,-448
shoulders,lateral-raise,-280,-87,-545
shoulders,lateral-raise,-260,-80,-581
shoulders,lateral-raise,-237,-93,-571
shoulders,lateral-raise,-213,-77,-568
shoulders,lateral-raise,-196,-60,-604
shoulders,lateral-raise,-139,-56,-598
shoulders,lateral-raise,-97,-33,-626
shoulders,lateral-raise,-49,-7,-662
shoulders,lateral-raise,11,0,-667
shoulders,lateral-raise,79,16,-675
shoulders,lateral-raise,160,9,-690
shoulders,lateral-raise,236,0,-656
shoulders,lateral-raise,307,24,-694
shoulders,lateral-raise,378,31,-787
shoulders,lateral-raise,448,11,-815
shoulders,lateral-raise,484,9,-778
shoulders,lateral-raise,500,37,-798
shoulders,lateral-raise,548,64,-868
shoulders,lateral-raise,599,87,-842
shoulders,lateral-raise,638,122,-836
shoulders,lateral-raise,689,165,-885
shoulders,lateral-raise,744,165,-838
shoulders,lateral-raise,779,134,-805
shoulders,lateral-raise,830,138,-867
shoulders,lateral-raise,910,119,-924
shoulders,lateral-raise,920,99,-860
shoulders,lateral-raise,936,106,-750
shoulders,lateral-raise,970,129,-708
shoulders,lateral-raise,985,87,-706
shoulders,lateral-raise,1014,64,-632
shoulders,lateral-raise,1046,64,-618
shoulders,lateral-raise,1083,62,-558
shoulders,lateral-raise,1066,68,-498
shoulders,lateral-raise,1085,116,-500
shoulders,lateral-raise,1135,129,-469
shoulders,lateral-raise,1083,94,-416
shoulders,lateral-raise,1058,89,-413
shoulders,lateral-raise,1076,155,-390
shoulders,lateral-raise,1112,181,-370
shoulders,lateral-raise,1108,148,-311
shoulders,lateral-raise,1056,97,-294
shoulders,lateral-raise,1048,120,-256
shoulders,lateral-raise,1064,128,-271
shoulders,lateral-raise,1088,152,-209
shoulders,lateral-raise,1065,144,-224
shoulders,lateral-raise,1072,136,-194
shoulders,lateral-raise,1072,143,-185
shoulders,lateral-raise,1065,137,-148
shoulders,lateral-raise,1064,107,-130
shoulders,lateral-raise,1043,118,-114
shoulders,lateral-raise,1026,106,-160
shoulders,lateral-raise,1017,117,-168
shoulders,lateral-raise,1009,107,-142
shoulders,lateral-raise,1002,98,-130
shoulders,lateral-raise,988,90,-103
shoulders,lateral-raise,942,100,-90
shoulders,lateral-raise,904,98,-64
shoulders,lateral-raise,896,107,-79
shoulders,lateral-raise,879,101,-82
shoulders,lateral-raise,845,96,-15
shoulders,lateral-raise,800,101,-26
shoulders,lateral-raise,804,99,-53
shoulders,lateral-raise,841,116,-31
shoulders,lateral-raise,846,138,13
shoulders,lateral-raise,840,135,27
shoulders,lateral-raise,840,132,28
shoulders,lateral-raise,875,132,6
shoulders,lateral-raise,925,128,1
shoulders,lateral-raise,924,156,24
shoulders,lateral-raise,908,138,44
shoulders,lateral-raise,934,95,52
shoulders,lateral-raise,981,115,44
shoulders,lateral-raise,1011,115,64
shoulders,lateral-raise,1013,99,106
shoulders,lateral-raise,1011,101,102
shoulders,lateral-raise,1028,90,49
shoulders,lateral-raise,1056,107,19
shoulders,lateral-raise,1069,160,32
shoulders,lateral-raise,1066,158,50
shoulders,lateral-raise,1077,159,119
shoulders,lateral-raise,1101,170,98
shoulders,lateral-raise,1140,142,88
shoulders,lateral-raise,1152,110,47
shoulders,lateral-raise,1152,109,74
shoulders,lateral-raise,1152,128,93
shoulders,lateral-raise,1152,123,156
shoulders,lateral-raise,1153,101,170
shoulders,lateral-raise,1156,128,132
shoulders,lateral-raise,1122,131,112
shoulders,lateral-raise,1071,159,171
shoulders,lateral-raise,1056,146,120
shoulders,lateral-raise,1056,174,116
shoulders,lateral-raise,1047,137,48
shoulders,lateral-raise,1016,176,56
