arms,biceps-curl,536,752,-488
arms,biceps-curl,559,791,-441
arms,biceps-curl,583,746,-470
arms,biceps-curl,599,677,-465
arms,biceps-curl,666,628,-588
arms,biceps-curl,665,731,-521
arms,biceps-curl,706,856,-191
arms,biceps-curl,828,927,-383
arms,biceps-curl,808,636,-204
arms,biceps-curl,852,589,-271
arms,biceps-curl,940,624,-360
arms,biceps-curl,979,651,-376
arms,biceps-curl,954,680,-279
arms,biceps-curl,862,688,-195
arms,biceps-curl,780,659,-233
arms,biceps-curl,732,665,-295
arms,biceps-curl,671,667,-285
arms,biceps-curl,611,664,-230
arms,biceps-curl,572,659,-218
arms,biceps-curl,540,636,-239
arms,biceps-curl,485,643,-234
arms,biceps-curl,447,624,-275
arms,biceps-curl,413,596,-308
arms,biceps-curl,379,601,-278
arms,biceps-curl,368,620,-256
arms,biceps-curl,372,640,-276
arms,biceps-curl,391,644,-300
arms,biceps-curl,419,636,-230
arms,biceps-curl,464,657,-165
arms,biceps-curl,555,701,-195
arms,biceps-curl,653,701,-251
arms,biceps-curl,724,660,-319
arms,biceps-curl,806,640,-295
arms,biceps-curl,897,635,-264
arms,biceps-curl,960,608,-235
arms,biceps-curl,999,559,-247
arms,biceps-curl,1027,509,-273
arms,biceps-curl,1062,480,-307
arms,biceps-curl,1076,462,-311
arms,biceps-curl,1062,401,-223
arms,biceps-curl,1054,374,-202
arms,biceps-curl,1048,364,-240
arms,biceps-curl,1045,345,-245
arms,biceps-curl,1031,351,-265
arms,biceps-curl,1025,346,-231
arms,biceps-curl,1033,361,-280
arms,biceps-curl,1041,367,-282
arms,biceps-curl,1047,356,-302
arms,biceps-curl,1040,418,-279
arms,biceps-curl,1040,457,-257
arms,biceps-curl,1032,496,-288
arms,biceps-curl,1032,528,-312
arms,biceps-curl,1009,590,-203
arms,biceps-curl,970,683,-162
arms,biceps-curl,983,636,-205
arms,biceps-curl,933,705,-201
arms,biceps-curl,907,691,-157
arms,biceps-curl,862,765,-61
arms,biceps-curl,829,783,-68
arms,biceps-curl,797,831,-19
arms,biceps-curl,746,847,31
arms,biceps-curl,698,880,59
arms,biceps-curl,657,857,70
arms,biceps-curl,588,860,114
arms,biceps-curl,550,882,140
arms,biceps-curl,504,888,161
arms,biceps-curl,449,882,224
arms,biceps-curl,405,885,232
arms,biceps-curl,360,883,266
arms,biceps-curl,313,911,298
arms,biceps-curl,256,913,304
arms,biceps-curl,199,914,323
arms,biceps-curl,139,897,331
arms,biceps-curl,67,880,328
arms,biceps-curl,10,867,324
arms,biceps-curl,-41,835,341
arms,biceps-curl,-108,808,360
arms,biceps-curl,-163,788,333
arms,biceps-curl,-195,761,282
arms,biceps-curl,-243,691,221
arms,biceps-curl,-305,604,152
arms,biceps-curl,-338,582,130
arms,biceps-curl,-352,580,156
arms,biceps-curl,-361,540,150
arms,biceps-curl,-376,509,109
arms,biceps-curl,-373,530,120
arms,biceps-curl,-368,557,164
arms,biceps-curl,-363,575,241
arms,biceps-curl,-348,592,180
arms,biceps-curl,-328,602,188
arms,biceps-curl,-291,639,244
arms,biceps-curl,-243,682,225
arms,biceps-curl,-223,742,188
arms,biceps-curl,-208,715,137
arms,biceps-curl,-159,820,133
arms,biceps-curl,-101,899,85
arms,biceps-curl,-78,975,180
arms,biceps-curl,-59,952,191
arms,biceps-curl,-2,798,-76
arms,biceps-curl,84,885,-123
arms,biceps-curl,171,993,-32
arms,biceps-curl,272,1016,-16
arms,biceps-curl,328,984,-128
arms,biceps-curl,328,984,-128
arms,biceps-curl,390,984,-237
arms,biceps-curl,392,961,-95
arms,biceps-curl,467,975,-125
arms,biceps-curl,523,961,-288
arms,biceps-curl,535,889,-261
arms,biceps-curl,536,838,-256
arms,biceps-curl,611,825,-270
arms,biceps-curl,664,837,-319
arms,biceps-curl,718,775,-295
arms,biceps-curl,747,741,-282
arms,biceps-curl,764,705,-311
arms,biceps-curl,804,678,-284
arms,biceps-curl,840,660,-331
arms,biceps-curl,831,622,-352
arms,biceps-curl,818,569,-296
arms,biceps-curl,838,547,-283
arms,biceps-curl,859,518,-304
arms,biceps-curl,884,494,-327
arms,biceps-curl,906,478,-292
arms,biceps-curl,941,448,-274
arms,biceps-curl,983,427,-303
arms,biceps-curl,1013,388,-333
arms,biceps-curl,1028,347,-366
arms,biceps-curl,1024,328,-330
arms,biceps-curl,1024,324,-284
arms,biceps-curl,1024,316,-292
arms,biceps-curl,1016,311,-278
arms,biceps-curl,1012,324,-267
arms,biceps-curl,1008,325,-297
arms,biceps-curl,1002,330,-307
arms,biceps-curl,989,344,-288
arms,biceps-curl,990,353,-294
arms,biceps-curl,995,371,-299
arms,biceps-curl,976,386,-296
arms,biceps-curl,960,420,-297
arms,biceps-curl,965,455,-253
arms,biceps-curl,978,480,-226
arms,biceps-curl,986,514,-236
arms,biceps-curl,994,548,-252
arms,biceps-curl,998,573,-249
arms,biceps-curl,991,631,-198
arms,biceps-curl,979,665,-215
arms,biceps-curl,946,678,-173
arms,biceps-curl,907,713,-193
arms,biceps-curl,865,723,-137
arms,biceps-curl,807,754,-79
arms,biceps-curl,790,778,-72
arms,biceps-curl,765,801,-70
arms,biceps-curl,711,816,-31
arms,biceps-curl,664,816,-8
arms,biceps-curl,624,864,16
arms,biceps-curl,570,872,70
arms,biceps-curl,538,887,11
arms,biceps-curl,476,888,90
arms,biceps-curl,428,873,162
arms,biceps-curl,381,879,147
arms,biceps-curl,334,880,172
arms,biceps-curl,287,873,231
arms,biceps-curl,233,892,220
arms,biceps-curl,191,896,223
arms,biceps-curl,146,890,300
arms,biceps-curl,93,900,301
arms,biceps-curl,50,910,326
arms,biceps-curl,11,894,354
arms,biceps-curl,-29,899,343
arms,biceps-curl,-62,926,358
arms,biceps-curl,-104,914,336
arms,biceps-curl,-173,888,309
arms,biceps-curl,-236,829,258
arms,biceps-curl,-286,800,301
arms,biceps-curl,-314,762,320
arms,biceps-curl,-320,704,267
arms,biceps-curl,-316,662,209
arms,biceps-curl,-312,622,124
arms,biceps-curl,-312,596,105
arms,biceps-curl,-300,612,188
arms,biceps-curl,-280,628,228
arms,biceps-curl,-268,628,216
arms,biceps-curl,-253,628,205
arms,biceps-curl,-240,641,189
arms,biceps-curl,-227,699,184
arms,biceps-curl,-196,749,190
arms,biceps-curl,-170,721,183
arms,biceps-curl,-146,707,144
arms,biceps-curl,-104,788,102
arms,biceps-curl,-55,865,36
arms,biceps-curl,-7,913,60
arms,biceps-curl,20,928,194
arms,biceps-curl,42,916,169
arms,biceps-curl,83,950,56
arms,biceps-curl,138,942,7
arms,biceps-curl,218,945,39
arms,biceps-curl,275,984,52
arms,biceps-curl,330,984,-57
arms,biceps-curl,352,977,-111
arms,biceps-curl,415,934,-100
arms,biceps-curl,477,978,-78
arms,biceps-curl,530,913,-227
arms,biceps-curl,562,918,-266
arms,biceps-curl,609,872,-299
arms,biceps-curl,632,880,-144
arms,biceps-curl,648,840,-264
arms,biceps-curl,695,801,-287
arms,biceps-curl,696,754,-235
arms,biceps-curl,733,745,-254
arms,biceps-curl,751,678,-241
arms,biceps-curl,781,658,-319
arms,biceps-curl,805,635,-272
arms,biceps-curl,822,612,-271
arms,biceps-curl,851,581,-279
arms,biceps-curl,876,550,-306
arms,biceps-curl,880,525,-293
arms,biceps-curl,892,508,-251
arms,biceps-curl,920,486,-258
arms,biceps-curl,946,462,-270
arms,biceps-curl,958,439,-295
arms,biceps-curl,960,399,-265
arms,biceps-curl,955,379,-248
arms,biceps-curl,973,371,-237
arms,biceps-curl,984,358,-232
arms,biceps-curl,994,337,-227
arms,biceps-curl,995,314,-234
arms,biceps-curl,997,304,-240
arms,biceps-curl,1000,300,-258
arms,biceps-curl,991,300,-246
arms,biceps-curl,976,300,-236
arms,biceps-curl,956,296,-236
arms,biceps-curl,948,304,-201
arms,biceps-curl,952,319,-198
arms,biceps-curl,956,324,-231
arms,biceps-curl,957,317,-230
arms,biceps-curl,958,322,-219
arms,biceps-curl,971,345,-227
arms,biceps-curl,979,363,-232
arms,biceps-curl,979,376,-229
arms,biceps-curl,965,405,-216
arms,biceps-curl,953,432,-215
arms,biceps-curl,934,439,-243
arms,biceps-curl,924,464,-215
arms,biceps-curl,910,492,-172
arms,biceps-curl,906,513,-189
arms,biceps-curl,910,549,-208
arms,biceps-curl,904,574,-195
arms,biceps-curl,904,604,-137
arms,biceps-curl,899,628,-145
arms,biceps-curl,870,655,-144
arms,biceps-curl,854,708,-91
arms,biceps-curl,836,744,-119
arms,biceps-curl,798,745,-112
arms,biceps-curl,766,760,-108
arms,biceps-curl,727,761,-24
arms,biceps-curl,688,784,-24
arms,biceps-curl,664,784,-24
arms,biceps-curl,633,800,7
arms,biceps-curl,602,823,8
arms,biceps-curl,540,824,75
arms,biceps-curl,529,846,73
arms,biceps-curl,507,841,58
arms,biceps-curl,476,868,77
arms,biceps-curl,445,892,121
arms,biceps-curl,420,909,155
arms,biceps-curl,383,912,95
arms,biceps-curl,344,931,150
arms,biceps-curl,305,948,168
arms,biceps-curl,266,958,204
arms,biceps-curl,227,954,163
arms,biceps-curl,182,969,184
arms,biceps-curl,146,970,228
arms,biceps-curl,104,973,235
arms,biceps-curl,67,981,253
arms,biceps-curl,36,969,269
arms,biceps-curl,9,965,292
arms,biceps-curl,-14,963,280
arms,biceps-curl,-43,951,273
arms,biceps-curl,-83,926,293
arms,biceps-curl,-121,929,356
arms,biceps-curl,-148,932,400
arms,biceps-curl,-184,896,388
arms,biceps-curl,-220,860,357
arms,biceps-curl,-250,841,351
arms,biceps-curl,-290,811,340
arms,biceps-curl,-329,774,304
arms,biceps-curl,-349,747,288
arms,biceps-curl,-356,731,273
arms,biceps-curl,-379,721,303
arms,biceps-curl,-376,660,284
arms,biceps-curl,-360,589,218
arms,biceps-curl,-360,591,241
arms,biceps-curl,-360,610,228
arms,biceps-curl,-360,618,284
arms,biceps-curl,-358,630,298
arms,biceps-curl,-354,650,295
arms,biceps-curl,-355,664,261
arms,biceps-curl,-333,699,249
arms,biceps-curl,-315,724,267
arms,biceps-curl,-283,780,306
arms,biceps-curl,-253,756,217
arms,biceps-curl,-229,738,184
arms,biceps-curl,-204,830,313
arms,biceps-curl,-157,896,317
arms,biceps-curl,-117,895,171
arms,biceps-curl,-63,882,223
arms,biceps-curl,-16,952,176
arms,biceps-curl,24,984,88
arms,biceps-curl,24,984,88
arms,biceps-curl,94,1000,72
arms,biceps-curl,142,1046,125
arms,biceps-curl,196,1033,-36
arms,biceps-curl,185,1010,-33
arms,biceps-curl,234,1022,-11
arms,biceps-curl,289,1031,-71
arms,biceps-curl,310,984,-114
arms,biceps-curl,332,969,-107
arms,biceps-curl,382,968,-97
arms,biceps-curl,398,936,-109
arms,biceps-curl,425,909,-112
arms,biceps-curl,468,856,-166
arms,biceps-curl,527,805,-290
arms,biceps-curl,578,775,-317
arms,biceps-curl,625,785,-262
arms,biceps-curl,662,776,-272
arms,biceps-curl,688,742,-325
arms,biceps-curl,711,728,-354
arms,biceps-curl,740,708,-335
arms,biceps-curl,762,682,-301
arms,biceps-curl,773,653,-302
arms,biceps-curl,798,627,-330
arms,biceps-curl,812,594,-327
arms,biceps-curl,820,568,-308
arms,biceps-curl,832,548,-296
arms,biceps-curl,844,517,-296
arms,biceps-curl,856,485,-278
arms,biceps-curl,860,454,-252
arms,biceps-curl,861,425,-246
arms,biceps-curl,879,416,-245
arms,biceps-curl,924,401,-258
arms,biceps-curl,953,373,-248
arms,biceps-curl,971,360,-240
arms,biceps-curl,986,331,-232
arms,biceps-curl,1010,297,-250
arms,biceps-curl,1018,278,-256
arms,biceps-curl,1026,272,-245
arms,biceps-curl,1028,270,-210
arms,biceps-curl,1018,262,-197
arms,biceps-curl,1022,258,-224
arms,biceps-curl,1012,265,-249
arms,biceps-curl,989,272,-217
arms,biceps-curl,974,276,-222
arms,biceps-curl,959,292,-210
arms,biceps-curl,954,268,-222
arms,biceps-curl,967,302,-209
arms,biceps-curl,954,282,-217
arms,biceps-curl,977,304,-232
arms,biceps-curl,1000,312,-231
arms,biceps-curl,992,328,-184
arms,biceps-curl,984,360,-184
arms,biceps-curl,992,391,-215
arms,biceps-curl,969,415,-239
arms,biceps-curl,983,409,-203
arms,biceps-curl,969,444,-215
arms,biceps-curl,947,477,-195
arms,biceps-curl,937,501,-248
arms,biceps-curl,922,538,-256
arms,biceps-curl,893,544,-189
arms,biceps-curl,881,583,-183
arms,biceps-curl,874,617,-159
arms,biceps-curl,866,636,-140
arms,biceps-curl,858,646,-136
arms,biceps-curl,827,666,-107
arms,biceps-curl,805,701,-85
arms,biceps-curl,783,723,-52
arms,biceps-curl,749,744,-35
arms,biceps-curl,715,773,-48
arms,biceps-curl,679,789,-20
arms,biceps-curl,624,797,15
arms,biceps-curl,595,805,19
arms,biceps-curl,569,817,25
arms,biceps-curl,512,824,63
arms,biceps-curl,471,837,92
arms,biceps-curl,447,856,84
arms,biceps-curl,424,872,80
arms,biceps-curl,401,892,115
arms,biceps-curl,373,915,148
arms,biceps-curl,346,935,156
arms,biceps-curl,318,941,150
arms,biceps-curl,294,946,136
arms,biceps-curl,271,966,154
arms,biceps-curl,241,988,213
arms,biceps-curl,205,997,259
arms,biceps-curl,171,971,243
arms,biceps-curl,137,962,225
arms,biceps-curl,109,968,197
arms,biceps-curl,69,974,200
arms,biceps-curl,28,988,302
arms,biceps-curl,-10,969,331
arms,biceps-curl,-21,941,276
arms,biceps-curl,-47,925,257
arms,biceps-curl,-84,916,367
arms,biceps-curl,-109,936,359
arms,biceps-curl,-139,934,349
arms,biceps-curl,-163,918,330
arms,biceps-curl,-185,903,348
arms,biceps-curl,-202,895,396
arms,biceps-curl,-234,884,448
arms,biceps-curl,-265,800,298
arms,biceps-curl,-296,800,368
arms,biceps-curl,-336,800,368
arms,biceps-curl,-367,746,329
arms,biceps-curl,-383,744,374
arms,biceps-curl,-399,692,264
arms,biceps-curl,-400,659,307
arms,biceps-curl,-386,663,241
arms,biceps-curl,-377,650,218
arms,biceps-curl,-369,641,250
arms,biceps-curl,-361,653,276
arms,biceps-curl,-367,695,313
arms,biceps-curl,-349,710,263
arms,biceps-curl,-332,724,254
arms,biceps-curl,-322,752,322
arms,biceps-curl,-332,748,297
arms,biceps-curl,-313,733,240
arms,biceps-curl,-282,745,246
arms,biceps-curl,-256,817,359
arms,biceps-curl,-216,843,292
arms,biceps-curl,-185,815,222
arms,biceps-curl,-161,849,265
arms,biceps-curl,-119,928,248
arms,biceps-curl,-64,951,221
arms,biceps-curl,-31,931,184
arms,biceps-curl,2,937,113
arms,biceps-curl,49,994,72
arms,biceps-curl,88,1036,96
arms,biceps-curl,123,1036,105
arms,biceps-curl,162,1021,54
arms,biceps-curl,195,1012,-25
arms,biceps-curl,218,999,-118
arms,biceps-curl,251,960,-128
arms,biceps-curl,292,964,-40
arms,biceps-curl,329,1005,-34
arms,biceps-curl,376,978,-177
arms,biceps-curl,408,933,-235
arms,biceps-curl,418,926,-182
arms,biceps-curl,458,929,-165
arms,biceps-curl,502,939,-191
arms,biceps-curl,500,890,-246
arms,biceps-curl,514,839,-297
arms,biceps-curl,530,818,-310
arms,biceps-curl,571,855,-241
arms,biceps-curl,589,841,-256
arms,biceps-curl,616,799,-297
arms,biceps-curl,621,744,-298
arms,biceps-curl,659,744,-256
arms,biceps-curl,681,740,-255
arms,biceps-curl,689,702,-251
arms,biceps-curl,696,679,-288
arms,biceps-curl,697,655,-282
arms,biceps-curl,720,632,-336
arms,biceps-curl,728,592,-288
arms,biceps-curl,751,576,-265
arms,biceps-curl,782,568,-317
arms,biceps-curl,814,531,-320
arms,biceps-curl,809,506,-247
arms,biceps-curl,829,504,-254
arms,biceps-curl,853,490,-263
arms,biceps-curl,876,474,-271
arms,biceps-curl,900,465,-272
arms,biceps-curl,924,444,-331
arms,biceps-curl,947,415,-306
arms,biceps-curl,952,408,-290
arms,biceps-curl,946,390,-276
arms,biceps-curl,938,366,-272
arms,biceps-curl,919,349,-249
arms,biceps-curl,923,350,-234
arms,biceps-curl,939,341,-232
arms,biceps-curl,960,336,-232
arms,biceps-curl,978,321,-252
arms,biceps-curl,984,297,-244
arms,biceps-curl,989,293,-227
arms,biceps-curl,987,291,-233
arms,biceps-curl,984,284,-236
arms,biceps-curl,984,289,-193
arms,biceps-curl,980,292,-189
arms,biceps-curl,976,300,-208
arms,biceps-curl,980,312,-200
arms,biceps-curl,984,316,-218
arms,biceps-curl,984,324,-236
arms,biceps-curl,977,335,-225
arms,biceps-curl,962,354,-210
arms,biceps-curl,958,374,-224
arms,biceps-curl,968,396,-276
arms,biceps-curl,963,430,-277
arms,biceps-curl,944,461,-235
arms,biceps-curl,930,477,-226
arms,biceps-curl,934,495,-234
arms,biceps-curl,928,523,-236
arms,biceps-curl,926,562,-216
arms,biceps-curl,915,597,-206
arms,biceps-curl,891,621,-246
arms,biceps-curl,866,644,-201
arms,biceps-curl,836,669,-167
arms,biceps-curl,811,700,-159
arms,biceps-curl,781,724,-151
arms,biceps-curl,757,755,-139
arms,biceps-curl,725,787,-92
arms,biceps-curl,695,818,-58
arms,biceps-curl,685,839,-84
arms,biceps-curl,632,824,-15
arms,biceps-curl,616,832,16
arms,biceps-curl,592,848,0
arms,biceps-curl,592,848,0
arms,biceps-curl,553,864,16
arms,biceps-curl,506,864,8
arms,biceps-curl,452,864,97
arms,biceps-curl,404,886,111
arms,biceps-curl,393,874,83
arms,biceps-curl,343,879,129
arms,biceps-curl,295,880,129
arms,biceps-curl,255,927,195
arms,biceps-curl,202,936,215
arms,biceps-curl,167,911,184
arms,biceps-curl,141,929,182
arms,biceps-curl,124,948,196
arms,biceps-curl,85,940,224
arms,biceps-curl,38,942,284
arms,biceps-curl,18,955,271
arms,biceps-curl,-6,949,283
arms,biceps-curl,-37,939,333
arms,biceps-curl,-58,936,342
arms,biceps-curl,-79,931,346
arms,biceps-curl,-107,928,381
arms,biceps-curl,-129,937,400
arms,biceps-curl,-158,931,418
arms,biceps-curl,-198,890,432
arms,biceps-curl,-245,860,424
arms,biceps-curl,-276,844,388
arms,biceps-curl,-292,820,372
arms,biceps-curl,-315,801,380
arms,biceps-curl,-339,771,372
arms,biceps-curl,-365,747,388
arms,biceps-curl,-387,733,384
arms,biceps-curl,-386,695,324
arms,biceps-curl,-373,671,287
arms,biceps-curl,-365,645,256
arms,biceps-curl,-355,632,277
arms,biceps-curl,-342,653,325
arms,biceps-curl,-334,666,329
arms,biceps-curl,-324,678,310
arms,biceps-curl,-306,698,286
arms,biceps-curl,-283,715,250
arms,biceps-curl,-264,755,315
arms,biceps-curl,-261,774,319
arms,biceps-curl,-247,801,281
arms,biceps-curl,-232,815,288
arms,biceps-curl,-181,857,281
arms,biceps-curl,-158,864,229
arms,biceps-curl,-140,870,204
arms,biceps-curl,-95,935,240
arms,biceps-curl,-78,927,133
arms,biceps-curl,-30,914,74
arms,biceps-curl,24,992,128
arms,biceps-curl,40,1024,80
arms,biceps-curl,94,1008,18
arms,biceps-curl,126,1008,-14
arms,biceps-curl,165,1030,-16
arms,biceps-curl,197,1010,-38
arms,biceps-curl,207,994,-83
arms,biceps-curl,243,978,-165
arms,biceps-curl,262,990,-108
arms,biceps-curl,324,985,-143
arms,biceps-curl,369,958,-172
arms,biceps-curl,395,946,-208
arms,biceps-curl,412,919,-222
arms,biceps-curl,434,906,-212
arms,biceps-curl,464,904,-173
arms,biceps-curl,506,881,-229
arms,biceps-curl,537,844,-267
arms,biceps-curl,555,827,-272
arms,biceps-curl,576,819,-283
arms,biceps-curl,599,811,-268
arms,biceps-curl,623,783,-246
arms,biceps-curl,646,749,-254
arms,biceps-curl,675,731,-301
arms,biceps-curl,679,715,-315
arms,biceps-curl,676,695,-274
arms,biceps-curl,688,676,-260
arms,biceps-curl,716,660,-284
arms,biceps-curl,740,641,-292
arms,biceps-curl,759,617,-292
arms,biceps-curl,776,601,-292
arms,biceps-curl,776,582,-275
arms,biceps-curl,779,568,-266
arms,biceps-curl,796,550,-292
arms,biceps-curl,825,514,-303
arms,biceps-curl,843,499,-283
arms,biceps-curl,853,488,-277
arms,biceps-curl,871,481,-298
arms,biceps-curl,888,459,-302
arms,biceps-curl,890,446,-254
arms,biceps-curl,898,434,-248
arms,biceps-curl,906,416,-252
arms,biceps-curl,914,411,-259
arms,biceps-curl,920,391,-244
arms,biceps-curl,919,376,-256
arms,biceps-curl,914,336,-222
arms,biceps-curl,929,334,-255
arms,biceps-curl,938,319,-246
arms,biceps-curl,955,313,-229
arms,biceps-curl,985,320,-204
arms,biceps-curl,998,320,-255
arms,biceps-curl,968,312,-241
arms,biceps-curl,968,320,-264
arms,biceps-curl,952,360,-224
arms,biceps-curl,952,344,-255
arms,biceps-curl,944,359,-286
arms,biceps-curl,944,375,-273
arms,biceps-curl,951,369,-250
arms,biceps-curl,952,375,-248
arms,biceps-curl,959,376,-262
arms,biceps-curl,953,383,-230
arms,biceps-curl,959,411,-224
arms,biceps-curl,953,429,-250
arms,biceps-curl,946,470,-256
arms,biceps-curl,938,511,-262
arms,biceps-curl,918,538,-240
arms,biceps-curl,883,568,-261
arms,biceps-curl,866,605,-249
arms,biceps-curl,842,638,-229
arms,biceps-curl,821,680,-219
arms,biceps-curl,795,712,-211
arms,biceps-curl,774,740,-193
arms,biceps-curl,748,772,-164
arms,biceps-curl,722,789,-147
arms,biceps-curl,707,801,-121
arms,biceps-curl,691,821,-91
arms,biceps-curl,671,836,-76
arms,biceps-curl,652,844,-72
arms,biceps-curl,628,856,-56
arms,biceps-curl,601,864,-44
arms,biceps-curl,569,875,-37
arms,biceps-curl,534,892,-6
arms,biceps-curl,495,899,13
arms,biceps-curl,449,910,21
arms,biceps-curl,398,914,40
arms,biceps-curl,351,904,34
arms,biceps-curl,304,907,38
arms,biceps-curl,256,912,95
arms,biceps-curl,217,917,165
arms,biceps-curl,191,930,165
arms,biceps-curl,157,938,147
arms,biceps-curl,116,950,186
arms,biceps-curl,73,968,223
arms,biceps-curl,40,966,243
arms,biceps-curl,4,960,231
arms,biceps-curl,-23,961,263
arms,biceps-curl,-61,968,269
arms,biceps-curl,-92,968,341
arms,biceps-curl,-123,966,316
arms,biceps-curl,-148,953,280
arms,biceps-curl,-188,961,282
arms,biceps-curl,-241,967,306
arms,biceps-curl,-257,951,335
arms,biceps-curl,-304,904,312
arms,biceps-curl,-344,872,352
arms,biceps-curl,-383,825,305
arms,biceps-curl,-422,763,266
arms,biceps-curl,-431,723,242
arms,biceps-curl,-439,691,247
arms,biceps-curl,-440,667,277
arms,biceps-curl,-440,601,161
arms,biceps-curl,-433,565,117
arms,biceps-curl,-425,567,172
arms,biceps-curl,-411,594,230
arms,biceps-curl,-402,613,246
arms,biceps-curl,-406,591,198
arms,biceps-curl,-396,614,160
arms,biceps-curl,-380,677,234
arms,biceps-curl,-370,719,264
arms,biceps-curl,-374,739,225
arms,biceps-curl,-360,717,127
arms,biceps-curl,-331,736,146
arms,biceps-curl,-305,823,263
arms,biceps-curl,-286,874,238
arms,biceps-curl,-251,851,106
arms,biceps-curl,-204,869,29
arms,biceps-curl,-180,918,141
arms,biceps-curl,-150,945,171
arms,biceps-curl,-103,969,33
arms,biceps-curl,-64,980,-12
arms,biceps-curl,-25,976,1
arms,biceps-curl,26,991,-27
arms,biceps-curl,70,1019,-58
arms,biceps-curl,108,1022,-124
arms,biceps-curl,146,989,-190
arms,biceps-curl,169,972,-166
arms,biceps-curl,196,975,-147
arms,biceps-curl,235,952,-222
arms,biceps-curl,290,960,-261
arms,biceps-curl,333,944,-281
arms,biceps-curl,358,937,-269
arms,biceps-curl,398,916,-278
arms,biceps-curl,422,898,-274
arms,biceps-curl,444,871,-294
arms,biceps-curl,468,833,-344
arms,biceps-curl,515,805,-345
arms,biceps-curl,533,789,-348
arms,biceps-curl,565,772,-341
arms,biceps-curl,596,746,-417
arms,biceps-curl,627,704,-422
arms,biceps-curl,655,701,-402
arms,biceps-curl,651,669,-343
arms,biceps-curl,690,633,-338
arms,biceps-curl,728,655,-385
arms,biceps-curl,744,608,-416
arms,biceps-curl,760,600,-368
arms,biceps-curl,783,569,-368
arms,biceps-curl,814,560,-360
arms,biceps-curl,816,515,-353
arms,biceps-curl,816,505,-330
arms,biceps-curl,830,497,-307
arms,biceps-curl,853,468,-332
arms,biceps-curl,856,444,-350
arms,biceps-curl,876,413,-359
arms,biceps-curl,887,415,-327
arms,biceps-curl,894,416,-339
arms,biceps-curl,902,410,-325
arms,biceps-curl,916,390,-320
arms,biceps-curl,920,390,-291
arms,biceps-curl,926,375,-280
arms,biceps-curl,945,362,-297
arms,biceps-curl,957,360,-304
arms,biceps-curl,965,355,-278
arms,biceps-curl,963,347,-259
arms,biceps-curl,965,354,-266
arms,biceps-curl,958,360,-277
arms,biceps-curl,943,360,-285
arms,biceps-curl,936,360,-275
arms,biceps-curl,936,360,-307
arms,biceps-curl,936,360,-315
arms,biceps-curl,932,360,-288
arms,biceps-curl,932,356,-284
arms,biceps-curl,943,367,-287
arms,biceps-curl,956,398,-300
arms,biceps-curl,960,436,-294
arms,biceps-curl,960,477,-283
arms,biceps-curl,951,502,-300
arms,biceps-curl,927,521,-329
arms,biceps-curl,915,552,-349
arms,biceps-curl,915,587,-360
arms,biceps-curl,897,602,-355
arms,biceps-curl,875,638,-342
arms,biceps-curl,858,680,-328
arms,biceps-curl,828,710,-308
arms,biceps-curl,785,737,-309
arms,biceps-curl,755,773,-269
arms,biceps-curl,724,786,-260
arms,biceps-curl,667,769,-272
arms,biceps-curl,635,818,-232
arms,biceps-curl,605,832,-226
arms,biceps-curl,580,832,-183
arms,biceps-curl,538,831,-175
arms,biceps-curl,477,826,-158
arms,biceps-curl,439,849,-127
arms,biceps-curl,415,872,-112
arms,biceps-curl,392,888,-128
arms,biceps-curl,360,912,-120
arms,biceps-curl,306,881,-66
arms,biceps-curl,258,895,-79
arms,biceps-curl,204,918,-65
arms,biceps-curl,142,920,-42
arms,biceps-curl,86,913,10
arms,biceps-curl,45,877,16
arms,biceps-curl,13,892,64
arms,biceps-curl,-19,903,92
arms,biceps-curl,-37,911,96
arms,biceps-curl,-72,912,128
arms,biceps-curl,-111,924,167
arms,biceps-curl,-150,922,194
arms,biceps-curl,-189,914,235
arms,biceps-curl,-211,929,231
arms,biceps-curl,-244,936,252
arms,biceps-curl,-272,914,253
arms,biceps-curl,-312,920,264
arms,biceps-curl,-338,918,267
arms,biceps-curl,-369,872,279
arms,biceps-curl,-408,838,293
arms,biceps-curl,-429,809,227
arms,biceps-curl,-445,761,176
arms,biceps-curl,-465,714,185
arms,biceps-curl,-468,675,167
arms,biceps-curl,-460,652,160
arms,biceps-curl,-452,640,180
arms,biceps-curl,-444,639,173
arms,biceps-curl,-436,641,146
arms,biceps-curl,-422,649,145
arms,biceps-curl,-398,682,194
arms,biceps-curl,-387,711,217
arms,biceps-curl,-383,736,172
arms,biceps-curl,-360,739,125
arms,biceps-curl,-336,762,120
arms,biceps-curl,-313,815,174
arms,biceps-curl,-294,843,179
arms,biceps-curl,-275,836,58
arms,biceps-curl,-234,862,36
arms,biceps-curl,-207,911,35
arms,biceps-curl,-169,931,62
arms,biceps-curl,-137,918,12
arms,biceps-curl,-93,952,-49
arms,biceps-curl,-36,992,-91
arms,biceps-curl,-11,988,-67
arms,biceps-curl,28,965,-98
arms,biceps-curl,68,1007,-188
arms,biceps-curl,106,991,-230
arms,biceps-curl,139,977,-200
arms,biceps-curl,193,1000,-212
arms,biceps-curl,240,1008,-328
arms,biceps-curl,264,960,-280
arms,biceps-curl,264,960,-280
arms,biceps-curl,248,929,-288
arms,biceps-curl,278,936,-258
arms,biceps-curl,325,914,-316
arms,biceps-curl,350,905,-320
arms,biceps-curl,381,883,-349
arms,biceps-curl,433,880,-387
arms,biceps-curl,467,839,-358
arms,biceps-curl,485,845,-399
arms,biceps-curl,501,815,-441
arms,biceps-curl,498,770,-365
arms,biceps-curl,546,760,-369
arms,biceps-curl,584,748,-418
arms,biceps-curl,616,720,-426
arms,biceps-curl,635,689,-401
arms,biceps-curl,673,674,-398
arms,biceps-curl,688,667,-411
arms,biceps-curl,709,648,-395
arms,biceps-curl,725,625,-374
arms,biceps-curl,743,601,-383
arms,biceps-curl,752,582,-402
arms,biceps-curl,766,562,-380
arms,biceps-curl,776,539,-342
arms,biceps-curl,789,519,-341
arms,biceps-curl,808,495,-377
arms,biceps-curl,816,460,-376
arms,biceps-curl,828,436,-340
arms,biceps-curl,847,425,-317
arms,biceps-curl,867,412,-311
arms,biceps-curl,890,405,-327
arms,biceps-curl,914,390,-317
arms,biceps-curl,934,373,-297
arms,biceps-curl,953,362,-292
arms,biceps-curl,973,349,-267
arms,biceps-curl,989,344,-285
arms,biceps-curl,1005,344,-278
arms,biceps-curl,1016,346,-270
arms,biceps-curl,1008,354,-266
arms,biceps-curl,982,364,-274
arms,biceps-curl,972,374,-280
arms,biceps-curl,955,370,-277
arms,biceps-curl,933,377,-263
arms,biceps-curl,917,387,-259
arms,biceps-curl,904,400,-272
arms,biceps-curl,906,402,-272
arms,biceps-curl,921,419,-273
arms,biceps-curl,929,441,-280
arms,biceps-curl,936,450,-279
arms,biceps-curl,936,481,-272
arms,biceps-curl,936,505,-264
arms,biceps-curl,936,528,-280
arms,biceps-curl,944,552,-288
arms,biceps-curl,928,591,-272
arms,biceps-curl,905,622,-302
arms,biceps-curl,867,654,-297
arms,biceps-curl,835,678,-245
arms,biceps-curl,796,701,-219
arms,biceps-curl,785,711,-258
arms,biceps-curl,750,739,-223
arms,biceps-curl,724,757,-189
arms,biceps-curl,687,773,-184
arms,biceps-curl,661,795,-152
arms,biceps-curl,631,812,-132
arms,biceps-curl,594,828,-110
arms,biceps-curl,560,844,-92
arms,biceps-curl,523,859,-65
arms,biceps-curl,490,886,-45
arms,biceps-curl,448,891,-35
arms,biceps-curl,411,899,-16
arms,biceps-curl,375,914,2
arms,biceps-curl,335,920,18
arms,biceps-curl,296,920,29
arms,biceps-curl,257,925,55
arms,biceps-curl,222,941,72
arms,biceps-curl,173,939,102
arms,biceps-curl,132,936,136
arms,biceps-curl,104,944,156
arms,biceps-curl,69,936,172
arms,biceps-curl,33,928,180
arms,biceps-curl,-2,942,223
arms,biceps-curl,-34,950,272
arms,biceps-curl,-64,936,285
arms,biceps-curl,-94,924,295
arms,biceps-curl,-121,907,297
arms,biceps-curl,-163,907,342
arms,biceps-curl,-202,886,363
arms,biceps-curl,-247,866,354
arms,biceps-curl,-271,867,360
arms,biceps-curl,-299,850,354
arms,biceps-curl,-334,834,358
arms,biceps-curl,-357,831,410
arms,biceps-curl,-384,797,372
arms,biceps-curl,-417,777,407
arms,biceps-curl,-425,740,353
arms,biceps-curl,-433,720,287
arms,biceps-curl,-442,714,327
arms,biceps-curl,-457,671,317
arms,biceps-curl,-464,660,291
arms,biceps-curl,-464,624,244
arms,biceps-curl,-464,624,302
arms,biceps-curl,-456,624,265
arms,biceps-curl,-448,640,288
arms,biceps-curl,-424,664,232
arms,biceps-curl,-393,687,209
arms,biceps-curl,-384,703,276
arms,biceps-curl,-384,756,220
arms,biceps-curl,-369,760,245
arms,biceps-curl,-361,739,248
arms,biceps-curl,-346,736,290
arms,biceps-curl,-330,743,241
arms,biceps-curl,-275,837,185
arms,biceps-curl,-231,882,196
arms,biceps-curl,-180,863,117
arms,biceps-curl,-143,918,102
arms,biceps-curl,-130,972,158
arms,biceps-curl,-87,960,88
arms,biceps-curl,-55,975,22
arms,biceps-curl,-20,1001,41
arms,biceps-curl,24,1003,18
arms,biceps-curl,56,989,-21
arms,biceps-curl,100,994,-103
arms,biceps-curl,145,1000,-134
arms,biceps-curl,165,1000,-51
arms,biceps-curl,196,1009,-56
arms,biceps-curl,243,1016,-132
arms,biceps-curl,273,986,-164
arms,biceps-curl,301,943,-222
arms,biceps-curl,344,924,-272
arms,biceps-curl,376,916,-284
arms,biceps-curl,402,908,-314
arms,biceps-curl,435,897,-340
arms,biceps-curl,455,868,-320
arms,biceps-curl,480,834,-317
arms,biceps-curl,516,818,-351
arms,biceps-curl,542,802,-353
arms,biceps-curl,571,787,-379
arms,biceps-curl,611,771,-365
arms,biceps-curl,623,755,-358
arms,biceps-curl,645,739,-352
arms,biceps-curl,660,722,-363
arms,biceps-curl,676,700,-386
arms,biceps-curl,692,688,-370
arms,biceps-curl,706,681,-374
arms,biceps-curl,715,656,-362
arms,biceps-curl,729,648,-337
arms,biceps-curl,736,607,-343
arms,biceps-curl,736,600,-333
arms,biceps-curl,737,597,-309
arms,biceps-curl,747,564,-290
arms,biceps-curl,778,526,-314
arms,biceps-curl,801,504,-334
arms,biceps-curl,824,496,-287
arms,biceps-curl,832,496,-264
arms,biceps-curl,856,488,-304
arms,biceps-curl,864,472,-304
arms,biceps-curl,872,449,-274
arms,biceps-curl,887,426,-257
arms,biceps-curl,895,409,-263
arms,biceps-curl,917,394,-243
arms,biceps-curl,927,392,-261
arms,biceps-curl,935,385,-237
arms,biceps-curl,949,364,-219
arms,biceps-curl,972,360,-255
arms,biceps-curl,982,360,-245
arms,biceps-curl,990,372,-228
arms,biceps-curl,992,388,-236
arms,biceps-curl,980,398,-252
arms,biceps-curl,953,406,-262
arms,biceps-curl,933,397,-275
arms,biceps-curl,923,408,-264
arms,biceps-curl,915,416,-261
arms,biceps-curl,907,421,-264
arms,biceps-curl,899,424,-274
arms,biceps-curl,896,429,-275
arms,biceps-curl,901,437,-263
arms,biceps-curl,908,458,-260
arms,biceps-curl,921,481,-273
arms,biceps-curl,928,496,-268
arms,biceps-curl,928,520,-268
arms,biceps-curl,924,548,-276
arms,biceps-curl,902,578,-294
arms,biceps-curl,876,614,-309
arms,biceps-curl,862,642,-289
arms,biceps-curl,842,669,-286
arms,biceps-curl,820,697,-290
arms,biceps-curl,783,718,-263
arms,biceps-curl,744,736,-227
arms,biceps-curl,723,768,-219
arms,biceps-curl,700,802,-209
arms,biceps-curl,663,813,-171
arms,biceps-curl,629,824,-145
arms,biceps-curl,598,834,-108
arms,biceps-curl,583,868,-115
arms,biceps-curl,547,882,-86
arms,biceps-curl,518,889,-41
arms,biceps-curl,465,901,-9
arms,biceps-curl,428,928,-16
arms,biceps-curl,401,929,-10
arms,biceps-curl,349,939,35
arms,biceps-curl,316,968,65
arms,biceps-curl,276,966,78
arms,biceps-curl,214,945,49
arms,biceps-curl,167,960,64
arms,biceps-curl,136,968,48
arms,biceps-curl,80,944,0
arms,biceps-curl,80,944,0
arms,biceps-curl,18,944,124
arms,biceps-curl,-45,929,257
arms,biceps-curl,-26,928,145
arms,biceps-curl,-68,935,172
arms,biceps-curl,-122,922,212
arms,biceps-curl,-149,927,209
arms,biceps-curl,-166,921,222
arms,biceps-curl,-188,933,277
arms,biceps-curl,-205,923,268
arms,biceps-curl,-227,901,232
arms,biceps-curl,-275,896,230
arms,biceps-curl,-312,878,250
arms,biceps-curl,-344,843,203
arms,biceps-curl,-363,826,218
arms,biceps-curl,-396,807,204
arms,biceps-curl,-419,773,197
arms,biceps-curl,-450,723,205
arms,biceps-curl,-469,663,157
arms,biceps-curl,-467,640,143
arms,biceps-curl,-459,635,166
arms,biceps-curl,-451,637,185
arms,biceps-curl,-444,658,205
arms,biceps-curl,-444,685,238
arms,biceps-curl,-436,713,223
arms,biceps-curl,-424,740,176
arms,biceps-curl,-424,748,160
arms,biceps-curl,-424,751,160
arms,biceps-curl,-417,760,146
arms,biceps-curl,-398,777,138
arms,biceps-curl,-365,803,120
arms,biceps-curl,-324,829,81
arms,biceps-curl,-304,864,84
arms,biceps-curl,-293,872,56
arms,biceps-curl,-259,896,37
arms,biceps-curl,-222,907,49
arms,biceps-curl,-184,907,29
arms,biceps-curl,-133,925,-139
arms,biceps-curl,-102,904,-174
arms,biceps-curl,-83,937,-122
arms,biceps-curl,-32,971,-151
arms,biceps-curl,3,969,-259
arms,biceps-curl,21,911,-340
arms,biceps-curl,56,948,-311
arms,biceps-curl,108,966,-261
arms,biceps-curl,141,948,-310
arms,biceps-curl,186,911,-423
arms,biceps-curl,211,898,-413
arms,biceps-curl,251,920,-372
arms,biceps-curl,313,920,-450
arms,biceps-curl,344,904,-511
arms,biceps-curl,312,856,-425
arms,biceps-curl,359,856,-432
arms,biceps-curl,398,848,-447
arms,biceps-curl,430,818,-418
arms,biceps-curl,439,794,-452
arms,biceps-curl,440,749,-470
arms,biceps-curl,461,723,-465
arms,biceps-curl,498,713,-437
arms,biceps-curl,504,665,-492
arms,biceps-curl,537,656,-497
arms,biceps-curl,563,650,-471
arms,biceps-curl,580,654,-427
arms,biceps-curl,602,638,-404
arms,biceps-curl,637,632,-418
arms,biceps-curl,677,615,-458
arms,biceps-curl,710,591,-427
arms,biceps-curl,731,562,-408
arms,biceps-curl,747,531,-403
arms,biceps-curl,757,525,-415
arms,biceps-curl,775,503,-404
arms,biceps-curl,798,483,-382
arms,biceps-curl,822,466,-381
arms,biceps-curl,832,443,-362
arms,biceps-curl,845,423,-361
arms,biceps-curl,873,408,-368
arms,biceps-curl,896,396,-324
arms,biceps-curl,923,384,-303
arms,biceps-curl,948,369,-316
arms,biceps-curl,966,360,-308
arms,biceps-curl,991,357,-317
arms,biceps-curl,997,352,-320
arms,biceps-curl,986,349,-305
arms,biceps-curl,976,347,-311
arms,biceps-curl,973,355,-299
arms,biceps-curl,965,357,-307
arms,biceps-curl,955,357,-307
arms,biceps-curl,944,368,-298
arms,biceps-curl,942,364,-291
arms,biceps-curl,930,354,-264
arms,biceps-curl,916,356,-288
arms,biceps-curl,930,346,-295
arms,biceps-curl,936,352,-320
arms,biceps-curl,937,353,-319
arms,biceps-curl,944,362,-308
arms,biceps-curl,945,376,-289
arms,biceps-curl,954,378,-297
arms,biceps-curl,968,396,-308
arms,biceps-curl,967,435,-346
arms,biceps-curl,952,473,-374
arms,biceps-curl,944,497,-344
arms,biceps-curl,928,520,-360
arms,biceps-curl,888,536,-352
arms,biceps-curl,888,559,-298
arms,biceps-curl,896,598,-349
arms,biceps-curl,851,593,-389
arms,biceps-curl,841,621,-304
arms,biceps-curl,826,653,-282
arms,biceps-curl,782,698,-308
arms,biceps-curl,762,724,-278
arms,biceps-curl,740,761,-245
arms,biceps-curl,703,775,-260
arms,biceps-curl,677,808,-232
arms,biceps-curl,635,841,-218
arms,biceps-curl,588,866,-222
arms,biceps-curl,523,866,-177
arms,biceps-curl,470,870,-126
arms,biceps-curl,406,917,-79
arms,biceps-curl,368,947,-107
arms,biceps-curl,344,926,-123
arms,biceps-curl,305,922,-74
arms,biceps-curl,253,928,-53
arms,biceps-curl,199,904,-23
arms,biceps-curl,153,888,5
arms,biceps-curl,118,897,39
arms,biceps-curl,82,908,51
arms,biceps-curl,35,908,19
arms,biceps-curl,-4,920,48
arms,biceps-curl,-31,940,115
arms,biceps-curl,-55,951,147
arms,biceps-curl,-85,946,149
arms,biceps-curl,-125,938,136
arms,biceps-curl,-157,975,155
arms,biceps-curl,-176,996,205
arms,biceps-curl,-191,964,223
arms,biceps-curl,-235,936,192
arms,biceps-curl,-290,910,195
arms,biceps-curl,-355,881,222
arms,biceps-curl,-414,848,261
arms,biceps-curl,-416,793,219
arms,biceps-curl,-444,746,190
arms,biceps-curl,-456,717,199
arms,biceps-curl,-453,678,175
arms,biceps-curl,-441,663,187
arms,biceps-curl,-449,621,120
arms,biceps-curl,-455,609,87
arms,biceps-curl,-450,617,138
arms,biceps-curl,-463,626,212
arms,biceps-curl,-457,641,239
arms,biceps-curl,-464,658,148
arms,biceps-curl,-463,688,206
arms,biceps-curl,-448,697,168
arms,biceps-curl,-448,744,168
arms,biceps-curl,-440,752,144
arms,biceps-curl,-424,791,128
arms,biceps-curl,-378,754,98
arms,biceps-curl,-361,767,141
arms,biceps-curl,-338,797,144
arms,biceps-curl,-329,814,73
arms,biceps-curl,-286,851,78
arms,biceps-curl,-246,863,80
arms,biceps-curl,-200,831,47
arms,biceps-curl,-140,857,7
arms,biceps-curl,-90,889,-44
arms,biceps-curl,-61,939,-93
arms,biceps-curl,10,1012,-92
arms,biceps-curl,56,991,-147
arms,biceps-curl,81,982,-151
arms,biceps-curl,110,990,-239
arms,biceps-curl,147,987,-231
arms,biceps-curl,213,968,-229
arms,biceps-curl,276,935,-327
arms,biceps-curl,301,930,-351
arms,biceps-curl,328,907,-307
arms,biceps-curl,376,902,-311
arms,biceps-curl,418,899,-359
arms,biceps-curl,432,879,-380
arms,biceps-curl,453,855,-322
arms,biceps-curl,488,836,-316
arms,biceps-curl,542,805,-398
arms,biceps-curl,588,769,-418
arms,biceps-curl,596,749,-364
arms,biceps-curl,607,729,-335
arms,biceps-curl,651,730,-373
arms,biceps-curl,710,713,-404
arms,biceps-curl,717,655,-364
arms,biceps-curl,734,632,-339
arms,biceps-curl,776,613,-363
arms,biceps-curl,776,598,-351
arms,biceps-curl,783,569,-307
arms,biceps-curl,808,546,-300
arms,biceps-curl,836,526,-314
arms,biceps-curl,846,513,-327
arms,biceps-curl,850,493,-349
arms,biceps-curl,898,511,-330
arms,biceps-curl,949,507,-308
arms,biceps-curl,981,518,-330
arms,biceps-curl,1012,507,-343
arms,biceps-curl,1045,530,-333
arms,biceps-curl,1090,543,-305
arms,biceps-curl,1111,532,-324
arms,biceps-curl,1094,585,-380
arms,biceps-curl,1055,609,-313
arms,biceps-curl,1016,632,-344
arms,biceps-curl,960,640,-312
arms,biceps-curl,960,640,-312
arms,biceps-curl,929,671,-328
arms,biceps-curl,913,702,-381
arms,biceps-curl,882,637,-302
arms,biceps-curl,836,720,-347
arms,biceps-curl,782,721,-345
arms,biceps-curl,755,727,-302
arms,biceps-curl,697,742,-323
arms,biceps-curl,621,711,-328
arms,biceps-curl,582,691,-302
arms,biceps-curl,557,669,-353
arms,biceps-curl,527,639,-380
arms,biceps-curl,484,650,-342
arms,biceps-curl,431,644,-293
arms,biceps-curl,387,623,-286
arms,biceps-curl,359,560,-327
arms,biceps-curl,309,466,-312
arms,biceps-curl,267,479,-291
arms,biceps-curl,281,550,-324
arms,biceps-curl,316,616,-304
arms,biceps-curl,338,683,-261
arms,biceps-curl,353,675,-280
arms,biceps-curl,391,652,-335
arms,biceps-curl,420,656,-317
arms,biceps-curl,445,693,-259
arms,biceps-curl,484,752,-260
arms,biceps-curl,523,788,-365
arms,biceps-curl,551,800,-390
arms,biceps-curl,560,804,-298
arms,biceps-curl,570,825,-304
arms,biceps-curl,584,835,-346
arms,biceps-curl,581,819,-369
arms,biceps-curl,579,827,-387
arms,biceps-curl,573,832,-354
arms,biceps-curl,544,824,-285
arms,biceps-curl,528,801,-318
arms,biceps-curl,530,782,-373
arms,biceps-curl,532,778,-384
arms,biceps-curl,514,792,-366
arms,biceps-curl,496,818,-316
arms,biceps-curl,494,814,-338
arms,biceps-curl,488,775,-377
arms,biceps-curl,487,767,-379
arms,biceps-curl,480,764,-351
arms,biceps-curl,489,804,-365
arms,biceps-curl,547,925,-508
arms,biceps-curl,500,769,-460
arms,biceps-curl,463,783,-336
arms,biceps-curl,456,776,-338
arms,biceps-curl,449,768,-366
arms,biceps-curl,472,768,-288
arms,biceps-curl,496,736,-336
arms,biceps-curl,519,744,-344
arms,biceps-curl,505,729,-352
arms,biceps-curl,511,713,-337
arms,biceps-curl,512,748,-424
arms,biceps-curl,526,759,-503
arms,biceps-curl,528,760,-449
arms,biceps-curl,535,746,-467
arms,biceps-curl,523,731,-452
arms,biceps-curl,520,702,-435
arms,biceps-curl,520,702,-451
arms,biceps-curl,539,710,-462
arms,biceps-curl,592,736,-524
arms,biceps-curl,667,762,-568
arms,biceps-curl,734,728,-502
arms,biceps-curl,774,701,-416
arms,biceps-curl,795,707,-408
arms,biceps-curl,811,707,-421
arms,biceps-curl,801,709,-404
arms,biceps-curl,777,687,-456
arms,biceps-curl,749,629,-592
arms,biceps-curl,676,568,-628
arms,biceps-curl,560,544,-545
arms,biceps-curl,452,604,-518
arms,biceps-curl,383,693,-607
arms,biceps-curl,332,704,-752
arms,biceps-curl,285,638,-859
arms,biceps-curl,235,566,-855
arms,biceps-curl,207,483,-837
arms,biceps-curl,223,365,-820
arms,biceps-curl,245,280,-744
arms,biceps-curl,270,228,-775
arms,biceps-curl,289,155,-890
arms,biceps-curl,304,71,-941
arms,biceps-curl,304,5,-934
arms,biceps-curl,309,12,-891
arms,biceps-curl,315,29,-862
arms,biceps-curl,308,-11,-808
arms,biceps-curl,318,-48,-794
arms,biceps-curl,314,-70,-831
arms,biceps-curl,328,-62,-856
arms,biceps-curl,353,-56,-852
arms,biceps-curl,316,-56,-827
arms,biceps-curl,304,-54,-806
arms,biceps-curl,351,-42,-841
arms,biceps-curl,345,-54,-852
arms,biceps-curl,351,-40,-892
arms,biceps-curl,342,-40,-934
arms,biceps-curl,318,-40,-909
arms,biceps-curl,279,-41,-856
arms,biceps-curl,240,-64,-864
