shoulders,lateral-raise,-1376,432,136
shoulders,lateral-raise,-1407,455,159
shoulders,lateral-raise,-1438,410,137
shoulders,lateral-raise,-1477,386,69
shoulders,lateral-raise,-1458,289,49
shoulders,lateral-raise,-1449,187,-23
shoulders,lateral-raise,-1448,155,-11
shoulders,lateral-raise,-1428,200,-83
shoulders,lateral-raise,-1384,201,-89
shoulders,lateral-raise,-1343,180,-121
shoulders,lateral-raise,-1304,144,-141
shoulders,lateral-raise,-1308,117,-218
shoulders,lateral-raise,-1330,142,-240
shoulders,lateral-raise,-1354,211,-358
shoulders,lateral-raise,-1337,232,-377
shoulders,lateral-raise,-1295,282,-168
shoulders,lateral-raise,-1199,569,-4
shoulders,lateral-raise,-1118,685,-162
shoulders,lateral-raise,-1106,486,-167
shoulders,lateral-raise,-1344,248,184
shoulders,lateral-raise,-1507,111,296
shoulders,lateral-raise,-1589,67,81
shoulders,lateral-raise,-1698,82,-165
shoulders,lateral-raise,-1701,148,-217
shoulders,lateral-raise,-1639,263,-14
shoulders,lateral-raise,-1580,332,76
shoulders,lateral-raise,-1509,351,20
shoulders,lateral-raise,-1454,335,31
shoulders,lateral-raise,-1443,268,61
shoulders,lateral-raise,-1449,205,71
shoulders,lateral-raise,-1417,178,38
shoulders,lateral-raise,-1390,164,-7
shoulders,lateral-raise,-1388,117,-50
shoulders,lateral-raise,-1365,98,-43
shoulders,lateral-raise,-1337,80,-45
shoulders,lateral-raise,-1264,91,-16
shoulders,lateral-raise,-1185,91,35
shoulders,lateral-raise,-1107,141,-82
shoulders,lateral-raise,-875,312,-286
shoulders,lateral-raise,-436,523,-86
shoulders,lateral-raise,-764,97,-276
shoulders,lateral-raise,-772,173,0
shoulders,lateral-raise,-617,-33,-69
shoulders,lateral-raise,-612,35,-65
shoulders,lateral-raise,-543,16,-98
shoulders,lateral-raise,-532,75,58
shoulders,lateral-raise,-496,104,64
shoulders,lateral-raise,-496,106,-18
shoulders,lateral-raise,-496,139,-39
shoulders,lateral-raise,-496,192,-16
shoulders,lateral-raise,-496,184,0
shoulders,lateral-raise,-528,144,-32
shoulders,lateral-raise,-551,97,-79
shoulders,lateral-raise,-605,104,-27
shoulders,lateral-raise,-653,104,-69
shoulders,lateral-raise,-692,119,-94
shoulders,lateral-raise,-725,113,-139
shoulders,lateral-raise,-763,133,-88
shoulders,lateral-raise,-795,143,-80
shoulders,lateral-raise,-827,137,-107
shoulders,lateral-raise,-839,169,-60
shoulders,lateral-raise,-846,176,-92
shoulders,lateral-raise,-860,151,-98
shoulders,lateral-raise,-864,138,-120
shoulders,lateral-raise,-870,142,-140
shoulders,lateral-raise,-889,161,-110
shoulders,lateral-raise,-885,168,-146
shoulders,lateral-raise,-880,146,-244
shoulders,lateral-raise,-922,141,-406
shoulders,lateral-raise,-1026,134,-477
shoulders,lateral-raise,-1087,133,-495
shoulders,lateral-raise,-1120,150,-662
shoulders,lateral-raise,-1178,109,-865
shoulders,lateral-raise,-1221,63,-860
shoulders,lateral-raise,-1245,73,-843
shoulders,lateral-raise,-1264,71,-888
shoulders,lateral-raise,-1276,100,-872
shoulders,lateral-raise,-1288,121,-833
shoulders,lateral-raise,-1307,111,-809
shoulders,lateral-raise,-1331,121,-786
shoulders,lateral-raise,-1341,132,-741
shoulders,lateral-raise,-1330,154,-727
shoulders,lateral-raise,-1311,150,-751
shoulders,lateral-raise,-1290,160,-742
shoulders,lateral-raise,-1255,160,-738
shoulders,lateral-raise,-1187,170,-722
shoulders,lateral-raise,-1127,177,-734
shoulders,lateral-raise,-1070,149,-737
shoulders,lateral-raise,-1005,164,-798
shoulders,lateral-raise,-930,158,-788
shoulders,lateral-raise,-853,111,-778
shoulders,lateral-raise,-803,143,-781
shoulders,lateral-raise,-737,161,-752
shoulders,lateral-raise,-661,125,-683
shoulders,lateral-raise,-592,111,-700
shoulders,lateral-raise,-495,106,-729
shoulders,lateral-raise,-480,117,-783
shoulders,lateral-raise,-406,89,-707
shoulders,lateral-raise,-300,101,-663
shoulders,lateral-raise,-238,64,-750
shoulders,lateral-raise,-198,63,-720
shoulders,lateral-raise,-144,16,-712
shoulders,lateral-raise,-88,0,-680
shoulders,lateral-raise,-88,0,-680
shoulders,lateral-raise,-49,8,-618
shoulders,lateral-raise,-18,0,-563
shoulders,lateral-raise,29,15,-553
shoulders,lateral-raise,90,16,-567
shoulders,lateral-raise,125,-55,-511
shoulders,lateral-raise,156,-15,-518
shoulders,lateral-raise,201,-42,-479
shoulders,lateral-raise,221,-88,-512
shoulders,lateral-raise,276,-96,-494
shoulders,lateral-raise,326,-58,-437
shoulders,lateral-raise,355,-60,-430
shoulders,lateral-raise,366,-70,-498
shoulders,lateral-raise,415,-60,-479
shoulders,lateral-raise,455,-73,-430
shoulders,lateral-raise,442,-69,-455
shoulders,lateral-raise,459,-59,-483
shoulders,lateral-raise,483,-82,-456
shoulders,lateral-raise,488,-91,-481
shoulders,lateral-raise,498,-68,-539
shoulders,lateral-raise,494,-75,-555
shoulders,lateral-raise,502,-74,-547
shoulders,lateral-raise,499,-91,-557
shoulders,lateral-raise,479,-86,-564
shoulders,lateral-raise,464,-72,-572
shoulders,lateral-raise,448,-72,-612
shoulders,lateral-raise,436,-49,-636
shoulders,lateral-raise,414,-36,-647
shoulders,lateral-raise,378,-44,-646
shoulders,lateral-raise,357,-38,-634
shoulders,lateral-raise,329,-21,-677
shoulders,lateral-raise,290,-16,-720
shoulders,lateral-raise,274,-13,-720
shoulders,lateral-raise,256,-8,-704
shoulders,lateral-raise,227,8,-711
shoulders,lateral-raise,185,45,-821
shoulders,lateral-raise,136,56,-877
shoulders,lateral-raise,85,58,-854
shoulders,lateral-raise,50,66,-872
shoulders,lateral-raise,23,77,-868
shoulders,lateral-raise,-18,101,-848
shoulders,lateral-raise,-62,119,-826
shoulders,lateral-raise,-91,112,-860
shoulders,lateral-raise,-115,108,-807
shoulders,lateral-raise,-181,90,-862
shoulders,lateral-raise,-218,106,-946
shoulders,lateral-raise,-237,120,-834
shoulders,lateral-raise,-292,123,-855
shoulders,lateral-raise,-347,161,-838
shoulders,lateral-raise,-401,176,-795
shoulders,lateral-raise,-448,176,-904
shoulders,lateral-raise,-496,160,-952
shoulders,lateral-raise,-519,207,-905
shoulders,lateral-raise,-604,193,-965
shoulders,lateral-raise,-623,207,-841
shoulders,lateral-raise,-653,223,-817
shoulders,lateral-raise,-699,195,-809
shoulders,lateral-raise,-739,206,-843
shoulders,lateral-raise,-764,188,-882
shoulders,lateral-raise,-775,211,-868
shoulders,lateral-raise,-796,223,-812
shoulders,lateral-raise,-800,211,-781
shoulders,lateral-raise,-831,208,-819
shoulders,lateral-raise,-870,202,-772
shoulders,lateral-raise,-886,206,-781
shoulders,lateral-raise,-911,219,-763
shoulders,lateral-raise,-914,213,-741
shoulders,lateral-raise,-934,203,-736
shoulders,lateral-raise,-944,205,-657
shoulders,lateral-raise,-964,208,-626
shoulders,lateral-raise,-971,208,-667
shoulders,lateral-raise,-973,198,-635
shoulders,lateral-raise,-981,187,-595
shoulders,lateral-raise,-980,175,-561
shoulders,lateral-raise,-972,181,-506
shoulders,lateral-raise,-960,204,-517
shoulders,lateral-raise,-956,224,-508
shoulders,lateral-raise,-960,232,-456
shoulders,lateral-raise,-953,210,-481
shoulders,lateral-raise,-948,195,-471
shoulders,lateral-raise,-952,208,-398
shoulders,lateral-raise,-955,214,-400
shoulders,lateral-raise,-960,233,-421
shoulders,lateral-raise,-960,248,-416
shoulders,lateral-raise,-960,240,-397
shoulders,lateral-raise,-952,224,-350
shoulders,lateral-raise,-938,224,-338
shoulders,lateral-raise,-939,226,-367
shoulders,lateral-raise,-934,234,-371
shoulders,lateral-raise,-948,234,-344
shoulders,lateral-raise,-940,212,-395
shoulders,lateral-raise,-952,192,-506
shoulders,lateral-raise,-955,163,-563
shoulders,lateral-raise,-980,181,-527
shoulders,lateral-raise,-1046,204,-659
shoulders,lateral-raise,-1088,186,-770
shoulders,lateral-raise,-1145,197,-772
shoulders,lateral-raise,-1153,176,-693
shoulders,lateral-raise,-1158,172,-910
shoulders,lateral-raise,-1127,123,-877
shoulders,lateral-raise,-1113,176,-819
shoulders,lateral-raise,-1144,160,-912
shoulders,lateral-raise,-1184,192,-776
shoulders,lateral-raise,-1262,145,-823
shoulders,lateral-raise,-1294,190,-771
shoulders,lateral-raise,-1356,199,-805
shoulders,lateral-raise,-1309,222,-793
shoulders,lateral-raise,-1290,217,-735
shoulders,lateral-raise,-1260,223,-749
shoulders,lateral-raise,-1167,224,-759
shoulders,lateral-raise,-1125,237,-840
shoulders,lateral-raise,-1061,220,-817
shoulders,lateral-raise,-984,172,-840
shoulders,lateral-raise,-937,166,-780
shoulders,lateral-raise,-856,168,-663
shoulders,lateral-raise,-779,162,-726
shoulders,lateral-raise,-703,143,-749
shoulders,lateral-raise,-635,108,-733
shoulders,lateral-raise,-594,47,-777
shoulders,lateral-raise,-558,-18,-795
shoulders,lateral-raise,-478,26,-634
shoulders,lateral-raise,-420,59,-584
shoulders,lateral-raise,-375,46,-675
shoulders,lateral-raise,-315,12,-688
shoulders,lateral-raise,-248,-8,-691
shoulders,lateral-raise,-173,-25,-734
shoulders,lateral-raise,-99,-61,-719
shoulders,lateral-raise,-36,-60,-632
shoulders,lateral-raise,23,-55,-588
shoulders,lateral-raise,74,-65,-559
shoulders,lateral-raise,128,-35,-561
shoulders,lateral-raise,175,-38,-634
shoulders,lateral-raise,190,-96,-648
shoulders,lateral-raise,231,-102,-605
shoulders,lateral-raise,292,-81,-527
shoulders,lateral-raise,317,-107,-490
shoulders,lateral-raise,333,-102,-451
shoulders,lateral-raise,344,-63,-475
shoulders,lateral-raise,355,-110,-472
shoulders,lateral-raise,395,-125,-380
shoulders,lateral-raise,434,-99,-472
shoulders,lateral-raise,464,-171,-497
shoulders,lateral-raise,461,-126,-423
shoulders,lateral-raise,455,-117,-451
shoulders,lateral-raise,489,-108,-463
shoulders,lateral-raise,497,-130,-458
shoulders,lateral-raise,505,-138,-468
shoulders,lateral-raise,512,-103,-443
shoulders,lateral-raise,510,-161,-475
shoulders,lateral-raise,488,-165,-508
shoulders,lateral-raise,488,-130,-560
shoulders,lateral-raise,488,-161,-565
shoulders,lateral-raise,488,-184,-481
shoulders,lateral-raise,472,-152,-567
shoulders,lateral-raise,441,-152,-615
shoulders,lateral-raise,394,-160,-593
shoulders,lateral-raise,377,-160,-585
shoulders,lateral-raise,340,-153,-657
shoulders,lateral-raise,257,-138,-728
shoulders,lateral-raise,206,-129,-715
shoulders,lateral-raise,145,-108,-712
shoulders,lateral-raise,96,-64,-665
shoulders,lateral-raise,29,-63,-708
shoulders,lateral-raise,-28,-102,-745
shoulders,lateral-raise,-59,-87,-845
shoulders,lateral-raise,-58,-74,-842
shoulders,lateral-raise,-74,-37,-850
shoulders,lateral-raise,-109,-41,-845
shoulders,lateral-raise,-159,-15,-818
shoulders,lateral-raise,-208,-5,-824
shoulders,lateral-raise,-277,3,-906
shoulders,lateral-raise,-350,18,-908
shoulders,lateral-raise,-401,39,-878
shoulders,lateral-raise,-445,43,-929
shoulders,lateral-raise,-510,63,-945
shoulders,lateral-raise,-544,102,-946
shoulders,lateral-raise,-574,120,-995
shoulders,lateral-raise,-604,124,-991
shoulders,lateral-raise,-632,152,-976
shoulders,lateral-raise,-664,168,-950
shoulders,lateral-raise,-705,175,-893
shoulders,lateral-raise,-755,196,-926
shoulders,lateral-raise,-795,200,-954
shoulders,lateral-raise,-832,200,-867
shoulders,lateral-raise,-853,203,-812
shoulders,lateral-raise,-894,225,-835
shoulders,lateral-raise,-904,251,-845
shoulders,lateral-raise,-899,243,-825
shoulders,lateral-raise,-893,253,-755
shoulders,lateral-raise,-902,264,-739
shoulders,lateral-raise,-892,270,-741
shoulders,lateral-raise,-886,286,-754
shoulders,lateral-raise,-904,275,-677
shoulders,lateral-raise,-904,261,-619
shoulders,lateral-raise,-905,283,-563
shoulders,lateral-raise,-912,295,-672
shoulders,lateral-raise,-914,287,-613
shoulders,lateral-raise,-927,281,-503
shoulders,lateral-raise,-923,290,-499
shoulders,lateral-raise,-943,303,-527
shoulders,lateral-raise,-927,287,-510
shoulders,lateral-raise,-913,273,-478
shoulders,lateral-raise,-928,296,-440
shoulders,lateral-raise,-920,304,-424
shoulders,lateral-raise,-920,304,-408
shoulders,lateral-raise,-920,281,-455
shoulders,lateral-raise,-935,272,-433
shoulders,lateral-raise,-914,257,-320
shoulders,lateral-raise,-934,285,-363
shoulders,lateral-raise,-943,274,-311
shoulders,lateral-raise,-930,265,-318
shoulders,lateral-raise,-921,264,-279
shoulders,lateral-raise,-947,264,-259
shoulders,lateral-raise,-945,271,-236
shoulders,lateral-raise,-938,247,-283
shoulders,lateral-raise,-948,240,-284
shoulders,lateral-raise,-964,216,-280
shoulders,lateral-raise,-962,179,-292
shoulders,lateral-raise,-977,174,-445
shoulders,lateral-raise,-1006,209,-432
shoulders,lateral-raise,-1021,219,-497
shoulders,lateral-raise,-1045,195,-665
shoulders,lateral-raise,-1076,174,-733
shoulders,lateral-raise,-1098,158,-766
shoulders,lateral-raise,-1114,138,-822
shoulders,lateral-raise,-1129,133,-853
shoulders,lateral-raise,-1136,136,-793
shoulders,lateral-raise,-1145,140,-791
shoulders,lateral-raise,-1169,152,-828
shoulders,lateral-raise,-1184,156,-772
shoulders,lateral-raise,-1215,156,-770
shoulders,lateral-raise,-1259,175,-820
shoulders,lateral-raise,-1290,185,-805
shoulders,lateral-raise,-1309,183,-826
shoulders,lateral-raise,-1307,202,-811
shoulders,lateral-raise,-1297,216,-732
shoulders,lateral-raise,-1260,210,-775
shoulders,lateral-raise,-1226,203,-808
shoulders,lateral-raise,-1182,211,-776
shoulders,lateral-raise,-1125,197,-778
shoulders,lateral-raise,-1057,147,-851
shoulders,lateral-raise,-981,136,-817
shoulders,lateral-raise,-910,146,-754
shoulders,lateral-raise,-834,165,-764
shoulders,lateral-raise,-747,121,-755
shoulders,lateral-raise,-680,93,-675
shoulders,lateral-raise,-595,76,-708
shoulders,lateral-raise,-515,58,-790
shoulders,lateral-raise,-430,70,-686
shoulders,lateral-raise,-351,53,-670
shoulders,lateral-raise,-266,31,-658
shoulders,lateral-raise,-204,22,-679
shoulders,lateral-raise,-141,-2,-665
shoulders,lateral-raise,-86,-31,-684
shoulders,lateral-raise,-8,-1,-568
shoulders,lateral-raise,32,-55,-560
shoulders,lateral-raise,71,-33,-506
shoulders,lateral-raise,87,-47,-496
shoulders,lateral-raise,140,-48,-466
shoulders,lateral-raise,166,-92,-530
shoulders,lateral-raise,218,-110,-479
shoulders,lateral-raise,266,-84,-346
shoulders,lateral-raise,286,-100,-396
shoulders,lateral-raise,288,-117,-408
shoulders,lateral-raise,327,-127,-434
shoulders,lateral-raise,355,-147,-440
shoulders,lateral-raise,372,-177,-477
shoulders,lateral-raise,394,-178,-452
shoulders,lateral-raise,441,-188,-452
shoulders,lateral-raise,462,-209,-508
shoulders,lateral-raise,464,-233,-545
shoulders,lateral-raise,469,-229,-579
shoulders,lateral-raise,472,-250,-608
shoulders,lateral-raise,457,-274,-585
shoulders,lateral-raise,463,-240,-543
shoulders,lateral-raise,443,-230,-585
shoulders,lateral-raise,405,-240,-601
shoulders,lateral-raise,383,-222,-571
shoulders,lateral-raise,372,-217,-599
shoulders,lateral-raise,364,-220,-649
shoulders,lateral-raise,340,-212,-664
shoulders,lateral-raise,305,-196,-645
shoulders,lateral-raise,277,-180,-617
shoulders,lateral-raise,257,-169,-643
shoulders,lateral-raise,231,-163,-712
shoulders,lateral-raise,202,-152,-734
shoulders,lateral-raise,192,-137,-723
shoulders,lateral-raise,175,-146,-777
shoulders,lateral-raise,136,-128,-834
shoulders,lateral-raise,104,-112,-779
shoulders,lateral-raise,55,-110,-789
shoulders,lateral-raise,0,-95,-816
shoulders,lateral-raise,-57,-78,-845
shoulders,lateral-raise,-120,-92,-808
shoulders,lateral-raise,-170,-76,-806
shoulders,lateral-raise,-192,-59,-883
shoulders,lateral-raise,-263,-36,-902
shoulders,lateral-raise,-299,-16,-921
shoulders,lateral-raise,-323,-15,-886
shoulders,lateral-raise,-389,-6,-873
shoulders,lateral-raise,-429,8,-891
shoulders,lateral-raise,-473,9,-983
shoulders,lateral-raise,-481,29,-972
shoulders,lateral-raise,-491,106,-910
shoulders,lateral-raise,-552,135,-864
shoulders,lateral-raise,-568,112,-864
shoulders,lateral-raise,-632,152,-936
shoulders,lateral-raise,-632,152,-936
shoulders,lateral-raise,-725,168,-936
shoulders,lateral-raise,-720,153,-799
shoulders,lateral-raise,-765,145,-829
shoulders,lateral-raise,-768,159,-912
shoulders,lateral-raise,-804,153,-863
shoulders,lateral-raise,-801,180,-800
shoulders,lateral-raise,-793,150,-737
shoulders,lateral-raise,-839,137,-715
shoulders,lateral-raise,-874,143,-777
shoulders,lateral-raise,-880,131,-792
shoulders,lateral-raise,-886,147,-687
shoulders,lateral-raise,-900,164,-704
shoulders,lateral-raise,-916,162,-691
shoulders,lateral-raise,-926,171,-669
shoulders,lateral-raise,-967,176,-631
shoulders,lateral-raise,-989,171,-584
shoulders,lateral-raise,-997,168,-584
shoulders,lateral-raise,-1010,168,-546
shoulders,lateral-raise,-991,168,-525
shoulders,lateral-raise,-986,168,-566
shoulders,lateral-raise,-983,173,-513
shoulders,lateral-raise,-989,176,-456
shoulders,lateral-raise,-991,176,-473
shoulders,lateral-raise,-976,176,-451
shoulders,lateral-raise,-976,192,-400
shoulders,lateral-raise,-992,208,-407
shoulders,lateral-raise,-996,201,-388
shoulders,lateral-raise,-985,188,-347
shoulders,lateral-raise,-976,184,-336
shoulders,lateral-raise,-976,194,-317
shoulders,lateral-raise,-973,199,-315
shoulders,lateral-raise,-971,187,-274
shoulders,lateral-raise,-973,195,-259
shoulders,lateral-raise,-976,208,-240
shoulders,lateral-raise,-985,222,-236
shoulders,lateral-raise,-968,211,-275
shoulders,lateral-raise,-968,198,-285
shoulders,lateral-raise,-968,190,-242
shoulders,lateral-raise,-970,180,-276
shoulders,lateral-raise,-976,176,-288
shoulders,lateral-raise,-975,209,-304
shoulders,lateral-raise,-968,209,-409
shoulders,lateral-raise,-973,177,-556
shoulders,lateral-raise,-1004,193,-437
shoulders,lateral-raise,-1041,256,-453
shoulders,lateral-raise,-1123,253,-760
shoulders,lateral-raise,-1156,223,-752
shoulders,lateral-raise,-1209,216,-653
shoulders,lateral-raise,-1224,207,-763
shoulders,lateral-raise,-1224,176,-864
shoulders,lateral-raise,-1192,208,-840
shoulders,lateral-raise,-1208,231,-832
shoulders,lateral-raise,-1254,232,-847
shoulders,lateral-raise,-1278,247,-759
shoulders,lateral-raise,-1324,233,-767
shoulders,lateral-raise,-1349,253,-704
shoulders,lateral-raise,-1380,284,-717
shoulders,lateral-raise,-1384,308,-740
shoulders,lateral-raise,-1371,305,-777
shoulders,lateral-raise,-1316,278,-680
shoulders,lateral-raise,-1266,259,-720
shoulders,lateral-raise,-1194,262,-730
shoulders,lateral-raise,-1140,234,-764
shoulders,lateral-raise,-1075,218,-700
shoulders,lateral-raise,-987,205,-752
shoulders,lateral-raise,-910,183,-806
shoulders,lateral-raise,-823,181,-686
shoulders,lateral-raise,-708,189,-571
shoulders,lateral-raise,-618,167,-666
shoulders,lateral-raise,-543,157,-706
shoulders,lateral-raise,-455,127,-659
shoulders,lateral-raise,-388,85,-677
shoulders,lateral-raise,-314,63,-673
shoulders,lateral-raise,-255,47,-622
shoulders,lateral-raise,-198,44,-588
shoulders,lateral-raise,-124,40,-580
shoulders,lateral-raise,-69,9,-561
shoulders,lateral-raise,-11,-12,-518
shoulders,lateral-raise,67,-19,-514
shoulders,lateral-raise,119,-45,-539
shoulders,lateral-raise,138,-58,-505
shoulders,lateral-raise,164,-45,-463
shoulders,lateral-raise,196,-55,-473
shoulders,lateral-raise,227,-96,-448
shoulders,lateral-raise,256,-120,-456
shoulders,lateral-raise,277,-111,-489
shoulders,lateral-raise,288,-133,-514
shoulders,lateral-raise,296,-144,-478
shoulders,lateral-raise,328,-146,-478
shoulders,lateral-raise,348,-156,-518
shoulders,lateral-raise,344,-171,-580
shoulders,lateral-raise,380,-177,-533
shoulders,lateral-raise,396,-148,-525
shoulders,lateral-raise,382,-166,-551
shoulders,lateral-raise,416,-159,-555
shoulders,lateral-raise,417,-207,-633
shoulders,lateral-raise,428,-196,-644
shoulders,lateral-raise,463,-163,-685
shoulders,lateral-raise,456,-200,-646
shoulders,lateral-raise,447,-191,-609
shoulders,lateral-raise,408,-168,-648
shoulders,lateral-raise,392,-160,-592
shoulders,lateral-raise,345,-168,-631
shoulders,lateral-raise,344,-130,-632
shoulders,lateral-raise,314,-135,-699
shoulders,lateral-raise,283,-136,-602
shoulders,lateral-raise,230,-129,-592
shoulders,lateral-raise,189,-107,-641
shoulders,lateral-raise,184,-118,-634
shoulders,lateral-raise,151,-93,-652
shoulders,lateral-raise,144,-101,-708
shoulders,lateral-raise,100,-85,-752
shoulders,lateral-raise,69,-43,-735
shoulders,lateral-raise,16,-14,-716
shoulders,lateral-raise,-41,-8,-771
shoulders,lateral-raise,-79,-25,-786
shoulders,lateral-raise,-116,-15,-784
shoulders,lateral-raise,-139,19,-849
shoulders,lateral-raise,-176,16,-891
shoulders,lateral-raise,-228,33,-906
shoulders,lateral-raise,-263,63,-917
shoulders,lateral-raise,-301,67,-891
shoulders,lateral-raise,-376,64,-867
shoulders,lateral-raise,-425,68,-877
shoulders,lateral-raise,-467,94,-897
shoulders,lateral-raise,-513,120,-842
shoulders,lateral-raise,-564,128,-824
shoulders,lateral-raise,-619,128,-852
shoulders,lateral-raise,-662,139,-822
shoulders,lateral-raise,-709,163,-864
shoulders,lateral-raise,-760,166,-957
shoulders,lateral-raise,-786,175,-873
shoulders,lateral-raise,-797,217,-775
shoulders,lateral-raise,-841,229,-849
shoulders,lateral-raise,-859,238,-824
shoulders,lateral-raise,-877,272,-806
shoulders,lateral-raise,-914,281,-783
shoulders,lateral-raise,-943,269,-800
shoulders,lateral-raise,-960,282,-745
shoulders,lateral-raise,-960,286,-710
shoulders,lateral-raise,-958,285,-721
shoulders,lateral-raise,-952,304,-675
shoulders,lateral-raise,-948,305,-598
shoulders,lateral-raise,-935,313,-613
shoulders,lateral-raise,-968,319,-548
shoulders,lateral-raise,-966,310,-487
shoulders,lateral-raise,-953,299,-532
shoulders,lateral-raise,-959,321,-498
shoulders,lateral-raise,-951,327,-513
shoulders,lateral-raise,-945,310,-416
shoulders,lateral-raise,-960,281,-415
shoulders,lateral-raise,-952,312,-392
shoulders,lateral-raise,-960,336,-384
shoulders,lateral-raise,-952,336,-407
shoulders,lateral-raise,-944,344,-340
shoulders,lateral-raise,-929,329,-343
shoulders,lateral-raise,-972,328,-315
shoulders,lateral-raise,-976,314,-255
shoulders,lateral-raise,-990,319,-227
shoulders,lateral-raise,-992,320,-265
shoulders,lateral-raise,-985,320,-245
shoulders,lateral-raise,-971,307,-220
shoulders,lateral-raise,-962,304,-241
shoulders,lateral-raise,-960,304,-211
shoulders,lateral-raise,-954,292,-194
shoulders,lateral-raise,-958,282,-180
shoulders,lateral-raise,-960,280,-142
shoulders,lateral-raise,-949,274,-161
shoulders,lateral-raise,-939,288,-160
shoulders,lateral-raise,-925,296,-157
shoulders,lateral-raise,-915,291,-196
shoulders,lateral-raise,-912,278,-236
shoulders,lateral-raise,-922,272,-277
shoulders,lateral-raise,-914,263,-333
shoulders,lateral-raise,-931,256,-391
shoulders,lateral-raise,-974,269,-399
shoulders,lateral-raise,-1038,284,-471
shoulders,lateral-raise,-1096,284,-576
shoulders,lateral-raise,-1131,284,-619
shoulders,lateral-raise,-1178,273,-681
shoulders,lateral-raise,-1201,263,-746
shoulders,lateral-raise,-1199,272,-768
shoulders,lateral-raise,-1214,259,-745
shoulders,lateral-raise,-1224,249,-724
shoulders,lateral-raise,-1239,258,-764
shoulders,lateral-raise,-1272,253,-797
shoulders,lateral-raise,-1311,269,-787
shoulders,lateral-raise,-1367,280,-793
shoulders,lateral-raise,-1384,287,-793
shoulders,lateral-raise,-1384,298,-692
shoulders,lateral-raise,-1374,280,-678
shoulders,lateral-raise,-1328,278,-685
shoulders,lateral-raise,-1262,270,-733
shoulders,lateral-raise,-1217,265,-746
shoulders,lateral-raise,-1177,267,-715
shoulders,lateral-raise,-1131,236,-690
shoulders,lateral-raise,-1049,212,-707
shoulders,lateral-raise,-990,189,-725
shoulders,lateral-raise,-899,231,-694
shoulders,lateral-raise,-840,221,-671
shoulders,lateral-raise,-734,174,-655
shoulders,lateral-raise,-686,143,-631
shoulders,lateral-raise,-616,104,-584
shoulders,lateral-raise,-536,96,-592
shoulders,lateral-raise,-536,96,-592
shoulders,lateral-raise,-427,88,-654
shoulders,lateral-raise,-340,42,-702
shoulders,lateral-raise,-261,10,-659
shoulders,lateral-raise,-205,-28,-634
shoulders,lateral-raise,-107,-32,-496
shoulders,lateral-raise,-54,-60,-529
shoulders,lateral-raise,-7,-71,-556
shoulders,lateral-raise,67,-59,-553
shoulders,lateral-raise,93,-89,-572
shoulders,lateral-raise,121,-115,-493
shoulders,lateral-raise,165,-108,-565
shoulders,lateral-raise,188,-122,-562
shoulders,lateral-raise,216,-152,-511
shoulders,lateral-raise,258,-149,-450
shoulders,lateral-raise,300,-138,-465
shoulders,lateral-raise,323,-174,-529
shoulders,lateral-raise,360,-197,-510
shoulders,lateral-raise,381,-200,-539
shoulders,lateral-raise,404,-220,-538
shoulders,lateral-raise,426,-242,-510
shoulders,lateral-raise,446,-239,-527
shoulders,lateral-raise,465,-241,-566
shoulders,lateral-raise,472,-248,-606
shoulders,lateral-raise,468,-256,-607
shoulders,lateral-raise,436,-264,-584
shoulders,lateral-raise,423,-264,-568
shoulders,lateral-raise,440,-260,-578
shoulders,lateral-raise,451,-252,-607
shoulders,lateral-raise,454,-248,-640
shoulders,lateral-raise,430,-242,-675
shoulders,lateral-raise,410,-235,-652
shoulders,lateral-raise,394,-234,-588
shoulders,lateral-raise,376,-213,-555
shoulders,lateral-raise,352,-195,-550
shoulders,lateral-raise,331,-202,-543
shoulders,lateral-raise,318,-203,-590
shoulders,lateral-raise,306,-188,-626
shoulders,lateral-raise,278,-176,-634
shoulders,lateral-raise,241,-174,-653
shoulders,lateral-raise,214,-163,-680
shoulders,lateral-raise,199,-141,-631
shoulders,lateral-raise,157,-129,-696
shoulders,lateral-raise,138,-138,-704
shoulders,lateral-raise,97,-151,-744
shoulders,lateral-raise,47,-141,-691
shoulders,lateral-raise,38,-118,-716
shoulders,lateral-raise,12,-97,-760
shoulders,lateral-raise,-42,-113,-859
shoulders,lateral-raise,-82,-128,-769
shoulders,lateral-raise,-145,-112,-800
shoulders,lateral-raise,-223,-96,-808
shoulders,lateral-raise,-286,-65,-839
shoulders,lateral-raise,-379,-49,-840
shoulders,lateral-raise,-406,-18,-862
shoulders,lateral-raise,-488,-1,-849
shoulders,lateral-raise,-539,14,-891
shoulders,lateral-raise,-579,23,-973
shoulders,lateral-raise,-625,38,-888
shoulders,lateral-raise,-639,87,-819
shoulders,lateral-raise,-692,83,-899
shoulders,lateral-raise,-729,93,-831
shoulders,lateral-raise,-748,84,-808
shoulders,lateral-raise,-806,116,-832
shoulders,lateral-raise,-842,122,-828
shoulders,lateral-raise,-859,137,-801
shoulders,lateral-raise,-892,155,-870
shoulders,lateral-raise,-909,171,-752
shoulders,lateral-raise,-912,202,-706
shoulders,lateral-raise,-948,211,-705
shoulders,lateral-raise,-973,208,-696
shoulders,lateral-raise,-981,203,-701
shoulders,lateral-raise,-979,214,-630
shoulders,lateral-raise,-958,228,-576
shoulders,lateral-raise,-961,249,-623
shoulders,lateral-raise,-997,260,-668
shoulders,lateral-raise,-1008,256,-600
shoulders,lateral-raise,-1012,244,-516
shoulders,lateral-raise,-1028,236,-497
shoulders,lateral-raise,-1046,236,-499
shoulders,lateral-raise,-1064,229,-488
shoulders,lateral-raise,-1054,230,-443
shoulders,lateral-raise,-1040,240,-442
shoulders,lateral-raise,-1040,225,-457
shoulders,lateral-raise,-1040,200,-402
shoulders,lateral-raise,-1035,205,-352
shoulders,lateral-raise,-1017,221,-368
shoulders,lateral-raise,-995,232,-359
shoulders,lateral-raise,-986,228,-336
shoulders,lateral-raise,-988,214,-322
shoulders,lateral-raise,-978,203,-273
shoulders,lateral-raise,-986,187,-250
shoulders,lateral-raise,-992,201,-246
shoulders,lateral-raise,-988,208,-205
shoulders,lateral-raise,-966,208,-226
shoulders,lateral-raise,-953,208,-193
shoulders,lateral-raise,-959,206,-199
shoulders,lateral-raise,-952,193,-188
shoulders,lateral-raise,-952,201,-152
shoulders,lateral-raise,-952,208,-150
shoulders,lateral-raise,-952,216,-112
shoulders,lateral-raise,-960,216,-128
shoulders,lateral-raise,-976,232,-168
shoulders,lateral-raise,-984,232,-246
shoulders,lateral-raise,-999,232,-240
shoulders,lateral-raise,-978,210,-247
shoulders,lateral-raise,-983,186,-394
shoulders,lateral-raise,-1027,234,-465
shoulders,lateral-raise,-1067,233,-388
shoulders,lateral-raise,-1065,239,-547
shoulders,lateral-raise,-1097,233,-696
shoulders,lateral-raise,-1117,219,-707
shoulders,lateral-raise,-1133,197,-710
shoulders,lateral-raise,-1148,211,-799
shoulders,lateral-raise,-1164,210,-758
shoulders,lateral-raise,-1239,226,-730
shoulders,lateral-raise,-1310,226,-711
shoulders,lateral-raise,-1356,230,-676
shoulders,lateral-raise,-1422,221,-680
shoulders,lateral-raise,-1453,237,-677
shoulders,lateral-raise,-1471,253,-641
shoulders,lateral-raise,-1460,271,-668
shoulders,lateral-raise,-1424,247,-720
shoulders,lateral-raise,-1371,224,-671
shoulders,lateral-raise,-1290,224,-633
shoulders,lateral-raise,-1209,215,-666
shoulders,lateral-raise,-1151,208,-713
shoulders,lateral-raise,-1112,196,-748
shoulders,lateral-raise,-1035,188,-718
shoulders,lateral-raise,-942,181,-661
shoulders,lateral-raise,-880,157,-627
shoulders,lateral-raise,-789,134,-607
shoulders,lateral-raise,-685,110,-619
shoulders,lateral-raise,-611,78,-630
shoulders,lateral-raise,-544,68,-611
shoulders,lateral-raise,-461,90,-596
shoulders,lateral-raise,-382,64,-651
shoulders,lateral-raise,-311,66,-592
shoulders,lateral-raise,-254,58,-536
shoulders,lateral-raise,-189,16,-582
shoulders,lateral-raise,-118,-6,-594
shoulders,lateral-raise,-57,-13,-587
shoulders,lateral-raise,-17,-63,-603
shoulders,lateral-raise,46,-89,-535
shoulders,lateral-raise,83,-97,-608
shoulders,lateral-raise,140,-104,-629
shoulders,lateral-raise,165,-110,-516
shoulders,lateral-raise,201,-151,-492
shoulders,lateral-raise,209,-148,-537
shoulders,lateral-raise,221,-183,-627
shoulders,lateral-raise,298,-167,-554
shoulders,lateral-raise,328,-153,-601
shoulders,lateral-raise,337,-184,-639
shoulders,lateral-raise,391,-160,-561
shoulders,lateral-raise,392,-168,-560
shoulders,lateral-raise,400,-160,-560
shoulders,lateral-raise,415,-130,-530
shoulders,lateral-raise,401,-150,-601
shoulders,lateral-raise,407,-166,-544
shoulders,lateral-raise,429,-133,-620
shoulders,lateral-raise,439,-176,-612
shoulders,lateral-raise,440,-164,-595
shoulders,lateral-raise,447,-160,-625
shoulders,lateral-raise,435,-185,-657
shoulders,lateral-raise,426,-186,-614
shoulders,lateral-raise,418,-172,-570
shoulders,lateral-raise,404,-186,-619
shoulders,lateral-raise,383,-192,-571
shoulders,lateral-raise,376,-181,-594
shoulders,lateral-raise,371,-181,-665
shoulders,lateral-raise,352,-173,-646
shoulders,lateral-raise,319,-158,-670
shoulders,lateral-raise,289,-137,-716
shoulders,lateral-raise,251,-114,-695
shoulders,lateral-raise,232,-95,-709
shoulders,lateral-raise,201,-84,-727
shoulders,lateral-raise,150,-89,-729
shoulders,lateral-raise,120,-92,-732
shoulders,lateral-raise,96,-76,-752
shoulders,lateral-raise,57,-52,-761
shoulders,lateral-raise,14,-51,-740
shoulders,lateral-raise,-12,-68,-722
shoulders,lateral-raise,-33,-62,-755
shoulders,lateral-raise,-82,-42,-850
shoulders,lateral-raise,-138,-20,-867
shoulders,lateral-raise,-180,6,-861
shoulders,lateral-raise,-219,11,-898
shoulders,lateral-raise,-277,10,-875
shoulders,lateral-raise,-330,30,-880
shoulders,lateral-raise,-368,31,-903
shoulders,lateral-raise,-416,56,-947
shoulders,lateral-raise,-444,82,-910
shoulders,lateral-raise,-461,92,-922
shoulders,lateral-raise,-492,112,-969
shoulders,lateral-raise,-545,143,-912
shoulders,lateral-raise,-599,131,-895
shoulders,lateral-raise,-677,109,-816
shoulders,lateral-raise,-704,136,-872
shoulders,lateral-raise,-709,138,-919
shoulders,lateral-raise,-752,154,-834
shoulders,lateral-raise,-754,174,-773
shoulders,lateral-raise,-777,153,-836
shoulders,lateral-raise,-801,168,-753
shoulders,lateral-raise,-832,168,-784
shoulders,lateral-raise,-848,192,-752
shoulders,lateral-raise,-848,192,-752
shoulders,lateral-raise,-871,215,-620
shoulders,lateral-raise,-895,208,-654
shoulders,lateral-raise,-903,208,-678
shoulders,lateral-raise,-948,208,-687
shoulders,lateral-raise,-938,215,-581
shoulders,lateral-raise,-964,230,-582
shoulders,lateral-raise,-975,232,-543
shoulders,lateral-raise,-969,219,-583
shoulders,lateral-raise,-988,223,-533
shoulders,lateral-raise,-979,224,-501
shoulders,lateral-raise,-982,218,-502
shoulders,lateral-raise,-978,222,-474
shoulders,lateral-raise,-976,212,-452
shoulders,lateral-raise,-993,202,-477
shoulders,lateral-raise,-994,211,-443
shoulders,lateral-raise,-997,227,-419
shoulders,lateral-raise,-995,221,-374
shoulders,lateral-raise,-982,221,-347
shoulders,lateral-raise,-981,219,-339
shoulders,lateral-raise,-979,216,-322
shoulders,lateral-raise,-981,216,-298
shoulders,lateral-raise,-980,225,-297
shoulders,lateral-raise,-980,232,-287
shoulders,lateral-raise,-992,228,-255
shoulders,lateral-raise,-996,228,-228
shoulders,lateral-raise,-992,228,-208
shoulders,lateral-raise,-988,220,-193
shoulders,lateral-raise,-991,220,-173
shoulders,lateral-raise,-993,221,-177
shoulders,lateral-raise,-984,216,-187
shoulders,lateral-raise,-981,216,-171
shoulders,lateral-raise,-979,210,-164
shoulders,lateral-raise,-987,195,-160
shoulders,lateral-raise,-989,189,-179
shoulders,lateral-raise,-979,200,-150
shoulders,lateral-raise,-966,195,-146
shoulders,lateral-raise,-962,190,-148
shoulders,lateral-raise,-968,206,-138
shoulders,lateral-raise,-968,202,-169
shoulders,lateral-raise,-968,205,-263
shoulders,lateral-raise,-968,189,-275
shoulders,lateral-raise,-972,176,-249
shoulders,lateral-raise,-999,188,-408
shoulders,lateral-raise,-1043,252,-393
shoulders,lateral-raise,-1070,218,-617
shoulders,lateral-raise,-1121,167,-618
shoulders,lateral-raise,-1139,153,-568
shoulders,lateral-raise,-1186,168,-676
shoulders,lateral-raise,-1234,176,-759
shoulders,lateral-raise,-1289,192,-712
shoulders,lateral-raise,-1367,192,-696
shoulders,lateral-raise,-1453,184,-603
shoulders,lateral-raise,-1509,161,-668
shoulders,lateral-raise,-1572,175,-747
shoulders,lateral-raise,-1612,176,-730
shoulders,lateral-raise,-1580,183,-728
shoulders,lateral-raise,-1548,219,-742
shoulders,lateral-raise,-1503,224,-764
shoulders,lateral-raise,-1436,231,-755
shoulders,lateral-raise,-1339,225,-719
shoulders,lateral-raise,-1244,230,-687
shoulders,lateral-raise,-1162,232,-692
shoulders,lateral-raise,-1102,214,-690
shoulders,lateral-raise,-1023,179,-647
shoulders,lateral-raise,-966,157,-666
shoulders,lateral-raise,-874,158,-663
shoulders,lateral-raise,-802,122,-710
shoulders,lateral-raise,-684,146,-636
shoulders,lateral-raise,-561,168,-564
shoulders,lateral-raise,-480,138,-592
shoulders,lateral-raise,-413,101,-544
shoulders,lateral-raise,-324,97,-524
shoulders,lateral-raise,-267,77,-553
shoulders,lateral-raise,-213,47,-530
shoulders,lateral-raise,-134,36,-479
shoulders,lateral-raise,-68,8,-492
shoulders,lateral-raise,-21,-4,-540
shoulders,lateral-raise,11,-18,-519
shoulders,lateral-raise,49,-59,-466
shoulders,lateral-raise,117,-65,-482
shoulders,lateral-raise,181,-95,-525
shoulders,lateral-raise,215,-149,-514
shoulders,lateral-raise,257,-144,-469
shoulders,lateral-raise,307,-149,-449
shoulders,lateral-raise,352,-165,-510
shoulders,lateral-raise,375,-176,-487
shoulders,lateral-raise,401,-176,-513
shoulders,lateral-raise,422,-184,-504
shoulders,lateral-raise,422,-210,-516
shoulders,lateral-raise,445,-209,-484
shoulders,lateral-raise,464,-191,-503
shoulders,lateral-raise,464,-217,-528
shoulders,lateral-raise,464,-220,-511
shoulders,lateral-raise,459,-206,-455
shoulders,lateral-raise,434,-241,-624
shoulders,lateral-raise,451,-244,-571
shoulders,lateral-raise,471,-211,-602
shoulders,lateral-raise,455,-238,-617
shoulders,lateral-raise,448,-217,-534
shoulders,lateral-raise,440,-232,-647
shoulders,lateral-raise,432,-224,-608
shoulders,lateral-raise,416,-184,-608
shoulders,lateral-raise,369,-200,-639
shoulders,lateral-raise,338,-200,-572
shoulders,lateral-raise,306,-163,-561
shoulders,lateral-raise,304,-131,-684
shoulders,lateral-raise,283,-149,-646
shoulders,lateral-raise,259,-145,-640
shoulders,lateral-raise,229,-124,-667
shoulders,lateral-raise,197,-100,-752
shoulders,lateral-raise,146,-103,-729
shoulders,lateral-raise,92,-104,-669
shoulders,lateral-raise,55,-79,-712
shoulders,lateral-raise,-6,-60,-728
shoulders,lateral-raise,-53,-50,-704
shoulders,lateral-raise,-81,-31,-736
shoulders,lateral-raise,-127,-24,-802
shoulders,lateral-raise,-166,-8,-797
shoulders,lateral-raise,-208,-11,-789
shoulders,lateral-raise,-265,-6,-853
shoulders,lateral-raise,-313,5,-858
shoulders,lateral-raise,-342,13,-864
shoulders,lateral-raise,-403,39,-875
shoulders,lateral-raise,-462,56,-863
shoulders,lateral-raise,-484,52,-856
shoulders,lateral-raise,-534,65,-835
shoulders,lateral-raise,-584,64,-820
shoulders,lateral-raise,-634,79,-816
shoulders,lateral-raise,-691,123,-819
shoulders,lateral-raise,-725,136,-818
shoulders,lateral-raise,-776,136,-810
shoulders,lateral-raise,-814,142,-827
shoulders,lateral-raise,-842,152,-823
shoulders,lateral-raise,-889,167,-788
shoulders,lateral-raise,-925,195,-738
shoulders,lateral-raise,-959,197,-764
shoulders,lateral-raise,-1010,202,-845
shoulders,lateral-raise,-1018,208,-754
shoulders,lateral-raise,-1028,170,-676
shoulders,lateral-raise,-1042,180,-642
shoulders,lateral-raise,-1053,197,-585
shoulders,lateral-raise,-1074,213,-606
shoulders,lateral-raise,-1076,201,-564
shoulders,lateral-raise,-1059,215,-540
shoulders,lateral-raise,-1073,246,-515
shoulders,lateral-raise,-1077,231,-482
shoulders,lateral-raise,-1058,224,-443
shoulders,lateral-raise,-1071,224,-458
shoulders,lateral-raise,-1063,224,-396
shoulders,lateral-raise,-1049,225,-344
shoulders,lateral-raise,-1064,248,-352
shoulders,lateral-raise,-1048,232,-360
shoulders,lateral-raise,-1032,232,-312
shoulders,lateral-raise,-1024,224,-258
shoulders,lateral-raise,-1016,224,-264
shoulders,lateral-raise,-1009,231,-264
shoulders,lateral-raise,-1015,239,-242
shoulders,lateral-raise,-1016,233,-219
shoulders,lateral-raise,-1016,225,-181
shoulders,lateral-raise,-1009,224,-169
shoulders,lateral-raise,-1008,231,-168
shoulders,lateral-raise,-1001,219,-148
shoulders,lateral-raise,-1000,216,-169
shoulders,lateral-raise,-1000,216,-170
shoulders,lateral-raise,-994,216,-162
shoulders,lateral-raise,-974,210,-148
shoulders,lateral-raise,-962,214,-133
shoulders,lateral-raise,-954,205,-150
shoulders,lateral-raise,-952,205,-160
shoulders,lateral-raise,-957,208,-176
shoulders,lateral-raise,-965,208,-225
shoulders,lateral-raise,-968,208,-248
shoulders,lateral-raise,-982,198,-320
shoulders,lateral-raise,-1015,220,-396
shoulders,lateral-raise,-1068,244,-465
shoulders,lateral-raise,-1105,252,-530
shoulders,lateral-raise,-1124,227,-598
shoulders,lateral-raise,-1160,224,-628
shoulders,lateral-raise,-1211,233,-628
shoulders,lateral-raise,-1247,220,-669
shoulders,lateral-raise,-1270,220,-746
shoulders,lateral-raise,-1312,229,-746
shoulders,lateral-raise,-1354,251,-646
shoulders,lateral-raise,-1402,253,-620
shoulders,lateral-raise,-1476,263,-640
shoulders,lateral-raise,-1523,280,-607
shoulders,lateral-raise,-1547,261,-585
shoulders,lateral-raise,-1542,258,-660
shoulders,lateral-raise,-1515,275,-639
shoulders,lateral-raise,-1489,291,-656
shoulders,lateral-raise,-1424,262,-648
shoulders,lateral-raise,-1338,271,-635
shoulders,lateral-raise,-1268,240,-667
shoulders,lateral-raise,-1176,237,-654
shoulders,lateral-raise,-1087,220,-684
shoulders,lateral-raise,-986,196,-693
shoulders,lateral-raise,-893,178,-635
shoulders,lateral-raise,-807,186,-660
shoulders,lateral-raise,-726,137,-692
shoulders,lateral-raise,-619,140,-647
shoulders,lateral-raise,-545,89,-638
shoulders,lateral-raise,-406,104,-599
shoulders,lateral-raise,-336,112,-568
shoulders,lateral-raise,-256,56,-560
shoulders,lateral-raise,-256,56,-560
shoulders,lateral-raise,-171,40,-436
shoulders,lateral-raise,-100,48,-493
shoulders,lateral-raise,-44,33,-563
shoulders,lateral-raise,-4,3,-510
shoulders,lateral-raise,43,-14,-454
shoulders,lateral-raise,104,5,-406
shoulders,lateral-raise,126,-12,-496
shoulders,lateral-raise,135,-43,-485
shoulders,lateral-raise,188,-41,-454
shoulders,lateral-raise,213,-78,-505
shoulders,lateral-raise,241,-107,-514
shoulders,lateral-raise,314,-100,-488
shoulders,lateral-raise,365,-96,-504
shoulders,lateral-raise,393,-113,-512
shoulders,lateral-raise,389,-142,-584
shoulders,lateral-raise,400,-157,-589
shoulders,lateral-raise,419,-149,-581
shoulders,lateral-raise,439,-164,-548
shoulders,lateral-raise,463,-146,-577
shoulders,lateral-raise,477,-133,-584
shoulders,lateral-raise,475,-131,-591
shoulders,lateral-raise,472,-137,-595
shoulders,lateral-raise,468,-148,-571
shoulders,lateral-raise,460,-140,-535
shoulders,lateral-raise,440,-128,-528
shoulders,lateral-raise,428,-128,-544
shoulders,lateral-raise,421,-128,-548
shoulders,lateral-raise,397,-128,-566
shoulders,lateral-raise,374,-121,-577
shoulders,lateral-raise,354,-118,-568
shoulders,lateral-raise,335,-113,-568
shoulders,lateral-raise,305,-76,-574
shoulders,lateral-raise,264,-56,-589
shoulders,lateral-raise,227,-56,-621
shoulders,lateral-raise,201,-51,-657
shoulders,lateral-raise,145,-42,-654
shoulders,lateral-raise,84,-48,-696
shoulders,lateral-raise,62,-40,-732
shoulders,lateral-raise,16,-23,-768
shoulders,lateral-raise,-48,-50,-748
shoulders,lateral-raise,-90,-46,-699
shoulders,lateral-raise,-145,-3,-821
shoulders,lateral-raise,-199,-17,-850
shoulders,lateral-raise,-246,-22,-865
shoulders,lateral-raise,-289,-6,-873
shoulders,lateral-raise,-301,7,-881
shoulders,lateral-raise,-356,-4,-887
shoulders,lateral-raise,-410,55,-882
shoulders,lateral-raise,-442,33,-912
shoulders,lateral-raise,-505,56,-896
shoulders,lateral-raise,-559,64,-848
shoulders,lateral-raise,-583,95,-848
shoulders,lateral-raise,-630,104,-939
shoulders,lateral-raise,-699,134,-869
shoulders,lateral-raise,-719,107,-835
shoulders,lateral-raise,-763,140,-853
shoulders,lateral-raise,-810,137,-814
shoulders,lateral-raise,-864,170,-849
shoulders,lateral-raise,-892,196,-896
shoulders,lateral-raise,-909,207,-800
shoulders,lateral-raise,-912,208,-687
shoulders,lateral-raise,-937,227,-788
shoulders,lateral-raise,-986,232,-733
shoulders,lateral-raise,-994,261,-633
shoulders,lateral-raise,-1021,266,-625
shoulders,lateral-raise,-1038,253,-632
shoulders,lateral-raise,-1040,243,-572
shoulders,lateral-raise,-1029,256,-591
shoulders,lateral-raise,-1039,264,-575
shoulders,lateral-raise,-1028,264,-493
shoulders,lateral-raise,-1011,264,-504
shoulders,lateral-raise,-1027,269,-513
shoulders,lateral-raise,-1018,272,-460
shoulders,lateral-raise,-996,272,-445
shoulders,lateral-raise,-984,264,-439
shoulders,lateral-raise,-988,244,-408
shoulders,lateral-raise,-1000,244,-396
shoulders,lateral-raise,-1004,256,-385
shoulders,lateral-raise,-1012,263,-350
shoulders,lateral-raise,-1016,272,-331
shoulders,lateral-raise,-1013,272,-307
shoulders,lateral-raise,-1008,266,-285
shoulders,lateral-raise,-1005,253,-303
shoulders,lateral-raise,-997,243,-272
shoulders,lateral-raise,-987,232,-272
shoulders,lateral-raise,-974,232,-267
shoulders,lateral-raise,-966,237,-245
shoulders,lateral-raise,-958,248,-195
shoulders,lateral-raise,-952,250,-146
shoulders,lateral-raise,-952,258,-171
shoulders,lateral-raise,-950,266,-149
shoulders,lateral-raise,-947,269,-137
shoulders,lateral-raise,-955,257,-137
shoulders,lateral-raise,-930,262,-111
shoulders,lateral-raise,-945,250,-147
shoulders,lateral-raise,-952,265,-115
shoulders,lateral-raise,-953,272,-134
shoulders,lateral-raise,-968,272,-114
shoulders,lateral-raise,-968,271,-137
shoulders,lateral-raise,-968,256,-153
shoulders,lateral-raise,-960,248,-200
shoulders,lateral-raise,-960,232,-216
shoulders,lateral-raise,-952,209,-239
shoulders,lateral-raise,-998,223,-308
shoulders,lateral-raise,-1089,217,-439
shoulders,lateral-raise,-1111,209,-412
shoulders,lateral-raise,-1133,165,-501
shoulders,lateral-raise,-1164,153,-540
shoulders,lateral-raise,-1168,132,-585
shoulders,lateral-raise,-1188,161,-685
shoulders,lateral-raise,-1179,168,-632
shoulders,lateral-raise,-1201,168,-673
shoulders,lateral-raise,-1258,156,-682
shoulders,lateral-raise,-1278,164,-632
shoulders,lateral-raise,-1315,162,-640
shoulders,lateral-raise,-1357,160,-694
shoulders,lateral-raise,-1390,166,-662
shoulders,lateral-raise,-1400,195,-710
shoulders,lateral-raise,-1405,224,-718
shoulders,lateral-raise,-1408,212,-663
shoulders,lateral-raise,-1373,195,-665
shoulders,lateral-raise,-1309,197,-690
shoulders,lateral-raise,-1248,205,-687
shoulders,lateral-raise,-1188,199,-667
shoulders,lateral-raise,-1108,201,-686
shoulders,lateral-raise,-1031,175,-679
shoulders,lateral-raise,-952,120,-668
shoulders,lateral-raise,-869,92,-680
shoulders,lateral-raise,-791,88,-654
shoulders,lateral-raise,-695,95,-607
shoulders,lateral-raise,-605,111,-579
shoulders,lateral-raise,-539,107,-613
shoulders,lateral-raise,-456,82,-635
shoulders,lateral-raise,-377,75,-606
shoulders,lateral-raise,-325,72,-621
shoulders,lateral-raise,-251,59,-601
shoulders,lateral-raise,-189,71,-555
shoulders,lateral-raise,-130,77,-584
shoulders,lateral-raise,-77,42,-557
shoulders,lateral-raise,-14,30,-565
shoulders,lateral-raise,21,34,-514
shoulders,lateral-raise,48,-13,-627
shoulders,lateral-raise,89,3,-587
shoulders,lateral-raise,129,7,-513
shoulders,lateral-raise,149,-40,-587
shoulders,lateral-raise,227,-39,-520
shoulders,lateral-raise,253,-36,-575
shoulders,lateral-raise,299,-73,-565
shoulders,lateral-raise,327,-87,-538
shoulders,lateral-raise,314,-72,-570
shoulders,lateral-raise,352,-64,-614
shoulders,lateral-raise,368,-80,-552
shoulders,lateral-raise,368,-120,-544
shoulders,lateral-raise,352,-128,-575
shoulders,lateral-raise,375,-128,-584
shoulders,lateral-raise,391,-150,-577
shoulders,lateral-raise,370,-174,-569
shoulders,lateral-raise,375,-169,-589
shoulders,lateral-raise,362,-175,-578
shoulders,lateral-raise,333,-176,-576
shoulders,lateral-raise,328,-169,-583
shoulders,lateral-raise,321,-181,-610
shoulders,lateral-raise,288,-184,-610
shoulders,lateral-raise,286,-172,-614
shoulders,lateral-raise,270,-162,-604
shoulders,lateral-raise,229,-136,-635
shoulders,lateral-raise,210,-111,-619
shoulders,lateral-raise,175,-104,-653
shoulders,lateral-raise,138,-93,-645
shoulders,lateral-raise,96,-88,-637
shoulders,lateral-raise,49,-78,-691
shoulders,lateral-raise,-8,-62,-720
shoulders,lateral-raise,-61,-51,-782
shoulders,lateral-raise,-112,-48,-843
shoulders,lateral-raise,-172,-35,-878
shoulders,lateral-raise,-200,6,-784
shoulders,lateral-raise,-233,44,-651
shoulders,lateral-raise,-296,44,-636
shoulders,lateral-raise,-359,40,-698
shoulders,lateral-raise,-421,48,-788
shoulders,lateral-raise,-481,52,-822
shoulders,lateral-raise,-525,76,-813
shoulders,lateral-raise,-557,104,-858
shoulders,lateral-raise,-604,116,-878
shoulders,lateral-raise,-674,148,-831
shoulders,lateral-raise,-742,179,-773
shoulders,lateral-raise,-810,192,-754
shoulders,lateral-raise,-874,188,-812
shoulders,lateral-raise,-912,216,-768
shoulders,lateral-raise,-958,214,-739
shoulders,lateral-raise,-984,214,-766
shoulders,lateral-raise,-1012,236,-747
shoulders,lateral-raise,-1029,250,-683
shoulders,lateral-raise,-1054,260,-606
shoulders,lateral-raise,-1080,285,-625
shoulders,lateral-raise,-1082,305,-580
shoulders,lateral-raise,-1099,265,-517
shoulders,lateral-raise,-1118,269,-552
shoulders,lateral-raise,-1105,248,-546
shoulders,lateral-raise,-1111,249,-477
shoulders,lateral-raise,-1105,256,-434
shoulders,lateral-raise,-1119,264,-461
shoulders,lateral-raise,-1088,256,-352
shoulders,lateral-raise,-1088,256,-376
shoulders,lateral-raise,-1088,256,-376
shoulders,lateral-raise,-1049,279,-415
shoulders,lateral-raise,-1063,288,-370
shoulders,lateral-raise,-1042,281,-316
shoulders,lateral-raise,-1062,273,-276
shoulders,lateral-raise,-1064,258,-286
shoulders,lateral-raise,-1050,249,-246
shoulders,lateral-raise,-1048,255,-226
shoulders,lateral-raise,-1041,263,-211
shoulders,lateral-raise,-1033,271,-175
shoulders,lateral-raise,-1026,266,-111
shoulders,lateral-raise,-1018,264,-133
shoulders,lateral-raise,-992,264,-132
shoulders,lateral-raise,-960,258,-140
shoulders,lateral-raise,-935,262,-150
shoulders,lateral-raise,-911,264,-152
shoulders,lateral-raise,-888,269,-152
shoulders,lateral-raise,-885,277,-147
shoulders,lateral-raise,-888,290,-113
shoulders,lateral-raise,-878,286,-71
shoulders,lateral-raise,-882,261,-56
shoulders,lateral-raise,-874,280,-61
shoulders,lateral-raise,-851,300,-73
shoulders,lateral-raise,-840,309,-58
shoulders,lateral-raise,-836,312,-28
shoulders,lateral-raise,-824,296,0
shoulders,lateral-raise,-812,273,-3
shoulders,lateral-raise,-804,256,-20
shoulders,lateral-raise,-807,267,-2
shoulders,lateral-raise,-813,273,16
shoulders,lateral-raise,-802,261,29
shoulders,lateral-raise,-786,253,36
shoulders,lateral-raise,-776,239,16
shoulders,lateral-raise,-776,227,16
shoulders,lateral-raise,-768,227,32
shoulders,lateral-raise,-733,206,86
shoulders,lateral-raise,-677,186,120
shoulders,lateral-raise,-652,188,48
shoulders,lateral-raise,-672,174,-34
shoulders,lateral-raise,-701,168,9
shoulders,lateral-raise,-695,155,81
shoulders,lateral-raise,-636,126,-1
shoulders,lateral-raise,-791,211,-93
shoulders,lateral-raise,-785,145,21
shoulders,lateral-raise,-790,154,132
shoulders,lateral-raise,-783,171,35
shoulders,lateral-raise,-846,198,-76
shoulders,lateral-raise,-913,174,-109
shoulders,lateral-raise,-928,151,41
shoulders,lateral-raise,-920,128,55
shoulders,lateral-raise,-920,136,24
shoulders,lateral-raise,-952,184,48
shoulders,lateral-raise,-999,184,56
shoulders,lateral-raise,-1046,169,-20
shoulders,lateral-raise,-1100,168,-39
shoulders,lateral-raise,-1104,168,-25
shoulders,lateral-raise,-1118,175,26
shoulders,lateral-raise,-1120,218,18
shoulders,lateral-raise,-1188,244,9
shoulders,lateral-raise,-1247,255,-52
shoulders,lateral-raise,-1263,210,-51
shoulders,lateral-raise,-1251,194,-10
shoulders,lateral-raise,-1229,198,31
shoulders,lateral-raise,-1236,182,34
shoulders,lateral-raise,-1228,211,-74
shoulders,lateral-raise,-1213,241,-106
shoulders,lateral-raise,-1175,231,-43
shoulders,lateral-raise,-1149,240,33
shoulders,lateral-raise,-1128,237,56
shoulders,lateral-raise,-1100,247,41
shoulders,lateral-raise,-1088,276,37
shoulders,lateral-raise,-1098,278,21
shoulders,lateral-raise,-1113,258,-1
shoulders,lateral-raise,-1129,235,14
shoulders,lateral-raise,-1132,246,41
shoulders,lateral-raise,-1136,264,56
shoulders,lateral-raise,-1268,344,140
shoulders,lateral-raise,-1323,324,74
shoulders,lateral-raise,-1207,242,-124
shoulders,lateral-raise,-1195,325,96
shoulders,lateral-raise,-1243,372,329
shoulders,lateral-raise,-1209,276,41
shoulders,lateral-raise,-1167,170,-117
shoulders,lateral-raise,-1172,230,48
shoulders,lateral-raise,-1144,382,471
shoulders,lateral-raise,-1245,445,564
shoulders,lateral-raise,-1446,395,-223
shoulders,lateral-raise,-1516,286,-169
shoulders,lateral-raise,-1587,368,-336
shoulders,lateral-raise,-1628,427,-455
shoulders,lateral-raise,-1578,559,-273
shoulders,lateral-raise,-1516,645,-243
shoulders,lateral-raise,-1457,665,-212
shoulders,lateral-raise,-1375,673,-163
shoulders,lateral-raise,-1274,681,-180
shoulders,lateral-raise,-1181,687,-204
shoulders,lateral-raise,-1095,681,-235
shoulders,lateral-raise,-1010,687,-259
shoulders,lateral-raise,-939,681,-289
shoulders,lateral-raise,-869,687,-307
shoulders,lateral-raise,-815,671,-369
shoulders,lateral-raise,-776,640,-392
