shoulders,lateral-raise,-1728,-96,264
shoulders,lateral-raise,-1441,913,-769
shoulders,lateral-raise,-1379,815,6
shoulders,lateral-raise,-1592,398,748
shoulders,lateral-raise,-1725,47,530
shoulders,lateral-raise,-1779,-48,219
shoulders,lateral-raise,-1742,7,-18
shoulders,lateral-raise,-1661,132,-123
shoulders,lateral-raise,-1621,212,144
shoulders,lateral-raise,-1557,244,356
shoulders,lateral-raise,-1512,210,417
shoulders,lateral-raise,-1442,169,288
shoulders,lateral-raise,-1388,160,218
shoulders,lateral-raise,-1317,148,261
shoulders,lateral-raise,-1239,64,280
shoulders,lateral-raise,-1155,49,208
shoulders,lateral-raise,-1047,56,144
shoulders,lateral-raise,-992,40,149
shoulders,lateral-raise,-943,17,145
shoulders,lateral-raise,-856,-12,146
shoulders,lateral-raise,-768,14,233
shoulders,lateral-raise,-704,3,228
shoulders,lateral-raise,-631,-37,202
shoulders,lateral-raise,-575,-18,268
shoulders,lateral-raise,-506,54,216
shoulders,lateral-raise,-488,48,84
shoulders,lateral-raise,-516,31,52
shoulders,lateral-raise,-497,105,101
shoulders,lateral-raise,-473,103,151
shoulders,lateral-raise,-491,57,163
shoulders,lateral-raise,-557,96,136
shoulders,lateral-raise,-621,99,100
shoulders,lateral-raise,-682,58,108
shoulders,lateral-raise,-725,62,50
shoulders,lateral-raise,-738,62,-71
shoulders,lateral-raise,-783,15,-119
shoulders,lateral-raise,-791,64,-26
shoulders,lateral-raise,-772,148,-152
shoulders,lateral-raise,-796,154,-405
shoulders,lateral-raise,-852,123,-521
shoulders,lateral-raise,-932,80,-629
shoulders,lateral-raise,-994,86,-703
shoulders,lateral-raise,-1085,111,-672
shoulders,lateral-raise,-1161,103,-723
shoulders,lateral-raise,-1225,102,-794
shoulders,lateral-raise,-1291,138,-860
shoulders,lateral-raise,-1325,89,-821
shoulders,lateral-raise,-1380,105,-790
shoulders,lateral-raise,-1432,120,-768
shoulders,lateral-raise,-1441,121,-762
shoulders,lateral-raise,-1472,160,-815
shoulders,lateral-raise,-1488,160,-761
shoulders,lateral-raise,-1488,129,-760
shoulders,lateral-raise,-1488,166,-676
shoulders,lateral-raise,-1451,168,-739
shoulders,lateral-raise,-1412,197,-759
shoulders,lateral-raise,-1365,171,-724
shoulders,lateral-raise,-1276,154,-713
shoulders,lateral-raise,-1189,138,-726
shoulders,lateral-raise,-1083,169,-741
shoulders,lateral-raise,-1005,137,-640
shoulders,lateral-raise,-928,153,-565
shoulders,lateral-raise,-862,154,-608
shoulders,lateral-raise,-769,146,-703
shoulders,lateral-raise,-656,109,-652
shoulders,lateral-raise,-572,90,-595
shoulders,lateral-raise,-446,110,-551
shoulders,lateral-raise,-324,104,-628
shoulders,lateral-raise,-241,80,-593
shoulders,lateral-raise,-155,97,-567
shoulders,lateral-raise,-120,82,-596
shoulders,lateral-raise,-39,83,-469
shoulders,lateral-raise,39,91,-334
shoulders,lateral-raise,83,79,-358
shoulders,lateral-raise,113,55,-383
shoulders,lateral-raise,187,23,-301
shoulders,lateral-raise,260,0,-260
shoulders,lateral-raise,287,-12,-315
shoulders,lateral-raise,322,-34,-334
shoulders,lateral-raise,358,-24,-273
shoulders,lateral-raise,379,6,-261
shoulders,lateral-raise,400,-18,-302
shoulders,lateral-raise,433,-53,-306
shoulders,lateral-raise,486,-73,-336
shoulders,lateral-raise,547,-43,-391
shoulders,lateral-raise,546,-32,-465
shoulders,lateral-raise,561,-39,-427
shoulders,lateral-raise,549,-61,-477
shoulders,lateral-raise,558,-68,-444
shoulders,lateral-raise,554,-56,-459
shoulders,lateral-raise,556,-56,-558
shoulders,lateral-raise,539,-54,-596
shoulders,lateral-raise,507,-47,-551
shoulders,lateral-raise,451,-40,-533
shoulders,lateral-raise,456,-39,-500
shoulders,lateral-raise,408,-29,-613
shoulders,lateral-raise,405,-7,-598
shoulders,lateral-raise,382,1,-644
shoulders,lateral-raise,357,9,-604
shoulders,lateral-raise,319,23,-656
shoulders,lateral-raise,294,8,-654
shoulders,lateral-raise,240,8,-840
shoulders,lateral-raise,224,16,-768
shoulders,lateral-raise,224,16,-768
shoulders,lateral-raise,139,47,-714
shoulders,lateral-raise,75,56,-811
shoulders,lateral-raise,12,56,-667
shoulders,lateral-raise,-87,49,-853
shoulders,lateral-raise,-103,69,-851
shoulders,lateral-raise,-139,93,-932
shoulders,lateral-raise,-185,103,-924
shoulders,lateral-raise,-239,111,-847
shoulders,lateral-raise,-255,158,-930
shoulders,lateral-raise,-313,143,-996
shoulders,lateral-raise,-322,192,-965
shoulders,lateral-raise,-423,202,-928
shoulders,lateral-raise,-468,171,-873
shoulders,lateral-raise,-501,200,-919
shoulders,lateral-raise,-562,171,-977
shoulders,lateral-raise,-606,190,-873
shoulders,lateral-raise,-642,229,-916
shoulders,lateral-raise,-676,194,-907
shoulders,lateral-raise,-698,193,-788
shoulders,lateral-raise,-733,198,-822
shoulders,lateral-raise,-738,183,-843
shoulders,lateral-raise,-737,203,-789
shoulders,lateral-raise,-787,207,-815
shoulders,lateral-raise,-807,204,-810
shoulders,lateral-raise,-804,232,-752
shoulders,lateral-raise,-828,233,-748
shoulders,lateral-raise,-851,231,-789
shoulders,lateral-raise,-882,252,-764
shoulders,lateral-raise,-904,236,-624
shoulders,lateral-raise,-907,211,-575
shoulders,lateral-raise,-933,216,-638
shoulders,lateral-raise,-956,213,-616
shoulders,lateral-raise,-944,211,-555
shoulders,lateral-raise,-965,211,-536
shoulders,lateral-raise,-974,202,-537
shoulders,lateral-raise,-970,208,-562
shoulders,lateral-raise,-978,208,-507
shoulders,lateral-raise,-980,212,-444
shoulders,lateral-raise,-972,228,-443
shoulders,lateral-raise,-982,238,-475
shoulders,lateral-raise,-980,231,-460
shoulders,lateral-raise,-997,223,-449
shoulders,lateral-raise,-986,215,-294
shoulders,lateral-raise,-1002,208,-283
shoulders,lateral-raise,-1017,206,-311
shoulders,lateral-raise,-1022,193,-369
shoulders,lateral-raise,-1002,207,-368
shoulders,lateral-raise,-1022,191,-254
shoulders,lateral-raise,-985,176,-208
shoulders,lateral-raise,-1008,192,-225
shoulders,lateral-raise,-976,184,-303
shoulders,lateral-raise,-976,200,-320
shoulders,lateral-raise,-976,162,-297
shoulders,lateral-raise,-954,160,-251
shoulders,lateral-raise,-945,160,-284
shoulders,lateral-raise,-951,181,-466
shoulders,lateral-raise,-966,184,-544
shoulders,lateral-raise,-968,204,-559
shoulders,lateral-raise,-1021,241,-560
shoulders,lateral-raise,-1097,196,-710
shoulders,lateral-raise,-1150,178,-757
shoulders,lateral-raise,-1210,176,-735
shoulders,lateral-raise,-1224,206,-734
shoulders,lateral-raise,-1212,187,-824
shoulders,lateral-raise,-1202,187,-799
shoulders,lateral-raise,-1211,175,-804
shoulders,lateral-raise,-1248,136,-767
shoulders,lateral-raise,-1290,157,-776
shoulders,lateral-raise,-1319,171,-756
shoulders,lateral-raise,-1348,178,-761
shoulders,lateral-raise,-1374,184,-757
shoulders,lateral-raise,-1375,189,-730
shoulders,lateral-raise,-1390,183,-747
shoulders,lateral-raise,-1386,176,-768
shoulders,lateral-raise,-1343,159,-739
shoulders,lateral-raise,-1304,136,-736
shoulders,lateral-raise,-1234,116,-756
shoulders,lateral-raise,-1113,119,-759
shoulders,lateral-raise,-1026,132,-750
shoulders,lateral-raise,-971,115,-711
shoulders,lateral-raise,-894,106,-714
shoulders,lateral-raise,-813,141,-691
shoulders,lateral-raise,-727,159,-618
shoulders,lateral-raise,-663,133,-678
shoulders,lateral-raise,-579,123,-694
shoulders,lateral-raise,-512,65,-662
shoulders,lateral-raise,-415,50,-642
shoulders,lateral-raise,-304,81,-644
shoulders,lateral-raise,-253,42,-616
shoulders,lateral-raise,-157,46,-554
shoulders,lateral-raise,-108,38,-517
shoulders,lateral-raise,-52,29,-564
shoulders,lateral-raise,11,16,-531
shoulders,lateral-raise,71,17,-469
shoulders,lateral-raise,126,31,-492
shoulders,lateral-raise,219,73,-467
shoulders,lateral-raise,183,15,-480
shoulders,lateral-raise,257,6,-402
shoulders,lateral-raise,275,-15,-423
shoulders,lateral-raise,329,8,-402
shoulders,lateral-raise,360,16,-464
shoulders,lateral-raise,376,-64,-384
shoulders,lateral-raise,423,21,-462
shoulders,lateral-raise,416,-52,-464
shoulders,lateral-raise,461,-4,-382
shoulders,lateral-raise,449,-29,-609
shoulders,lateral-raise,455,-46,-468
shoulders,lateral-raise,442,-41,-469
shoulders,lateral-raise,460,-47,-479
shoulders,lateral-raise,417,-68,-547
shoulders,lateral-raise,473,-33,-430
shoulders,lateral-raise,424,-68,-514
shoulders,lateral-raise,427,-49,-519
shoulders,lateral-raise,432,-28,-530
shoulders,lateral-raise,391,-30,-571
shoulders,lateral-raise,376,-32,-573
shoulders,lateral-raise,348,-32,-590
shoulders,lateral-raise,293,-16,-600
shoulders,lateral-raise,256,-3,-647
shoulders,lateral-raise,207,-25,-682
shoulders,lateral-raise,140,-20,-678
shoulders,lateral-raise,107,-27,-701
shoulders,lateral-raise,72,-21,-669
shoulders,lateral-raise,39,-21,-748
shoulders,lateral-raise,2,-15,-805
shoulders,lateral-raise,-57,17,-809
shoulders,lateral-raise,-112,20,-836
shoulders,lateral-raise,-155,20,-863
shoulders,lateral-raise,-213,32,-889
shoulders,lateral-raise,-267,43,-845
shoulders,lateral-raise,-310,56,-840
shoulders,lateral-raise,-365,69,-912
shoulders,lateral-raise,-393,79,-918
shoulders,lateral-raise,-440,58,-879
shoulders,lateral-raise,-501,64,-856
shoulders,lateral-raise,-540,78,-874
shoulders,lateral-raise,-615,42,-912
shoulders,lateral-raise,-648,64,-838
shoulders,lateral-raise,-673,108,-868
shoulders,lateral-raise,-756,112,-954
shoulders,lateral-raise,-797,95,-899
shoulders,lateral-raise,-828,122,-849
shoulders,lateral-raise,-873,119,-834
shoulders,lateral-raise,-887,85,-875
shoulders,lateral-raise,-926,111,-850
shoulders,lateral-raise,-965,102,-836
shoulders,lateral-raise,-997,94,-655
shoulders,lateral-raise,-974,140,-721
shoulders,lateral-raise,-1029,106,-804
shoulders,lateral-raise,-992,136,-646
shoulders,lateral-raise,-984,129,-608
shoulders,lateral-raise,-1000,168,-592
shoulders,lateral-raise,-1000,176,-600
shoulders,lateral-raise,-992,145,-530
shoulders,lateral-raise,-1015,159,-536
shoulders,lateral-raise,-1031,190,-491
shoulders,lateral-raise,-1010,170,-503
shoulders,lateral-raise,-1022,182,-518
shoulders,lateral-raise,-1024,177,-499
shoulders,lateral-raise,-1031,183,-387
shoulders,lateral-raise,-999,171,-395
shoulders,lateral-raise,-1005,155,-426
shoulders,lateral-raise,-1008,196,-400
shoulders,lateral-raise,-1002,196,-336
shoulders,lateral-raise,-1000,180,-326
shoulders,lateral-raise,-994,217,-334
shoulders,lateral-raise,-1003,226,-302
shoulders,lateral-raise,-1002,230,-238
shoulders,lateral-raise,-995,210,-227
shoulders,lateral-raise,-997,195,-243
shoulders,lateral-raise,-1000,217,-212
shoulders,lateral-raise,-1000,232,-182
shoulders,lateral-raise,-1000,213,-181
shoulders,lateral-raise,-995,191,-165
shoulders,lateral-raise,-996,188,-139
shoulders,lateral-raise,-991,196,-145
shoulders,lateral-raise,-967,200,-181
shoulders,lateral-raise,-948,192,-212
shoulders,lateral-raise,-944,184,-247
shoulders,lateral-raise,-940,188,-305
shoulders,lateral-raise,-957,188,-362
shoulders,lateral-raise,-1004,214,-475
shoulders,lateral-raise,-1087,250,-584
shoulders,lateral-raise,-1159,203,-526
shoulders,lateral-raise,-1138,164,-545
shoulders,lateral-raise,-1144,197,-713
shoulders,lateral-raise,-1173,182,-764
shoulders,lateral-raise,-1168,175,-694
shoulders,lateral-raise,-1163,201,-702
shoulders,lateral-raise,-1165,182,-778
shoulders,lateral-raise,-1206,174,-772
shoulders,lateral-raise,-1238,172,-725
shoulders,lateral-raise,-1303,194,-698
shoulders,lateral-raise,-1381,238,-743
shoulders,lateral-raise,-1477,260,-760
shoulders,lateral-raise,-1506,244,-682
shoulders,lateral-raise,-1518,264,-700
shoulders,lateral-raise,-1504,262,-725
shoulders,lateral-raise,-1498,251,-683
shoulders,lateral-raise,-1434,279,-556
shoulders,lateral-raise,-1348,262,-717
shoulders,lateral-raise,-1268,216,-664
shoulders,lateral-raise,-1144,200,-656
shoulders,lateral-raise,-1024,208,-712
shoulders,lateral-raise,-1024,208,-712
shoulders,lateral-raise,-931,177,-704
shoulders,lateral-raise,-837,184,-605
shoulders,lateral-raise,-705,221,-675
shoulders,lateral-raise,-660,166,-709
shoulders,lateral-raise,-570,153,-555
shoulders,lateral-raise,-497,138,-522
shoulders,lateral-raise,-420,95,-554
shoulders,lateral-raise,-335,108,-667
shoulders,lateral-raise,-274,73,-603
shoulders,lateral-raise,-175,102,-590
shoulders,lateral-raise,-121,75,-604
shoulders,lateral-raise,-40,28,-536
shoulders,lateral-raise,-28,-2,-530
shoulders,lateral-raise,14,-19,-433
shoulders,lateral-raise,88,4,-515
shoulders,lateral-raise,112,-38,-541
shoulders,lateral-raise,149,-38,-460
shoulders,lateral-raise,224,-19,-434
shoulders,lateral-raise,251,-36,-494
shoulders,lateral-raise,286,-58,-442
shoulders,lateral-raise,312,-55,-407
shoulders,lateral-raise,334,-84,-460
shoulders,lateral-raise,378,-86,-436
shoulders,lateral-raise,400,-85,-442
shoulders,lateral-raise,412,-92,-512
shoulders,lateral-raise,428,-80,-517
shoulders,lateral-raise,432,-106,-470
shoulders,lateral-raise,446,-118,-468
shoulders,lateral-raise,447,-106,-521
shoulders,lateral-raise,427,-126,-534
shoulders,lateral-raise,444,-112,-505
shoulders,lateral-raise,444,-92,-535
shoulders,lateral-raise,413,-123,-599
shoulders,lateral-raise,419,-112,-554
shoulders,lateral-raise,398,-117,-599
shoulders,lateral-raise,362,-117,-605
shoulders,lateral-raise,324,-88,-597
shoulders,lateral-raise,296,-86,-660
shoulders,lateral-raise,241,-78,-665
shoulders,lateral-raise,209,-74,-665
shoulders,lateral-raise,172,-86,-739
shoulders,lateral-raise,117,-105,-664
shoulders,lateral-raise,99,-73,-740
shoulders,lateral-raise,67,-77,-726
shoulders,lateral-raise,26,-58,-771
shoulders,lateral-raise,-26,-68,-794
shoulders,lateral-raise,-52,-24,-819
shoulders,lateral-raise,-106,-23,-856
shoulders,lateral-raise,-145,-8,-858
shoulders,lateral-raise,-193,0,-912
shoulders,lateral-raise,-279,0,-872
shoulders,lateral-raise,-187,31,-926
shoulders,lateral-raise,-306,55,-1004
shoulders,lateral-raise,-342,101,-807
shoulders,lateral-raise,-380,111,-865
shoulders,lateral-raise,-434,105,-986
shoulders,lateral-raise,-468,132,-944
shoulders,lateral-raise,-506,122,-895
shoulders,lateral-raise,-545,120,-815
shoulders,lateral-raise,-572,140,-878
shoulders,lateral-raise,-608,144,-972
shoulders,lateral-raise,-666,150,-868
shoulders,lateral-raise,-686,158,-814
shoulders,lateral-raise,-712,184,-843
shoulders,lateral-raise,-754,198,-867
shoulders,lateral-raise,-762,194,-827
shoulders,lateral-raise,-803,192,-819
shoulders,lateral-raise,-829,192,-782
shoulders,lateral-raise,-837,202,-836
shoulders,lateral-raise,-870,228,-836
shoulders,lateral-raise,-874,245,-698
shoulders,lateral-raise,-887,243,-656
shoulders,lateral-raise,-931,258,-689
shoulders,lateral-raise,-952,268,-692
shoulders,lateral-raise,-964,239,-613
shoulders,lateral-raise,-976,232,-548
shoulders,lateral-raise,-968,263,-575
shoulders,lateral-raise,-964,262,-578
shoulders,lateral-raise,-975,247,-524
shoulders,lateral-raise,-987,249,-471
shoulders,lateral-raise,-998,237,-461
shoulders,lateral-raise,-1008,244,-477
shoulders,lateral-raise,-996,267,-469
shoulders,lateral-raise,-976,267,-420
shoulders,lateral-raise,-971,266,-320
shoulders,lateral-raise,-958,278,-312
shoulders,lateral-raise,-961,267,-325
shoulders,lateral-raise,-982,294,-233
shoulders,lateral-raise,-978,290,-278
shoulders,lateral-raise,-988,300,-272
shoulders,lateral-raise,-995,310,-284
shoulders,lateral-raise,-979,300,-315
shoulders,lateral-raise,-988,280,-257
shoulders,lateral-raise,-970,279,-262
shoulders,lateral-raise,-983,271,-247
shoulders,lateral-raise,-979,264,-237
shoulders,lateral-raise,-1001,260,-214
shoulders,lateral-raise,-1006,223,-195
shoulders,lateral-raise,-984,218,-238
shoulders,lateral-raise,-992,248,-206
shoulders,lateral-raise,-976,240,-144
shoulders,lateral-raise,-968,264,-144
shoulders,lateral-raise,-929,241,-206
shoulders,lateral-raise,-928,248,-231
shoulders,lateral-raise,-950,248,-254
shoulders,lateral-raise,-959,248,-241
shoulders,lateral-raise,-974,241,-276
shoulders,lateral-raise,-969,282,-392
shoulders,lateral-raise,-995,247,-551
shoulders,lateral-raise,-1073,307,-496
shoulders,lateral-raise,-1095,300,-532
shoulders,lateral-raise,-1140,239,-658
shoulders,lateral-raise,-1171,261,-682
shoulders,lateral-raise,-1188,266,-710
shoulders,lateral-raise,-1198,264,-714
shoulders,lateral-raise,-1200,293,-729
shoulders,lateral-raise,-1217,265,-730
shoulders,lateral-raise,-1251,253,-663
shoulders,lateral-raise,-1269,288,-669
shoulders,lateral-raise,-1318,284,-775
shoulders,lateral-raise,-1374,287,-725
shoulders,lateral-raise,-1402,301,-645
shoulders,lateral-raise,-1417,299,-641
shoulders,lateral-raise,-1406,296,-644
shoulders,lateral-raise,-1379,287,-653
shoulders,lateral-raise,-1347,247,-664
shoulders,lateral-raise,-1284,252,-684
shoulders,lateral-raise,-1194,269,-700
shoulders,lateral-raise,-1115,230,-692
shoulders,lateral-raise,-1031,226,-653
shoulders,lateral-raise,-931,261,-655
shoulders,lateral-raise,-851,229,-710
shoulders,lateral-raise,-771,167,-653
shoulders,lateral-raise,-668,198,-569
shoulders,lateral-raise,-573,194,-544
shoulders,lateral-raise,-505,171,-549
shoulders,lateral-raise,-418,169,-577
shoulders,lateral-raise,-375,138,-646
shoulders,lateral-raise,-367,102,-661
shoulders,lateral-raise,-288,94,-482
shoulders,lateral-raise,-251,88,-460
shoulders,lateral-raise,-183,86,-551
shoulders,lateral-raise,-81,67,-630
shoulders,lateral-raise,-32,12,-581
shoulders,lateral-raise,54,28,-554
shoulders,lateral-raise,98,9,-482
shoulders,lateral-raise,172,13,-555
shoulders,lateral-raise,208,-12,-572
shoulders,lateral-raise,215,-55,-531
shoulders,lateral-raise,306,-48,-471
shoulders,lateral-raise,344,-49,-599
shoulders,lateral-raise,344,-80,-551
shoulders,lateral-raise,376,-56,-481
shoulders,lateral-raise,368,-40,-496
shoulders,lateral-raise,376,-55,-572
shoulders,lateral-raise,383,-86,-494
shoulders,lateral-raise,384,-59,-437
shoulders,lateral-raise,420,-63,-496
shoulders,lateral-raise,368,-64,-595
shoulders,lateral-raise,401,-78,-526
shoulders,lateral-raise,421,-40,-552
shoulders,lateral-raise,372,-84,-586
shoulders,lateral-raise,366,-58,-478
shoulders,lateral-raise,349,-60,-516
shoulders,lateral-raise,326,-40,-639
shoulders,lateral-raise,308,-32,-590
shoulders,lateral-raise,304,-21,-606
shoulders,lateral-raise,287,-38,-591
shoulders,lateral-raise,275,-10,-673
shoulders,lateral-raise,219,-3,-683
shoulders,lateral-raise,182,12,-649
shoulders,lateral-raise,127,44,-704
shoulders,lateral-raise,72,61,-706
shoulders,lateral-raise,37,87,-680
shoulders,lateral-raise,20,100,-653
shoulders,lateral-raise,-19,83,-658
shoulders,lateral-raise,-77,89,-763
shoulders,lateral-raise,-148,104,-868
shoulders,lateral-raise,-215,116,-888
shoulders,lateral-raise,-258,154,-880
shoulders,lateral-raise,-336,198,-876
shoulders,lateral-raise,-418,206,-811
shoulders,lateral-raise,-471,189,-760
shoulders,lateral-raise,-552,190,-845
shoulders,lateral-raise,-609,215,-898
shoulders,lateral-raise,-640,243,-855
shoulders,lateral-raise,-650,243,-784
shoulders,lateral-raise,-677,237,-804
shoulders,lateral-raise,-713,257,-886
shoulders,lateral-raise,-780,263,-861
shoulders,lateral-raise,-790,238,-804
shoulders,lateral-raise,-797,311,-796
shoulders,lateral-raise,-855,329,-815
shoulders,lateral-raise,-909,301,-824
shoulders,lateral-raise,-905,283,-743
shoulders,lateral-raise,-951,262,-691
shoulders,lateral-raise,-950,299,-673
shoulders,lateral-raise,-994,316,-721
shoulders,lateral-raise,-1006,283,-594
shoulders,lateral-raise,-987,311,-534
shoulders,lateral-raise,-1024,294,-614
shoulders,lateral-raise,-1031,249,-573
shoulders,lateral-raise,-1008,272,-480
shoulders,lateral-raise,-1032,312,-440
shoulders,lateral-raise,-1040,304,-471
shoulders,lateral-raise,-1025,296,-388
shoulders,lateral-raise,-1002,289,-317
shoulders,lateral-raise,-1036,317,-429
shoulders,lateral-raise,-1033,327,-326
shoulders,lateral-raise,-1018,314,-284
shoulders,lateral-raise,-1030,305,-260
shoulders,lateral-raise,-1005,317,-289
shoulders,lateral-raise,-1013,320,-283
shoulders,lateral-raise,-1010,320,-210
shoulders,lateral-raise,-1008,270,-192
shoulders,lateral-raise,-1002,250,-186
shoulders,lateral-raise,-1012,260,-196
shoulders,lateral-raise,-1016,264,-200
shoulders,lateral-raise,-1022,258,-172
shoulders,lateral-raise,-1013,245,-117
shoulders,lateral-raise,-1003,245,-143
shoulders,lateral-raise,-1010,233,-143
shoulders,lateral-raise,-1001,239,-108
shoulders,lateral-raise,-997,238,-110
shoulders,lateral-raise,-995,237,-111
shoulders,lateral-raise,-992,236,-95
shoulders,lateral-raise,-979,241,-97
shoulders,lateral-raise,-968,240,-92
shoulders,lateral-raise,-968,232,-68
shoulders,lateral-raise,-976,228,-79
shoulders,lateral-raise,-984,224,-82
shoulders,lateral-raise,-980,210,-49
shoulders,lateral-raise,-976,192,-50
shoulders,lateral-raise,-970,189,-67
shoulders,lateral-raise,-960,187,-81
shoulders,lateral-raise,-966,183,-102
shoulders,lateral-raise,-976,168,-104
shoulders,lateral-raise,-976,171,-111
shoulders,lateral-raise,-981,188,-184
shoulders,lateral-raise,-997,211,-270
shoulders,lateral-raise,-1031,208,-361
shoulders,lateral-raise,-1108,234,-410
shoulders,lateral-raise,-1157,236,-450
shoulders,lateral-raise,-1207,226,-588
shoulders,lateral-raise,-1235,235,-665
shoulders,lateral-raise,-1252,241,-668
shoulders,lateral-raise,-1267,213,-646
shoulders,lateral-raise,-1248,238,-641
shoulders,lateral-raise,-1306,225,-702
shoulders,lateral-raise,-1326,231,-676
shoulders,lateral-raise,-1390,227,-557
shoulders,lateral-raise,-1477,270,-634
shoulders,lateral-raise,-1570,240,-670
shoulders,lateral-raise,-1640,248,-600
shoulders,lateral-raise,-1632,264,-576
shoulders,lateral-raise,-1601,248,-669
shoulders,lateral-raise,-1539,233,-695
shoulders,lateral-raise,-1424,262,-703
shoulders,lateral-raise,-1321,257,-733
shoulders,lateral-raise,-1226,220,-686
shoulders,lateral-raise,-1132,223,-624
shoulders,lateral-raise,-1059,265,-650
shoulders,lateral-raise,-1015,239,-589
shoulders,lateral-raise,-884,258,-602
shoulders,lateral-raise,-831,239,-646
shoulders,lateral-raise,-750,220,-575
shoulders,lateral-raise,-662,198,-540
shoulders,lateral-raise,-581,192,-577
shoulders,lateral-raise,-497,163,-506
shoulders,lateral-raise,-422,130,-500
shoulders,lateral-raise,-313,120,-496
shoulders,lateral-raise,-246,115,-514
shoulders,lateral-raise,-181,92,-482
shoulders,lateral-raise,-122,60,-461
shoulders,lateral-raise,-56,38,-445
shoulders,lateral-raise,36,41,-478
shoulders,lateral-raise,80,17,-485
shoulders,lateral-raise,123,-12,-442
shoulders,lateral-raise,202,-8,-416
shoulders,lateral-raise,244,-12,-436
shoulders,lateral-raise,294,-36,-437
shoulders,lateral-raise,333,-59,-382
shoulders,lateral-raise,341,-58,-423
shoulders,lateral-raise,385,-67,-475
shoulders,lateral-raise,408,-101,-389
shoulders,lateral-raise,414,-87,-416
shoulders,lateral-raise,439,-92,-524
shoulders,lateral-raise,461,-112,-483
shoulders,lateral-raise,459,-85,-490
shoulders,lateral-raise,462,-98,-513
shoulders,lateral-raise,451,-95,-498
shoulders,lateral-raise,438,-78,-546
shoulders,lateral-raise,432,-88,-534
shoulders,lateral-raise,428,-66,-507
shoulders,lateral-raise,414,-75,-592
shoulders,lateral-raise,402,-85,-551
shoulders,lateral-raise,375,-72,-527
shoulders,lateral-raise,363,-73,-604
shoulders,lateral-raise,331,-76,-628
shoulders,lateral-raise,293,-51,-651
shoulders,lateral-raise,267,-75,-612
shoulders,lateral-raise,212,-23,-654
shoulders,lateral-raise,150,-10,-735
shoulders,lateral-raise,103,-39,-711
shoulders,lateral-raise,64,-16,-664
shoulders,lateral-raise,-8,-16,-712
shoulders,lateral-raise,-8,-16,-712
shoulders,lateral-raise,-47,0,-790
shoulders,lateral-raise,-86,46,-792
shoulders,lateral-raise,-148,48,-814
shoulders,lateral-raise,-137,84,-794
shoulders,lateral-raise,-243,117,-892
shoulders,lateral-raise,-270,134,-813
shoulders,lateral-raise,-292,143,-902
shoulders,lateral-raise,-336,164,-953
shoulders,lateral-raise,-357,188,-921
shoulders,lateral-raise,-398,192,-893
shoulders,lateral-raise,-439,198,-944
shoulders,lateral-raise,-478,182,-930
shoulders,lateral-raise,-506,200,-891
shoulders,lateral-raise,-552,225,-897
shoulders,lateral-raise,-601,204,-882
shoulders,lateral-raise,-638,197,-867
shoulders,lateral-raise,-669,200,-885
shoulders,lateral-raise,-695,241,-911
shoulders,lateral-raise,-744,279,-871
shoulders,lateral-raise,-801,288,-787
shoulders,lateral-raise,-838,274,-743
shoulders,lateral-raise,-879,255,-740
shoulders,lateral-raise,-908,265,-722
shoulders,lateral-raise,-908,280,-700
shoulders,lateral-raise,-940,280,-704
shoulders,lateral-raise,-961,284,-670
shoulders,lateral-raise,-962,299,-624
shoulders,lateral-raise,-995,294,-613
shoulders,lateral-raise,-1005,272,-570
shoulders,lateral-raise,-1000,272,-547
shoulders,lateral-raise,-1009,272,-573
shoulders,lateral-raise,-1021,275,-530
shoulders,lateral-raise,-1011,285,-453
shoulders,lateral-raise,-1003,299,-445
shoulders,lateral-raise,-1006,302,-472
shoulders,lateral-raise,-1005,294,-467
shoulders,lateral-raise,-1014,284,-409
shoulders,lateral-raise,-1002,270,-294
shoulders,lateral-raise,-989,262,-334
shoulders,lateral-raise,-1006,258,-328
shoulders,lateral-raise,-1001,265,-316
shoulders,lateral-raise,-1007,271,-263
shoulders,lateral-raise,-999,266,-256
shoulders,lateral-raise,-992,278,-247
shoulders,lateral-raise,-992,261,-181
shoulders,lateral-raise,-993,241,-153
shoulders,lateral-raise,-1009,255,-158
shoulders,lateral-raise,-1024,247,-128
shoulders,lateral-raise,-1016,232,-137
shoulders,lateral-raise,-1024,224,-160
shoulders,lateral-raise,-1016,224,-168
shoulders,lateral-raise,-1016,232,-129
shoulders,lateral-raise,-1008,247,-120
shoulders,lateral-raise,-1015,226,-113
shoulders,lateral-raise,-1009,224,-112
shoulders,lateral-raise,-1015,231,-119
shoulders,lateral-raise,-1016,246,-134
shoulders,lateral-raise,-1023,221,-109
shoulders,lateral-raise,-1024,196,-64
shoulders,lateral-raise,-1004,192,-43
shoulders,lateral-raise,-1006,186,-91
shoulders,lateral-raise,-1002,178,-123
shoulders,lateral-raise,-988,182,-134
shoulders,lateral-raise,-972,190,-89
shoulders,lateral-raise,-968,181,-129
shoulders,lateral-raise,-979,209,-180
shoulders,lateral-raise,-973,186,-203
shoulders,lateral-raise,-1021,179,-266
shoulders,lateral-raise,-1048,230,-403
shoulders,lateral-raise,-1102,231,-484
shoulders,lateral-raise,-1165,168,-529
shoulders,lateral-raise,-1189,182,-584
shoulders,lateral-raise,-1201,216,-644
shoulders,lateral-raise,-1230,220,-676
shoulders,lateral-raise,-1256,207,-651
shoulders,lateral-raise,-1304,188,-640
shoulders,lateral-raise,-1363,188,-618
shoulders,lateral-raise,-1439,196,-653
shoulders,lateral-raise,-1557,211,-744
shoulders,lateral-raise,-1648,207,-670
shoulders,lateral-raise,-1664,181,-562
shoulders,lateral-raise,-1625,173,-628
shoulders,lateral-raise,-1559,183,-735
shoulders,lateral-raise,-1455,224,-693
shoulders,lateral-raise,-1356,248,-651
shoulders,lateral-raise,-1246,225,-610
shoulders,lateral-raise,-1157,208,-611
shoulders,lateral-raise,-1111,214,-602
shoulders,lateral-raise,-1050,230,-583
shoulders,lateral-raise,-997,233,-542
shoulders,lateral-raise,-940,251,-659
shoulders,lateral-raise,-846,196,-586
shoulders,lateral-raise,-749,177,-500
shoulders,lateral-raise,-645,178,-547
shoulders,lateral-raise,-574,145,-479
shoulders,lateral-raise,-501,147,-535
shoulders,lateral-raise,-468,105,-579
shoulders,lateral-raise,-414,111,-442
shoulders,lateral-raise,-275,96,-469
shoulders,lateral-raise,-166,96,-567
shoulders,lateral-raise,-112,80,-536
shoulders,lateral-raise,-64,48,-448
shoulders,lateral-raise,-64,32,-495
shoulders,lateral-raise,-3,17,-572
shoulders,lateral-raise,52,9,-591
shoulders,lateral-raise,107,-21,-607
shoulders,lateral-raise,255,-3,-458
shoulders,lateral-raise,307,14,-552
shoulders,lateral-raise,360,2,-541
shoulders,lateral-raise,415,13,-456
shoulders,lateral-raise,431,-10,-447
shoulders,lateral-raise,464,-35,-448
shoulders,lateral-raise,472,-59,-454
shoulders,lateral-raise,466,-100,-480
shoulders,lateral-raise,476,-124,-423
shoulders,lateral-raise,474,-111,-423
shoulders,lateral-raise,478,-87,-477
shoulders,lateral-raise,453,-118,-501
shoulders,lateral-raise,461,-89,-446
shoulders,lateral-raise,457,-84,-492
shoulders,lateral-raise,468,-86,-536
shoulders,lateral-raise,485,-85,-550
shoulders,lateral-raise,483,-74,-569
shoulders,lateral-raise,458,-60,-576
shoulders,lateral-raise,436,-43,-580
shoulders,lateral-raise,395,-36,-584
shoulders,lateral-raise,348,-28,-584
shoulders,lateral-raise,321,-28,-638
shoulders,lateral-raise,282,-40,-696
shoulders,lateral-raise,235,-33,-689
shoulders,lateral-raise,171,-17,-704
shoulders,lateral-raise,101,-2,-720
shoulders,lateral-raise,51,11,-727
shoulders,lateral-raise,-7,13,-773
shoulders,lateral-raise,-51,33,-771
shoulders,lateral-raise,-84,70,-807
shoulders,lateral-raise,-146,46,-848
shoulders,lateral-raise,-154,54,-801
shoulders,lateral-raise,-185,86,-854
shoulders,lateral-raise,-260,80,-924
shoulders,lateral-raise,-286,93,-884
shoulders,lateral-raise,-343,134,-874
shoulders,lateral-raise,-378,132,-873
shoulders,lateral-raise,-428,152,-847
shoulders,lateral-raise,-457,152,-882
shoulders,lateral-raise,-517,152,-893
shoulders,lateral-raise,-560,155,-869
shoulders,lateral-raise,-630,183,-833
shoulders,lateral-raise,-688,179,-770
shoulders,lateral-raise,-693,215,-902
shoulders,lateral-raise,-792,193,-870
shoulders,lateral-raise,-776,216,-792
shoulders,lateral-raise,-800,184,-808
shoulders,lateral-raise,-854,168,-808
shoulders,lateral-raise,-826,191,-762
shoulders,lateral-raise,-854,199,-790
shoulders,lateral-raise,-914,178,-792
shoulders,lateral-raise,-906,190,-656
shoulders,lateral-raise,-911,199,-689
shoulders,lateral-raise,-946,173,-682
shoulders,lateral-raise,-925,208,-633
shoulders,lateral-raise,-933,216,-624
shoulders,lateral-raise,-942,216,-586
shoulders,lateral-raise,-944,235,-551
shoulders,lateral-raise,-968,216,-586
shoulders,lateral-raise,-1017,202,-547
shoulders,lateral-raise,-1021,211,-471
shoulders,lateral-raise,-1038,216,-465
shoulders,lateral-raise,-1048,221,-494
shoulders,lateral-raise,-1043,240,-462
shoulders,lateral-raise,-1040,243,-409
shoulders,lateral-raise,-1045,245,-397
shoulders,lateral-raise,-1038,238,-381
shoulders,lateral-raise,-1032,232,-359
shoulders,lateral-raise,-1023,228,-334
shoulders,lateral-raise,-1012,237,-333
shoulders,lateral-raise,-1004,240,-319
shoulders,lateral-raise,-1000,240,-288
shoulders,lateral-raise,-1000,240,-268
shoulders,lateral-raise,-1000,228,-238
shoulders,lateral-raise,-996,213,-216
shoulders,lateral-raise,-985,200,-213
shoulders,lateral-raise,-976,200,-202
shoulders,lateral-raise,-967,200,-180
shoulders,lateral-raise,-946,200,-166
shoulders,lateral-raise,-939,200,-173
shoulders,lateral-raise,-944,208,-163
shoulders,lateral-raise,-951,224,-159
shoulders,lateral-raise,-970,226,-167
shoulders,lateral-raise,-978,238,-144
shoulders,lateral-raise,-986,248,-146
shoulders,lateral-raise,-992,228,-152
shoulders,lateral-raise,-985,237,-157
shoulders,lateral-raise,-963,220,-189
shoulders,lateral-raise,-972,196,-257
shoulders,lateral-raise,-951,184,-306
shoulders,lateral-raise,-953,239,-358
shoulders,lateral-raise,-1022,285,-614
shoulders,lateral-raise,-1082,262,-595
shoulders,lateral-raise,-1188,238,-550
shoulders,lateral-raise,-1242,216,-637
shoulders,lateral-raise,-1280,208,-737
shoulders,lateral-raise,-1296,224,-776
shoulders,lateral-raise,-1296,248,-752
shoulders,lateral-raise,-1296,248,-752
shoulders,lateral-raise,-1304,201,-760
shoulders,lateral-raise,-1319,192,-783
shoulders,lateral-raise,-1305,259,-791
shoulders,lateral-raise,-1377,228,-704
shoulders,lateral-raise,-1413,245,-717
shoulders,lateral-raise,-1479,276,-797
shoulders,lateral-raise,-1522,280,-733
shoulders,lateral-raise,-1515,293,-647
shoulders,lateral-raise,-1486,309,-619
shoulders,lateral-raise,-1436,280,-686
shoulders,lateral-raise,-1350,284,-679
shoulders,lateral-raise,-1249,282,-600
shoulders,lateral-raise,-1148,268,-623
shoulders,lateral-raise,-1074,247,-646
shoulders,lateral-raise,-1006,240,-637
shoulders,lateral-raise,-935,251,-562
shoulders,lateral-raise,-859,230,-591
shoulders,lateral-raise,-761,201,-609
shoulders,lateral-raise,-641,217,-590
shoulders,lateral-raise,-530,189,-598
shoulders,lateral-raise,-442,137,-557
shoulders,lateral-raise,-350,124,-551
shoulders,lateral-raise,-287,98,-602
shoulders,lateral-raise,-235,76,-549
shoulders,lateral-raise,-168,60,-500
shoulders,lateral-raise,-101,25,-508
shoulders,lateral-raise,-27,23,-507
shoulders,lateral-raise,30,19,-509
shoulders,lateral-raise,72,-15,-503
shoulders,lateral-raise,130,-24,-522
shoulders,lateral-raise,189,-24,-527
shoulders,lateral-raise,224,-39,-515
shoulders,lateral-raise,240,-59,-471
shoulders,lateral-raise,288,-38,-412
shoulders,lateral-raise,318,-33,-493
shoulders,lateral-raise,335,-63,-484
shoulders,lateral-raise,398,-48,-432
shoulders,lateral-raise,416,-72,-452
shoulders,lateral-raise,420,-83,-494
shoulders,lateral-raise,442,-107,-444
shoulders,lateral-raise,474,-63,-501
shoulders,lateral-raise,453,-95,-543
shoulders,lateral-raise,481,-90,-463
shoulders,lateral-raise,486,-102,-509
shoulders,lateral-raise,472,-86,-543
shoulders,lateral-raise,470,-73,-539
shoulders,lateral-raise,449,-89,-569
shoulders,lateral-raise,462,-104,-574
shoulders,lateral-raise,431,-111,-545
shoulders,lateral-raise,408,-72,-592
shoulders,lateral-raise,392,-112,-568
shoulders,lateral-raise,353,-65,-615
shoulders,lateral-raise,329,-34,-593
shoulders,lateral-raise,298,-47,-614
shoulders,lateral-raise,281,-41,-623
shoulders,lateral-raise,209,-26,-681
shoulders,lateral-raise,158,-38,-716
shoulders,lateral-raise,118,-20,-672
shoulders,lateral-raise,99,-3,-764
shoulders,lateral-raise,24,0,-764
shoulders,lateral-raise,-17,0,-696
shoulders,lateral-raise,-74,6,-668
shoulders,lateral-raise,-124,32,-743
shoulders,lateral-raise,-177,46,-797
shoulders,lateral-raise,-221,65,-819
shoulders,lateral-raise,-238,100,-818
shoulders,lateral-raise,-294,101,-886
shoulders,lateral-raise,-352,133,-941
shoulders,lateral-raise,-434,152,-911
shoulders,lateral-raise,-462,157,-834
shoulders,lateral-raise,-499,189,-886
shoulders,lateral-raise,-574,189,-898
shoulders,lateral-raise,-626,167,-860
shoulders,lateral-raise,-657,190,-817
shoulders,lateral-raise,-701,216,-772
shoulders,lateral-raise,-752,216,-860
shoulders,lateral-raise,-814,197,-872
shoulders,lateral-raise,-852,183,-754
shoulders,lateral-raise,-880,188,-721
shoulders,lateral-raise,-930,191,-749
shoulders,lateral-raise,-963,200,-797
shoulders,lateral-raise,-995,203,-758
shoulders,lateral-raise,-1000,202,-675
shoulders,lateral-raise,-997,203,-638
shoulders,lateral-raise,-1010,229,-674
shoulders,lateral-raise,-1050,238,-679
shoulders,lateral-raise,-1049,232,-592
shoulders,lateral-raise,-1036,228,-476
shoulders,lateral-raise,-1058,220,-494
shoulders,lateral-raise,-1083,232,-517
shoulders,lateral-raise,-1071,234,-503
shoulders,lateral-raise,-1093,231,-372
shoulders,lateral-raise,-1077,201,-375
shoulders,lateral-raise,-1065,249,-472
shoulders,lateral-raise,-1070,256,-369
shoulders,lateral-raise,-1055,254,-316
shoulders,lateral-raise,-1046,237,-286
shoulders,lateral-raise,-1025,209,-346
shoulders,lateral-raise,-1031,217,-372
shoulders,lateral-raise,-1008,240,-294
shoulders,lateral-raise,-1016,248,-232
shoulders,lateral-raise,-984,232,-208
shoulders,lateral-raise,-984,224,-216
shoulders,lateral-raise,-984,232,-307
shoulders,lateral-raise,-984,262,-245
shoulders,lateral-raise,-999,235,-196
shoulders,lateral-raise,-1000,232,-163
shoulders,lateral-raise,-1000,246,-153
shoulders,lateral-raise,-1007,234,-166
shoulders,lateral-raise,-988,252,-141
shoulders,lateral-raise,-991,230,-116
shoulders,lateral-raise,-979,211,-125
shoulders,lateral-raise,-976,189,-134
shoulders,lateral-raise,-970,196,-112
shoulders,lateral-raise,-968,212,-69
shoulders,lateral-raise,-974,210,-73
shoulders,lateral-raise,-982,186,-86
shoulders,lateral-raise,-989,203,-83
shoulders,lateral-raise,-987,232,-59
shoulders,lateral-raise,-979,240,-89
shoulders,lateral-raise,-981,220,-87
shoulders,lateral-raise,-989,208,-53
shoulders,lateral-raise,-992,208,-68
shoulders,lateral-raise,-1005,199,-106
shoulders,lateral-raise,-1007,188,-120
shoulders,lateral-raise,-996,176,-132
shoulders,lateral-raise,-996,184,-164
shoulders,lateral-raise,-996,200,-230
shoulders,lateral-raise,-1040,207,-335
shoulders,lateral-raise,-1114,248,-414
shoulders,lateral-raise,-1146,251,-469
shoulders,lateral-raise,-1192,184,-543
shoulders,lateral-raise,-1231,169,-573
shoulders,lateral-raise,-1225,196,-609
shoulders,lateral-raise,-1245,208,-685
shoulders,lateral-raise,-1269,197,-699
shoulders,lateral-raise,-1318,203,-699
shoulders,lateral-raise,-1393,194,-656
shoulders,lateral-raise,-1473,202,-584
shoulders,lateral-raise,-1538,208,-608
shoulders,lateral-raise,-1588,221,-630
shoulders,lateral-raise,-1578,248,-674
shoulders,lateral-raise,-1574,185,-570
shoulders,lateral-raise,-1512,195,-613
shoulders,lateral-raise,-1430,208,-611
shoulders,lateral-raise,-1406,210,-662
shoulders,lateral-raise,-1329,221,-581
shoulders,lateral-raise,-1264,196,-496
shoulders,lateral-raise,-1180,237,-588
shoulders,lateral-raise,-1124,190,-640
shoulders,lateral-raise,-1045,161,-645
shoulders,lateral-raise,-943,200,-552
shoulders,lateral-raise,-801,184,-584
shoulders,lateral-raise,-730,168,-623
shoulders,lateral-raise,-621,145,-517
shoulders,lateral-raise,-571,114,-505
shoulders,lateral-raise,-451,97,-482
shoulders,lateral-raise,-390,75,-580
shoulders,lateral-raise,-314,51,-459
shoulders,lateral-raise,-222,68,-447
shoulders,lateral-raise,-141,32,-515
shoulders,lateral-raise,-76,17,-561
shoulders,lateral-raise,-26,35,-498
shoulders,lateral-raise,21,34,-499
shoulders,lateral-raise,86,50,-552
shoulders,lateral-raise,92,-15,-533
shoulders,lateral-raise,117,-6,-491
shoulders,lateral-raise,161,-31,-508
shoulders,lateral-raise,208,-64,-525
shoulders,lateral-raise,277,-56,-544
shoulders,lateral-raise,304,-109,-506
shoulders,lateral-raise,339,-139,-431
shoulders,lateral-raise,384,-98,-515
shoulders,lateral-raise,391,-155,-573
shoulders,lateral-raise,393,-153,-533
shoulders,lateral-raise,413,-139,-499
shoulders,lateral-raise,428,-176,-505
shoulders,lateral-raise,428,-192,-524
shoulders,lateral-raise,432,-208,-540
shoulders,lateral-raise,455,-245,-541
shoulders,lateral-raise,461,-255,-539
shoulders,lateral-raise,451,-224,-562
shoulders,lateral-raise,446,-230,-570
shoulders,lateral-raise,432,-228,-529
shoulders,lateral-raise,412,-202,-509
shoulders,lateral-raise,376,-192,-582
shoulders,lateral-raise,363,-176,-603
shoulders,lateral-raise,329,-146,-575
shoulders,lateral-raise,298,-157,-610
shoulders,lateral-raise,262,-149,-622
shoulders,lateral-raise,236,-102,-640
shoulders,lateral-raise,169,-118,-627
shoulders,lateral-raise,137,-99,-614
shoulders,lateral-raise,96,-51,-728
shoulders,lateral-raise,17,-63,-708
shoulders,lateral-raise,-21,-55,-614
shoulders,lateral-raise,-56,-38,-665
shoulders,lateral-raise,-119,34,-781
shoulders,lateral-raise,-181,54,-763
shoulders,lateral-raise,-236,110,-792
shoulders,lateral-raise,-300,81,-792
shoulders,lateral-raise,-369,104,-791
shoulders,lateral-raise,-400,120,-760
shoulders,lateral-raise,-464,136,-864
shoulders,lateral-raise,-464,136,-864
shoulders,lateral-raise,-503,152,-786
shoulders,lateral-raise,-572,190,-891
shoulders,lateral-raise,-621,162,-769
shoulders,lateral-raise,-631,175,-745
shoulders,lateral-raise,-711,176,-830
shoulders,lateral-raise,-769,183,-812
shoulders,lateral-raise,-803,225,-808
shoulders,lateral-raise,-835,259,-821
shoulders,lateral-raise,-886,257,-772
shoulders,lateral-raise,-921,243,-722
shoulders,lateral-raise,-947,252,-706
shoulders,lateral-raise,-988,268,-770
shoulders,lateral-raise,-1018,272,-721
shoulders,lateral-raise,-1024,266,-593
shoulders,lateral-raise,-1052,281,-641
shoulders,lateral-raise,-1075,277,-664
shoulders,lateral-raise,-1101,288,-582
shoulders,lateral-raise,-1117,271,-508
shoulders,lateral-raise,-1125,271,-503
shoulders,lateral-raise,-1133,270,-526
shoulders,lateral-raise,-1127,259,-490
shoulders,lateral-raise,-1111,256,-434
shoulders,lateral-raise,-1087,273,-399
shoulders,lateral-raise,-1076,288,-409
shoulders,lateral-raise,-1076,288,-404
shoulders,lateral-raise,-1064,276,-330
shoulders,lateral-raise,-1056,257,-236
shoulders,lateral-raise,-1052,252,-233
shoulders,lateral-raise,-1041,253,-272
shoulders,lateral-raise,-1022,251,-240
shoulders,lateral-raise,-1005,256,-243
shoulders,lateral-raise,-1015,250,-233
shoulders,lateral-raise,-1037,243,-208
shoulders,lateral-raise,-1027,248,-192
shoulders,lateral-raise,-1016,248,-158
shoulders,lateral-raise,-1014,246,-157
shoulders,lateral-raise,-1008,236,-160
shoulders,lateral-raise,-1004,222,-132
shoulders,lateral-raise,-990,216,-120
shoulders,lateral-raise,-981,218,-118
shoulders,lateral-raise,-965,223,-112
shoulders,lateral-raise,-949,217,-116
shoulders,lateral-raise,-934,224,-131
shoulders,lateral-raise,-918,225,-96
shoulders,lateral-raise,-902,233,-38
shoulders,lateral-raise,-887,239,-25
shoulders,lateral-raise,-873,231,-41
shoulders,lateral-raise,-889,225,-49
shoulders,lateral-raise,-912,240,-63
shoulders,lateral-raise,-928,224,-15
shoulders,lateral-raise,-944,224,47
shoulders,lateral-raise,-975,193,48
shoulders,lateral-raise,-976,192,71
shoulders,lateral-raise,-976,177,42
shoulders,lateral-raise,-976,176,-11
shoulders,lateral-raise,-962,190,13
shoulders,lateral-raise,-932,178,23
shoulders,lateral-raise,-914,169,-3
shoulders,lateral-raise,-905,175,19
shoulders,lateral-raise,-878,169,11
shoulders,lateral-raise,-859,162,46
shoulders,lateral-raise,-837,172,50
shoulders,lateral-raise,-826,170,30
shoulders,lateral-raise,-800,127,12
shoulders,lateral-raise,-781,101,37
shoulders,lateral-raise,-754,102,65
shoulders,lateral-raise,-749,120,45
shoulders,lateral-raise,-736,117,6
shoulders,lateral-raise,-728,107,-3
shoulders,lateral-raise,-743,109,44
shoulders,lateral-raise,-790,136,82
shoulders,lateral-raise,-825,115,69
shoulders,lateral-raise,-814,70,52
shoulders,lateral-raise,-800,69,39
shoulders,lateral-raise,-825,84,28
shoulders,lateral-raise,-856,92,24
shoulders,lateral-raise,-860,92,28
shoulders,lateral-raise,-838,73,25
shoulders,lateral-raise,-823,60,44
shoulders,lateral-raise,-845,81,100
shoulders,lateral-raise,-890,107,99
shoulders,lateral-raise,-946,121,47
shoulders,lateral-raise,-985,130,38
shoulders,lateral-raise,-1008,112,75
shoulders,lateral-raise,-1037,86,138
shoulders,lateral-raise,-1074,71,126
shoulders,lateral-raise,-1103,102,48
shoulders,lateral-raise,-1120,138,52
shoulders,lateral-raise,-1120,148,56
shoulders,lateral-raise,-1131,162,36
shoulders,lateral-raise,-1173,161,58
shoulders,lateral-raise,-1191,130,99
shoulders,lateral-raise,-1183,104,117
shoulders,lateral-raise,-1177,109,128
shoulders,lateral-raise,-1183,140,36
shoulders,lateral-raise,-1180,169,64
shoulders,lateral-raise,-1217,177,65
shoulders,lateral-raise,-1224,183,71
shoulders,lateral-raise,-1224,176,66
shoulders,lateral-raise,-1224,168,103
shoulders,lateral-raise,-1240,184,80
