shoulders,lateral-raise,-604,193,-727
shoulders,lateral-raise,-56,-822,-578
shoulders,lateral-raise,503,621,-1044
shoulders,lateral-raise,157,1292,-1289
shoulders,lateral-raise,246,1117,-863
shoulders,lateral-raise,-148,1004,-837
shoulders,lateral-raise,-193,858,-659
shoulders,lateral-raise,-302,973,-842
shoulders,lateral-raise,-1166,938,-1153
shoulders,lateral-raise,5,837,-723
shoulders,lateral-raise,1079,1343,-1105
shoulders,lateral-raise,1192,-704,504
shoulders,lateral-raise,-580,-999,-333
shoulders,lateral-raise,342,-69,-555
shoulders,lateral-raise,320,219,-578
shoulders,lateral-raise,-373,-94,-644
shoulders,lateral-raise,-545,-191,-639
shoulders,lateral-raise,-535,-212,-632
shoulders,lateral-raise,-576,-55,-605
shoulders,lateral-raise,-549,31,-475
shoulders,lateral-raise,-544,73,-398
shoulders,lateral-raise,-565,177,-356
shoulders,lateral-raise,-622,314,-314
shoulders,lateral-raise,-730,369,-332
shoulders,lateral-raise,-784,393,-239
shoulders,lateral-raise,-835,410,-145
shoulders,lateral-raise,-821,470,-5
shoulders,lateral-raise,-845,520,59
shoulders,lateral-raise,-898,509,53
shoulders,lateral-raise,-963,473,58
shoulders,lateral-raise,-1041,435,93
shoulders,lateral-raise,-1137,430,122
shoulders,lateral-raise,-1219,326,88
shoulders,lateral-raise,-1254,253,87
shoulders,lateral-raise,-1264,288,296
shoulders,lateral-raise,-1280,403,309
shoulders,lateral-raise,-1283,442,269
shoulders,lateral-raise,-1321,509,289
shoulders,lateral-raise,-1417,482,301
shoulders,lateral-raise,-1457,163,-124
shoulders,lateral-raise,-1398,114,-689
shoulders,lateral-raise,-1274,461,-445
shoulders,lateral-raise,-1358,497,269
shoulders,lateral-raise,-1504,231,193
shoulders,lateral-raise,-1591,112,30
shoulders,lateral-raise,-1516,349,169
shoulders,lateral-raise,-1446,453,76
shoulders,lateral-raise,-1388,386,-31
shoulders,lateral-raise,-1337,346,-64
shoulders,lateral-raise,-1219,352,178
shoulders,lateral-raise,-1117,346,169
shoulders,lateral-raise,-1057,328,86
shoulders,lateral-raise,-997,279,3
shoulders,lateral-raise,-913,253,-22
shoulders,lateral-raise,-839,232,14
shoulders,lateral-raise,-784,270,37
shoulders,lateral-raise,-725,251,55
shoulders,lateral-raise,-680,272,64
shoulders,lateral-raise,-645,321,45
shoulders,lateral-raise,-619,343,16
shoulders,lateral-raise,-622,378,16
shoulders,lateral-raise,-581,401,19
shoulders,lateral-raise,-539,463,17
shoulders,lateral-raise,-558,437,-84
shoulders,lateral-raise,-663,381,-119
shoulders,lateral-raise,-715,467,46
shoulders,lateral-raise,-764,485,-21
shoulders,lateral-raise,-797,473,7
shoulders,lateral-raise,-777,503,31
shoulders,lateral-raise,-767,528,25
shoulders,lateral-raise,-738,526,38
shoulders,lateral-raise,-764,521,-39
shoulders,lateral-raise,-852,540,-125
shoulders,lateral-raise,-977,484,-342
shoulders,lateral-raise,-1027,429,-498
shoulders,lateral-raise,-1081,407,-541
shoulders,lateral-raise,-1122,395,-575
shoulders,lateral-raise,-1169,315,-722
shoulders,lateral-raise,-1230,235,-880
shoulders,lateral-raise,-1277,93,-933
shoulders,lateral-raise,-1360,64,-944
shoulders,lateral-raise,-1406,89,-825
shoulders,lateral-raise,-1476,93,-847
shoulders,lateral-raise,-1509,74,-867
shoulders,lateral-raise,-1547,67,-877
shoulders,lateral-raise,-1517,119,-932
shoulders,lateral-raise,-1455,181,-867
shoulders,lateral-raise,-1416,219,-816
shoulders,lateral-raise,-1350,243,-739
shoulders,lateral-raise,-1309,217,-900
shoulders,lateral-raise,-1262,229,-882
shoulders,lateral-raise,-1187,255,-597
shoulders,lateral-raise,-1096,288,-600
shoulders,lateral-raise,-1026,241,-693
shoulders,lateral-raise,-948,156,-612
shoulders,lateral-raise,-862,159,-660
shoulders,lateral-raise,-768,124,-431
shoulders,lateral-raise,-596,127,-472
shoulders,lateral-raise,-499,149,-487
shoulders,lateral-raise,-427,97,-570
shoulders,lateral-raise,-343,55,-551
shoulders,lateral-raise,-250,68,-479
shoulders,lateral-raise,-181,47,-477
shoulders,lateral-raise,-81,52,-381
shoulders,lateral-raise,-26,26,-334
shoulders,lateral-raise,55,22,-399
shoulders,lateral-raise,126,-10,-476
shoulders,lateral-raise,183,-46,-424
shoulders,lateral-raise,216,-40,-370
shoulders,lateral-raise,256,-48,-376
shoulders,lateral-raise,282,-66,-348
shoulders,lateral-raise,288,-92,-249
shoulders,lateral-raise,302,-118,-300
shoulders,lateral-raise,340,-147,-387
shoulders,lateral-raise,356,-151,-373
shoulders,lateral-raise,387,-148,-352
shoulders,lateral-raise,424,-148,-344
shoulders,lateral-raise,432,-144,-360
shoulders,lateral-raise,413,-156,-353
shoulders,lateral-raise,377,-157,-349
shoulders,lateral-raise,374,-162,-405
shoulders,lateral-raise,372,-191,-466
shoulders,lateral-raise,338,-194,-538
shoulders,lateral-raise,307,-187,-539
shoulders,lateral-raise,263,-177,-512
shoulders,lateral-raise,223,-144,-563
shoulders,lateral-raise,163,-128,-596
shoulders,lateral-raise,124,-143,-717
shoulders,lateral-raise,101,-137,-773
shoulders,lateral-raise,99,-46,-776
shoulders,lateral-raise,58,-50,-825
shoulders,lateral-raise,27,-12,-747
shoulders,lateral-raise,-26,-21,-903
shoulders,lateral-raise,-68,-11,-940
shoulders,lateral-raise,-91,-15,-983
shoulders,lateral-raise,-110,33,-941
shoulders,lateral-raise,-150,49,-967
shoulders,lateral-raise,-202,113,-958
shoulders,lateral-raise,-289,124,-945
shoulders,lateral-raise,-300,161,-949
shoulders,lateral-raise,-354,176,-916
shoulders,lateral-raise,-393,169,-983
shoulders,lateral-raise,-424,192,-960
shoulders,lateral-raise,-464,192,-944
shoulders,lateral-raise,-518,200,-897
shoulders,lateral-raise,-558,215,-828
shoulders,lateral-raise,-597,209,-899
shoulders,lateral-raise,-688,201,-889
shoulders,lateral-raise,-703,193,-917
shoulders,lateral-raise,-718,150,-934
shoulders,lateral-raise,-761,178,-847
shoulders,lateral-raise,-781,211,-879
shoulders,lateral-raise,-791,196,-868
shoulders,lateral-raise,-805,205,-826
shoulders,lateral-raise,-827,220,-804
shoulders,lateral-raise,-850,218,-800
shoulders,lateral-raise,-885,216,-735
shoulders,lateral-raise,-902,210,-735
shoulders,lateral-raise,-915,219,-672
shoulders,lateral-raise,-909,219,-635
shoulders,lateral-raise,-925,216,-632
shoulders,lateral-raise,-916,226,-601
shoulders,lateral-raise,-909,262,-609
shoulders,lateral-raise,-936,285,-595
shoulders,lateral-raise,-929,265,-567
shoulders,lateral-raise,-916,257,-569
shoulders,lateral-raise,-937,277,-529
shoulders,lateral-raise,-948,296,-471
shoulders,lateral-raise,-944,292,-472
shoulders,lateral-raise,-940,261,-496
shoulders,lateral-raise,-925,244,-475
shoulders,lateral-raise,-908,252,-415
shoulders,lateral-raise,-911,276,-374
shoulders,lateral-raise,-930,310,-370
shoulders,lateral-raise,-938,323,-360
shoulders,lateral-raise,-922,313,-337
shoulders,lateral-raise,-912,277,-406
shoulders,lateral-raise,-915,259,-454
shoulders,lateral-raise,-925,257,-412
shoulders,lateral-raise,-941,254,-479
shoulders,lateral-raise,-975,282,-659
shoulders,lateral-raise,-1060,272,-857
shoulders,lateral-raise,-1138,285,-816
shoulders,lateral-raise,-1203,238,-1020
shoulders,lateral-raise,-1215,196,-1070
shoulders,lateral-raise,-1201,173,-1085
shoulders,lateral-raise,-1174,156,-1024
shoulders,lateral-raise,-1214,139,-982
shoulders,lateral-raise,-1260,160,-1021
shoulders,lateral-raise,-1302,161,-994
shoulders,lateral-raise,-1360,168,-921
shoulders,lateral-raise,-1359,168,-829
shoulders,lateral-raise,-1334,167,-920
shoulders,lateral-raise,-1280,120,-928
shoulders,lateral-raise,-1288,88,-944
shoulders,lateral-raise,-1288,88,-944
shoulders,lateral-raise,-1257,96,-882
shoulders,lateral-raise,-1226,111,-872
shoulders,lateral-raise,-1164,90,-768
shoulders,lateral-raise,-1102,110,-745
shoulders,lateral-raise,-1017,98,-794
shoulders,lateral-raise,-952,96,-702
shoulders,lateral-raise,-842,76,-668
shoulders,lateral-raise,-751,59,-637
shoulders,lateral-raise,-684,43,-697
shoulders,lateral-raise,-634,15,-610
shoulders,lateral-raise,-525,2,-584
shoulders,lateral-raise,-442,60,-560
shoulders,lateral-raise,-353,45,-611
shoulders,lateral-raise,-276,21,-603
shoulders,lateral-raise,-206,-12,-637
shoulders,lateral-raise,-135,-13,-613
shoulders,lateral-raise,-70,-3,-555
shoulders,lateral-raise,-17,-10,-454
shoulders,lateral-raise,25,-26,-462
shoulders,lateral-raise,54,-27,-477
shoulders,lateral-raise,101,-15,-422
shoulders,lateral-raise,141,-44,-441
shoulders,lateral-raise,169,-72,-428
shoulders,lateral-raise,234,-30,-342
shoulders,lateral-raise,292,-24,-352
shoulders,lateral-raise,331,-48,-388
shoulders,lateral-raise,367,-58,-372
shoulders,lateral-raise,397,-69,-354
shoulders,lateral-raise,411,-63,-336
shoulders,lateral-raise,418,-59,-320
shoulders,lateral-raise,453,-49,-333
shoulders,lateral-raise,451,-70,-421
shoulders,lateral-raise,451,-102,-510
shoulders,lateral-raise,456,-121,-581
shoulders,lateral-raise,490,-70,-557
shoulders,lateral-raise,482,-71,-530
shoulders,lateral-raise,437,-86,-572
shoulders,lateral-raise,408,-78,-580
shoulders,lateral-raise,395,-81,-645
shoulders,lateral-raise,349,-115,-664
shoulders,lateral-raise,346,-128,-679
shoulders,lateral-raise,388,-128,-737
shoulders,lateral-raise,356,-124,-702
shoulders,lateral-raise,283,-100,-690
shoulders,lateral-raise,240,-71,-708
shoulders,lateral-raise,175,-60,-740
shoulders,lateral-raise,156,-25,-705
shoulders,lateral-raise,94,-40,-834
shoulders,lateral-raise,56,-40,-863
shoulders,lateral-raise,40,-40,-832
shoulders,lateral-raise,0,-16,-824
shoulders,lateral-raise,-31,15,-801
shoulders,lateral-raise,-47,54,-922
shoulders,lateral-raise,-115,93,-861
shoulders,lateral-raise,-186,89,-863
shoulders,lateral-raise,-242,74,-850
shoulders,lateral-raise,-304,79,-862
shoulders,lateral-raise,-360,135,-857
shoulders,lateral-raise,-388,151,-936
shoulders,lateral-raise,-418,145,-906
shoulders,lateral-raise,-462,214,-883
shoulders,lateral-raise,-503,220,-874
shoulders,lateral-raise,-560,240,-866
shoulders,lateral-raise,-588,260,-864
shoulders,lateral-raise,-644,275,-847
shoulders,lateral-raise,-658,286,-790
shoulders,lateral-raise,-710,310,-790
shoulders,lateral-raise,-747,315,-784
shoulders,lateral-raise,-788,317,-751
shoulders,lateral-raise,-818,305,-795
shoulders,lateral-raise,-838,296,-794
shoulders,lateral-raise,-862,319,-759
shoulders,lateral-raise,-876,318,-756
shoulders,lateral-raise,-889,330,-721
shoulders,lateral-raise,-888,352,-717
shoulders,lateral-raise,-904,352,-716
shoulders,lateral-raise,-928,360,-634
shoulders,lateral-raise,-939,364,-565
shoulders,lateral-raise,-984,356,-545
shoulders,lateral-raise,-1024,345,-523
shoulders,lateral-raise,-1021,326,-510
shoulders,lateral-raise,-1016,312,-471
shoulders,lateral-raise,-1013,327,-363
shoulders,lateral-raise,-1016,347,-307
shoulders,lateral-raise,-1029,336,-275
shoulders,lateral-raise,-1036,341,-254
shoulders,lateral-raise,-1059,338,-299
shoulders,lateral-raise,-1046,304,-269
shoulders,lateral-raise,-1040,306,-226
shoulders,lateral-raise,-1040,316,-267
shoulders,lateral-raise,-1035,321,-286
shoulders,lateral-raise,-1017,296,-219
shoulders,lateral-raise,-1025,295,-229
shoulders,lateral-raise,-1028,286,-220
shoulders,lateral-raise,-1007,272,-245
shoulders,lateral-raise,-1002,271,-276
shoulders,lateral-raise,-1015,264,-243
shoulders,lateral-raise,-1007,264,-274
shoulders,lateral-raise,-999,264,-309
shoulders,lateral-raise,-983,256,-400
shoulders,lateral-raise,-960,264,-408
shoulders,lateral-raise,-960,280,-488
shoulders,lateral-raise,-991,257,-659
shoulders,lateral-raise,-1091,256,-801
shoulders,lateral-raise,-1185,211,-771
shoulders,lateral-raise,-1221,208,-812
shoulders,lateral-raise,-1281,215,-916
shoulders,lateral-raise,-1288,188,-942
shoulders,lateral-raise,-1322,157,-828
shoulders,lateral-raise,-1335,165,-801
shoulders,lateral-raise,-1349,207,-852
shoulders,lateral-raise,-1396,203,-858
shoulders,lateral-raise,-1458,200,-844
shoulders,lateral-raise,-1490,218,-780
shoulders,lateral-raise,-1508,236,-725
shoulders,lateral-raise,-1483,251,-752
shoulders,lateral-raise,-1472,239,-774
shoulders,lateral-raise,-1434,216,-819
shoulders,lateral-raise,-1390,224,-714
shoulders,lateral-raise,-1335,217,-643
shoulders,lateral-raise,-1243,218,-655
shoulders,lateral-raise,-1152,200,-659
shoulders,lateral-raise,-1101,175,-684
shoulders,lateral-raise,-994,159,-610
shoulders,lateral-raise,-838,199,-549
shoulders,lateral-raise,-710,207,-589
shoulders,lateral-raise,-604,168,-588
shoulders,lateral-raise,-514,133,-556
shoulders,lateral-raise,-431,104,-541
shoulders,lateral-raise,-373,79,-528
shoulders,lateral-raise,-326,55,-491
shoulders,lateral-raise,-245,64,-434
shoulders,lateral-raise,-177,49,-458
shoulders,lateral-raise,-108,24,-474
shoulders,lateral-raise,-21,13,-413
shoulders,lateral-raise,18,-16,-437
shoulders,lateral-raise,78,-25,-420
shoulders,lateral-raise,135,-38,-329
shoulders,lateral-raise,175,-104,-375
shoulders,lateral-raise,246,-90,-452
shoulders,lateral-raise,275,-127,-508
shoulders,lateral-raise,325,-150,-538
shoulders,lateral-raise,372,-138,-399
shoulders,lateral-raise,360,-115,-445
shoulders,lateral-raise,402,-136,-503
shoulders,lateral-raise,418,-180,-445
shoulders,lateral-raise,431,-159,-435
shoulders,lateral-raise,424,-212,-521
shoulders,lateral-raise,425,-171,-450
shoulders,lateral-raise,432,-208,-472
shoulders,lateral-raise,423,-208,-473
shoulders,lateral-raise,400,-208,-520
shoulders,lateral-raise,384,-176,-472
shoulders,lateral-raise,368,-184,-534
shoulders,lateral-raise,345,-192,-521
shoulders,lateral-raise,337,-177,-550
shoulders,lateral-raise,292,-205,-654
shoulders,lateral-raise,295,-187,-600
shoulders,lateral-raise,233,-177,-655
shoulders,lateral-raise,197,-135,-678
shoulders,lateral-raise,192,-135,-673
shoulders,lateral-raise,127,-123,-783
shoulders,lateral-raise,106,-107,-764
shoulders,lateral-raise,85,-98,-814
shoulders,lateral-raise,26,-102,-790
shoulders,lateral-raise,2,-75,-776
shoulders,lateral-raise,-46,-64,-810
shoulders,lateral-raise,-75,-47,-880
shoulders,lateral-raise,-107,-40,-877
shoulders,lateral-raise,-141,-24,-906
shoulders,lateral-raise,-203,-16,-887
shoulders,lateral-raise,-257,-6,-790
shoulders,lateral-raise,-296,24,-806
shoulders,lateral-raise,-340,40,-931
shoulders,lateral-raise,-409,58,-1014
shoulders,lateral-raise,-452,72,-985
shoulders,lateral-raise,-456,97,-927
shoulders,lateral-raise,-500,120,-916
shoulders,lateral-raise,-552,135,-897
shoulders,lateral-raise,-582,156,-916
shoulders,lateral-raise,-636,164,-964
shoulders,lateral-raise,-665,168,-930
shoulders,lateral-raise,-675,171,-878
shoulders,lateral-raise,-710,182,-873
shoulders,lateral-raise,-735,198,-847
shoulders,lateral-raise,-779,222,-784
shoulders,lateral-raise,-821,240,-795
shoulders,lateral-raise,-839,239,-789
shoulders,lateral-raise,-854,267,-818
shoulders,lateral-raise,-856,256,-830
shoulders,lateral-raise,-878,262,-716
shoulders,lateral-raise,-886,287,-656
shoulders,lateral-raise,-934,309,-638
shoulders,lateral-raise,-932,300,-580
shoulders,lateral-raise,-952,319,-632
shoulders,lateral-raise,-958,317,-628
shoulders,lateral-raise,-989,343,-593
shoulders,lateral-raise,-966,337,-489
shoulders,lateral-raise,-953,345,-497
shoulders,lateral-raise,-967,351,-499
shoulders,lateral-raise,-961,344,-423
shoulders,lateral-raise,-976,344,-410
shoulders,lateral-raise,-976,336,-472
shoulders,lateral-raise,-968,312,-464
shoulders,lateral-raise,-968,312,-464
shoulders,lateral-raise,-945,335,-316
shoulders,lateral-raise,-967,382,-259
shoulders,lateral-raise,-975,384,-323
shoulders,lateral-raise,-983,362,-401
shoulders,lateral-raise,-977,360,-408
shoulders,lateral-raise,-955,346,-338
shoulders,lateral-raise,-938,330,-348
shoulders,lateral-raise,-956,341,-332
shoulders,lateral-raise,-960,331,-269
shoulders,lateral-raise,-960,322,-294
shoulders,lateral-raise,-960,314,-335
shoulders,lateral-raise,-954,306,-362
shoulders,lateral-raise,-946,322,-362
shoulders,lateral-raise,-938,334,-394
shoulders,lateral-raise,-958,330,-464
shoulders,lateral-raise,-990,328,-580
shoulders,lateral-raise,-1005,328,-687
shoulders,lateral-raise,-1054,313,-776
shoulders,lateral-raise,-1105,304,-852
shoulders,lateral-raise,-1153,304,-832
shoulders,lateral-raise,-1190,276,-809
shoulders,lateral-raise,-1200,256,-888
shoulders,lateral-raise,-1196,243,-935
shoulders,lateral-raise,-1200,244,-903
shoulders,lateral-raise,-1220,256,-908
shoulders,lateral-raise,-1267,275,-928
shoulders,lateral-raise,-1330,274,-920
shoulders,lateral-raise,-1364,287,-878
shoulders,lateral-raise,-1371,343,-767
shoulders,lateral-raise,-1363,352,-717
shoulders,lateral-raise,-1310,337,-736
shoulders,lateral-raise,-1224,309,-719
shoulders,lateral-raise,-1146,307,-779
shoulders,lateral-raise,-1088,307,-780
shoulders,lateral-raise,-1024,296,-721
shoulders,lateral-raise,-938,294,-767
shoulders,lateral-raise,-889,282,-784
shoulders,lateral-raise,-824,262,-745
shoulders,lateral-raise,-725,245,-633
shoulders,lateral-raise,-619,203,-671
shoulders,lateral-raise,-553,175,-699
shoulders,lateral-raise,-475,131,-707
shoulders,lateral-raise,-400,102,-660
shoulders,lateral-raise,-345,86,-545
shoulders,lateral-raise,-285,72,-553
shoulders,lateral-raise,-183,73,-561
shoulders,lateral-raise,-87,76,-579
shoulders,lateral-raise,-71,24,-616
shoulders,lateral-raise,-55,16,-605
shoulders,lateral-raise,-23,16,-519
shoulders,lateral-raise,87,40,-417
shoulders,lateral-raise,65,9,-532
shoulders,lateral-raise,140,-15,-437
shoulders,lateral-raise,174,-46,-551
shoulders,lateral-raise,227,-77,-487
shoulders,lateral-raise,225,-87,-451
shoulders,lateral-raise,301,-67,-399
shoulders,lateral-raise,292,-125,-440
shoulders,lateral-raise,335,-76,-368
shoulders,lateral-raise,370,-116,-469
shoulders,lateral-raise,376,-141,-547
shoulders,lateral-raise,376,-169,-572
shoulders,lateral-raise,394,-176,-558
shoulders,lateral-raise,365,-135,-399
shoulders,lateral-raise,369,-126,-407
shoulders,lateral-raise,343,-128,-449
shoulders,lateral-raise,366,-117,-510
shoulders,lateral-raise,363,-154,-589
shoulders,lateral-raise,352,-135,-591
shoulders,lateral-raise,332,-152,-576
shoulders,lateral-raise,306,-143,-528
shoulders,lateral-raise,264,-97,-552
shoulders,lateral-raise,222,-89,-619
shoulders,lateral-raise,191,-83,-675
shoulders,lateral-raise,155,-60,-721
shoulders,lateral-raise,116,-56,-740
shoulders,lateral-raise,92,-60,-729
shoulders,lateral-raise,92,-41,-705
shoulders,lateral-raise,64,-10,-696
shoulders,lateral-raise,0,8,-750
shoulders,lateral-raise,-48,11,-830
shoulders,lateral-raise,-81,25,-868
shoulders,lateral-raise,-111,49,-921
shoulders,lateral-raise,-150,64,-906
shoulders,lateral-raise,-199,85,-832
shoulders,lateral-raise,-272,133,-827
shoulders,lateral-raise,-348,149,-883
shoulders,lateral-raise,-408,164,-874
shoulders,lateral-raise,-440,180,-894
shoulders,lateral-raise,-468,192,-916
shoulders,lateral-raise,-490,202,-845
shoulders,lateral-raise,-538,244,-823
shoulders,lateral-raise,-593,265,-804
shoulders,lateral-raise,-649,276,-898
shoulders,lateral-raise,-709,299,-853
shoulders,lateral-raise,-756,321,-784
shoulders,lateral-raise,-858,325,-838
shoulders,lateral-raise,-885,302,-742
shoulders,lateral-raise,-952,383,-825
shoulders,lateral-raise,-952,368,-843
shoulders,lateral-raise,-968,376,-688
shoulders,lateral-raise,-984,392,-720
shoulders,lateral-raise,-1000,384,-642
shoulders,lateral-raise,-977,376,-632
shoulders,lateral-raise,-969,346,-625
shoulders,lateral-raise,-983,366,-551
shoulders,lateral-raise,-977,339,-565
shoulders,lateral-raise,-955,308,-442
shoulders,lateral-raise,-972,352,-492
shoulders,lateral-raise,-969,327,-497
shoulders,lateral-raise,-975,333,-405
shoulders,lateral-raise,-995,336,-371
shoulders,lateral-raise,-1006,361,-368
shoulders,lateral-raise,-1008,362,-326
shoulders,lateral-raise,-1002,325,-383
shoulders,lateral-raise,-1006,318,-328
shoulders,lateral-raise,-1014,303,-274
shoulders,lateral-raise,-1000,301,-237
shoulders,lateral-raise,-1008,320,-256
shoulders,lateral-raise,-996,308,-303
shoulders,lateral-raise,-989,306,-300
shoulders,lateral-raise,-992,307,-274
shoulders,lateral-raise,-992,309,-250
shoulders,lateral-raise,-992,299,-285
shoulders,lateral-raise,-1001,301,-316
shoulders,lateral-raise,-1004,300,-304
shoulders,lateral-raise,-1000,292,-320
shoulders,lateral-raise,-992,284,-356
shoulders,lateral-raise,-977,287,-416
shoulders,lateral-raise,-972,290,-497
shoulders,lateral-raise,-983,275,-528
shoulders,lateral-raise,-1018,286,-599
shoulders,lateral-raise,-1077,296,-725
shoulders,lateral-raise,-1132,293,-760
shoulders,lateral-raise,-1193,291,-776
shoulders,lateral-raise,-1248,286,-795
shoulders,lateral-raise,-1274,269,-785
shoulders,lateral-raise,-1305,287,-824
shoulders,lateral-raise,-1343,302,-811
shoulders,lateral-raise,-1376,296,-780
shoulders,lateral-raise,-1357,301,-792
shoulders,lateral-raise,-1374,312,-782
shoulders,lateral-raise,-1374,274,-744
shoulders,lateral-raise,-1396,261,-741
shoulders,lateral-raise,-1371,322,-732
shoulders,lateral-raise,-1341,285,-744
shoulders,lateral-raise,-1315,266,-695
shoulders,lateral-raise,-1271,277,-748
shoulders,lateral-raise,-1253,249,-709
shoulders,lateral-raise,-1205,255,-662
shoulders,lateral-raise,-1148,240,-618
shoulders,lateral-raise,-1023,256,-696
shoulders,lateral-raise,-961,232,-728
shoulders,lateral-raise,-867,263,-767
shoulders,lateral-raise,-765,249,-684
shoulders,lateral-raise,-700,188,-658
shoulders,lateral-raise,-638,169,-649
shoulders,lateral-raise,-532,154,-527
shoulders,lateral-raise,-457,124,-652
shoulders,lateral-raise,-373,79,-692
shoulders,lateral-raise,-307,72,-576
shoulders,lateral-raise,-224,39,-565
shoulders,lateral-raise,-151,7,-511
shoulders,lateral-raise,-93,-19,-465
shoulders,lateral-raise,-14,-6,-420
shoulders,lateral-raise,32,-24,-408
shoulders,lateral-raise,97,-49,-419
shoulders,lateral-raise,142,-89,-391
shoulders,lateral-raise,201,-72,-371
shoulders,lateral-raise,245,-109,-442
shoulders,lateral-raise,281,-151,-414
shoulders,lateral-raise,355,-130,-356
shoulders,lateral-raise,382,-136,-334
shoulders,lateral-raise,381,-166,-249
shoulders,lateral-raise,406,-176,-304
shoulders,lateral-raise,441,-189,-414
shoulders,lateral-raise,452,-212,-411
shoulders,lateral-raise,452,-224,-400
shoulders,lateral-raise,464,-209,-377
shoulders,lateral-raise,450,-199,-396
shoulders,lateral-raise,424,-222,-474
shoulders,lateral-raise,427,-233,-469
shoulders,lateral-raise,406,-224,-474
shoulders,lateral-raise,365,-230,-539
shoulders,lateral-raise,351,-231,-532
shoulders,lateral-raise,322,-219,-528
shoulders,lateral-raise,291,-211,-581
shoulders,lateral-raise,268,-191,-629
shoulders,lateral-raise,238,-199,-656
shoulders,lateral-raise,215,-182,-717
shoulders,lateral-raise,162,-192,-756
shoulders,lateral-raise,133,-159,-703
shoulders,lateral-raise,84,-126,-733
shoulders,lateral-raise,31,-119,-748
shoulders,lateral-raise,-19,-109,-744
shoulders,lateral-raise,-77,-92,-820
shoulders,lateral-raise,-110,-69,-801
shoulders,lateral-raise,-157,-46,-812
shoulders,lateral-raise,-205,-30,-848
shoulders,lateral-raise,-259,-6,-850
shoulders,lateral-raise,-299,16,-878
shoulders,lateral-raise,-354,25,-832
shoulders,lateral-raise,-408,72,-840
shoulders,lateral-raise,-464,72,-888
shoulders,lateral-raise,-464,72,-888
shoulders,lateral-raise,-526,95,-911
shoulders,lateral-raise,-520,104,-821
shoulders,lateral-raise,-542,111,-816
shoulders,lateral-raise,-624,127,-911
shoulders,lateral-raise,-661,128,-841
shoulders,lateral-raise,-727,170,-881
shoulders,lateral-raise,-763,156,-874
shoulders,lateral-raise,-828,185,-772
shoulders,lateral-raise,-853,212,-804
shoulders,lateral-raise,-913,210,-784
shoulders,lateral-raise,-947,214,-826
shoulders,lateral-raise,-958,216,-786
shoulders,lateral-raise,-972,251,-703
shoulders,lateral-raise,-976,241,-720
shoulders,lateral-raise,-998,249,-686
shoulders,lateral-raise,-997,245,-642
shoulders,lateral-raise,-1024,229,-674
shoulders,lateral-raise,-1030,239,-681
shoulders,lateral-raise,-1029,233,-647
shoulders,lateral-raise,-1022,234,-613
shoulders,lateral-raise,-1011,235,-595
shoulders,lateral-raise,-1008,245,-552
shoulders,lateral-raise,-995,243,-503
shoulders,lateral-raise,-980,240,-463
shoulders,lateral-raise,-988,236,-488
shoulders,lateral-raise,-988,232,-451
shoulders,lateral-raise,-991,247,-364
shoulders,lateral-raise,-1004,256,-364
shoulders,lateral-raise,-1003,273,-336
shoulders,lateral-raise,-1008,277,-323
shoulders,lateral-raise,-1011,239,-331
shoulders,lateral-raise,-1010,227,-264
shoulders,lateral-raise,-1000,224,-222
shoulders,lateral-raise,-1000,211,-261
shoulders,lateral-raise,-995,214,-271
shoulders,lateral-raise,-977,208,-246
shoulders,lateral-raise,-964,210,-269
shoulders,lateral-raise,-976,214,-228
shoulders,lateral-raise,-974,212,-203
shoulders,lateral-raise,-970,219,-243
shoulders,lateral-raise,-976,196,-263
shoulders,lateral-raise,-977,175,-319
shoulders,lateral-raise,-982,164,-448
shoulders,lateral-raise,-972,146,-545
shoulders,lateral-raise,-1004,174,-541
shoulders,lateral-raise,-1046,281,-468
shoulders,lateral-raise,-1117,209,-686
shoulders,lateral-raise,-1188,215,-881
shoulders,lateral-raise,-1256,192,-895
shoulders,lateral-raise,-1248,200,-872
shoulders,lateral-raise,-1256,200,-848
shoulders,lateral-raise,-1310,184,-825
shoulders,lateral-raise,-1335,230,-778
shoulders,lateral-raise,-1381,239,-746
shoulders,lateral-raise,-1406,247,-846
shoulders,lateral-raise,-1515,262,-885
shoulders,lateral-raise,-1507,257,-811
shoulders,lateral-raise,-1484,311,-711
shoulders,lateral-raise,-1453,307,-756
shoulders,lateral-raise,-1415,311,-709
shoulders,lateral-raise,-1370,274,-664
shoulders,lateral-raise,-1304,252,-681
shoulders,lateral-raise,-1234,200,-718
shoulders,lateral-raise,-1157,213,-687
shoulders,lateral-raise,-1062,184,-678
shoulders,lateral-raise,-971,157,-647
shoulders,lateral-raise,-895,157,-610
shoulders,lateral-raise,-804,134,-637
shoulders,lateral-raise,-727,89,-671
shoulders,lateral-raise,-640,92,-586
shoulders,lateral-raise,-514,123,-571
shoulders,lateral-raise,-451,90,-605
shoulders,lateral-raise,-399,69,-550
shoulders,lateral-raise,-321,71,-478
shoulders,lateral-raise,-255,56,-448
shoulders,lateral-raise,-200,32,-472
shoulders,lateral-raise,-126,28,-527
shoulders,lateral-raise,-76,-1,-559
shoulders,lateral-raise,-16,-48,-441
shoulders,lateral-raise,84,-38,-297
shoulders,lateral-raise,122,-34,-330
shoulders,lateral-raise,157,-48,-378
shoulders,lateral-raise,212,-80,-438
shoulders,lateral-raise,259,-120,-426
shoulders,lateral-raise,290,-98,-415
shoulders,lateral-raise,322,-125,-468
shoulders,lateral-raise,351,-147,-420
shoulders,lateral-raise,381,-163,-396
shoulders,lateral-raise,404,-138,-488
shoulders,lateral-raise,377,-173,-534
shoulders,lateral-raise,408,-197,-508
shoulders,lateral-raise,417,-207,-425
shoulders,lateral-raise,447,-173,-415
shoulders,lateral-raise,402,-194,-510
shoulders,lateral-raise,414,-169,-446
shoulders,lateral-raise,393,-232,-701
shoulders,lateral-raise,338,-227,-661
shoulders,lateral-raise,356,-178,-558
shoulders,lateral-raise,301,-198,-634
shoulders,lateral-raise,248,-159,-523
shoulders,lateral-raise,248,-120,-624
shoulders,lateral-raise,192,-168,-696
shoulders,lateral-raise,153,-137,-665
shoulders,lateral-raise,144,-128,-839
shoulders,lateral-raise,137,-150,-796
shoulders,lateral-raise,85,-116,-719
shoulders,lateral-raise,23,-98,-798
shoulders,lateral-raise,2,-61,-745
shoulders,lateral-raise,-61,-29,-852
shoulders,lateral-raise,-105,-44,-912
shoulders,lateral-raise,-145,-15,-927
shoulders,lateral-raise,-184,-14,-877
shoulders,lateral-raise,-223,15,-839
shoulders,lateral-raise,-292,36,-856
shoulders,lateral-raise,-324,52,-923
shoulders,lateral-raise,-374,62,-961
shoulders,lateral-raise,-403,58,-890
shoulders,lateral-raise,-446,83,-845
shoulders,lateral-raise,-506,101,-851
shoulders,lateral-raise,-579,99,-861
shoulders,lateral-raise,-593,91,-844
shoulders,lateral-raise,-617,112,-856
shoulders,lateral-raise,-645,128,-872
shoulders,lateral-raise,-675,128,-890
shoulders,lateral-raise,-705,124,-917
shoulders,lateral-raise,-733,124,-891
shoulders,lateral-raise,-764,148,-840
shoulders,lateral-raise,-814,160,-824
shoulders,lateral-raise,-874,156,-817
shoulders,lateral-raise,-892,164,-826
shoulders,lateral-raise,-901,144,-838
shoulders,lateral-raise,-910,141,-795
shoulders,lateral-raise,-905,184,-737
shoulders,lateral-raise,-929,187,-677
shoulders,lateral-raise,-939,195,-624
shoulders,lateral-raise,-936,192,-666
shoulders,lateral-raise,-954,188,-693
shoulders,lateral-raise,-960,202,-630
shoulders,lateral-raise,-964,170,-613
shoulders,lateral-raise,-970,180,-609
shoulders,lateral-raise,-954,192,-650
shoulders,lateral-raise,-960,199,-517
shoulders,lateral-raise,-963,224,-505
shoulders,lateral-raise,-977,221,-503
shoulders,lateral-raise,-984,210,-454
shoulders,lateral-raise,-981,225,-437
shoulders,lateral-raise,-961,231,-427
shoulders,lateral-raise,-968,225,-507
shoulders,lateral-raise,-967,239,-364
shoulders,lateral-raise,-960,232,-307
shoulders,lateral-raise,-968,232,-367
shoulders,lateral-raise,-968,248,-336
shoulders,lateral-raise,-960,280,-336
shoulders,lateral-raise,-944,241,-297
shoulders,lateral-raise,-959,240,-235
shoulders,lateral-raise,-953,247,-292
shoulders,lateral-raise,-952,248,-311
shoulders,lateral-raise,-938,248,-333
shoulders,lateral-raise,-908,234,-392
shoulders,lateral-raise,-911,225,-386
shoulders,lateral-raise,-919,217,-457
shoulders,lateral-raise,-927,229,-492
shoulders,lateral-raise,-960,251,-483
shoulders,lateral-raise,-1024,268,-548
shoulders,lateral-raise,-1094,218,-677
shoulders,lateral-raise,-1136,206,-753
shoulders,lateral-raise,-1115,191,-820
shoulders,lateral-raise,-1110,184,-918
shoulders,lateral-raise,-1096,195,-930
shoulders,lateral-raise,-1093,232,-931
shoulders,lateral-raise,-1106,248,-834
shoulders,lateral-raise,-1142,243,-885
shoulders,lateral-raise,-1227,226,-842
shoulders,lateral-raise,-1281,239,-787
shoulders,lateral-raise,-1301,252,-822
shoulders,lateral-raise,-1312,248,-818
shoulders,lateral-raise,-1295,260,-738
shoulders,lateral-raise,-1280,280,-672
shoulders,lateral-raise,-1284,276,-752
shoulders,lateral-raise,-1262,264,-826
shoulders,lateral-raise,-1228,253,-818
shoulders,lateral-raise,-1197,260,-779
shoulders,lateral-raise,-1141,285,-709
shoulders,lateral-raise,-1078,277,-740
shoulders,lateral-raise,-998,284,-760
shoulders,lateral-raise,-922,285,-744
shoulders,lateral-raise,-828,248,-735
shoulders,lateral-raise,-730,233,-750
shoulders,lateral-raise,-644,195,-649
shoulders,lateral-raise,-529,176,-590
shoulders,lateral-raise,-448,140,-602
shoulders,lateral-raise,-378,99,-629
shoulders,lateral-raise,-278,68,-541
shoulders,lateral-raise,-160,25,-569
shoulders,lateral-raise,-80,32,-589
shoulders,lateral-raise,-38,28,-503
shoulders,lateral-raise,-16,5,-525
shoulders,lateral-raise,40,-14,-391
shoulders,lateral-raise,47,-1,-392
shoulders,lateral-raise,121,-19,-468
shoulders,lateral-raise,139,-56,-410
shoulders,lateral-raise,200,-57,-457
shoulders,lateral-raise,192,-80,-504
shoulders,lateral-raise,152,-128,-472
shoulders,lateral-raise,214,-58,-309
shoulders,lateral-raise,216,-94,-456
shoulders,lateral-raise,283,-66,-457
shoulders,lateral-raise,346,-93,-456
shoulders,lateral-raise,395,-117,-470
shoulders,lateral-raise,428,-155,-458
shoulders,lateral-raise,459,-119,-456
shoulders,lateral-raise,451,-125,-463
shoulders,lateral-raise,448,-108,-490
shoulders,lateral-raise,461,-91,-566
shoulders,lateral-raise,433,-131,-596
shoulders,lateral-raise,418,-120,-606
shoulders,lateral-raise,404,-136,-502
shoulders,lateral-raise,383,-104,-516
shoulders,lateral-raise,337,-105,-525
shoulders,lateral-raise,309,-96,-574
shoulders,lateral-raise,288,-93,-637
shoulders,lateral-raise,244,-96,-702
shoulders,lateral-raise,214,-91,-669
shoulders,lateral-raise,170,-69,-637
shoulders,lateral-raise,75,-47,-682
shoulders,lateral-raise,11,-36,-752
shoulders,lateral-raise,-52,-36,-801
shoulders,lateral-raise,-104,-32,-787
shoulders,lateral-raise,-124,-28,-820
shoulders,lateral-raise,-151,-36,-876
shoulders,lateral-raise,-172,-33,-839
shoulders,lateral-raise,-194,-20,-839
shoulders,lateral-raise,-226,-6,-901
shoulders,lateral-raise,-266,8,-917
shoulders,lateral-raise,-313,20,-884
shoulders,lateral-raise,-351,43,-901
shoulders,lateral-raise,-428,43,-989
shoulders,lateral-raise,-509,48,-903
shoulders,lateral-raise,-551,82,-819
shoulders,lateral-raise,-602,90,-862
shoulders,lateral-raise,-659,96,-871
shoulders,lateral-raise,-696,88,-908
shoulders,lateral-raise,-718,75,-865
shoulders,lateral-raise,-720,109,-801
shoulders,lateral-raise,-764,99,-945
shoulders,lateral-raise,-816,115,-864
shoulders,lateral-raise,-823,129,-790
shoulders,lateral-raise,-864,137,-819
shoulders,lateral-raise,-867,147,-777
shoulders,lateral-raise,-890,177,-724
shoulders,lateral-raise,-914,183,-764
shoulders,lateral-raise,-936,177,-710
shoulders,lateral-raise,-945,192,-662
shoulders,lateral-raise,-968,200,-600
shoulders,lateral-raise,-952,208,-568
shoulders,lateral-raise,-999,200,-638
shoulders,lateral-raise,-1000,192,-632
shoulders,lateral-raise,-1007,199,-520
shoulders,lateral-raise,-1008,215,-519
shoulders,lateral-raise,-1029,202,-534
shoulders,lateral-raise,-1018,193,-508
shoulders,lateral-raise,-1016,212,-463
shoulders,lateral-raise,-1003,223,-416
shoulders,lateral-raise,-1000,237,-415
shoulders,lateral-raise,-1000,259,-416
shoulders,lateral-raise,-988,270,-416
shoulders,lateral-raise,-1002,260,-410
shoulders,lateral-raise,-996,268,-379
shoulders,lateral-raise,-992,255,-311
shoulders,lateral-raise,-981,259,-299
shoulders,lateral-raise,-971,275,-304
shoulders,lateral-raise,-963,269,-309
shoulders,lateral-raise,-955,259,-266
shoulders,lateral-raise,-937,251,-270
shoulders,lateral-raise,-947,234,-283
shoulders,lateral-raise,-946,224,-289
shoulders,lateral-raise,-936,215,-292
shoulders,lateral-raise,-940,195,-357
shoulders,lateral-raise,-956,201,-449
shoulders,lateral-raise,-988,204,-520
shoulders,lateral-raise,-1039,196,-587
shoulders,lateral-raise,-1120,185,-686
shoulders,lateral-raise,-1169,168,-764
shoulders,lateral-raise,-1167,171,-804
shoulders,lateral-raise,-1189,160,-870
shoulders,lateral-raise,-1211,160,-877
shoulders,lateral-raise,-1231,194,-901
shoulders,lateral-raise,-1294,184,-949
shoulders,lateral-raise,-1376,205,-905
shoulders,lateral-raise,-1414,248,-805
shoulders,lateral-raise,-1475,246,-765
shoulders,lateral-raise,-1496,244,-774
shoulders,lateral-raise,-1464,246,-788
shoulders,lateral-raise,-1436,216,-834
shoulders,lateral-raise,-1417,218,-777
shoulders,lateral-raise,-1386,227,-742
shoulders,lateral-raise,-1345,243,-717
shoulders,lateral-raise,-1272,249,-826
shoulders,lateral-raise,-1258,203,-820
shoulders,lateral-raise,-1147,171,-671
shoulders,lateral-raise,-1034,196,-601
shoulders,lateral-raise,-968,153,-607
shoulders,lateral-raise,-862,157,-604
shoulders,lateral-raise,-814,95,-687
shoulders,lateral-raise,-736,72,-656
shoulders,lateral-raise,-592,72,-664
shoulders,lateral-raise,-592,72,-664
shoulders,lateral-raise,-522,80,-571
shoulders,lateral-raise,-429,50,-454
shoulders,lateral-raise,-349,70,-448
shoulders,lateral-raise,-220,14,-528
shoulders,lateral-raise,-122,-49,-579
shoulders,lateral-raise,-63,-35,-528
shoulders,lateral-raise,-49,-52,-452
shoulders,lateral-raise,-8,-83,-340
shoulders,lateral-raise,13,-75,-346
shoulders,lateral-raise,54,-97,-377
shoulders,lateral-raise,138,-147,-452
shoulders,lateral-raise,190,-196,-502
shoulders,lateral-raise,253,-184,-424
shoulders,lateral-raise,283,-165,-358
shoulders,lateral-raise,305,-166,-288
shoulders,lateral-raise,344,-157,-383
shoulders,lateral-raise,360,-194,-419
shoulders,lateral-raise,380,-247,-449
shoulders,lateral-raise,422,-259,-428
shoulders,lateral-raise,445,-261,-395
shoulders,lateral-raise,490,-245,-309
shoulders,lateral-raise,498,-259,-337
shoulders,lateral-raise,506,-284,-421
shoulders,lateral-raise,511,-300,-449
shoulders,lateral-raise,492,-296,-476
shoulders,lateral-raise,469,-268,-484
shoulders,lateral-raise,433,-252,-458
shoulders,lateral-raise,420,-241,-467
shoulders,lateral-raise,397,-245,-549
shoulders,lateral-raise,357,-254,-565
shoulders,lateral-raise,331,-234,-524
shoulders,lateral-raise,287,-209,-570
shoulders,lateral-raise,245,-192,-619
shoulders,lateral-raise,182,-205,-614
shoulders,lateral-raise,138,-193,-619
shoulders,lateral-raise,79,-169,-673
shoulders,lateral-raise,41,-139,-686
shoulders,lateral-raise,-16,-90,-772
shoulders,lateral-raise,-84,-57,-779
shoulders,lateral-raise,-157,-76,-765
shoulders,lateral-raise,-182,-32,-793
shoulders,lateral-raise,-213,-25,-837
shoulders,lateral-raise,-247,15,-871
shoulders,lateral-raise,-299,54,-902
shoulders,lateral-raise,-381,47,-824
shoulders,lateral-raise,-432,101,-764
shoulders,lateral-raise,-511,76,-809
shoulders,lateral-raise,-509,136,-934
shoulders,lateral-raise,-616,129,-883
shoulders,lateral-raise,-624,168,-728
shoulders,lateral-raise,-648,152,-752
shoulders,lateral-raise,-733,199,-900
shoulders,lateral-raise,-789,200,-942
shoulders,lateral-raise,-807,185,-877
shoulders,lateral-raise,-837,213,-901
shoulders,lateral-raise,-897,202,-783
shoulders,lateral-raise,-897,242,-719
shoulders,lateral-raise,-937,248,-808
shoulders,lateral-raise,-977,275,-824
shoulders,lateral-raise,-984,241,-804
shoulders,lateral-raise,-984,251,-692
shoulders,lateral-raise,-996,268,-701
shoulders,lateral-raise,-1024,290,-652
shoulders,lateral-raise,-997,290,-620
shoulders,lateral-raise,-1007,271,-587
shoulders,lateral-raise,-1016,286,-604
shoulders,lateral-raise,-1011,280,-567
shoulders,lateral-raise,-1008,283,-512
shoulders,lateral-raise,-1008,288,-471
shoulders,lateral-raise,-1018,293,-407
shoulders,lateral-raise,-1024,306,-400
shoulders,lateral-raise,-1029,312,-388
shoulders,lateral-raise,-1036,312,-355
shoulders,lateral-raise,-1040,303,-314
shoulders,lateral-raise,-1028,296,-313
shoulders,lateral-raise,-1012,312,-324
shoulders,lateral-raise,-1020,324,-293
shoulders,lateral-raise,-1021,305,-279
shoulders,lateral-raise,-1008,284,-277
shoulders,lateral-raise,-1008,270,-277
shoulders,lateral-raise,-1002,256,-273
shoulders,lateral-raise,-992,271,-231
shoulders,lateral-raise,-995,281,-213
shoulders,lateral-raise,-989,259,-219
shoulders,lateral-raise,-973,256,-235
shoulders,lateral-raise,-977,242,-222
shoulders,lateral-raise,-960,243,-225
shoulders,lateral-raise,-960,234,-235
shoulders,lateral-raise,-962,240,-196
shoulders,lateral-raise,-964,229,-195
shoulders,lateral-raise,-954,192,-248
shoulders,lateral-raise,-961,188,-333
shoulders,lateral-raise,-965,164,-425
shoulders,lateral-raise,-959,151,-424
shoulders,lateral-raise,-1003,194,-370
shoulders,lateral-raise,-1028,207,-354
shoulders,lateral-raise,-1068,196,-574
shoulders,lateral-raise,-1116,161,-634
shoulders,lateral-raise,-1178,176,-664
shoulders,lateral-raise,-1225,183,-668
shoulders,lateral-raise,-1264,152,-792
shoulders,lateral-raise,-1312,160,-832
shoulders,lateral-raise,-1374,222,-824
shoulders,lateral-raise,-1429,209,-710
shoulders,lateral-raise,-1439,238,-808
shoulders,lateral-raise,-1513,204,-670
shoulders,lateral-raise,-1506,207,-620
shoulders,lateral-raise,-1546,222,-714
shoulders,lateral-raise,-1511,272,-667
shoulders,lateral-raise,-1451,227,-743
shoulders,lateral-raise,-1407,203,-747
shoulders,lateral-raise,-1324,187,-693
shoulders,lateral-raise,-1279,184,-643
shoulders,lateral-raise,-1200,172,-704
shoulders,lateral-raise,-1111,162,-634
shoulders,lateral-raise,-1031,194,-623
shoulders,lateral-raise,-936,175,-615
shoulders,lateral-raise,-855,155,-548
shoulders,lateral-raise,-737,126,-625
shoulders,lateral-raise,-668,81,-690
shoulders,lateral-raise,-636,39,-691
shoulders,lateral-raise,-595,5,-693
shoulders,lateral-raise,-525,-27,-566
shoulders,lateral-raise,-434,0,-450
shoulders,lateral-raise,-345,2,-471
shoulders,lateral-raise,-262,-28,-608
shoulders,lateral-raise,-200,-88,-704
shoulders,lateral-raise,-126,-117,-566
shoulders,lateral-raise,-50,-77,-442
shoulders,lateral-raise,15,-57,-458
shoulders,lateral-raise,104,-61,-386
shoulders,lateral-raise,183,-99,-392
shoulders,lateral-raise,216,-137,-555
shoulders,lateral-raise,231,-161,-554
shoulders,lateral-raise,278,-165,-377
shoulders,lateral-raise,328,-147,-288
shoulders,lateral-raise,351,-150,-303
shoulders,lateral-raise,384,-158,-287
shoulders,lateral-raise,420,-207,-378
shoulders,lateral-raise,410,-248,-464
shoulders,lateral-raise,432,-243,-413
shoulders,lateral-raise,478,-226,-318
shoulders,lateral-raise,446,-223,-318
shoulders,lateral-raise,475,-193,-352
shoulders,lateral-raise,483,-244,-401
shoulders,lateral-raise,458,-263,-458
shoulders,lateral-raise,474,-257,-469
shoulders,lateral-raise,485,-262,-441
shoulders,lateral-raise,455,-239,-459
shoulders,lateral-raise,446,-233,-501
shoulders,lateral-raise,406,-256,-449
shoulders,lateral-raise,336,-240,-480
shoulders,lateral-raise,312,-216,-496
shoulders,lateral-raise,312,-208,-527
shoulders,lateral-raise,259,-193,-635
shoulders,lateral-raise,189,-192,-692
shoulders,lateral-raise,104,-185,-638
shoulders,lateral-raise,46,-105,-546
shoulders,lateral-raise,-2,-54,-613
shoulders,lateral-raise,-97,-55,-679
shoulders,lateral-raise,-145,-49,-795
shoulders,lateral-raise,-172,-48,-842
shoulders,lateral-raise,-240,-35,-772
shoulders,lateral-raise,-287,11,-628
shoulders,lateral-raise,-350,60,-689
shoulders,lateral-raise,-433,66,-832
shoulders,lateral-raise,-467,58,-912
shoulders,lateral-raise,-489,50,-861
shoulders,lateral-raise,-507,86,-875
shoulders,lateral-raise,-575,151,-817
shoulders,lateral-raise,-628,186,-781
shoulders,lateral-raise,-724,182,-804
shoulders,lateral-raise,-805,205,-826
shoulders,lateral-raise,-907,238,-846
shoulders,lateral-raise,-986,252,-758
shoulders,lateral-raise,-1017,260,-771
shoulders,lateral-raise,-1049,260,-815
shoulders,lateral-raise,-1052,260,-732
shoulders,lateral-raise,-1032,264,-726
shoulders,lateral-raise,-1031,271,-743
shoulders,lateral-raise,-1044,291,-676
shoulders,lateral-raise,-1072,311,-650
shoulders,lateral-raise,-1104,307,-609
shoulders,lateral-raise,-1116,291,-546
shoulders,lateral-raise,-1136,290,-561
shoulders,lateral-raise,-1136,280,-531
shoulders,lateral-raise,-1131,280,-512
shoulders,lateral-raise,-1127,280,-486
shoulders,lateral-raise,-1139,271,-459
shoulders,lateral-raise,-1124,246,-423
shoulders,lateral-raise,-1110,244,-342
shoulders,lateral-raise,-1100,254,-303
shoulders,lateral-raise,-1080,253,-274
shoulders,lateral-raise,-1045,271,-273
shoulders,lateral-raise,-1033,257,-240
shoulders,lateral-raise,-1040,225,-235
shoulders,lateral-raise,-1040,231,-202
shoulders,lateral-raise,-1040,226,-163
shoulders,lateral-raise,-1039,240,-188
shoulders,lateral-raise,-1030,239,-155
shoulders,lateral-raise,-1000,232,-198
shoulders,lateral-raise,-992,240,-159
shoulders,lateral-raise,-984,248,-128
shoulders,lateral-raise,-984,232,-112
shoulders,lateral-raise,-984,232,-112
shoulders,lateral-raise,-984,240,-143
shoulders,lateral-raise,-961,232,-136
shoulders,lateral-raise,-990,217,-91
shoulders,lateral-raise,-985,231,-124
shoulders,lateral-raise,-991,211,-214
shoulders,lateral-raise,-964,180,-231
shoulders,lateral-raise,-960,224,-177
shoulders,lateral-raise,-967,232,-175
shoulders,lateral-raise,-981,232,-235
shoulders,lateral-raise,-984,213,-273
shoulders,lateral-raise,-984,196,-404
shoulders,lateral-raise,-1008,192,-452
shoulders,lateral-raise,-1028,216,-480
shoulders,lateral-raise,-1095,241,-551
shoulders,lateral-raise,-1148,237,-587
shoulders,lateral-raise,-1209,210,-646
shoulders,lateral-raise,-1258,195,-667
shoulders,lateral-raise,-1287,192,-720
shoulders,lateral-raise,-1296,187,-796
shoulders,lateral-raise,-1329,184,-776
shoulders,lateral-raise,-1389,203,-725
shoulders,lateral-raise,-1447,220,-685
shoulders,lateral-raise,-1502,241,-694
shoulders,lateral-raise,-1549,268,-716
shoulders,lateral-raise,-1576,288,-752
shoulders,lateral-raise,-1584,308,-734
shoulders,lateral-raise,-1555,331,-676
shoulders,lateral-raise,-1502,323,-691
shoulders,lateral-raise,-1443,276,-717
shoulders,lateral-raise,-1347,251,-697
shoulders,lateral-raise,-1249,241,-704
shoulders,lateral-raise,-1180,213,-776
shoulders,lateral-raise,-1106,216,-657
shoulders,lateral-raise,-996,242,-539
shoulders,lateral-raise,-886,247,-580
shoulders,lateral-raise,-783,206,-662
shoulders,lateral-raise,-686,185,-684
shoulders,lateral-raise,-574,120,-725
shoulders,lateral-raise,-489,66,-564
shoulders,lateral-raise,-366,125,-387
shoulders,lateral-raise,-293,100,-416
shoulders,lateral-raise,-268,39,-495
shoulders,lateral-raise,-196,-10,-527
shoulders,lateral-raise,-117,-21,-521
shoulders,lateral-raise,-32,0,-520
shoulders,lateral-raise,36,1,-440
shoulders,lateral-raise,77,5,-287
shoulders,lateral-raise,147,-34,-378
shoulders,lateral-raise,208,-66,-427
shoulders,lateral-raise,224,-120,-518
shoulders,lateral-raise,248,-112,-282
shoulders,lateral-raise,388,-89,-342
shoulders,lateral-raise,377,-156,-359
shoulders,lateral-raise,421,-115,-360
shoulders,lateral-raise,482,-163,-462
shoulders,lateral-raise,495,-161,-422
shoulders,lateral-raise,482,-216,-402
shoulders,lateral-raise,466,-176,-311
shoulders,lateral-raise,484,-88,-309
shoulders,lateral-raise,449,-131,-449
shoulders,lateral-raise,453,-195,-436
shoulders,lateral-raise,481,-183,-467
shoulders,lateral-raise,464,-206,-480
shoulders,lateral-raise,456,-163,-345
shoulders,lateral-raise,473,-138,-388
shoulders,lateral-raise,430,-169,-463
shoulders,lateral-raise,397,-152,-453
shoulders,lateral-raise,381,-131,-519
shoulders,lateral-raise,371,-138,-540
shoulders,lateral-raise,348,-109,-533
shoulders,lateral-raise,298,-83,-555
shoulders,lateral-raise,240,-80,-536
shoulders,lateral-raise,198,-62,-624
shoulders,lateral-raise,132,-65,-699
shoulders,lateral-raise,76,-55,-617
shoulders,lateral-raise,24,-16,-608
shoulders,lateral-raise,-62,0,-664
shoulders,lateral-raise,-127,15,-693
shoulders,lateral-raise,-190,36,-774
shoulders,lateral-raise,-275,50,-775
shoulders,lateral-raise,-335,77,-709
shoulders,lateral-raise,-396,96,-777
shoulders,lateral-raise,-466,111,-827
shoulders,lateral-raise,-534,150,-779
shoulders,lateral-raise,-604,189,-812
shoulders,lateral-raise,-696,218,-889
shoulders,lateral-raise,-770,233,-869
shoulders,lateral-raise,-791,269,-745
shoulders,lateral-raise,-856,294,-800
shoulders,lateral-raise,-932,271,-766
shoulders,lateral-raise,-957,293,-811
shoulders,lateral-raise,-1007,284,-795
shoulders,lateral-raise,-1007,297,-820
shoulders,lateral-raise,-1048,266,-858
shoulders,lateral-raise,-1098,283,-733
shoulders,lateral-raise,-1115,300,-768
shoulders,lateral-raise,-1144,265,-764
shoulders,lateral-raise,-1145,282,-716
shoulders,lateral-raise,-1152,312,-656
shoulders,lateral-raise,-1144,303,-665
shoulders,lateral-raise,-1128,280,-696
shoulders,lateral-raise,-1104,272,-592
shoulders,lateral-raise,-1073,288,-514
shoulders,lateral-raise,-1064,265,-489
shoulders,lateral-raise,-1057,286,-473
shoulders,lateral-raise,-1092,303,-428
shoulders,lateral-raise,-1117,318,-417
shoulders,lateral-raise,-1127,292,-360
shoulders,lateral-raise,-1114,288,-304
shoulders,lateral-raise,-1105,288,-296
shoulders,lateral-raise,-1058,301,-250
shoulders,lateral-raise,-1029,298,-215
shoulders,lateral-raise,-1012,284,-220
shoulders,lateral-raise,-996,274,-200
shoulders,lateral-raise,-968,266,-180
shoulders,lateral-raise,-949,264,-165
shoulders,lateral-raise,-927,281,-166
shoulders,lateral-raise,-915,293,-168
shoulders,lateral-raise,-907,296,-142
shoulders,lateral-raise,-899,306,-108
shoulders,lateral-raise,-921,317,-121
shoulders,lateral-raise,-946,315,-141
shoulders,lateral-raise,-952,317,-149
shoulders,lateral-raise,-965,329,-125
shoulders,lateral-raise,-980,336,-87
shoulders,lateral-raise,-988,340,-55
shoulders,lateral-raise,-988,344,-44
shoulders,lateral-raise,-984,340,-52
shoulders,lateral-raise,-973,336,-52
shoulders,lateral-raise,-949,343,-34
shoulders,lateral-raise,-933,355,-33
shoulders,lateral-raise,-928,360,-50
shoulders,lateral-raise,-922,360,-28
shoulders,lateral-raise,-903,369,7
shoulders,lateral-raise,-883,387,29
shoulders,lateral-raise,-877,389,21
shoulders,lateral-raise,-888,382,14
shoulders,lateral-raise,-886,383,17
shoulders,lateral-raise,-884,394,36
shoulders,lateral-raise,-898,368,24
shoulders,lateral-raise,-904,348,24
shoulders,lateral-raise,-902,362,17
shoulders,lateral-raise,-896,359,-2
shoulders,lateral-raise,-896,320,23
shoulders,lateral-raise,-890,321,20
shoulders,lateral-raise,-853,323,33
shoulders,lateral-raise,-829,286,-8
shoulders,lateral-raise,-805,272,51
shoulders,lateral-raise,-777,271,0
shoulders,lateral-raise,-795,256,0
shoulders,lateral-raise,-848,256,1
shoulders,lateral-raise,-864,256,39
shoulders,lateral-raise,-888,232,-23
shoulders,lateral-raise,-904,216,-47
shoulders,lateral-raise,-889,224,66
shoulders,lateral-raise,-933,209,65
shoulders,lateral-raise,-987,193,35
shoulders,lateral-raise,-999,235,-47
shoulders,lateral-raise,-1014,254,-49
shoulders,lateral-raise,-1030,236,-34
shoulders,lateral-raise,-1039,239,28
shoulders,lateral-raise,-1047,227,40
shoulders,lateral-raise,-1054,224,34
shoulders,lateral-raise,-1044,236,13
shoulders,lateral-raise,-1070,240,-16
shoulders,lateral-raise,-1068,228,17
shoulders,lateral-raise,-1081,235,21
shoulders,lateral-raise,-1082,201,-40
shoulders,lateral-raise,-1037,222,-37
shoulders,lateral-raise,-1011,261,2
shoulders,lateral-raise,-1023,272,1
shoulders,lateral-raise,-1047,237,-13
shoulders,lateral-raise,-1061,230,-6
shoulders,lateral-raise,-1069,268,51
shoulders,lateral-raise,-1063,279,70
shoulders,lateral-raise,-1056,250,39
shoulders,lateral-raise,-1060,236,7
shoulders,lateral-raise,-1060,264,24
shoulders,lateral-raise,-1048,280,52
shoulders,lateral-raise,-1033,276,52
shoulders,lateral-raise,-1017,238,35
shoulders,lateral-raise,-1005,194,-22
shoulders,lateral-raise,-990,231,-29
shoulders,lateral-raise,-988,273,73
shoulders,lateral-raise,-1014,297,108
shoulders,lateral-raise,-1046,400,18
shoulders,lateral-raise,-1096,537,-29
shoulders,lateral-raise,-1100,428,-84
shoulders,lateral-raise,-1045,353,-101
shoulders,lateral-raise,-976,422,-66
shoulders,lateral-raise,-1003,469,13
shoulders,lateral-raise,-1084,556,184
shoulders,lateral-raise,-1069,528,120
shoulders,lateral-raise,-1044,443,88
shoulders,lateral-raise,-983,341,85
shoulders,lateral-raise,-935,299,79
shoulders,lateral-raise,-928,368,116
shoulders,lateral-raise,-930,424,84
shoulders,lateral-raise,-947,425,49
shoulders,lateral-raise,-982,444,59
shoulders,lateral-raise,-1069,619,108
shoulders,lateral-raise,-1170,838,175
shoulders,lateral-raise,-1248,760,128
