-626,307,-718,biceps-curl,,,
-923,1270,-1273,biceps-curl,,,
-1378,193,-683,biceps-curl,,,
-1280,222,-862,biceps-curl,,,
-977,-178,-572,biceps-curl,,,
-889,-191,-695,biceps-curl,,,
-582,-257,-514,biceps-curl,,,
-275,406,-888,biceps-curl,,,
39,-28,-355,biceps-curl,,,
959,170,-668,biceps-curl,,,
1216,-670,-98,biceps-curl,,,
672,-1232,-80,biceps-curl,,,
-737,-307,-923,biceps-curl,,,
-982,-384,-604,biceps-curl,,,
-892,276,-905,biceps-curl,,,
-805,341,-762,biceps-curl,,,
-674,212,-665,biceps-curl,,,
-667,269,-715,biceps-curl,,,
-609,273,-694,biceps-curl,,,
-556,275,-710,biceps-curl,,,
-538,299,-714,biceps-curl,,,
-522,311,-740,biceps-curl,,,
-512,320,-752,biceps-curl,,,
-478,296,-726,biceps-curl,,,
-403,285,-659,biceps-curl,,,
-278,262,-563,biceps-curl,,,
-330,229,-708,biceps-curl,,,
-336,187,-689,biceps-curl,,,
-347,227,-750,biceps-curl,,,
-387,267,-845,biceps-curl,,,
-424,314,-885,biceps-curl,,,
-467,334,-888,biceps-curl,,,
-526,336,-901,biceps-curl,,,
-558,336,-933,biceps-curl,,,
-568,344,-848,biceps-curl,,,
-533,399,-614,biceps-curl,,,
-500,490,-498,biceps-curl,,,
-480,597,-409,biceps-curl,,,
-477,670,-330,biceps-curl,,,
-469,713,-276,biceps-curl,,,
-477,749,-232,biceps-curl,,,
-503,760,-219,biceps-curl,,,
-534,754,-199,biceps-curl,,,
-569,758,-179,biceps-curl,,,
-590,774,-183,biceps-curl,,,
-630,768,-107,biceps-curl,,,
-665,750,-167,biceps-curl,,,
-690,699,-154,biceps-curl,,,
-706,661,-159,biceps-curl,,,
-712,643,-138,biceps-curl,,,
-709,623,-154,biceps-curl,,,
-700,619,-129,biceps-curl,,,
-691,632,-112,biceps-curl,,,
-698,606,-138,biceps-curl,,,
-716,545,-193,biceps-curl,,,
-733,475,-215,biceps-curl,,,
-743,435,-209,biceps-curl,,,
-776,400,-176,biceps-curl,,,
-811,413,-103,biceps-curl,,,
-856,381,-104,biceps-curl,,,
-902,360,-134,biceps-curl,,,
-926,344,-68,biceps-curl,,,
-953,346,14,biceps-curl,,,
-993,307,49,biceps-curl,,,
-1013,273,64,biceps-curl,,,
-1022,303,75,biceps-curl,,,
-1049,364,111,biceps-curl,,,
-1049,348,148,biceps-curl,,,
-1079,306,91,biceps-curl,,,
-1080,303,79,biceps-curl,,,
-1066,281,37,biceps-curl,,,
-1027,295,-116,biceps-curl,,,
-1047,320,-199,biceps-curl,,,
-1067,320,-185,biceps-curl,,,
-1049,331,-155,biceps-curl,,,
-1015,466,-121,biceps-curl,,,
-998,440,-142,biceps-curl,,,
-957,275,-24,biceps-curl,,,
-1043,240,-90,biceps-curl,,,
-1115,196,-24,biceps-curl,,,
-1104,128,280,biceps-curl,,,
-1242,491,-137,biceps-curl,,,
-1342,534,-217,biceps-curl,,,
-1294,180,-102,biceps-curl,,,
-1274,221,35,biceps-curl,,,
-1300,261,124,biceps-curl,,,
-1389,155,154,biceps-curl,,,
-1393,94,76,biceps-curl,,,
-1334,144,54,biceps-curl,,,
-1237,314,200,biceps-curl,,,
-1146,338,184,biceps-curl,,,
-1121,237,207,biceps-curl,,,
-1096,176,216,biceps-curl,,,
-1096,176,216,biceps-curl,,,
-1088,145,200,biceps-curl,,,
-1050,152,101,biceps-curl,,,
-1003,145,163,biceps-curl,,,
-993,137,219,biceps-curl,,,
-971,150,245,biceps-curl,,,
-968,166,199,biceps-curl,,,
-975,127,185,biceps-curl,,,
-976,127,184,biceps-curl,,,
-950,141,191,biceps-curl,,,
-906,163,192,biceps-curl,,,
-896,149,254,biceps-curl,,,
-878,138,248,biceps-curl,,,
-896,177,246,biceps-curl,,,
-881,181,191,biceps-curl,,,
-883,154,218,biceps-curl,,,
-872,160,213,biceps-curl,,,
-875,163,221,biceps-curl,,,
-880,160,222,biceps-curl,,,
-875,165,191,biceps-curl,,,
-867,187,190,biceps-curl,,,
-878,181,172,biceps-curl,,,
-892,155,125,biceps-curl,,,
-909,166,121,biceps-curl,,,
-912,192,165,biceps-curl,,,
-920,180,176,biceps-curl,,,
-921,175,118,biceps-curl,,,
-908,181,90,biceps-curl,,,
-919,221,84,biceps-curl,,,
-928,271,24,biceps-curl,,,
-941,264,43,biceps-curl,,,
-942,322,138,biceps-curl,,,
-918,373,95,biceps-curl,,,
-944,335,-46,biceps-curl,,,
-981,262,-46,biceps-curl,,,
-1002,238,44,biceps-curl,,,
-1019,264,112,biceps-curl,,,
-1012,327,53,biceps-curl,,,
-1028,268,-10,biceps-curl,,,
-1042,225,-33,biceps-curl,,,
-1048,207,5,biceps-curl,,,
-1047,231,44,biceps-curl,,,
-1039,221,-5,biceps-curl,,,
-1028,209,14,biceps-curl,,,
-1010,214,44,biceps-curl,,,
-1021,198,18,biceps-curl,,,
-1001,183,33,biceps-curl,,,
-1008,178,41,biceps-curl,,,
-1007,199,48,biceps-curl,,,
-984,175,40,biceps-curl,,,
-992,128,33,biceps-curl,,,
-992,152,95,biceps-curl,,,
-969,152,57,biceps-curl,,,
-968,160,33,biceps-curl,,,
-961,182,77,biceps-curl,,,
-982,184,14,biceps-curl,,,
-991,184,8,biceps-curl,,,
-999,170,50,biceps-curl,,,
-1007,202,138,biceps-curl,,,
-1021,215,32,biceps-curl,,,
-1037,216,67,biceps-curl,,,
-1053,216,80,biceps-curl,,,
-1056,235,55,biceps-curl,,,
-1056,264,60,biceps-curl,,,
-1056,290,152,biceps-curl,,,
-1079,296,98,biceps-curl,,,
-1094,324,131,biceps-curl,,,
-1101,368,182,biceps-curl,,,
-1099,410,155,biceps-curl,,,
-1121,439,111,biceps-curl,,,
-1136,468,160,biceps-curl,,,
-1122,518,229,biceps-curl,,,
-1107,563,202,biceps-curl,,,
-1117,572,164,biceps-curl,,,
-1119,585,173,biceps-curl,,,
-1066,621,288,biceps-curl,,,
-1020,668,332,biceps-curl,,,
-989,723,238,biceps-curl,,,
-945,756,229,biceps-curl,,,
-917,778,276,biceps-curl,,,
-891,807,300,biceps-curl,,,
-843,816,289,biceps-curl,,,
-779,828,269,biceps-curl,,,
-729,848,319,biceps-curl,,,
-688,859,315,biceps-curl,,,
-633,883,336,biceps-curl,,,
-574,893,358,biceps-curl,,,
-534,906,413,biceps-curl,,,
-473,908,424,biceps-curl,,,
-414,898,408,biceps-curl,,,
-344,900,376,biceps-curl,,,
-275,888,430,biceps-curl,,,
-211,882,396,biceps-curl,,,
-140,855,296,biceps-curl,,,
-69,844,412,biceps-curl,,,
1,821,392,biceps-curl,,,
70,798,395,biceps-curl,,,
126,780,417,biceps-curl,,,
189,740,420,biceps-curl,,,
267,686,362,biceps-curl,,,
330,655,392,biceps-curl,,,
392,608,376,biceps-curl,,,
472,576,352,biceps-curl,,,
472,529,228,biceps-curl,,,
540,475,254,biceps-curl,,,
596,427,196,biceps-curl,,,
629,417,199,biceps-curl,,,
625,452,243,biceps-curl,,,
603,421,185,biceps-curl,,,
641,334,115,biceps-curl,,,
668,287,117,biceps-curl,,,
731,234,42,biceps-curl,,,
769,186,43,biceps-curl,,,
745,176,-26,biceps-curl,,,
742,164,24,biceps-curl,,,
744,178,83,biceps-curl,,,
710,224,205,biceps-curl,,,
674,285,187,biceps-curl,,,
642,336,198,biceps-curl,,,
611,394,253,biceps-curl,,,
585,441,323,biceps-curl,,,
551,496,327,biceps-curl,,,
512,549,379,biceps-curl,,,
473,577,382,biceps-curl,,,
443,629,348,biceps-curl,,,
423,711,353,biceps-curl,,,
404,744,293,biceps-curl,,,
380,796,260,biceps-curl,,,
356,864,280,biceps-curl,,,
329,883,257,biceps-curl,,,
298,914,261,biceps-curl,,,
277,949,251,biceps-curl,,,
253,981,190,biceps-curl,,,
203,982,148,biceps-curl,,,
151,964,113,biceps-curl,,,
106,989,117,biceps-curl,,,
62,992,112,biceps-curl,,,
12,976,129,biceps-curl,,,
-36,985,76,biceps-curl,,,
-96,1006,26,biceps-curl,,,
-140,998,32,biceps-curl,,,
-213,992,19,biceps-curl,,,
-271,984,-19,biceps-curl,,,
-337,953,-13,biceps-curl,,,
-381,959,-64,biceps-curl,,,
-415,953,-31,biceps-curl,,,
-463,953,-70,biceps-curl,,,
-517,904,-46,biceps-curl,,,
-564,901,22,biceps-curl,,,
-611,871,-152,biceps-curl,,,
-650,854,-42,biceps-curl,,,
-697,824,-79,biceps-curl,,,
-736,832,-41,biceps-curl,,,
-776,840,-103,biceps-curl,,,
-830,762,-26,biceps-curl,,,
-847,730,-47,biceps-curl,,,
-885,735,-85,biceps-curl,,,
-924,670,-103,biceps-curl,,,
-921,650,3,biceps-curl,,,
-906,627,2,biceps-curl,,,
-924,583,-48,biceps-curl,,,
-928,556,-36,biceps-curl,,,
-928,513,20,biceps-curl,,,
-947,491,0,biceps-curl,,,
-958,469,-8,biceps-curl,,,
-948,440,10,biceps-curl,,,
-956,408,10,biceps-curl,,,
-943,406,31,biceps-curl,,,
-942,386,23,biceps-curl,,,
-949,360,5,biceps-curl,,,
-978,341,16,biceps-curl,,,
-997,321,34,biceps-curl,,,
-1000,312,45,biceps-curl,,,
-1005,302,48,biceps-curl,,,
-1008,277,39,biceps-curl,,,
-1008,260,10,biceps-curl,,,
-1012,243,35,biceps-curl,,,
-1012,232,55,biceps-curl,,,
-1012,232,40,biceps-curl,,,
-1016,224,40,biceps-curl,,,
-1012,216,55,biceps-curl,,,
-1008,220,68,biceps-curl,,,
-1008,221,57,biceps-curl,,,
-1008,222,58,biceps-curl,,,
-1008,238,66,biceps-curl,,,
-1017,263,53,biceps-curl,,,
-1032,285,53,biceps-curl,,,
-1032,283,61,biceps-curl,,,
-1030,290,54,biceps-curl,,,
-1026,303,46,biceps-curl,,,
-1030,326,48,biceps-curl,,,
-1028,346,70,biceps-curl,,,
-1040,359,62,biceps-curl,,,
-1042,386,53,biceps-curl,,,
-1048,396,41,biceps-curl,,,
-1048,421,39,biceps-curl,,,
-1047,455,7,biceps-curl,,,
-1042,496,96,biceps-curl,,,
-1056,504,91,biceps-curl,,,
-1058,572,52,biceps-curl,,,
-1078,617,97,biceps-curl,,,
-1047,635,214,biceps-curl,,,
-1031,695,175,biceps-curl,,,
-1000,672,152,biceps-curl,,,
-944,744,200,biceps-curl,,,
-944,744,200,biceps-curl,,,
-921,752,146,biceps-curl,,,
-867,775,266,biceps-curl,,,
-804,843,175,biceps-curl,,,
-771,863,248,biceps-curl,,,
-732,871,313,biceps-curl,,,
-686,879,285,biceps-curl,,,
-653,907,246,biceps-curl,,,
-575,939,233,biceps-curl,,,
-527,937,219,biceps-curl,,,
-456,955,254,biceps-curl,,,
-403,960,245,biceps-curl,,,
-338,954,349,biceps-curl,,,
-279,940,349,biceps-curl,,,
-201,936,347,biceps-curl,,,
-126,930,341,biceps-curl,,,
-66,890,385,biceps-curl,,,
-6,856,408,biceps-curl,,,
57,848,398,biceps-curl,,,
110,818,397,biceps-curl,,,
157,786,414,biceps-curl,,,
208,776,355,biceps-curl,,,
250,763,291,biceps-curl,,,
294,743,349,biceps-curl,,,
337,711,412,biceps-curl,,,
384,672,384,biceps-curl,,,
435,633,310,biceps-curl,,,
485,597,268,biceps-curl,,,
538,570,307,biceps-curl,,,
560,542,328,biceps-curl,,,
566,512,232,biceps-curl,,,
585,460,148,biceps-curl,,,
609,404,185,biceps-curl,,,
624,379,213,biceps-curl,,,
632,365,231,biceps-curl,,,
653,348,246,biceps-curl,,,
680,313,138,biceps-curl,,,
735,277,66,biceps-curl,,,
790,214,64,biceps-curl,,,
841,168,0,biceps-curl,,,
874,104,-110,biceps-curl,,,
879,79,-1,biceps-curl,,,
864,125,45,biceps-curl,,,
816,199,128,biceps-curl,,,
762,252,225,biceps-curl,,,
717,341,240,biceps-curl,,,
691,388,303,biceps-curl,,,
639,428,293,biceps-curl,,,
621,489,363,biceps-curl,,,
567,505,266,biceps-curl,,,
528,552,336,biceps-curl,,,
504,552,352,biceps-curl,,,
450,622,437,biceps-curl,,,
418,662,318,biceps-curl,,,
356,694,282,biceps-curl,,,
316,776,331,biceps-curl,,,
276,791,279,biceps-curl,,,
230,841,286,biceps-curl,,,
210,937,349,biceps-curl,,,
188,912,280,biceps-curl,,,
158,963,212,biceps-curl,,,
120,995,194,biceps-curl,,,
69,1006,173,biceps-curl,,,
44,1050,168,biceps-curl,,,
-13,1046,109,biceps-curl,,,
-89,1040,77,biceps-curl,,,
-162,1051,72,biceps-curl,,,
-233,1061,104,biceps-curl,,,
-309,1075,99,biceps-curl,,,
-372,1060,27,biceps-curl,,,
-436,1028,46,biceps-curl,,,
-483,1016,75,biceps-curl,,,
-515,1007,67,biceps-curl,,,
-550,969,33,biceps-curl,,,
-585,953,38,biceps-curl,,,
-633,927,39,biceps-curl,,,
-684,884,16,biceps-curl,,,
-716,868,24,biceps-curl,,,
-750,857,6,biceps-curl,,,
-780,827,-17,biceps-curl,,,
-797,793,-11,biceps-curl,,,
-813,768,35,biceps-curl,,,
-817,729,78,biceps-curl,,,
-841,687,15,biceps-curl,,,
-856,648,3,biceps-curl,,,
-861,609,3,biceps-curl,,,
-877,572,4,biceps-curl,,,
-893,598,18,biceps-curl,,,
-908,573,3,biceps-curl,,,
-924,514,52,biceps-curl,,,
-936,492,44,biceps-curl,,,
-938,477,54,biceps-curl,,,
-941,460,52,biceps-curl,,,
-927,437,63,biceps-curl,,,
-922,417,20,biceps-curl,,,
-937,375,37,biceps-curl,,,
-943,365,26,biceps-curl,,,
-937,333,107,biceps-curl,,,
-945,302,54,biceps-curl,,,
-960,272,36,biceps-curl,,,
-969,272,102,biceps-curl,,,
-1000,272,48,biceps-curl,,,
-1008,240,104,biceps-curl,,,
-1039,240,73,biceps-curl,,,
-1040,225,102,biceps-curl,,,
-1047,217,59,biceps-curl,,,
-1055,231,56,biceps-curl,,,
-1042,225,42,biceps-curl,,,
-1033,217,61,biceps-curl,,,
-1018,230,64,biceps-curl,,,
-1023,239,24,biceps-curl,,,
-1044,260,55,biceps-curl,,,
-1054,264,64,biceps-curl,,,
-1062,283,45,biceps-curl,,,
-1082,294,52,biceps-curl,,,
-1082,314,50,biceps-curl,,,
-1069,343,48,biceps-curl,,,
-1070,335,48,biceps-curl,,,
-1050,382,64,biceps-curl,,,
-1045,419,77,biceps-curl,,,
-1053,439,95,biceps-curl,,,
-1036,473,104,biceps-curl,,,
-1024,502,128,biceps-curl,,,
-1010,554,116,biceps-curl,,,
-1000,571,96,biceps-curl,,,
-983,599,118,biceps-curl,,,
-972,620,115,biceps-curl,,,
-944,640,108,biceps-curl,,,
-904,687,116,biceps-curl,,,
-874,704,141,biceps-curl,,,
-834,715,197,biceps-curl,,,
-799,745,184,biceps-curl,,,
-753,778,154,biceps-curl,,,
-705,804,220,biceps-curl,,,
-665,839,252,biceps-curl,,,
-618,867,210,biceps-curl,,,
-558,880,225,biceps-curl,,,
-501,906,339,biceps-curl,,,
-440,942,298,biceps-curl,,,
-387,976,245,biceps-curl,,,
-338,980,335,biceps-curl,,,
-283,994,407,biceps-curl,,,
-228,1002,320,biceps-curl,,,
-175,1008,344,biceps-curl,,,
-127,999,452,biceps-curl,,,
-72,948,471,biceps-curl,,,
-18,929,453,biceps-curl,,,
30,935,379,biceps-curl,,,
84,925,399,biceps-curl,,,
131,893,398,biceps-curl,,,
170,854,476,biceps-curl,,,
218,807,394,biceps-curl,,,
272,776,456,biceps-curl,,,
304,768,456,biceps-curl,,,
304,745,402,biceps-curl,,,
304,676,324,biceps-curl,,,
311,635,447,biceps-curl,,,
327,566,456,biceps-curl,,,
357,524,306,biceps-curl,,,
416,457,267,biceps-curl,,,
479,407,291,biceps-curl,,,
535,367,289,biceps-curl,,,
603,321,223,biceps-curl,,,
648,318,278,biceps-curl,,,
699,301,203,biceps-curl,,,
748,254,200,biceps-curl,,,
795,234,202,biceps-curl,,,
854,186,51,biceps-curl,,,
878,179,81,biceps-curl,,,
896,195,33,biceps-curl,,,
883,221,92,biceps-curl,,,
836,278,154,biceps-curl,,,
772,339,120,biceps-curl,,,
706,403,182,biceps-curl,,,
643,460,286,biceps-curl,,,
589,471,307,biceps-curl,,,
538,490,318,biceps-curl,,,
470,566,340,biceps-curl,,,
416,628,340,biceps-curl,,,
377,652,313,biceps-curl,,,
341,682,277,biceps-curl,,,
310,739,260,biceps-curl,,,
268,794,249,biceps-curl,,,
240,837,275,biceps-curl,,,
231,883,304,biceps-curl,,,
199,897,226,biceps-curl,,,
160,923,155,biceps-curl,,,
134,944,149,biceps-curl,,,
93,949,141,biceps-curl,,,
30,958,69,biceps-curl,,,
-29,960,17,biceps-curl,,,
-88,992,46,biceps-curl,,,
-174,1009,-6,biceps-curl,,,
-242,986,5,biceps-curl,,,
-322,985,-12,biceps-curl,,,
-376,957,-167,biceps-curl,,,
-415,983,-142,biceps-curl,,,
-414,974,-41,biceps-curl,,,
-462,962,-48,biceps-curl,,,
-518,972,-47,biceps-curl,,,
-588,923,-38,biceps-curl,,,
-652,856,-14,biceps-curl,,,
-730,856,14,biceps-curl,,,
-800,840,-48,biceps-curl,,,
-856,752,-72,biceps-curl,,,
-856,752,-72,biceps-curl,,,
-910,783,-56,biceps-curl,,,
-912,700,-64,biceps-curl,,,
-919,681,-12,biceps-curl,,,
-942,629,-74,biceps-curl,,,
-951,574,-44,biceps-curl,,,
-966,540,16,biceps-curl,,,
-988,516,65,biceps-curl,,,
-1032,445,92,biceps-curl,,,
-1060,425,63,biceps-curl,,,
-1058,411,120,biceps-curl,,,
-1056,377,80,biceps-curl,,,
-1056,338,52,biceps-curl,,,
-1050,316,48,biceps-curl,,,
-1059,278,37,biceps-curl,,,
-1053,258,49,biceps-curl,,,
-1043,251,51,biceps-curl,,,
-1045,206,48,biceps-curl,,,
-1033,204,99,biceps-curl,,,
-1029,216,84,biceps-curl,,,
-1027,216,66,biceps-curl,,,
-1019,202,53,biceps-curl,,,
-1020,201,85,biceps-curl,,,
-1024,221,150,biceps-curl,,,
-1032,232,143,biceps-curl,,,
-1044,244,76,biceps-curl,,,
-1067,252,28,biceps-curl,,,
-1084,274,31,biceps-curl,,,
-1073,300,48,biceps-curl,,,
-1061,313,55,biceps-curl,,,
-1046,349,70,biceps-curl,,,
-1023,380,101,biceps-curl,,,
-999,403,127,biceps-curl,,,
-989,416,101,biceps-curl,,,
-987,448,77,biceps-curl,,,
-958,495,84,biceps-curl,,,
-957,526,101,biceps-curl,,,
-972,526,78,biceps-curl,,,
-978,548,104,biceps-curl,,,
-962,564,103,biceps-curl,,,
-970,583,34,biceps-curl,,,
-976,607,111,biceps-curl,,,
-972,607,145,biceps-curl,,,
-946,641,171,biceps-curl,,,
-906,654,274,biceps-curl,,,
-859,699,234,biceps-curl,,,
-812,726,248,biceps-curl,,,
-771,710,257,biceps-curl,,,
-696,795,381,biceps-curl,,,
-703,849,320,biceps-curl,,,
-672,889,319,biceps-curl,,,
-640,975,217,biceps-curl,,,
-609,976,247,biceps-curl,,,
-593,961,377,biceps-curl,,,
-540,990,369,biceps-curl,,,
-521,992,295,biceps-curl,,,
-470,992,367,biceps-curl,,,
-422,992,397,biceps-curl,,,
-348,944,380,biceps-curl,,,
-269,889,383,biceps-curl,,,
-191,854,469,biceps-curl,,,
-87,867,456,biceps-curl,,,
-39,853,386,biceps-curl,,,
-2,848,380,biceps-curl,,,
37,883,396,biceps-curl,,,
71,919,446,biceps-curl,,,
136,900,492,biceps-curl,,,
176,866,574,biceps-curl,,,
231,819,545,biceps-curl,,,
292,754,502,biceps-curl,,,
332,718,501,biceps-curl,,,
363,698,504,biceps-curl,,,
385,660,523,biceps-curl,,,
396,618,518,biceps-curl,,,
417,583,521,biceps-curl,,,
482,510,503,biceps-curl,,,
552,444,440,biceps-curl,,,
591,428,443,biceps-curl,,,
601,431,447,biceps-curl,,,
585,436,383,biceps-curl,,,
586,412,352,biceps-curl,,,
613,365,323,biceps-curl,,,
647,324,240,biceps-curl,,,
704,281,179,biceps-curl,,,
771,240,200,biceps-curl,,,
808,224,201,biceps-curl,,,
857,185,138,biceps-curl,,,
898,166,128,biceps-curl,,,
917,156,63,biceps-curl,,,
950,138,14,biceps-curl,,,
939,118,76,biceps-curl,,,
920,109,57,biceps-curl,,,
911,102,44,biceps-curl,,,
868,131,88,biceps-curl,,,
846,144,48,biceps-curl,,,
826,148,54,biceps-curl,,,
781,180,99,biceps-curl,,,
746,217,126,biceps-curl,,,
684,233,112,biceps-curl,,,
622,252,219,biceps-curl,,,
583,322,271,biceps-curl,,,
544,400,240,biceps-curl,,,
504,472,280,biceps-curl,,,
488,480,404,biceps-curl,,,
442,518,355,biceps-curl,,,
425,580,345,biceps-curl,,,
402,577,417,biceps-curl,,,
350,640,353,biceps-curl,,,
288,725,323,biceps-curl,,,
246,818,436,biceps-curl,,,
180,892,443,biceps-curl,,,
122,976,486,biceps-curl,,,
74,1011,337,biceps-curl,,,
33,979,339,biceps-curl,,,
-24,1034,298,biceps-curl,,,
-52,1068,345,biceps-curl,,,
-130,1026,357,biceps-curl,,,
-210,1002,280,biceps-curl,,,
-275,1022,248,biceps-curl,,,
-343,1011,264,biceps-curl,,,
-409,1010,241,biceps-curl,,,
-462,1016,219,biceps-curl,,,
-523,1016,168,biceps-curl,,,
-584,984,219,biceps-curl,,,
-630,951,249,biceps-curl,,,
-674,940,155,biceps-curl,,,
-713,907,84,biceps-curl,,,
-728,872,96,biceps-curl,,,
-740,837,151,biceps-curl,,,
-763,793,136,biceps-curl,,,
-794,780,101,biceps-curl,,,
-836,750,104,biceps-curl,,,
-877,688,85,biceps-curl,,,
-899,655,110,biceps-curl,,,
-910,623,108,biceps-curl,,,
-928,576,85,biceps-curl,,,
-936,544,80,biceps-curl,,,
-927,532,78,biceps-curl,,,
-951,493,70,biceps-curl,,,
-964,456,72,biceps-curl,,,
-960,420,86,biceps-curl,,,
-988,379,60,biceps-curl,,,
-1003,352,72,biceps-curl,,,
-1015,324,76,biceps-curl,,,
-1008,343,92,biceps-curl,,,
-1014,334,72,biceps-curl,,,
-1049,318,72,biceps-curl,,,
-1055,304,76,biceps-curl,,,
-1047,303,111,biceps-curl,,,
-1031,294,102,biceps-curl,,,
-1023,272,80,biceps-curl,,,
-1008,272,73,biceps-curl,,,
-992,264,112,biceps-curl,,,
-984,264,144,biceps-curl,,,
-976,264,97,biceps-curl,,,
-961,249,88,biceps-curl,,,
-967,226,110,biceps-curl,,,
-953,268,134,biceps-curl,,,
-952,258,129,biceps-curl,,,
-987,249,107,biceps-curl,,,
-978,262,145,biceps-curl,,,
-1003,237,112,biceps-curl,,,
-1028,239,104,biceps-curl,,,
-1032,265,98,biceps-curl,,,
-1044,260,90,biceps-curl,,,
-1036,244,70,biceps-curl,,,
-1020,234,46,biceps-curl,,,
-999,226,40,biceps-curl,,,
-959,230,51,biceps-curl,,,
-917,221,40,biceps-curl,,,
-888,205,37,biceps-curl,,,
-870,200,25,biceps-curl,,,
-849,195,31,biceps-curl,,,
-854,197,59,biceps-curl,,,
-864,177,63,biceps-curl,,,
-868,156,69,biceps-curl,,,
-881,178,71,biceps-curl,,,
-917,188,47,biceps-curl,,,
-948,164,44,biceps-curl,,,
-952,160,91,biceps-curl,,,
-970,164,84,biceps-curl,,,
-1006,142,25,biceps-curl,,,
-1011,117,43,biceps-curl,,,
-979,118,106,biceps-curl,,,
-972,137,107,biceps-curl,,,
-992,143,60,biceps-curl,,,
-984,142,75,biceps-curl,,,
-971,163,74,biceps-curl,,,
-971,145,91,biceps-curl,,,
-969,130,78,biceps-curl,,,
-990,138,72,biceps-curl,,,
-986,148,76,biceps-curl,,,
-996,158,81,biceps-curl,,,
-1005,147,51,biceps-curl,,,
-991,128,38,biceps-curl,,,
-983,133,64,biceps-curl,,,
-976,156,57,biceps-curl,,,
-977,137,15,biceps-curl,,,
-984,145,10,biceps-curl,,,
-981,151,31,biceps-curl,,,
-951,148,96,biceps-curl,,,
-946,208,-21,biceps-curl,,,
-977,214,-117,biceps-curl,,,
-1000,160,-8,biceps-curl,,,
