-408,56,-496,triceps-extension,,,
-424,-14,-387,triceps-extension,,,
-432,-92,-407,triceps-extension,,,
-469,-133,-453,triceps-extension,,,
-472,-187,-383,triceps-extension,,,
-479,-221,-362,triceps-extension,,,
-515,-280,-332,triceps-extension,,,
-513,-308,-355,triceps-extension,,,
-532,-319,-347,triceps-extension,,,
-516,-320,-253,triceps-extension,,,
-550,-371,-232,triceps-extension,,,
-566,-372,-226,triceps-extension,,,
-562,-416,-260,triceps-extension,,,
-572,-408,-190,triceps-extension,,,
-553,-417,-177,triceps-extension,,,
-561,-402,-173,triceps-extension,,,
-530,-387,-163,triceps-extension,,,
-501,-379,-118,triceps-extension,,,
-506,-412,-76,triceps-extension,,,
-497,-437,-74,triceps-extension,,,
-483,-416,-66,triceps-extension,,,
-480,-437,-33,triceps-extension,,,
-498,-433,-38,triceps-extension,,,
-516,-425,-73,triceps-extension,,,
-545,-465,-59,triceps-extension,,,
-612,-500,8,triceps-extension,,,
-687,-531,52,triceps-extension,,,
-731,-578,60,triceps-extension,,,
-772,-594,78,triceps-extension,,,
-818,-579,72,triceps-extension,,,
-813,-581,30,triceps-extension,,,
-781,-579,37,triceps-extension,,,
-767,-610,55,triceps-extension,,,
-747,-629,16,triceps-extension,,,
-728,-566,-26,triceps-extension,,,
-710,-561,-65,triceps-extension,,,
-686,-627,-14,triceps-extension,,,
-634,-696,38,triceps-extension,,,
-618,-680,66,triceps-extension,,,
-619,-636,92,triceps-extension,,,
-602,-656,96,triceps-extension,,,
-598,-692,154,triceps-extension,,,
-552,-721,140,triceps-extension,,,
-553,-759,204,triceps-extension,,,
-559,-710,223,triceps-extension,,,
-550,-758,222,triceps-extension,,,
-534,-808,273,triceps-extension,,,
-511,-806,286,triceps-extension,,,
-504,-787,264,triceps-extension,,,
-496,-849,257,triceps-extension,,,
-496,-888,296,triceps-extension,,,
-456,-888,288,triceps-extension,,,
-425,-896,319,triceps-extension,,,
-394,-881,373,triceps-extension,,,
-347,-850,398,triceps-extension,,,
-293,-914,356,triceps-extension,,,
-288,-899,323,triceps-extension,,,
-267,-938,292,triceps-extension,,,
-257,-978,274,triceps-extension,,,
-236,-984,285,triceps-extension,,,
-193,-991,353,triceps-extension,,,
-171,-1005,330,triceps-extension,,,
-162,-1002,345,triceps-extension,,,
-136,-1030,334,triceps-extension,,,
-93,-1028,387,triceps-extension,,,
-74,-1035,391,triceps-extension,,,
-66,-1057,345,triceps-extension,,,
-59,-1075,328,triceps-extension,,,
-61,-1091,333,triceps-extension,,,
-79,-1121,346,triceps-extension,,,
-98,-1141,426,triceps-extension,,,
-128,-1154,477,triceps-extension,,,
-139,-1151,508,triceps-extension,,,
-149,-1131,510,triceps-extension,,,
-156,-1116,505,triceps-extension,,,
-156,-1100,549,triceps-extension,,,
-160,-1068,532,triceps-extension,,,
-152,-1029,503,triceps-extension,,,
-148,-997,535,triceps-extension,,,
-145,-977,540,triceps-extension,,,
-146,-961,516,triceps-extension,,,
-157,-952,520,triceps-extension,,,
-164,-946,559,triceps-extension,,,
-196,-933,550,triceps-extension,,,
-227,-925,576,triceps-extension,,,
-264,-920,580,triceps-extension,,,
-303,-918,525,triceps-extension,,,
-327,-910,516,triceps-extension,,,
-361,-900,494,triceps-extension,,,
-412,-884,545,triceps-extension,,,
-424,-865,443,triceps-extension,,,
-429,-840,412,triceps-extension,,,
-455,-834,367,triceps-extension,,,
-492,-805,356,triceps-extension,,,
-518,-783,340,triceps-extension,,,
-553,-721,353,triceps-extension,,,
-562,-665,301,triceps-extension,,,
-575,-604,279,triceps-extension,,,
-558,-557,263,triceps-extension,,,
-534,-511,246,triceps-extension,,,
-505,-496,208,triceps-extension,,,
-544,-496,224,triceps-extension,,,
-648,-448,176,triceps-extension,,,
-648,-464,106,triceps-extension,,,
-709,-494,127,triceps-extension,,,
-682,-489,106,triceps-extension,,,
-651,-503,104,triceps-extension,,,
-612,-440,140,triceps-extension,,,
-629,-432,151,triceps-extension,,,
-632,-412,186,triceps-extension,,,
-652,-421,205,triceps-extension,,,
-728,-365,247,triceps-extension,,,
-788,-390,231,triceps-extension,,,
-781,-437,243,triceps-extension,,,
-788,-430,254,triceps-extension,,,
-780,-436,297,triceps-extension,,,
-776,-406,278,triceps-extension,,,
-765,-414,270,triceps-extension,,,
-733,-440,315,triceps-extension,,,
-720,-437,315,triceps-extension,,,
-664,-468,294,triceps-extension,,,
-657,-439,318,triceps-extension,,,
-662,-446,307,triceps-extension,,,
-647,-541,362,triceps-extension,,,
-613,-565,412,triceps-extension,,,
-596,-527,404,triceps-extension,,,
-604,-558,396,triceps-extension,,,
-584,-644,440,triceps-extension,,,
-533,-684,484,triceps-extension,,,
-500,-684,498,triceps-extension,,,
-471,-688,520,triceps-extension,,,
-433,-705,523,triceps-extension,,,
-421,-751,518,triceps-extension,,,
-404,-812,507,triceps-extension,,,
-358,-879,524,triceps-extension,,,
-293,-895,549,triceps-extension,,,
-230,-871,557,triceps-extension,,,
-161,-920,552,triceps-extension,,,
-110,-904,554,triceps-extension,,,
-64,-862,562,triceps-extension,,,
-58,-870,554,triceps-extension,,,
-49,-928,523,triceps-extension,,,
-77,-997,562,triceps-extension,,,
-65,-1058,569,triceps-extension,,,
-75,-1105,587,triceps-extension,,,
-88,-1114,642,triceps-extension,,,
-87,-1122,664,triceps-extension,,,
-83,-1080,723,triceps-extension,,,
-106,-1077,741,triceps-extension,,,
-130,-1047,712,triceps-extension,,,
-159,-1040,708,triceps-extension,,,
-136,-1031,624,triceps-extension,,,
-128,-1000,624,triceps-extension,,,
-152,-992,640,triceps-extension,,,
-144,-969,601,triceps-extension,,,
-152,-938,630,triceps-extension,,,
-159,-929,647,triceps-extension,,,
-175,-928,612,triceps-extension,,,
-190,-921,644,triceps-extension,,,
-213,-927,613,triceps-extension,,,
-230,-914,608,triceps-extension,,,
-252,-905,608,triceps-extension,,,
-263,-865,595,triceps-extension,,,
-277,-850,567,triceps-extension,,,
-299,-842,560,triceps-extension,,,
-322,-816,542,triceps-extension,,,
-363,-814,530,triceps-extension,,,
-370,-793,494,triceps-extension,,,
-407,-773,497,triceps-extension,,,
-451,-768,482,triceps-extension,,,
-485,-752,456,triceps-extension,,,
-501,-739,423,triceps-extension,,,
-529,-711,403,triceps-extension,,,
-539,-667,376,triceps-extension,,,
-536,-616,346,triceps-extension,,,
-545,-561,336,triceps-extension,,,
-556,-514,327,triceps-extension,,,
-564,-471,299,triceps-extension,,,
-572,-452,280,triceps-extension,,,
-591,-441,280,triceps-extension,,,
-652,-409,276,triceps-extension,,,
-722,-396,261,triceps-extension,,,
-764,-410,224,triceps-extension,,,
-802,-421,205,triceps-extension,,,
-804,-395,212,triceps-extension,,,
-784,-363,189,triceps-extension,,,
-773,-360,184,triceps-extension,,,
-747,-352,202,triceps-extension,,,
-743,-356,230,triceps-extension,,,
-765,-335,224,triceps-extension,,,
-787,-346,268,triceps-extension,,,
-828,-326,278,triceps-extension,,,
-864,-333,277,triceps-extension,,,
-862,-361,291,triceps-extension,,,
-855,-311,278,triceps-extension,,,
-844,-331,308,triceps-extension,,,
-823,-269,323,triceps-extension,,,
-816,-307,299,triceps-extension,,,
-809,-384,323,triceps-extension,,,
-749,-380,353,triceps-extension,,,
-723,-344,357,triceps-extension,,,
-766,-349,321,triceps-extension,,,
-719,-457,346,triceps-extension,,,
-688,-504,424,triceps-extension,,,
-640,-528,480,triceps-extension,,,
-640,-528,480,triceps-extension,,,
-671,-497,410,triceps-extension,,,
-649,-549,431,triceps-extension,,,
-678,-656,477,triceps-extension,,,
-629,-715,502,triceps-extension,,,
-567,-713,490,triceps-extension,,,
-567,-698,516,triceps-extension,,,
-513,-751,500,triceps-extension,,,
-491,-773,476,triceps-extension,,,
-423,-789,485,triceps-extension,,,
-338,-760,507,triceps-extension,,,
-283,-715,512,triceps-extension,,,
-272,-698,494,triceps-extension,,,
-243,-725,529,triceps-extension,,,
-215,-747,527,triceps-extension,,,
-186,-841,542,triceps-extension,,,
-181,-869,541,triceps-extension,,,
-147,-853,557,triceps-extension,,,
-133,-848,563,triceps-extension,,,
-131,-848,590,triceps-extension,,,
-109,-905,598,triceps-extension,,,
-68,-953,587,triceps-extension,,,
-39,-915,629,triceps-extension,,,
-6,-889,629,triceps-extension,,,
-5,-913,596,triceps-extension,,,
-16,-956,604,triceps-extension,,,
-4,-996,616,triceps-extension,,,
4,-1019,616,triceps-extension,,,
12,-1036,620,triceps-extension,,,
19,-1037,648,triceps-extension,,,
27,-1038,674,triceps-extension,,,
29,-1045,661,triceps-extension,,,
30,-1025,662,triceps-extension,,,
48,-1000,667,triceps-extension,,,
64,-995,656,triceps-extension,,,
59,-979,656,triceps-extension,,,
53,-968,658,triceps-extension,,,
58,-966,660,triceps-extension,,,
34,-962,638,triceps-extension,,,
16,-961,604,triceps-extension,,,
11,-938,600,triceps-extension,,,
-11,-943,626,triceps-extension,,,
-31,-936,595,triceps-extension,,,
-65,-931,575,triceps-extension,,,
-75,-904,611,triceps-extension,,,
-101,-902,573,triceps-extension,,,
-147,-887,541,triceps-extension,,,
-178,-879,511,triceps-extension,,,
-203,-864,503,triceps-extension,,,
-257,-871,488,triceps-extension,,,
-281,-840,473,triceps-extension,,,
-343,-824,535,triceps-extension,,,
-383,-785,513,triceps-extension,,,
-407,-761,580,triceps-extension,,,
-453,-782,517,triceps-extension,,,
-485,-777,497,triceps-extension,,,
-502,-776,496,triceps-extension,,,
-525,-734,482,triceps-extension,,,
-542,-694,453,triceps-extension,,,
-544,-661,415,triceps-extension,,,
-577,-636,415,triceps-extension,,,
-584,-613,397,triceps-extension,,,
-603,-577,392,triceps-extension,,,
-614,-556,374,triceps-extension,,,
-645,-540,392,triceps-extension,,,
-702,-507,371,triceps-extension,,,
-709,-513,343,triceps-extension,,,
-715,-515,282,triceps-extension,,,
-683,-454,309,triceps-extension,,,
-654,-399,346,triceps-extension,,,
-653,-384,357,triceps-extension,,,
-632,-365,327,triceps-extension,,,
-635,-352,285,triceps-extension,,,
-661,-370,281,triceps-extension,,,
-685,-375,297,triceps-extension,,,
-721,-401,300,triceps-extension,,,
-776,-424,308,triceps-extension,,,
-796,-420,285,triceps-extension,,,
-810,-413,285,triceps-extension,,,
-808,-386,321,triceps-extension,,,
-785,-371,322,triceps-extension,,,
-789,-389,336,triceps-extension,,,
-760,-377,321,triceps-extension,,,
-757,-345,311,triceps-extension,,,
-757,-365,325,triceps-extension,,,
-758,-375,314,triceps-extension,,,
-741,-472,365,triceps-extension,,,
-745,-530,425,triceps-extension,,,
-726,-494,402,triceps-extension,,,
-718,-498,380,triceps-extension,,,
-710,-550,375,triceps-extension,,,
-684,-617,408,triceps-extension,,,
-614,-579,440,triceps-extension,,,
-625,-532,433,triceps-extension,,,
-558,-601,408,triceps-extension,,,
-577,-657,458,triceps-extension,,,
-472,-656,472,triceps-extension,,,
-471,-598,477,triceps-extension,,,
-461,-659,528,triceps-extension,,,
-417,-701,527,triceps-extension,,,
-430,-800,513,triceps-extension,,,
-360,-808,552,triceps-extension,,,
-312,-760,552,triceps-extension,,,
-296,-783,536,triceps-extension,,,
-273,-860,536,triceps-extension,,,
-250,-894,514,triceps-extension,,,
-212,-874,621,triceps-extension,,,
-194,-858,575,triceps-extension,,,
-185,-891,575,triceps-extension,,,
-164,-944,624,triceps-extension,,,
-107,-912,639,triceps-extension,,,
-57,-884,627,triceps-extension,,,
-29,-867,630,triceps-extension,,,
1,-932,589,triceps-extension,,,
2,-952,600,triceps-extension,,,
18,-970,608,triceps-extension,,,
24,-993,631,triceps-extension,,,
18,-1017,668,triceps-extension,,,
16,-1029,702,triceps-extension,,,
16,-1048,696,triceps-extension,,,
16,-1046,693,triceps-extension,,,
16,-1025,696,triceps-extension,,,
21,-1002,710,triceps-extension,,,
43,-978,711,triceps-extension,,,
7,-919,691,triceps-extension,,,
11,-889,671,triceps-extension,,,
31,-896,676,triceps-extension,,,
8,-896,676,triceps-extension,,,
0,-900,656,triceps-extension,,,
-7,-904,652,triceps-extension,,,
-30,-900,660,triceps-extension,,,
-45,-903,634,triceps-extension,,,
-43,-906,618,triceps-extension,,,
-63,-893,653,triceps-extension,,,
-100,-888,631,triceps-extension,,,
-131,-883,592,triceps-extension,,,
-165,-867,581,triceps-extension,,,
-197,-858,582,triceps-extension,,,
-215,-857,551,triceps-extension,,,
-243,-836,530,triceps-extension,,,
-280,-820,524,triceps-extension,,,
-309,-808,502,triceps-extension,,,
-330,-801,545,triceps-extension,,,
-345,-775,513,triceps-extension,,,
-391,-765,485,triceps-extension,,,
-430,-750,511,triceps-extension,,,
-467,-733,501,triceps-extension,,,
-494,-711,479,triceps-extension,,,
-546,-701,473,triceps-extension,,,
-567,-670,477,triceps-extension,,,
-563,-645,431,triceps-extension,,,
-624,-591,416,triceps-extension,,,
-640,-568,400,triceps-extension,,,
-624,-536,376,triceps-extension,,,
-663,-505,423,triceps-extension,,,
-755,-451,416,triceps-extension,,,
-775,-478,379,triceps-extension,,,
-783,-487,340,triceps-extension,,,
-784,-438,372,triceps-extension,,,
-735,-348,299,triceps-extension,,,
-694,-336,268,triceps-extension,,,
-675,-296,297,triceps-extension,,,
-672,-236,291,triceps-extension,,,
-666,-237,275,triceps-extension,,,
-683,-277,297,triceps-extension,,,
-748,-246,274,triceps-extension,,,
-774,-297,317,triceps-extension,,,
-868,-297,336,triceps-extension,,,
-865,-366,264,triceps-extension,,,
-848,-384,254,triceps-extension,,,
-848,-360,248,triceps-extension,,,
-777,-347,250,triceps-extension,,,
-766,-304,266,triceps-extension,,,
-707,-304,243,triceps-extension,,,
-698,-311,266,triceps-extension,,,
-715,-322,314,triceps-extension,,,
-704,-383,354,triceps-extension,,,
-708,-387,384,triceps-extension,,,
-684,-396,364,triceps-extension,,,
-679,-486,394,triceps-extension,,,
-693,-536,456,triceps-extension,,,
-662,-536,467,triceps-extension,,,
-647,-533,497,triceps-extension,,,
-669,-538,514,triceps-extension,,,
-679,-589,492,triceps-extension,,,
-655,-671,481,triceps-extension,,,
-604,-696,499,triceps-extension,,,
-536,-654,509,triceps-extension,,,
-524,-659,508,triceps-extension,,,
-489,-734,485,triceps-extension,,,
-449,-753,502,triceps-extension,,,
-372,-710,532,triceps-extension,,,
-332,-717,564,triceps-extension,,,
-310,-763,559,triceps-extension,,,
-265,-785,575,triceps-extension,,,
-227,-827,543,triceps-extension,,,
-194,-838,578,triceps-extension,,,
-157,-823,595,triceps-extension,,,
-134,-825,618,triceps-extension,,,
-121,-911,633,triceps-extension,,,
-127,-983,647,triceps-extension,,,
-109,-974,644,triceps-extension,,,
-55,-945,711,triceps-extension,,,
-32,-984,688,triceps-extension,,,
-8,-1000,616,triceps-extension,,,
-8,-1000,616,triceps-extension,,,
31,-969,655,triceps-extension,,,
78,-991,648,triceps-extension,,,
43,-932,685,triceps-extension,,,
40,-964,695,triceps-extension,,,
54,-982,660,triceps-extension,,,
49,-998,691,triceps-extension,,,
14,-1014,716,triceps-extension,,,
-5,-996,733,triceps-extension,,,
-15,-972,716,triceps-extension,,,
-29,-987,680,triceps-extension,,,
-38,-973,672,triceps-extension,,,
-58,-962,660,triceps-extension,,,
-93,-948,621,triceps-extension,,,
-104,-933,597,triceps-extension,,,
-115,-922,570,triceps-extension,,,
-142,-909,565,triceps-extension,,,
-163,-893,563,triceps-extension,,,
-178,-893,550,triceps-extension,,,
-204,-891,554,triceps-extension,,,
-235,-878,546,triceps-extension,,,
-257,-863,536,triceps-extension,,,
-286,-852,540,triceps-extension,,,
-308,-835,548,triceps-extension,,,
-324,-816,523,triceps-extension,,,
-348,-796,520,triceps-extension,,,
-379,-772,556,triceps-extension,,,
-426,-760,542,triceps-extension,,,
-460,-749,516,triceps-extension,,,
-477,-726,500,triceps-extension,,,
-515,-718,478,triceps-extension,,,
-553,-716,473,triceps-extension,,,
-577,-687,439,triceps-extension,,,
-606,-656,432,triceps-extension,,,
-629,-627,443,triceps-extension,,,
-641,-617,420,triceps-extension,,,
-678,-579,394,triceps-extension,,,
-674,-547,402,triceps-extension,,,
-674,-474,398,triceps-extension,,,
-649,-427,355,triceps-extension,,,
-631,-401,309,triceps-extension,,,
-650,-372,293,triceps-extension,,,
-625,-344,283,triceps-extension,,,
-636,-306,288,triceps-extension,,,
-661,-324,240,triceps-extension,,,
-698,-355,248,triceps-extension,,,
-715,-383,306,triceps-extension,,,
-746,-370,248,triceps-extension,,,
-769,-391,249,triceps-extension,,,
-791,-377,263,triceps-extension,,,
-769,-400,240,triceps-extension,,,
-823,-408,272,triceps-extension,,,
-785,-377,256,triceps-extension,,,
-754,-376,271,triceps-extension,,,
-767,-361,302,triceps-extension,,,
-717,-360,289,triceps-extension,,,
-712,-381,367,triceps-extension,,,
-698,-328,369,triceps-extension,,,
-703,-354,307,triceps-extension,,,
-717,-400,323,triceps-extension,,,
-668,-454,380,triceps-extension,,,
-631,-432,430,triceps-extension,,,
-667,-430,434,triceps-extension,,,
-632,-511,462,triceps-extension,,,
-640,-507,478,triceps-extension,,,
-608,-565,457,triceps-extension,,,
-614,-653,498,triceps-extension,,,
-586,-653,520,triceps-extension,,,
-510,-640,520,triceps-extension,,,
-485,-609,561,triceps-extension,,,
-439,-636,544,triceps-extension,,,
-427,-731,553,triceps-extension,,,
-412,-757,581,triceps-extension,,,
-334,-731,584,triceps-extension,,,
-279,-724,593,triceps-extension,,,
-255,-770,588,triceps-extension,,,
-224,-824,580,triceps-extension,,,
-200,-867,592,triceps-extension,,,
-159,-870,615,triceps-extension,,,
-102,-847,632,triceps-extension,,,
-93,-886,635,triceps-extension,,,
-102,-957,624,triceps-extension,,,
-70,-972,631,triceps-extension,,,
-37,-928,709,triceps-extension,,,
-27,-944,730,triceps-extension,,,
-11,-973,706,triceps-extension,,,
10,-968,740,triceps-extension,,,
32,-975,663,triceps-extension,,,
36,-994,691,triceps-extension,,,
54,-1000,718,triceps-extension,,,
72,-1002,712,triceps-extension,,,
74,-1003,712,triceps-extension,,,
77,-983,715,triceps-extension,,,
64,-973,725,triceps-extension,,,
60,-958,710,triceps-extension,,,
40,-942,696,triceps-extension,,,
37,-926,697,triceps-extension,,,
6,-912,703,triceps-extension,,,
-17,-911,686,triceps-extension,,,
-33,-896,665,triceps-extension,,,
-49,-888,687,triceps-extension,,,
-72,-888,648,triceps-extension,,,
-88,-872,624,triceps-extension,,,
-119,-872,546,triceps-extension,,,
-143,-849,590,triceps-extension,,,
-129,-833,599,triceps-extension,,,
-157,-825,593,triceps-extension,,,
-203,-810,599,triceps-extension,,,
-222,-822,565,triceps-extension,,,
-238,-797,601,triceps-extension,,,
-273,-792,575,triceps-extension,,,
-313,-785,555,triceps-extension,,,
-339,-778,558,triceps-extension,,,
-375,-770,535,triceps-extension,,,
-408,-756,576,triceps-extension,,,
-440,-740,551,triceps-extension,,,
-454,-747,519,triceps-extension,,,
-489,-735,501,triceps-extension,,,
-515,-723,480,triceps-extension,,,
-546,-709,461,triceps-extension,,,
-555,-694,446,triceps-extension,,,
-577,-673,430,triceps-extension,,,
-597,-654,434,triceps-extension,,,
-609,-616,454,triceps-extension,,,
-638,-579,451,triceps-extension,,,
-660,-555,449,triceps-extension,,,
-681,-536,448,triceps-extension,,,
-692,-516,424,triceps-extension,,,
-692,-492,393,triceps-extension,,,
-689,-465,365,triceps-extension,,,
-666,-423,345,triceps-extension,,,
-638,-419,329,triceps-extension,,,
-634,-427,343,triceps-extension,,,
-639,-363,379,triceps-extension,,,
-639,-340,340,triceps-extension,,,
-680,-368,259,triceps-extension,,,
-715,-392,274,triceps-extension,,,
-722,-386,309,triceps-extension,,,
-728,-356,282,triceps-extension,,,
-741,-389,328,triceps-extension,,,
-764,-346,320,triceps-extension,,,
-737,-383,300,triceps-extension,,,
-763,-400,305,triceps-extension,,,
-747,-362,283,triceps-extension,,,
-757,-345,289,triceps-extension,,,
-743,-390,270,triceps-extension,,,
-731,-385,360,triceps-extension,,,
-701,-437,414,triceps-extension,,,
-745,-350,397,triceps-extension,,,
-759,-420,371,triceps-extension,,,
-749,-473,409,triceps-extension,,,
-688,-487,432,triceps-extension,,,
-696,-457,424,triceps-extension,,,
-688,-527,384,triceps-extension,,,
-665,-644,438,triceps-extension,,,
-626,-595,440,triceps-extension,,,
-564,-592,410,triceps-extension,,,
-582,-628,437,triceps-extension,,,
-541,-689,469,triceps-extension,,,
-466,-682,465,triceps-extension,,,
-429,-666,491,triceps-extension,,,
-411,-691,476,triceps-extension,,,
-369,-735,505,triceps-extension,,,
-296,-712,563,triceps-extension,,,
-299,-710,595,triceps-extension,,,
-292,-809,552,triceps-extension,,,
-247,-840,589,triceps-extension,,,
-198,-846,591,triceps-extension,,,
-173,-859,606,triceps-extension,,,
-163,-929,605,triceps-extension,,,
-118,-934,621,triceps-extension,,,
-65,-895,652,triceps-extension,,,
-38,-895,679,triceps-extension,,,
-8,-890,655,triceps-extension,,,
-6,-899,651,triceps-extension,,,
-12,-912,691,triceps-extension,,,
22,-908,708,triceps-extension,,,
48,-946,716,triceps-extension,,,
28,-1004,728,triceps-extension,,,
12,-1032,713,triceps-extension,,,
9,-1051,703,triceps-extension,,,
-7,-1057,719,triceps-extension,,,
-19,-1041,711,triceps-extension,,,
-24,-1026,691,triceps-extension,,,
-27,-1010,665,triceps-extension,,,
-47,-983,604,triceps-extension,,,
-75,-944,576,triceps-extension,,,
-88,-923,570,triceps-extension,,,
-109,-907,577,triceps-extension,,,
-127,-889,553,triceps-extension,,,
-148,-874,580,triceps-extension,,,
-166,-878,590,triceps-extension,,,
-191,-872,582,triceps-extension,,,
-219,-872,574,triceps-extension,,,
-233,-872,567,triceps-extension,,,
-243,-869,565,triceps-extension,,,
-256,-858,581,triceps-extension,,,
-258,-869,521,triceps-extension,,,
-271,-846,527,triceps-extension,,,
-265,-830,521,triceps-extension,,,
-280,-808,532,triceps-extension,,,
-281,-808,483,triceps-extension,,,
-296,-808,536,triceps-extension,,,
-304,-808,528,triceps-extension,,,
-320,-800,536,triceps-extension,,,
-320,-800,536,triceps-extension,,,
-343,-800,505,triceps-extension,,,
-367,-800,496,triceps-extension,,,
-390,-822,474,triceps-extension,,,
-407,-809,479,triceps-extension,,,
-415,-794,487,triceps-extension,,,
-451,-778,495,triceps-extension,,,
-449,-769,510,triceps-extension,,,
-481,-755,485,triceps-extension,,,
-488,-745,473,triceps-extension,,,
-494,-712,453,triceps-extension,,,
-508,-692,454,triceps-extension,,,
-542,-700,408,triceps-extension,,,
-570,-692,380,triceps-extension,,,
-587,-677,347,triceps-extension,,,
-592,-644,325,triceps-extension,,,
-614,-610,320,triceps-extension,,,
-635,-579,309,triceps-extension,,,
-625,-553,299,triceps-extension,,,
-596,-569,286,triceps-extension,,,
-675,-531,275,triceps-extension,,,
-699,-501,272,triceps-extension,,,
-685,-513,276,triceps-extension,,,
-705,-520,263,triceps-extension,,,
-695,-508,240,triceps-extension,,,
-644,-500,208,triceps-extension,,,
-600,-485,192,triceps-extension,,,
-596,-460,211,triceps-extension,,,
-621,-456,228,triceps-extension,,,
-655,-466,215,triceps-extension,,,
-667,-506,198,triceps-extension,,,
-693,-544,214,triceps-extension,,,
-728,-550,209,triceps-extension,,,
-728,-560,192,triceps-extension,,,
-728,-583,229,triceps-extension,,,
-718,-608,272,triceps-extension,,,
-687,-568,283,triceps-extension,,,
-666,-600,337,triceps-extension,,,
-666,-560,402,triceps-extension,,,
-644,-523,384,triceps-extension,,,
-627,-573,392,triceps-extension,,,
-602,-617,428,triceps-extension,,,
-569,-583,448,triceps-extension,,,
-530,-585,450,triceps-extension,,,
-501,-646,472,triceps-extension,,,
-529,-688,525,triceps-extension,,,
-466,-685,503,triceps-extension,,,
-402,-657,572,triceps-extension,,,
-430,-669,514,triceps-extension,,,
-400,-760,561,triceps-extension,,,
-407,-768,584,triceps-extension,,,
-345,-760,600,triceps-extension,,,
-360,-760,584,triceps-extension,,,
-299,-844,614,triceps-extension,,,
-326,-841,623,triceps-extension,,,
-284,-804,660,triceps-extension,,,
-280,-800,657,triceps-extension,,,
-259,-835,635,triceps-extension,,,
-242,-820,693,triceps-extension,,,
-213,-783,664,triceps-extension,,,
-201,-802,636,triceps-extension,,,
-206,-872,626,triceps-extension,,,
-189,-876,643,triceps-extension,,,
-184,-896,660,triceps-extension,,,
-190,-945,640,triceps-extension,,,
-186,-989,649,triceps-extension,,,
-178,-1000,673,triceps-extension,,,
-176,-995,653,triceps-extension,,,
-155,-987,677,triceps-extension,,,
-175,-984,716,triceps-extension,,,
-187,-974,679,triceps-extension,,,
-179,-949,648,triceps-extension,,,
-176,-931,657,triceps-extension,,,
-185,-919,651,triceps-extension,,,
-188,-912,631,triceps-extension,,,
-196,-904,628,triceps-extension,,,
-208,-888,628,triceps-extension,,,
-227,-880,609,triceps-extension,,,
-241,-876,588,triceps-extension,,,
-257,-872,588,triceps-extension,,,
-281,-869,595,triceps-extension,,,
-285,-864,584,triceps-extension,,,
-310,-861,557,triceps-extension,,,
-314,-844,564,triceps-extension,,,
-315,-821,579,triceps-extension,,,
-341,-813,555,triceps-extension,,,
-354,-803,521,triceps-extension,,,
-369,-787,518,triceps-extension,,,
-392,-772,548,triceps-extension,,,
-398,-762,530,triceps-extension,,,
-425,-764,508,triceps-extension,,,
-461,-754,491,triceps-extension,,,
-484,-759,472,triceps-extension,,,
-509,-751,475,triceps-extension,,,
-538,-742,487,triceps-extension,,,
-556,-727,479,triceps-extension,,,
-584,-716,472,triceps-extension,,,
-586,-679,472,triceps-extension,,,
-610,-670,470,triceps-extension,,,
-639,-647,446,triceps-extension,,,
-625,-631,401,triceps-extension,,,
-648,-592,440,triceps-extension,,,
-664,-568,360,triceps-extension,,,
-641,-560,422,triceps-extension,,,
-670,-537,424,triceps-extension,,,
-672,-514,379,triceps-extension,,,
-687,-476,383,triceps-extension,,,
-695,-443,341,triceps-extension,,,
-696,-461,315,triceps-extension,,,
-723,-423,339,triceps-extension,,,
-695,-409,277,triceps-extension,,,
-695,-428,323,triceps-extension,,,
-734,-388,330,triceps-extension,,,
-725,-370,272,triceps-extension,,,
-732,-368,274,triceps-extension,,,
-736,-392,274,triceps-extension,,,
-765,-337,295,triceps-extension,,,
-765,-351,293,triceps-extension,,,
-798,-368,250,triceps-extension,,,
-790,-384,243,triceps-extension,,,
-781,-356,289,triceps-extension,,,
-804,-356,272,triceps-extension,,,
-773,-406,262,triceps-extension,,,
-772,-418,295,triceps-extension,,,
-810,-412,308,triceps-extension,,,
-811,-425,282,triceps-extension,,,
-792,-444,272,triceps-extension,,,
-776,-440,260,triceps-extension,,,
-772,-436,240,triceps-extension,,,
-758,-463,244,triceps-extension,,,
-736,-498,276,triceps-extension,,,
-712,-513,312,triceps-extension,,,
-693,-488,315,triceps-extension,,,
-715,-495,317,triceps-extension,,,
-720,-561,321,triceps-extension,,,
-704,-603,350,triceps-extension,,,
-672,-611,381,triceps-extension,,,
-665,-606,392,triceps-extension,,,
-646,-661,394,triceps-extension,,,
-625,-670,400,triceps-extension,,,
-572,-660,402,triceps-extension,,,
-538,-644,422,triceps-extension,,,
-537,-645,477,triceps-extension,,,
-503,-697,502,triceps-extension,,,
-460,-700,533,triceps-extension,,,
-436,-685,564,triceps-extension,,,
-411,-721,587,triceps-extension,,,
-370,-782,610,triceps-extension,,,
-319,-769,624,triceps-extension,,,
-308,-780,623,triceps-extension,,,
-248,-833,618,triceps-extension,,,
-254,-856,663,triceps-extension,,,
-184,-864,640,triceps-extension,,,
-144,-872,656,triceps-extension,,,
-144,-864,672,triceps-extension,,,
-106,-872,664,triceps-extension,,,
-97,-902,686,triceps-extension,,,
-96,-904,681,triceps-extension,,,
-67,-868,666,triceps-extension,,,
-50,-885,629,triceps-extension,,,
-75,-929,665,triceps-extension,,,
-67,-956,625,triceps-extension,,,
-77,-993,603,triceps-extension,,,
-61,-1006,606,triceps-extension,,,
-75,-1014,608,triceps-extension,,,
-86,-1016,596,triceps-extension,,,
-88,-1004,627,triceps-extension,,,
-99,-989,651,triceps-extension,,,
-110,-967,628,triceps-extension,,,
-107,-933,654,triceps-extension,,,
-104,-909,672,triceps-extension,,,
-109,-899,657,triceps-extension,,,
-117,-886,623,triceps-extension,,,
-125,-870,598,triceps-extension,,,
-128,-855,606,triceps-extension,,,
-141,-857,625,triceps-extension,,,
-148,-860,628,triceps-extension,,,
-165,-848,628,triceps-extension,,,
-188,-836,632,triceps-extension,,,
-196,-824,628,triceps-extension,,,
-211,-812,613,triceps-extension,,,
-231,-801,586,triceps-extension,,,
-247,-792,544,triceps-extension,,,
-262,-779,538,triceps-extension,,,
-272,-766,573,triceps-extension,,,
-298,-770,583,triceps-extension,,,
-355,-749,613,triceps-extension,,,
-381,-738,632,triceps-extension,,,
-402,-755,626,triceps-extension,,,
-433,-751,581,triceps-extension,,,
-454,-768,575,triceps-extension,,,
-460,-764,534,triceps-extension,,,
-500,-752,552,triceps-extension,,,
-517,-745,554,triceps-extension,,,
-539,-717,553,triceps-extension,,,
-555,-703,521,triceps-extension,,,
-574,-692,521,triceps-extension,,,
-609,-670,481,triceps-extension,,,
-617,-653,486,triceps-extension,,,
-628,-623,470,triceps-extension,,,
-665,-614,445,triceps-extension,,,
-681,-583,408,triceps-extension,,,
-696,-567,400,triceps-extension,,,
-712,-536,408,triceps-extension,,,
-744,-504,368,triceps-extension,,,
-744,-504,368,triceps-extension,,,
-767,-450,290,triceps-extension,,,
-768,-410,288,triceps-extension,,,
-738,-415,258,triceps-extension,,,
-714,-372,220,triceps-extension,,,
-683,-318,223,triceps-extension,,,
-659,-319,196,triceps-extension,,,
-683,-293,253,triceps-extension,,,
-661,-295,251,triceps-extension,,,
-721,-322,215,triceps-extension,,,
-774,-360,240,triceps-extension,,,
-834,-399,205,triceps-extension,,,
-854,-426,210,triceps-extension,,,
-862,-420,175,triceps-extension,,,
-864,-422,154,triceps-extension,,,
-853,-407,152,triceps-extension,,,
-837,-405,147,triceps-extension,,,
-837,-387,176,triceps-extension,,,
-820,-371,182,triceps-extension,,,
-813,-348,196,triceps-extension,,,
-811,-346,208,triceps-extension,,,
-808,-366,240,triceps-extension,,,
-808,-389,277,triceps-extension,,,
-795,-400,297,triceps-extension,,,
-784,-400,304,triceps-extension,,,
-812,-436,308,triceps-extension,,,
-817,-499,320,triceps-extension,,,
-792,-543,343,triceps-extension,,,
-778,-546,353,triceps-extension,,,
-743,-548,351,triceps-extension,,,
-720,-595,363,triceps-extension,,,
-696,-618,365,triceps-extension,,,
-644,-611,372,triceps-extension,,,
-624,-627,397,triceps-extension,,,
-616,-648,411,triceps-extension,,,
-585,-648,414,triceps-extension,,,
-554,-646,426,triceps-extension,,,
-556,-642,472,triceps-extension,,,
-536,-666,476,triceps-extension,,,
-508,-720,490,triceps-extension,,,
-489,-715,496,triceps-extension,,,
-460,-705,496,triceps-extension,,,
-435,-751,492,triceps-extension,,,
-400,-785,474,triceps-extension,,,
-351,-790,491,triceps-extension,,,
-340,-779,514,triceps-extension,,,
-300,-801,527,triceps-extension,,,
-253,-815,515,triceps-extension,,,
-209,-809,552,triceps-extension,,,
-223,-826,552,triceps-extension,,,
-192,-904,536,triceps-extension,,,
-184,-880,552,triceps-extension,,,
-130,-872,544,triceps-extension,,,
-120,-925,597,triceps-extension,,,
-113,-965,570,triceps-extension,,,
-76,-968,575,triceps-extension,,,
-72,-982,605,triceps-extension,,,
-65,-991,629,triceps-extension,,,
-64,-1006,639,triceps-extension,,,
-77,-1008,647,triceps-extension,,,
-54,-982,628,triceps-extension,,,
-35,-1001,643,triceps-extension,,,
-32,-1008,605,triceps-extension,,,
-32,-990,574,triceps-extension,,,
-32,-984,609,triceps-extension,,,
-43,-984,624,triceps-extension,,,
-59,-967,602,triceps-extension,,,
-80,-960,597,triceps-extension,,,
-93,-960,595,triceps-extension,,,
-101,-950,577,triceps-extension,,,
-119,-929,568,triceps-extension,,,
-128,-910,568,triceps-extension,,,
-142,-899,554,triceps-extension,,,
-152,-874,553,triceps-extension,,,
-174,-847,556,triceps-extension,,,
-200,-836,544,triceps-extension,,,
-216,-832,536,triceps-extension,,,
-212,-832,517,triceps-extension,,,
-211,-836,496,triceps-extension,,,
-245,-836,507,triceps-extension,,,
-269,-829,510,triceps-extension,,,
-280,-827,512,triceps-extension,,,
-310,-826,560,triceps-extension,,,
-326,-819,571,triceps-extension,,,
-341,-832,498,triceps-extension,,,
-360,-840,459,triceps-extension,,,
-378,-829,464,triceps-extension,,,
-393,-835,462,triceps-extension,,,
-414,-822,450,triceps-extension,,,
-424,-816,436,triceps-extension,,,
-468,-812,441,triceps-extension,,,
-466,-797,421,triceps-extension,,,
-507,-785,443,triceps-extension,,,
-521,-788,456,triceps-extension,,,
-533,-770,454,triceps-extension,,,
-563,-782,436,triceps-extension,,,
-585,-765,413,triceps-extension,,,
-594,-737,454,triceps-extension,,,
-618,-742,432,triceps-extension,,,
-641,-712,430,triceps-extension,,,
-665,-711,391,triceps-extension,,,
-688,-672,352,triceps-extension,,,
-712,-640,416,triceps-extension,,,
-751,-624,385,triceps-extension,,,
-782,-586,399,triceps-extension,,,
-806,-539,340,triceps-extension,,,
-837,-485,321,triceps-extension,,,
-840,-437,299,triceps-extension,,,
-805,-411,254,triceps-extension,,,
-807,-381,268,triceps-extension,,,
-748,-336,259,triceps-extension,,,
-690,-315,217,triceps-extension,,,
-661,-306,202,triceps-extension,,,
-631,-254,169,triceps-extension,,,
-576,-306,100,triceps-extension,,,
-619,-275,121,triceps-extension,,,
-697,-302,136,triceps-extension,,,
-737,-370,136,triceps-extension,,,
-820,-403,147,triceps-extension,,,
-861,-424,126,triceps-extension,,,
-884,-427,102,triceps-extension,,,
-891,-404,71,triceps-extension,,,
-859,-363,56,triceps-extension,,,
-817,-316,37,triceps-extension,,,
-800,-300,37,triceps-extension,,,
-774,-282,18,triceps-extension,,,
-764,-243,-4,triceps-extension,,,
-712,-244,-24,triceps-extension,,,
-610,-279,-67,triceps-extension,,,
-656,-244,-33,triceps-extension,,,
-711,-195,4,triceps-extension,,,
-635,-235,-49,triceps-extension,,,
-658,-217,-46,triceps-extension,,,
-714,-185,-36,triceps-extension,,,
-707,-252,-106,triceps-extension,,,
-707,-205,-163,triceps-extension,,,
-678,-162,-210,triceps-extension,,,
-635,-211,-293,triceps-extension,,,
-631,-256,-355,triceps-extension,,,
-648,-184,-340,triceps-extension,,,
-658,-120,-324,triceps-extension,,,
-702,-187,-321,triceps-extension,,,
-744,-148,-364,triceps-extension,,,
-711,-84,-404,triceps-extension,,,
-705,-135,-384,triceps-extension,,,
-710,-126,-388,triceps-extension,,,
-689,-115,-403,triceps-extension,,,
-640,-132,-375,triceps-extension,,,
-636,-95,-445,triceps-extension,,,
-596,-83,-583,triceps-extension,,,
-542,-7,-584,triceps-extension,,,
-494,19,-742,triceps-extension,,,
-416,120,-673,triceps-extension,,,
-368,152,-743,triceps-extension,,,
-360,199,-666,triceps-extension,,,
-330,261,-725,triceps-extension,,,
-231,316,-691,triceps-extension,,,
-180,364,-630,triceps-extension,,,
-105,404,-560,triceps-extension,,,
9,408,-566,triceps-extension,,,
92,558,-459,triceps-extension,,,
217,637,-480,triceps-extension,,,
331,668,-397,triceps-extension,,,
435,780,-465,triceps-extension,,,
561,796,-395,triceps-extension,,,
646,822,-314,triceps-extension,,,
764,891,-284,triceps-extension,,,
863,849,-257,triceps-extension,,,
933,835,-198,triceps-extension,,,
995,883,-116,triceps-extension,,,
1053,841,-135,triceps-extension,,,
1097,757,-165,triceps-extension,,,
1122,698,-99,triceps-extension,,,
1166,647,-104,triceps-extension,,,
1220,601,-136,triceps-extension,,,
1227,557,-47,triceps-extension,,,
1207,489,24,triceps-extension,,,
1221,440,-1,triceps-extension,,,
1288,408,-80,triceps-extension,,,
1321,353,-63,triceps-extension,,,
1286,294,-17,triceps-extension,,,
1253,236,-45,triceps-extension,,,
1270,220,-39,triceps-extension,,,
1328,229,-45,triceps-extension,,,
1346,197,-40,triceps-extension,,,
1304,201,-31,triceps-extension,,,
1259,211,-27,triceps-extension,,,
1272,195,-25,triceps-extension,,,
1244,186,48,triceps-extension,,,
1250,224,79,triceps-extension,,,
1323,268,20,triceps-extension,,,
1243,174,-13,triceps-extension,,,
1082,232,-138,triceps-extension,,,
1015,333,17,triceps-extension,,,
1119,201,396,triceps-extension,,,
1435,179,220,triceps-extension,,,
1235,58,-27,triceps-extension,,,
941,217,55,triceps-extension,,,
1026,248,102,triceps-extension,,,
982,1,96,triceps-extension,,,
1042,189,183,triceps-extension,,,
1068,352,182,triceps-extension,,,
982,189,295,triceps-extension,,,
920,104,248,triceps-extension,,,
