768,816,512,biceps-curl,,,
721,769,613,biceps-curl,,,
644,776,525,biceps-curl,,,
580,783,535,biceps-curl,,,
518,777,609,biceps-curl,,,
469,733,609,biceps-curl,,,
380,700,517,biceps-curl,,,
286,710,613,biceps-curl,,,
259,712,645,biceps-curl,,,
178,719,622,biceps-curl,,,
96,695,521,biceps-curl,,,
18,651,484,biceps-curl,,,
-85,628,438,biceps-curl,,,
-159,571,400,biceps-curl,,,
-222,500,300,biceps-curl,,,
-268,408,264,biceps-curl,,,
-323,349,232,biceps-curl,,,
-370,315,237,biceps-curl,,,
-399,253,177,biceps-curl,,,
-398,229,151,biceps-curl,,,
-373,275,189,biceps-curl,,,
-351,323,277,biceps-curl,,,
-335,336,261,biceps-curl,,,
-298,375,234,biceps-curl,,,
-243,433,339,biceps-curl,,,
-196,472,420,biceps-curl,,,
-141,523,428,biceps-curl,,,
-71,589,465,biceps-curl,,,
-7,656,560,biceps-curl,,,
68,676,544,biceps-curl,,,
167,664,401,biceps-curl,,,
245,740,573,biceps-curl,,,
329,821,837,biceps-curl,,,
457,832,616,biceps-curl,,,
544,828,380,biceps-curl,,,
570,781,445,biceps-curl,,,
644,871,779,biceps-curl,,,
787,926,685,biceps-curl,,,
822,869,293,biceps-curl,,,
856,726,197,biceps-curl,,,
919,797,424,biceps-curl,,,
948,870,448,biceps-curl,,,
975,820,271,biceps-curl,,,
1017,789,256,biceps-curl,,,
1077,728,212,biceps-curl,,,
1113,731,241,biceps-curl,,,
1119,747,242,biceps-curl,,,
1109,694,182,biceps-curl,,,
1070,668,156,biceps-curl,,,
1039,738,233,biceps-curl,,,
1015,792,256,biceps-curl,,,
961,824,272,biceps-curl,,,
921,840,412,biceps-curl,,,
905,886,408,biceps-curl,,,
956,881,453,biceps-curl,,,
996,873,456,biceps-curl,,,
1043,865,499,biceps-curl,,,
1083,906,567,biceps-curl,,,
1095,932,658,biceps-curl,,,
1076,923,599,biceps-curl,,,
1052,900,630,biceps-curl,,,
991,921,665,biceps-curl,,,
920,891,604,biceps-curl,,,
813,862,596,biceps-curl,,,
708,850,541,biceps-curl,,,
611,814,594,biceps-curl,,,
534,744,568,biceps-curl,,,
442,677,522,biceps-curl,,,
350,630,580,biceps-curl,,,
274,565,591,biceps-curl,,,
199,526,640,biceps-curl,,,
144,539,637,biceps-curl,,,
72,571,502,biceps-curl,,,
-4,580,245,biceps-curl,,,
-71,529,39,biceps-curl,,,
-137,421,-83,biceps-curl,,,
-188,324,-88,biceps-curl,,,
-239,261,-9,biceps-curl,,,
-265,239,134,biceps-curl,,,
-267,230,307,biceps-curl,,,
-273,208,332,biceps-curl,,,
-248,224,285,biceps-curl,,,
-206,279,271,biceps-curl,,,
-161,343,296,biceps-curl,,,
-120,395,329,biceps-curl,,,
-75,464,423,biceps-curl,,,
-24,520,466,biceps-curl,,,
50,581,400,biceps-curl,,,
119,600,430,biceps-curl,,,
209,632,628,biceps-curl,,,
311,667,665,biceps-curl,,,
417,716,717,biceps-curl,,,
530,757,596,biceps-curl,,,
624,772,681,biceps-curl,,,
719,916,807,biceps-curl,,,
815,932,544,biceps-curl,,,
873,906,387,biceps-curl,,,
944,924,496,biceps-curl,,,
948,956,648,biceps-curl,,,
1013,900,429,biceps-curl,,,
1105,831,377,biceps-curl,,,
1144,800,408,biceps-curl,,,
1168,752,408,biceps-curl,,,
1176,713,299,biceps-curl,,,
1153,697,228,biceps-curl,,,
1092,696,239,biceps-curl,,,
1030,747,189,biceps-curl,,,
981,788,234,biceps-curl,,,
941,799,310,biceps-curl,,,
936,786,306,biceps-curl,,,
943,791,364,biceps-curl,,,
964,766,402,biceps-curl,,,
987,766,402,biceps-curl,,,
1011,774,462,biceps-curl,,,
1016,794,540,biceps-curl,,,
1034,824,513,biceps-curl,,,
1017,809,559,biceps-curl,,,
991,828,573,biceps-curl,,,
946,818,638,biceps-curl,,,
891,834,656,biceps-curl,,,
826,802,587,biceps-curl,,,
736,781,606,biceps-curl,,,
639,774,626,biceps-curl,,,
572,754,653,biceps-curl,,,
512,717,622,biceps-curl,,,
424,674,632,biceps-curl,,,
347,660,609,biceps-curl,,,
264,636,516,biceps-curl,,,
177,600,503,biceps-curl,,,
115,588,527,biceps-curl,,,
52,580,522,biceps-curl,,,
-11,549,453,biceps-curl,,,
-71,509,390,biceps-curl,,,
-125,495,357,biceps-curl,,,
-163,434,291,biceps-curl,,,
-176,336,280,biceps-curl,,,
-210,309,232,biceps-curl,,,
-255,322,229,biceps-curl,,,
-270,326,291,biceps-curl,,,
-260,326,288,biceps-curl,,,
-246,344,283,biceps-curl,,,
-233,351,215,biceps-curl,,,
-200,388,309,biceps-curl,,,
-156,441,367,biceps-curl,,,
-99,480,396,biceps-curl,,,
-63,481,388,biceps-curl,,,
3,498,471,biceps-curl,,,
89,571,572,biceps-curl,,,
170,601,528,biceps-curl,,,
280,614,450,biceps-curl,,,
387,700,593,biceps-curl,,,
452,768,752,biceps-curl,,,
577,760,495,biceps-curl,,,
711,776,425,biceps-curl,,,
782,776,587,biceps-curl,,,
898,844,562,biceps-curl,,,
964,818,381,biceps-curl,,,
1041,816,317,biceps-curl,,,
1105,830,490,biceps-curl,,,
1161,839,456,biceps-curl,,,
1216,792,332,biceps-curl,,,
1237,737,292,biceps-curl,,,
1214,741,275,biceps-curl,,,
1170,763,272,biceps-curl,,,
1104,762,284,biceps-curl,,,
1040,802,252,biceps-curl,,,
971,828,275,biceps-curl,,,
912,849,305,biceps-curl,,,
874,850,329,biceps-curl,,,
864,848,374,biceps-curl,,,
901,822,381,biceps-curl,,,
956,767,376,biceps-curl,,,
1006,759,416,biceps-curl,,,
1053,787,454,biceps-curl,,,
1077,823,501,biceps-curl,,,
1084,853,519,biceps-curl,,,
1088,860,512,biceps-curl,,,
1071,856,541,biceps-curl,,,
1028,868,592,biceps-curl,,,
962,876,597,biceps-curl,,,
868,872,572,biceps-curl,,,
769,854,554,biceps-curl,,,
686,822,553,biceps-curl,,,
601,795,560,biceps-curl,,,
513,752,542,biceps-curl,,,
432,700,552,biceps-curl,,,
354,653,547,biceps-curl,,,
286,605,546,biceps-curl,,,
208,597,539,biceps-curl,,,
136,552,449,biceps-curl,,,
75,548,381,biceps-curl,,,
2,522,321,biceps-curl,,,
-53,478,222,biceps-curl,,,
-108,465,224,biceps-curl,,,
-162,428,263,biceps-curl,,,
-215,375,279,biceps-curl,,,
-248,366,190,biceps-curl,,,
-251,350,183,biceps-curl,,,
-272,340,238,biceps-curl,,,
-271,375,288,biceps-curl,,,
-263,370,285,biceps-curl,,,
-245,392,238,biceps-curl,,,
-183,395,208,biceps-curl,,,
-160,480,472,biceps-curl,,,
-96,536,432,biceps-curl,,,
-18,513,316,biceps-curl,,,
68,542,350,biceps-curl,,,
161,656,605,biceps-curl,,,
277,708,500,biceps-curl,,,
388,691,488,biceps-curl,,,
484,737,544,biceps-curl,,,
585,805,675,biceps-curl,,,
707,869,669,biceps-curl,,,
806,854,495,biceps-curl,,,
875,804,380,biceps-curl,,,
907,811,564,biceps-curl,,,
948,828,455,biceps-curl,,,
995,791,376,biceps-curl,,,
1031,765,362,biceps-curl,,,
1068,754,399,biceps-curl,,,
1080,747,340,biceps-curl,,,
1091,744,304,biceps-curl,,,
1091,734,284,biceps-curl,,,
1078,713,267,biceps-curl,,,
1077,709,245,biceps-curl,,,
1057,717,241,biceps-curl,,,
1027,742,239,biceps-curl,,,
986,786,279,biceps-curl,,,
935,829,332,biceps-curl,,,
900,848,332,biceps-curl,,,
888,840,324,biceps-curl,,,
903,821,346,biceps-curl,,,
948,794,379,biceps-curl,,,
1008,749,379,biceps-curl,,,
1050,715,376,biceps-curl,,,
1061,723,428,biceps-curl,,,
1053,743,463,biceps-curl,,,
1043,773,467,biceps-curl,,,
1022,797,522,biceps-curl,,,
993,822,555,biceps-curl,,,
962,816,567,biceps-curl,,,
903,831,611,biceps-curl,,,
807,868,564,biceps-curl,,,
708,849,541,biceps-curl,,,
628,821,579,biceps-curl,,,
571,805,561,biceps-curl,,,
500,788,563,biceps-curl,,,
432,767,535,biceps-curl,,,
376,754,520,biceps-curl,,,
309,709,472,biceps-curl,,,
211,677,534,biceps-curl,,,
153,570,507,biceps-curl,,,
61,591,439,biceps-curl,,,
-2,575,412,biceps-curl,,,
-73,552,295,biceps-curl,,,
-127,536,225,biceps-curl,,,
-175,482,294,biceps-curl,,,
-237,434,220,biceps-curl,,,
-247,372,186,biceps-curl,,,
-255,346,148,biceps-curl,,,
-270,380,194,biceps-curl,,,
-286,391,298,biceps-curl,,,
-281,378,264,biceps-curl,,,
-267,383,229,biceps-curl,,,
-231,397,217,biceps-curl,,,
-186,413,241,biceps-curl,,,
-145,435,285,biceps-curl,,,
-88,476,381,biceps-curl,,,
-13,541,396,biceps-curl,,,
71,554,335,biceps-curl,,,
146,569,362,biceps-curl,,,
265,646,449,biceps-curl,,,
396,775,522,biceps-curl,,,
486,849,600,biceps-curl,,,
581,844,548,biceps-curl,,,
701,822,467,biceps-curl,,,
831,885,559,biceps-curl,,,
928,936,582,biceps-curl,,,
999,927,454,biceps-curl,,,
1040,924,376,biceps-curl,,,
1056,920,376,biceps-curl,,,
1068,920,388,biceps-curl,,,
1065,924,329,biceps-curl,,,
1042,902,252,biceps-curl,,,
1011,873,302,biceps-curl,,,
976,867,386,biceps-curl,,,
952,854,357,biceps-curl,,,
940,818,268,biceps-curl,,,
917,811,251,biceps-curl,,,
907,821,309,biceps-curl,,,
894,830,357,biceps-curl,,,
888,826,373,biceps-curl,,,
894,834,397,biceps-curl,,,
914,836,436,biceps-curl,,,
922,831,453,biceps-curl,,,
931,856,475,biceps-curl,,,
945,855,476,biceps-curl,,,
951,851,443,biceps-curl,,,
940,868,541,biceps-curl,,,
919,889,564,biceps-curl,,,
909,894,540,biceps-curl,,,
874,877,572,biceps-curl,,,
811,848,530,biceps-curl,,,
732,847,558,biceps-curl,,,
654,832,512,biceps-curl,,,
584,840,528,biceps-curl,,,
520,856,584,biceps-curl,,,
520,856,584,biceps-curl,,,
489,817,537,biceps-curl,,,
397,755,528,biceps-curl,,,
317,730,558,biceps-curl,,,
246,684,480,biceps-curl,,,
133,659,472,biceps-curl,,,
71,642,451,biceps-curl,,,
3,551,428,biceps-curl,,,
-61,523,404,biceps-curl,,,
-79,507,276,biceps-curl,,,
-124,510,254,biceps-curl,,,
-173,481,219,biceps-curl,,,
-208,442,232,biceps-curl,,,
-234,426,187,biceps-curl,,,
-257,395,134,biceps-curl,,,
-264,390,142,biceps-curl,,,
-253,403,228,biceps-curl,,,
-237,434,290,biceps-curl,,,
-212,428,273,biceps-curl,,,
-170,436,296,biceps-curl,,,
-133,453,325,biceps-curl,,,
-83,484,333,biceps-curl,,,
-16,558,416,biceps-curl,,,
59,622,484,biceps-curl,,,
150,636,430,biceps-curl,,,
256,660,364,biceps-curl,,,
343,715,487,biceps-curl,,,
417,796,661,biceps-curl,,,
506,863,611,biceps-curl,,,
594,848,464,biceps-curl,,,
675,851,527,biceps-curl,,,
759,928,676,biceps-curl,,,
840,942,533,biceps-curl,,,
910,874,346,biceps-curl,,,
939,850,392,biceps-curl,,,
951,895,522,biceps-curl,,,
979,903,456,biceps-curl,,,
1010,863,401,biceps-curl,,,
1018,808,354,biceps-curl,,,
1024,779,331,biceps-curl,,,
1022,755,312,biceps-curl,,,
1010,737,315,biceps-curl,,,
976,745,324,biceps-curl,,,
932,760,298,biceps-curl,,,
909,804,261,biceps-curl,,,
887,781,250,biceps-curl,,,
881,825,337,biceps-curl,,,
890,841,353,biceps-curl,,,
913,848,367,biceps-curl,,,
929,856,346,biceps-curl,,,
961,872,425,biceps-curl,,,
1015,880,479,biceps-curl,,,
1047,880,503,biceps-curl,,,
1040,850,557,biceps-curl,,,
988,855,612,biceps-curl,,,
940,871,550,biceps-curl,,,
879,851,523,biceps-curl,,,
823,848,513,biceps-curl,,,
761,855,526,biceps-curl,,,
692,843,541,biceps-curl,,,
621,794,505,biceps-curl,,,
564,784,528,biceps-curl,,,
509,778,573,biceps-curl,,,
460,770,554,biceps-curl,,,
419,768,491,biceps-curl,,,
339,716,461,biceps-curl,,,
256,668,445,biceps-curl,,,
178,651,429,biceps-curl,,,
105,601,424,biceps-curl,,,
14,591,312,biceps-curl,,,
-64,560,194,biceps-curl,,,
-136,541,227,biceps-curl,,,
-191,516,212,biceps-curl,,,
-226,465,155,biceps-curl,,,
-257,436,148,biceps-curl,,,
-272,403,115,biceps-curl,,,
-272,384,92,biceps-curl,,,
-264,388,146,biceps-curl,,,
-249,406,244,biceps-curl,,,
-233,436,322,biceps-curl,,,
-217,437,320,biceps-curl,,,
-176,432,249,biceps-curl,,,
-97,450,201,biceps-curl,,,
-25,521,312,biceps-curl,,,
35,592,488,biceps-curl,,,
106,636,488,biceps-curl,,,
203,735,422,biceps-curl,,,
287,752,421,biceps-curl,,,
378,799,633,biceps-curl,,,
505,938,611,biceps-curl,,,
619,941,380,biceps-curl,,,
669,860,401,biceps-curl,,,
744,923,734,biceps-curl,,,
864,1003,627,biceps-curl,,,
950,956,296,biceps-curl,,,
987,847,207,biceps-curl,,,
1009,899,527,biceps-curl,,,
1018,925,496,biceps-curl,,,
1040,888,241,biceps-curl,,,
1039,774,148,biceps-curl,,,
1023,737,229,biceps-curl,,,
1000,776,384,biceps-curl,,,
984,808,344,biceps-curl,,,
968,785,251,biceps-curl,,,
960,723,210,biceps-curl,,,
953,713,245,biceps-curl,,,
945,756,336,biceps-curl,,,
930,796,330,biceps-curl,,,
907,828,363,biceps-curl,,,
884,839,402,biceps-curl,,,
900,860,415,biceps-curl,,,
930,864,423,biceps-curl,,,
949,870,481,biceps-curl,,,
977,878,490,biceps-curl,,,
990,892,524,biceps-curl,,,
968,896,583,biceps-curl,,,
949,896,554,biceps-curl,,,
899,902,542,biceps-curl,,,
837,915,560,biceps-curl,,,
774,904,563,biceps-curl,,,
706,896,550,biceps-curl,,,
631,876,509,biceps-curl,,,
533,845,526,biceps-curl,,,
460,823,557,biceps-curl,,,
409,820,600,biceps-curl,,,
354,798,593,biceps-curl,,,
278,726,518,biceps-curl,,,
180,636,452,biceps-curl,,,
90,592,455,biceps-curl,,,
4,607,451,biceps-curl,,,
-73,606,366,biceps-curl,,,
-128,560,278,biceps-curl,,,
-176,505,177,biceps-curl,,,
-218,444,81,biceps-curl,,,
-254,388,59,biceps-curl,,,
-278,363,75,biceps-curl,,,
-312,352,93,biceps-curl,,,
-330,354,98,biceps-curl,,,
-336,360,147,biceps-curl,,,
-332,362,208,biceps-curl,,,
-312,372,192,biceps-curl,,,
-277,384,234,biceps-curl,,,
-232,391,289,biceps-curl,,,
-188,423,268,biceps-curl,,,
-120,461,277,biceps-curl,,,
-27,503,279,biceps-curl,,,
55,610,618,biceps-curl,,,
117,736,717,biceps-curl,,,
235,740,490,biceps-curl,,,
356,786,448,biceps-curl,,,
421,821,669,biceps-curl,,,
516,929,770,biceps-curl,,,
648,952,583,biceps-curl,,,
680,936,521,biceps-curl,,,
734,905,590,biceps-curl,,,
812,934,584,biceps-curl,,,
905,958,442,biceps-curl,,,
963,916,374,biceps-curl,,,
989,876,375,biceps-curl,,,
1006,865,383,biceps-curl,,,
1015,864,343,biceps-curl,,,
1016,844,356,biceps-curl,,,
1003,833,347,biceps-curl,,,
987,807,319,biceps-curl,,,
965,794,324,biceps-curl,,,
942,792,364,biceps-curl,,,
930,804,376,biceps-curl,,,
928,808,307,biceps-curl,,,
939,814,258,biceps-curl,,,
944,848,329,biceps-curl,,,
960,896,363,biceps-curl,,,
973,912,370,biceps-curl,,,
991,897,420,biceps-curl,,,
1010,912,477,biceps-curl,,,
1021,933,505,biceps-curl,,,
1024,940,521,biceps-curl,,,
998,953,554,biceps-curl,,,
951,956,568,biceps-curl,,,
892,948,576,biceps-curl,,,
821,932,565,biceps-curl,,,
747,920,543,biceps-curl,,,
662,895,563,biceps-curl,,,
568,857,559,biceps-curl,,,
473,832,549,biceps-curl,,,
382,799,540,biceps-curl,,,
302,775,455,biceps-curl,,,
229,744,414,biceps-curl,,,
158,691,449,biceps-curl,,,
101,648,400,biceps-curl,,,
31,625,357,biceps-curl,,,
-53,555,259,biceps-curl,,,
-128,510,276,biceps-curl,,,
-190,475,229,biceps-curl,,,
-248,446,179,biceps-curl,,,
-289,392,125,biceps-curl,,,
-331,316,100,biceps-curl,,,
-345,295,40,biceps-curl,,,
-351,292,51,biceps-curl,,,
-345,321,136,biceps-curl,,,
-351,327,196,biceps-curl,,,
-335,321,161,biceps-curl,,,
-318,338,178,biceps-curl,,,
-270,369,208,biceps-curl,,,
-216,400,200,biceps-curl,,,
-120,464,256,biceps-curl,,,
-120,464,256,biceps-curl,,,
-66,526,442,biceps-curl,,,
-3,566,440,biceps-curl,,,
142,657,470,biceps-curl,,,
218,715,596,biceps-curl,,,
295,784,622,biceps-curl,,,
423,820,568,biceps-curl,,,
508,858,540,biceps-curl,,,
633,917,596,biceps-curl,,,
728,941,588,biceps-curl,,,
808,969,584,biceps-curl,,,
892,970,466,biceps-curl,,,
930,932,420,biceps-curl,,,
948,914,428,biceps-curl,,,
975,923,403,biceps-curl,,,
990,889,370,biceps-curl,,,
1019,861,284,biceps-curl,,,
1048,835,248,biceps-curl,,,
1066,819,268,biceps-curl,,,
1057,836,339,biceps-curl,,,
1034,853,314,biceps-curl,,,
992,856,277,biceps-curl,,,
932,887,307,biceps-curl,,,
882,934,337,biceps-curl,,,
847,956,356,biceps-curl,,,
836,956,388,biceps-curl,,,
848,940,427,biceps-curl,,,
871,924,452,biceps-curl,,,
906,909,467,biceps-curl,,,
945,899,510,biceps-curl,,,
978,914,575,biceps-curl,,,
1001,925,608,biceps-curl,,,
1028,940,608,biceps-curl,,,
1032,971,600,biceps-curl,,,
964,960,558,biceps-curl,,,
844,950,502,biceps-curl,,,
710,935,516,biceps-curl,,,
603,933,532,biceps-curl,,,
520,858,414,biceps-curl,,,
434,790,387,biceps-curl,,,
371,781,487,biceps-curl,,,
310,758,496,biceps-curl,,,
252,697,419,biceps-curl,,,
179,619,401,biceps-curl,,,
97,592,460,biceps-curl,,,
43,584,479,biceps-curl,,,
-11,520,395,biceps-curl,,,
-125,517,262,biceps-curl,,,
-196,479,229,biceps-curl,,,
-273,454,173,biceps-curl,,,
-296,392,64,biceps-curl,,,
-328,360,72,biceps-curl,,,
-344,298,-13,biceps-curl,,,
-374,288,22,biceps-curl,,,
-369,303,76,biceps-curl,,,
-361,348,182,biceps-curl,,,
-339,359,135,biceps-curl,,,
-294,381,191,biceps-curl,,,
-233,418,241,biceps-curl,,,
-171,484,355,biceps-curl,,,
-101,503,363,biceps-curl,,,
-5,574,417,biceps-curl,,,
59,611,494,biceps-curl,,,
138,646,512,biceps-curl,,,
266,727,500,biceps-curl,,,
373,798,467,biceps-curl,,,
472,838,534,biceps-curl,,,
591,870,557,biceps-curl,,,
711,912,610,biceps-curl,,,
808,918,533,biceps-curl,,,
880,892,462,biceps-curl,,,
952,918,466,biceps-curl,,,
1021,939,453,biceps-curl,,,
1061,923,360,biceps-curl,,,
1081,890,296,biceps-curl,,,
1096,876,317,biceps-curl,,,
1092,888,352,biceps-curl,,,
1068,850,322,biceps-curl,,,
1041,800,246,biceps-curl,,,
1006,807,244,biceps-curl,,,
964,836,314,biceps-curl,,,
913,858,318,biceps-curl,,,
871,836,253,biceps-curl,,,
859,831,271,biceps-curl,,,
867,848,320,biceps-curl,,,
880,837,341,biceps-curl,,,
906,855,379,biceps-curl,,,
939,877,451,biceps-curl,,,
974,888,486,biceps-curl,,,
994,894,508,biceps-curl,,,
1002,907,522,biceps-curl,,,
1005,895,541,biceps-curl,,,
986,921,585,biceps-curl,,,
953,924,552,biceps-curl,,,
908,908,556,biceps-curl,,,
832,930,573,biceps-curl,,,
767,941,547,biceps-curl,,,
680,908,508,biceps-curl,,,
593,863,541,biceps-curl,,,
499,855,501,biceps-curl,,,
405,839,442,biceps-curl,,,
312,792,504,biceps-curl,,,
240,736,392,biceps-curl,,,
178,705,439,biceps-curl,,,
77,636,394,biceps-curl,,,
12,557,377,biceps-curl,,,
-50,530,303,biceps-curl,,,
-127,492,246,biceps-curl,,,
-192,432,177,biceps-curl,,,
-234,376,127,biceps-curl,,,
-253,355,53,biceps-curl,,,
-282,332,60,biceps-curl,,,
-313,315,77,biceps-curl,,,
-320,306,99,biceps-curl,,,
-314,316,152,biceps-curl,,,
-312,302,121,biceps-curl,,,
-289,319,156,biceps-curl,,,
-235,361,170,biceps-curl,,,
-189,403,233,biceps-curl,,,
-123,448,311,biceps-curl,,,
-60,520,392,biceps-curl,,,
24,562,414,biceps-curl,,,
121,625,427,biceps-curl,,,
220,729,597,biceps-curl,,,
313,803,649,biceps-curl,,,
408,841,535,biceps-curl,,,
493,844,505,biceps-curl,,,
592,908,660,biceps-curl,,,
714,980,673,biceps-curl,,,
813,943,481,biceps-curl,,,
877,915,401,biceps-curl,,,
911,928,463,biceps-curl,,,
943,934,521,biceps-curl,,,
982,932,384,biceps-curl,,,
998,883,239,biceps-curl,,,
1013,837,257,biceps-curl,,,
1027,858,362,biceps-curl,,,
1020,873,379,biceps-curl,,,
990,842,338,biceps-curl,,,
978,808,268,biceps-curl,,,
958,804,278,biceps-curl,,,
943,787,274,biceps-curl,,,
907,770,282,biceps-curl,,,
885,777,294,biceps-curl,,,
873,783,307,biceps-curl,,,
882,777,247,biceps-curl,,,
897,785,292,biceps-curl,,,
907,796,329,biceps-curl,,,
930,836,411,biceps-curl,,,
954,874,440,biceps-curl,,,
985,896,442,biceps-curl,,,
1008,897,473,biceps-curl,,,
992,936,520,biceps-curl,,,
960,968,568,biceps-curl,,,
913,984,545,biceps-curl,,,
859,946,544,biceps-curl,,,
811,959,529,biceps-curl,,,
757,902,506,biceps-curl,,,
695,903,518,biceps-curl,,,
646,876,555,biceps-curl,,,
585,817,526,biceps-curl,,,
503,768,547,biceps-curl,,,
442,767,559,biceps-curl,,,
362,730,535,biceps-curl,,,
282,695,485,biceps-curl,,,
185,682,466,biceps-curl,,,
89,615,364,biceps-curl,,,
-28,552,362,biceps-curl,,,
-97,536,270,biceps-curl,,,
-172,520,154,biceps-curl,,,
-226,486,88,biceps-curl,,,
-255,431,36,biceps-curl,,,
-269,383,16,biceps-curl,,,
-291,339,78,biceps-curl,,,
-309,329,148,biceps-curl,,,
-303,336,186,biceps-curl,,,
-292,336,196,biceps-curl,,,
-267,348,171,biceps-curl,,,
-228,384,204,biceps-curl,,,
-196,431,294,biceps-curl,,,
-151,471,295,biceps-curl,,,
-91,495,269,biceps-curl,,,
-24,541,326,biceps-curl,,,
61,653,436,biceps-curl,,,
135,762,548,biceps-curl,,,
219,780,551,biceps-curl,,,
318,776,536,biceps-curl,,,
436,836,563,biceps-curl,,,
562,908,574,biceps-curl,,,
665,931,622,biceps-curl,,,
753,931,610,biceps-curl,,,
844,950,561,biceps-curl,,,
913,909,437,biceps-curl,,,
946,874,359,biceps-curl,,,
949,886,425,biceps-curl,,,
939,907,429,biceps-curl,,,
954,871,251,biceps-curl,,,
972,814,219,biceps-curl,,,
1000,801,199,biceps-curl,,,
1001,805,320,biceps-curl,,,
1007,773,310,biceps-curl,,,
992,727,170,biceps-curl,,,
1000,712,202,biceps-curl,,,
984,720,264,biceps-curl,,,
992,736,184,biceps-curl,,,
992,736,184,biceps-curl,,,
984,752,176,biceps-curl,,,
976,760,237,biceps-curl,,,
961,790,315,biceps-curl,,,
938,807,305,biceps-curl,,,
929,837,333,biceps-curl,,,
928,840,350,biceps-curl,,,
942,854,352,biceps-curl,,,
944,876,439,biceps-curl,,,
964,887,449,biceps-curl,,,
962,875,467,biceps-curl,,,
935,884,497,biceps-curl,,,
892,900,486,biceps-curl,,,
845,892,509,biceps-curl,,,
792,888,520,biceps-curl,,,
726,866,514,biceps-curl,,,
666,851,496,biceps-curl,,,
590,822,514,biceps-curl,,,
529,823,564,biceps-curl,,,
463,807,535,biceps-curl,,,
379,802,509,biceps-curl,,,
307,762,466,biceps-curl,,,
235,710,419,biceps-curl,,,
144,649,399,biceps-curl,,,
46,575,434,biceps-curl,,,
-56,584,424,biceps-curl,,,
-124,612,268,biceps-curl,,,
-169,559,156,biceps-curl,,,
-219,470,114,biceps-curl,,,
-242,399,26,biceps-curl,,,
-262,360,29,biceps-curl,,,
-275,330,117,biceps-curl,,,
-280,326,193,biceps-curl,,,
-275,339,250,biceps-curl,,,
-259,352,229,biceps-curl,,,
-238,373,245,biceps-curl,,,
-205,404,276,biceps-curl,,,
-165,464,330,biceps-curl,,,
-120,502,346,biceps-curl,,,
-56,566,394,biceps-curl,,,
18,658,471,biceps-curl,,,
100,725,532,biceps-curl,,,
164,713,556,biceps-curl,,,
243,733,575,biceps-curl,,,
366,814,553,biceps-curl,,,
470,861,458,biceps-curl,,,
524,906,553,biceps-curl,,,
576,926,639,biceps-curl,,,
684,898,517,biceps-curl,,,
754,927,463,biceps-curl,,,
809,888,432,biceps-curl,,,
863,880,408,biceps-curl,,,
895,903,447,biceps-curl,,,
926,866,311,biceps-curl,,,
943,834,274,biceps-curl,,,
973,832,338,biceps-curl,,,
997,832,273,biceps-curl,,,
1007,783,278,biceps-curl,,,
1001,756,232,biceps-curl,,,
953,745,304,biceps-curl,,,
905,757,313,biceps-curl,,,
890,741,242,biceps-curl,,,
876,742,236,biceps-curl,,,
878,744,240,biceps-curl,,,
886,744,281,biceps-curl,,,
917,755,273,biceps-curl,,,
928,777,292,biceps-curl,,,
917,789,326,biceps-curl,,,
928,818,373,biceps-curl,,,
951,847,417,biceps-curl,,,
970,856,442,biceps-curl,,,
981,861,472,biceps-curl,,,
979,878,460,biceps-curl,,,
954,910,516,biceps-curl,,,
914,924,550,biceps-curl,,,
871,916,507,biceps-curl,,,
808,904,496,biceps-curl,,,
741,915,516,biceps-curl,,,
690,929,539,biceps-curl,,,
629,902,545,biceps-curl,,,
564,880,519,biceps-curl,,,
507,867,502,biceps-curl,,,
424,836,506,biceps-curl,,,
334,804,487,biceps-curl,,,
261,759,436,biceps-curl,,,
185,696,378,biceps-curl,,,
121,647,378,biceps-curl,,,
65,590,308,biceps-curl,,,
-20,529,267,biceps-curl,,,
-110,496,276,biceps-curl,,,
-159,509,198,biceps-curl,,,
-194,456,129,biceps-curl,,,
-236,379,89,biceps-curl,,,
-257,321,39,biceps-curl,,,
-264,329,121,biceps-curl,,,
-263,336,181,biceps-curl,,,
-253,337,214,biceps-curl,,,
-221,343,194,biceps-curl,,,
-188,340,145,biceps-curl,,,
-125,396,278,biceps-curl,,,
-62,474,398,biceps-curl,,,
16,552,336,biceps-curl,,,
104,584,400,biceps-curl,,,
213,685,485,biceps-curl,,,
300,741,549,biceps-curl,,,
379,759,425,biceps-curl,,,
428,818,496,biceps-curl,,,
489,867,718,biceps-curl,,,
608,893,583,biceps-curl,,,
720,916,444,biceps-curl,,,
789,887,384,biceps-curl,,,
859,919,558,biceps-curl,,,
929,953,505,biceps-curl,,,
975,904,307,biceps-curl,,,
1014,828,196,biceps-curl,,,
1024,832,311,biceps-curl,,,
1024,829,297,biceps-curl,,,
1035,791,200,biceps-curl,,,
1035,749,141,biceps-curl,,,
1027,725,149,biceps-curl,,,
1019,715,160,biceps-curl,,,
1021,702,145,biceps-curl,,,
1029,677,98,biceps-curl,,,
1009,687,137,biceps-curl,,,
961,731,211,biceps-curl,,,
919,756,219,biceps-curl,,,
896,768,225,biceps-curl,,,
896,776,244,biceps-curl,,,
935,780,275,biceps-curl,,,
1005,777,289,biceps-curl,,,
1059,768,314,biceps-curl,,,
1079,798,395,biceps-curl,,,
1082,853,445,biceps-curl,,,
1063,884,458,biceps-curl,,,
1033,913,457,biceps-curl,,,
989,939,502,biceps-curl,,,
936,952,542,biceps-curl,,,
887,934,492,biceps-curl,,,
825,926,482,biceps-curl,,,
747,916,522,biceps-curl,,,
668,902,502,biceps-curl,,,
586,883,507,biceps-curl,,,
497,833,544,biceps-curl,,,
427,796,529,biceps-curl,,,
353,741,468,biceps-curl,,,
269,720,479,biceps-curl,,,
199,661,419,biceps-curl,,,
122,585,379,biceps-curl,,,
2,591,332,biceps-curl,,,
-60,574,289,biceps-curl,,,
-115,547,185,biceps-curl,,,
-177,453,55,biceps-curl,,,
-224,360,16,biceps-curl,,,
-264,344,56,biceps-curl,,,
-280,305,40,biceps-curl,,,
-303,281,86,biceps-curl,,,
-297,295,125,biceps-curl,,,
-289,303,172,biceps-curl,,,
-274,318,190,biceps-curl,,,
-244,327,241,biceps-curl,,,
-199,369,228,biceps-curl,,,
-145,443,324,biceps-curl,,,
-84,502,370,biceps-curl,,,
-28,556,351,biceps-curl,,,
52,611,381,biceps-curl,,,
132,678,591,biceps-curl,,,
228,778,509,biceps-curl,,,
342,837,473,biceps-curl,,,
432,865,586,biceps-curl,,,
548,942,627,biceps-curl,,,
666,950,477,biceps-curl,,,
740,941,431,biceps-curl,,,
819,979,522,biceps-curl,,,
889,967,405,biceps-curl,,,
935,921,254,biceps-curl,,,
974,895,251,biceps-curl,,,
996,879,294,biceps-curl,,,
1017,872,279,biceps-curl,,,
1060,848,200,biceps-curl,,,
1096,816,156,biceps-curl,,,
1111,812,167,biceps-curl,,,
1120,805,155,biceps-curl,,,
1103,809,125,biceps-curl,,,
1061,838,117,biceps-curl,,,
1014,872,133,biceps-curl,,,
972,915,180,biceps-curl,,,
947,917,195,biceps-curl,,,
928,899,158,biceps-curl,,,
907,867,89,biceps-curl,,,
889,874,58,biceps-curl,,,
868,905,60,biceps-curl,,,
846,870,40,biceps-curl,,,
820,875,0,biceps-curl,,,
829,824,-58,biceps-curl,,,
812,801,-98,biceps-curl,,,
791,844,-235,biceps-curl,,,
772,856,-167,biceps-curl,,,
692,779,-166,biceps-curl,,,
600,587,-216,biceps-curl,,,
531,620,-292,biceps-curl,,,
477,658,-403,biceps-curl,,,
428,675,-233,biceps-curl,,,
341,574,-415,biceps-curl,,,
248,496,-384,biceps-curl,,,
152,520,-280,biceps-curl,,,
105,466,-264,biceps-curl,,,
134,434,-272,biceps-curl,,,
166,529,-391,biceps-curl,,,
256,543,-356,biceps-curl,,,
300,573,-309,biceps-curl,,,
339,604,-276,biceps-curl,,,
392,642,-327,biceps-curl,,,
447,695,-429,biceps-curl,,,
476,763,-461,biceps-curl,,,
512,795,-439,biceps-curl,,,
532,719,-457,biceps-curl,,,
548,732,-476,biceps-curl,,,
617,768,-474,biceps-curl,,,
634,782,-426,biceps-curl,,,
621,795,-430,biceps-curl,,,
600,784,-429,biceps-curl,,,
576,765,-456,biceps-curl,,,
548,755,-447,biceps-curl,,,
551,831,-649,biceps-curl,,,
555,851,-478,biceps-curl,,,
487,790,-314,biceps-curl,,,
453,787,-375,biceps-curl,,,
460,782,-430,biceps-curl,,,
460,768,-456,biceps-curl,,,
456,752,-416,biceps-curl,,,
440,728,-364,biceps-curl,,,
439,724,-356,biceps-curl,,,
444,724,-374,biceps-curl,,,
447,735,-412,biceps-curl,,,
466,738,-453,biceps-curl,,,
489,737,-460,biceps-curl,,,
501,743,-449,biceps-curl,,,
501,731,-494,biceps-curl,,,
515,720,-542,biceps-curl,,,
530,703,-525,biceps-curl,,,
566,741,-543,biceps-curl,,,
608,731,-532,biceps-curl,,,
636,658,-450,biceps-curl,,,
652,605,-423,biceps-curl,,,
661,576,-385,biceps-curl,,,
655,615,-357,biceps-curl,,,
699,641,-352,biceps-curl,,,
747,593,-398,biceps-curl,,,
715,517,-421,biceps-curl,,,
675,614,-356,biceps-curl,,,
626,663,-472,biceps-curl,,,
554,653,-642,biceps-curl,,,
468,620,-778,biceps-curl,,,
398,705,-812,biceps-curl,,,
320,744,-689,biceps-curl,,,
296,776,-767,biceps-curl,,,
304,768,-869,biceps-curl,,,
296,715,-948,biceps-curl,,,
289,623,-982,biceps-curl,,,
281,543,-999,biceps-curl,,,
280,479,-957,biceps-curl,,,
273,388,-861,biceps-curl,,,
286,315,-814,biceps-curl,,,
301,231,-648,biceps-curl,,,
297,209,-623,biceps-curl,,,
321,221,-719,biceps-curl,,,
371,212,-831,biceps-curl,,,
408,202,-874,biceps-curl,,,
404,206,-833,biceps-curl,,,
400,168,-770,biceps-curl,,,
411,85,-741,biceps-curl,,,
416,29,-774,biceps-curl,,,
416,0,-803,biceps-curl,,,
411,-18,-849,biceps-curl,,,
398,-9,-862,biceps-curl,,,
378,-10,-837,biceps-curl,,,
368,-30,-856,biceps-curl,,,
368,-27,-902,biceps-curl,,,
364,-16,-924,biceps-curl,,,
360,-16,-920,biceps-curl,,,
356,-16,-888,biceps-curl,,,
348,-28,-856,biceps-curl,,,
351,-44,-848,biceps-curl,,,
349,-69,-876,biceps-curl,,,
339,-106,-905,biceps-curl,,,
347,-123,-902,biceps-curl,,,
358,-125,-909,biceps-curl,,,
368,-126,-904,biceps-curl,,,
368,-141,-899,biceps-curl,,,
373,-147,-888,biceps-curl,,,
382,-129,-878,biceps-curl,,,
358,-112,-854,biceps-curl,,,
331,-106,-846,biceps-curl,,,
374,-90,-848,biceps-curl,,,
346,-89,-874,biceps-curl,,,
347,-69,-875,biceps-curl,,,
325,-91,-856,biceps-curl,,,
315,-108,-853,biceps-curl,,,
330,-121,-838,biceps-curl,,,
342,-80,-834,biceps-curl,,,
330,-82,-904,biceps-curl,,,
343,-100,-908,biceps-curl,,,
337,-141,-941,biceps-curl,,,
345,-96,-897,biceps-curl,,,
367,-96,-920,biceps-curl,,,
344,-96,-912,biceps-curl,,,
