shoulders,lateral-raise,-1304,872,-344
shoulders,lateral-raise,-1312,468,99
shoulders,lateral-raise,-1411,289,576
shoulders,lateral-raise,-1513,183,369
shoulders,lateral-raise,-1535,147,155
shoulders,lateral-raise,-1557,108,50
shoulders,lateral-raise,-1483,139,-100
shoulders,lateral-raise,-1404,403,112
shoulders,lateral-raise,-1372,421,232
shoulders,lateral-raise,-1303,279,137
shoulders,lateral-raise,-1224,153,176
shoulders,lateral-raise,-1165,85,142
shoulders,lateral-raise,-1098,84,158
shoulders,lateral-raise,-1062,106,121
shoulders,lateral-raise,-1016,141,64
shoulders,lateral-raise,-955,174,-30
shoulders,lateral-raise,-904,124,-64
shoulders,lateral-raise,-862,91,-48
shoulders,lateral-raise,-787,113,-4
shoulders,lateral-raise,-717,123,60
shoulders,lateral-raise,-677,43,150
shoulders,lateral-raise,-650,-27,229
shoulders,lateral-raise,-618,-40,216
shoulders,lateral-raise,-587,-31,162
shoulders,lateral-raise,-564,97,140
shoulders,lateral-raise,-548,256,36
shoulders,lateral-raise,-563,269,-95
shoulders,lateral-raise,-610,166,-150
shoulders,lateral-raise,-679,109,-204
shoulders,lateral-raise,-772,119,-372
shoulders,lateral-raise,-896,115,-510
shoulders,lateral-raise,-1059,141,-540
shoulders,lateral-raise,-1200,148,-755
shoulders,lateral-raise,-1278,141,-853
shoulders,lateral-raise,-1323,93,-860
shoulders,lateral-raise,-1335,94,-935
shoulders,lateral-raise,-1352,81,-903
shoulders,lateral-raise,-1363,102,-931
shoulders,lateral-raise,-1406,112,-948
shoulders,lateral-raise,-1462,149,-907
shoulders,lateral-raise,-1520,125,-885
shoulders,lateral-raise,-1556,183,-860
shoulders,lateral-raise,-1579,215,-809
shoulders,lateral-raise,-1590,203,-823
shoulders,lateral-raise,-1569,179,-861
shoulders,lateral-raise,-1511,198,-834
shoulders,lateral-raise,-1425,181,-781
shoulders,lateral-raise,-1345,151,-748
shoulders,lateral-raise,-1243,146,-695
shoulders,lateral-raise,-1148,182,-680
shoulders,lateral-raise,-1015,113,-688
shoulders,lateral-raise,-921,183,-704
shoulders,lateral-raise,-796,161,-556
shoulders,lateral-raise,-716,114,-552
shoulders,lateral-raise,-623,105,-552
shoulders,lateral-raise,-528,148,-457
shoulders,lateral-raise,-441,109,-469
shoulders,lateral-raise,-362,97,-472
shoulders,lateral-raise,-263,103,-424
shoulders,lateral-raise,-228,51,-389
shoulders,lateral-raise,-113,92,-384
shoulders,lateral-raise,-12,40,-301
shoulders,lateral-raise,64,12,-274
shoulders,lateral-raise,140,26,-278
shoulders,lateral-raise,201,-15,-333
shoulders,lateral-raise,285,-3,-323
shoulders,lateral-raise,362,-14,-329
shoulders,lateral-raise,406,-46,-331
shoulders,lateral-raise,432,-51,-307
shoulders,lateral-raise,450,-48,-362
shoulders,lateral-raise,471,-58,-351
shoulders,lateral-raise,485,-64,-353
shoulders,lateral-raise,507,-59,-427
shoulders,lateral-raise,524,-56,-433
shoulders,lateral-raise,524,-52,-412
shoulders,lateral-raise,520,-52,-458
shoulders,lateral-raise,528,-60,-508
shoulders,lateral-raise,532,-68,-516
shoulders,lateral-raise,524,-76,-501
shoulders,lateral-raise,509,-62,-492
shoulders,lateral-raise,493,-37,-483
shoulders,lateral-raise,478,-35,-477
shoulders,lateral-raise,458,-40,-520
shoulders,lateral-raise,445,-55,-577
shoulders,lateral-raise,437,-69,-624
shoulders,lateral-raise,422,-40,-630
shoulders,lateral-raise,381,-19,-600
shoulders,lateral-raise,325,3,-661
shoulders,lateral-raise,285,28,-691
shoulders,lateral-raise,244,22,-748
shoulders,lateral-raise,206,44,-767
shoulders,lateral-raise,193,56,-797
shoulders,lateral-raise,158,62,-823
shoulders,lateral-raise,104,93,-867
shoulders,lateral-raise,55,115,-918
shoulders,lateral-raise,-3,91,-902
shoulders,lateral-raise,-31,113,-894
shoulders,lateral-raise,-90,119,-940
shoulders,lateral-raise,-115,112,-897
shoulders,lateral-raise,-160,115,-913
shoulders,lateral-raise,-160,176,-932
shoulders,lateral-raise,-168,168,-1064
shoulders,lateral-raise,-176,184,-912
shoulders,lateral-raise,-176,184,-912
shoulders,lateral-raise,-223,200,-974
shoulders,lateral-raise,-262,223,-1022
shoulders,lateral-raise,-339,261,-1017
shoulders,lateral-raise,-373,249,-928
shoulders,lateral-raise,-440,262,-870
shoulders,lateral-raise,-469,257,-962
shoulders,lateral-raise,-479,249,-942
shoulders,lateral-raise,-493,288,-903
shoulders,lateral-raise,-548,276,-909
shoulders,lateral-raise,-566,278,-899
shoulders,lateral-raise,-599,274,-865
shoulders,lateral-raise,-608,308,-850
shoulders,lateral-raise,-632,302,-913
shoulders,lateral-raise,-657,313,-850
shoulders,lateral-raise,-703,320,-822
shoulders,lateral-raise,-725,331,-813
shoulders,lateral-raise,-749,331,-813
shoulders,lateral-raise,-745,318,-816
shoulders,lateral-raise,-756,312,-722
shoulders,lateral-raise,-768,326,-721
shoulders,lateral-raise,-782,327,-714
shoulders,lateral-raise,-783,316,-676
shoulders,lateral-raise,-793,312,-694
shoulders,lateral-raise,-808,320,-670
shoulders,lateral-raise,-816,328,-664
shoulders,lateral-raise,-828,332,-646
shoulders,lateral-raise,-839,325,-603
shoulders,lateral-raise,-852,305,-627
shoulders,lateral-raise,-849,316,-637
shoulders,lateral-raise,-843,334,-603
shoulders,lateral-raise,-854,320,-548
shoulders,lateral-raise,-864,326,-522
shoulders,lateral-raise,-864,325,-507
shoulders,lateral-raise,-861,296,-501
shoulders,lateral-raise,-863,285,-505
shoulders,lateral-raise,-880,296,-481
shoulders,lateral-raise,-884,300,-447
shoulders,lateral-raise,-902,308,-408
shoulders,lateral-raise,-916,296,-427
shoulders,lateral-raise,-902,289,-415
shoulders,lateral-raise,-895,267,-439
shoulders,lateral-raise,-887,283,-439
shoulders,lateral-raise,-879,295,-459
shoulders,lateral-raise,-874,287,-397
shoulders,lateral-raise,-890,277,-502
shoulders,lateral-raise,-908,258,-620
shoulders,lateral-raise,-949,284,-664
shoulders,lateral-raise,-1026,335,-675
shoulders,lateral-raise,-1065,320,-884
shoulders,lateral-raise,-1088,304,-1008
shoulders,lateral-raise,-1096,288,-976
shoulders,lateral-raise,-1065,241,-1007
shoulders,lateral-raise,-1041,202,-1023
shoulders,lateral-raise,-1047,252,-972
shoulders,lateral-raise,-1055,241,-946
shoulders,lateral-raise,-1063,204,-980
shoulders,lateral-raise,-1099,193,-942
shoulders,lateral-raise,-1104,267,-929
shoulders,lateral-raise,-1137,240,-888
shoulders,lateral-raise,-1137,219,-841
shoulders,lateral-raise,-1123,191,-864
shoulders,lateral-raise,-1108,172,-847
shoulders,lateral-raise,-1104,174,-834
shoulders,lateral-raise,-1086,158,-826
shoulders,lateral-raise,-1063,158,-813
shoulders,lateral-raise,-1039,182,-797
shoulders,lateral-raise,-983,154,-792
shoulders,lateral-raise,-923,131,-845
shoulders,lateral-raise,-833,133,-806
shoulders,lateral-raise,-738,156,-704
shoulders,lateral-raise,-666,158,-631
shoulders,lateral-raise,-612,147,-682
shoulders,lateral-raise,-547,135,-763
shoulders,lateral-raise,-465,115,-762
shoulders,lateral-raise,-395,100,-732
shoulders,lateral-raise,-320,108,-636
shoulders,lateral-raise,-245,116,-579
shoulders,lateral-raise,-194,94,-649
shoulders,lateral-raise,-136,79,-714
shoulders,lateral-raise,-62,48,-692
shoulders,lateral-raise,3,11,-587
shoulders,lateral-raise,50,34,-499
shoulders,lateral-raise,112,36,-476
shoulders,lateral-raise,179,31,-529
shoulders,lateral-raise,216,-16,-602
shoulders,lateral-raise,263,-18,-617
shoulders,lateral-raise,305,-29,-543
shoulders,lateral-raise,320,-34,-387
shoulders,lateral-raise,306,-12,-379
shoulders,lateral-raise,350,-13,-496
shoulders,lateral-raise,400,-59,-600
shoulders,lateral-raise,403,-72,-567
shoulders,lateral-raise,417,-65,-519
shoulders,lateral-raise,429,-30,-308
shoulders,lateral-raise,455,-15,-300
shoulders,lateral-raise,448,-10,-388
shoulders,lateral-raise,449,-23,-430
shoulders,lateral-raise,465,-11,-486
shoulders,lateral-raise,481,-47,-458
shoulders,lateral-raise,496,-31,-487
shoulders,lateral-raise,496,-8,-440
shoulders,lateral-raise,464,-8,-488
shoulders,lateral-raise,448,-24,-566
shoulders,lateral-raise,425,-1,-591
shoulders,lateral-raise,409,-7,-607
shoulders,lateral-raise,401,-8,-615
shoulders,lateral-raise,343,-8,-680
shoulders,lateral-raise,336,-1,-611
shoulders,lateral-raise,309,-7,-696
shoulders,lateral-raise,231,19,-725
shoulders,lateral-raise,183,24,-761
shoulders,lateral-raise,138,56,-806
shoulders,lateral-raise,116,76,-903
shoulders,lateral-raise,94,86,-886
shoulders,lateral-raise,53,117,-872
shoulders,lateral-raise,6,134,-855
shoulders,lateral-raise,-36,153,-820
shoulders,lateral-raise,-86,171,-878
shoulders,lateral-raise,-125,171,-933
shoulders,lateral-raise,-146,143,-924
shoulders,lateral-raise,-177,153,-907
shoulders,lateral-raise,-211,173,-880
shoulders,lateral-raise,-243,213,-906
shoulders,lateral-raise,-301,222,-981
shoulders,lateral-raise,-340,191,-999
shoulders,lateral-raise,-369,205,-930
shoulders,lateral-raise,-436,244,-896
shoulders,lateral-raise,-515,287,-900
shoulders,lateral-raise,-567,298,-903
shoulders,lateral-raise,-595,272,-955
shoulders,lateral-raise,-608,282,-963
shoulders,lateral-raise,-618,299,-896
shoulders,lateral-raise,-635,310,-857
shoulders,lateral-raise,-652,332,-829
shoulders,lateral-raise,-677,338,-838
shoulders,lateral-raise,-696,296,-874
shoulders,lateral-raise,-727,271,-891
shoulders,lateral-raise,-762,290,-866
shoulders,lateral-raise,-770,298,-792
shoulders,lateral-raise,-786,302,-713
shoulders,lateral-raise,-816,298,-809
shoulders,lateral-raise,-823,297,-784
shoulders,lateral-raise,-848,273,-778
shoulders,lateral-raise,-849,281,-755
shoulders,lateral-raise,-862,284,-762
shoulders,lateral-raise,-894,265,-718
shoulders,lateral-raise,-882,272,-647
shoulders,lateral-raise,-895,273,-640
shoulders,lateral-raise,-889,279,-639
shoulders,lateral-raise,-895,271,-628
shoulders,lateral-raise,-880,255,-559
shoulders,lateral-raise,-896,232,-520
shoulders,lateral-raise,-896,248,-504
shoulders,lateral-raise,-904,240,-496
shoulders,lateral-raise,-904,240,-504
shoulders,lateral-raise,-904,233,-482
shoulders,lateral-raise,-897,239,-458
shoulders,lateral-raise,-882,233,-449
shoulders,lateral-raise,-894,246,-462
shoulders,lateral-raise,-896,248,-409
shoulders,lateral-raise,-896,241,-413
shoulders,lateral-raise,-896,253,-436
shoulders,lateral-raise,-883,243,-440
shoulders,lateral-raise,-880,259,-390
shoulders,lateral-raise,-886,270,-412
shoulders,lateral-raise,-894,290,-512
shoulders,lateral-raise,-919,256,-567
shoulders,lateral-raise,-934,229,-604
shoulders,lateral-raise,-968,235,-605
shoulders,lateral-raise,-1031,287,-674
shoulders,lateral-raise,-1092,307,-829
shoulders,lateral-raise,-1112,274,-945
shoulders,lateral-raise,-1112,218,-981
shoulders,lateral-raise,-1112,183,-1012
shoulders,lateral-raise,-1094,185,-983
shoulders,lateral-raise,-1076,192,-935
shoulders,lateral-raise,-1084,192,-974
shoulders,lateral-raise,-1096,204,-1004
shoulders,lateral-raise,-1104,235,-934
shoulders,lateral-raise,-1101,263,-802
shoulders,lateral-raise,-1092,293,-762
shoulders,lateral-raise,-1086,310,-853
shoulders,lateral-raise,-1075,283,-914
shoulders,lateral-raise,-1086,270,-916
shoulders,lateral-raise,-1090,274,-847
shoulders,lateral-raise,-1075,272,-768
shoulders,lateral-raise,-1043,285,-810
shoulders,lateral-raise,-993,273,-883
shoulders,lateral-raise,-962,251,-946
shoulders,lateral-raise,-894,227,-933
shoulders,lateral-raise,-784,214,-731
shoulders,lateral-raise,-714,269,-627
shoulders,lateral-raise,-627,220,-699
shoulders,lateral-raise,-566,163,-854
shoulders,lateral-raise,-501,96,-925
shoulders,lateral-raise,-399,64,-745
shoulders,lateral-raise,-337,115,-489
shoulders,lateral-raise,-277,132,-605
shoulders,lateral-raise,-180,90,-595
shoulders,lateral-raise,-131,33,-704
shoulders,lateral-raise,-62,46,-706
shoulders,lateral-raise,-22,9,-737
shoulders,lateral-raise,48,32,-504
shoulders,lateral-raise,104,56,-448
shoulders,lateral-raise,104,56,-448
shoulders,lateral-raise,151,40,-417
shoulders,lateral-raise,205,25,-561
shoulders,lateral-raise,230,-21,-635
shoulders,lateral-raise,261,-39,-560
shoulders,lateral-raise,293,-83,-395
shoulders,lateral-raise,317,-32,-355
shoulders,lateral-raise,340,-31,-325
shoulders,lateral-raise,377,-59,-300
shoulders,lateral-raise,410,-77,-433
shoulders,lateral-raise,429,-112,-508
shoulders,lateral-raise,463,-101,-439
shoulders,lateral-raise,484,-84,-404
shoulders,lateral-raise,488,-56,-347
shoulders,lateral-raise,488,-54,-385
shoulders,lateral-raise,488,-73,-430
shoulders,lateral-raise,483,-80,-521
shoulders,lateral-raise,496,-101,-539
shoulders,lateral-raise,504,-107,-497
shoulders,lateral-raise,509,-89,-490
shoulders,lateral-raise,493,-80,-529
shoulders,lateral-raise,480,-94,-566
shoulders,lateral-raise,453,-95,-603
shoulders,lateral-raise,406,-71,-628
shoulders,lateral-raise,367,-44,-628
shoulders,lateral-raise,332,-24,-648
shoulders,lateral-raise,300,-20,-695
shoulders,lateral-raise,273,-20,-757
shoulders,lateral-raise,245,-16,-775
shoulders,lateral-raise,229,-6,-781
shoulders,lateral-raise,201,11,-826
shoulders,lateral-raise,147,16,-816
shoulders,lateral-raise,89,16,-845
shoulders,lateral-raise,45,13,-882
shoulders,lateral-raise,19,11,-861
shoulders,lateral-raise,-34,21,-887
shoulders,lateral-raise,-58,37,-918
shoulders,lateral-raise,-83,50,-927
shoulders,lateral-raise,-154,64,-964
shoulders,lateral-raise,-212,90,-943
shoulders,lateral-raise,-236,104,-922
shoulders,lateral-raise,-283,142,-975
shoulders,lateral-raise,-305,172,-1032
shoulders,lateral-raise,-360,191,-979
shoulders,lateral-raise,-415,180,-904
shoulders,lateral-raise,-471,154,-907
shoulders,lateral-raise,-529,165,-929
shoulders,lateral-raise,-535,137,-940
shoulders,lateral-raise,-521,145,-882
shoulders,lateral-raise,-545,168,-913
shoulders,lateral-raise,-576,160,-935
shoulders,lateral-raise,-600,144,-841
shoulders,lateral-raise,-631,191,-871
shoulders,lateral-raise,-670,207,-933
shoulders,lateral-raise,-702,201,-876
shoulders,lateral-raise,-682,222,-843
shoulders,lateral-raise,-737,217,-854
shoulders,lateral-raise,-744,195,-758
shoulders,lateral-raise,-744,199,-853
shoulders,lateral-raise,-791,193,-879
shoulders,lateral-raise,-793,166,-789
shoulders,lateral-raise,-798,185,-749
shoulders,lateral-raise,-819,192,-713
shoulders,lateral-raise,-830,204,-692
shoulders,lateral-raise,-838,190,-700
shoulders,lateral-raise,-846,167,-710
shoulders,lateral-raise,-837,171,-701
shoulders,lateral-raise,-832,187,-680
shoulders,lateral-raise,-837,192,-588
shoulders,lateral-raise,-840,197,-564
shoulders,lateral-raise,-860,205,-586
shoulders,lateral-raise,-877,189,-511
shoulders,lateral-raise,-885,181,-484
shoulders,lateral-raise,-888,188,-531
shoulders,lateral-raise,-888,201,-526
shoulders,lateral-raise,-888,216,-492
shoulders,lateral-raise,-884,220,-476
shoulders,lateral-raise,-895,204,-480
shoulders,lateral-raise,-916,188,-455
shoulders,lateral-raise,-924,184,-416
shoulders,lateral-raise,-928,194,-419
shoulders,lateral-raise,-931,221,-405
shoulders,lateral-raise,-927,237,-352
shoulders,lateral-raise,-915,229,-335
shoulders,lateral-raise,-923,221,-376
shoulders,lateral-raise,-928,216,-392
shoulders,lateral-raise,-935,209,-429
shoulders,lateral-raise,-954,190,-447
shoulders,lateral-raise,-956,192,-470
shoulders,lateral-raise,-942,202,-519
shoulders,lateral-raise,-938,156,-620
shoulders,lateral-raise,-952,159,-630
shoulders,lateral-raise,-994,219,-655
shoulders,lateral-raise,-1047,229,-803
shoulders,lateral-raise,-1084,218,-847
shoulders,lateral-raise,-1108,228,-811
shoulders,lateral-raise,-1136,204,-936
shoulders,lateral-raise,-1135,238,-871
shoulders,lateral-raise,-1128,217,-864
shoulders,lateral-raise,-1127,232,-864
shoulders,lateral-raise,-1114,239,-857
shoulders,lateral-raise,-1168,216,-888
shoulders,lateral-raise,-1160,208,-824
shoulders,lateral-raise,-1199,262,-902
shoulders,lateral-raise,-1170,264,-836
shoulders,lateral-raise,-1161,271,-810
shoulders,lateral-raise,-1102,243,-823
shoulders,lateral-raise,-1103,240,-853
shoulders,lateral-raise,-1090,198,-793
shoulders,lateral-raise,-1108,158,-811
shoulders,lateral-raise,-1092,152,-776
shoulders,lateral-raise,-1055,178,-827
shoulders,lateral-raise,-1010,159,-783
shoulders,lateral-raise,-963,152,-768
shoulders,lateral-raise,-922,146,-810
shoulders,lateral-raise,-859,138,-812
shoulders,lateral-raise,-771,113,-762
shoulders,lateral-raise,-677,126,-688
shoulders,lateral-raise,-583,120,-664
shoulders,lateral-raise,-515,86,-738
shoulders,lateral-raise,-445,31,-771
shoulders,lateral-raise,-342,8,-664
shoulders,lateral-raise,-219,8,-509
shoulders,lateral-raise,-140,8,-467
shoulders,lateral-raise,-93,4,-529
shoulders,lateral-raise,-37,-13,-641
shoulders,lateral-raise,9,-32,-692
shoulders,lateral-raise,60,-36,-640
shoulders,lateral-raise,154,-13,-446
shoulders,lateral-raise,205,-3,-309
shoulders,lateral-raise,220,-23,-358
shoulders,lateral-raise,273,-52,-420
shoulders,lateral-raise,309,-93,-480
shoulders,lateral-raise,343,-121,-492
shoulders,lateral-raise,383,-127,-466
shoulders,lateral-raise,408,-117,-389
shoulders,lateral-raise,416,-128,-379
shoulders,lateral-raise,427,-138,-419
shoulders,lateral-raise,439,-160,-603
shoulders,lateral-raise,494,-162,-575
shoulders,lateral-raise,492,-154,-518
shoulders,lateral-raise,504,-110,-488
shoulders,lateral-raise,504,-109,-500
shoulders,lateral-raise,500,-122,-562
shoulders,lateral-raise,485,-96,-637
shoulders,lateral-raise,506,-97,-625
shoulders,lateral-raise,470,-102,-621
shoulders,lateral-raise,452,-86,-548
shoulders,lateral-raise,414,-73,-584
shoulders,lateral-raise,391,-79,-586
shoulders,lateral-raise,376,-64,-606
shoulders,lateral-raise,367,-64,-576
shoulders,lateral-raise,344,-56,-577
shoulders,lateral-raise,328,-40,-631
shoulders,lateral-raise,305,-48,-671
shoulders,lateral-raise,289,-33,-748
shoulders,lateral-raise,266,-17,-692
shoulders,lateral-raise,235,-1,-776
shoulders,lateral-raise,161,-7,-834
shoulders,lateral-raise,103,-1,-910
shoulders,lateral-raise,76,7,-859
shoulders,lateral-raise,52,61,-755
shoulders,lateral-raise,9,65,-769
shoulders,lateral-raise,-25,70,-846
shoulders,lateral-raise,-51,72,-889
shoulders,lateral-raise,-80,60,-914
shoulders,lateral-raise,-117,85,-949
shoulders,lateral-raise,-168,107,-937
shoulders,lateral-raise,-212,129,-872
shoulders,lateral-raise,-267,152,-929
shoulders,lateral-raise,-314,176,-963
shoulders,lateral-raise,-328,164,-960
shoulders,lateral-raise,-358,167,-940
shoulders,lateral-raise,-376,176,-890
shoulders,lateral-raise,-427,208,-864
shoulders,lateral-raise,-486,228,-873
shoulders,lateral-raise,-547,237,-906
shoulders,lateral-raise,-596,248,-903
shoulders,lateral-raise,-628,256,-896
shoulders,lateral-raise,-667,268,-881
shoulders,lateral-raise,-703,279,-822
shoulders,lateral-raise,-727,274,-792
shoulders,lateral-raise,-739,263,-802
shoulders,lateral-raise,-754,272,-813
shoulders,lateral-raise,-774,275,-787
shoulders,lateral-raise,-801,274,-735
shoulders,lateral-raise,-832,259,-715
shoulders,lateral-raise,-835,251,-741
shoulders,lateral-raise,-845,251,-752
shoulders,lateral-raise,-854,242,-725
shoulders,lateral-raise,-854,246,-650
shoulders,lateral-raise,-876,246,-618
shoulders,lateral-raise,-892,266,-603
shoulders,lateral-raise,-909,274,-689
shoulders,lateral-raise,-928,279,-645
shoulders,lateral-raise,-927,269,-556
shoulders,lateral-raise,-922,256,-545
shoulders,lateral-raise,-938,258,-584
shoulders,lateral-raise,-951,272,-471
shoulders,lateral-raise,-944,269,-468
shoulders,lateral-raise,-943,241,-508
shoulders,lateral-raise,-928,257,-452
shoulders,lateral-raise,-928,280,-377
shoulders,lateral-raise,-920,280,-400
shoulders,lateral-raise,-928,280,-392
shoulders,lateral-raise,-928,280,-392
shoulders,lateral-raise,-982,272,-439
shoulders,lateral-raise,-969,249,-356
shoulders,lateral-raise,-961,255,-419
shoulders,lateral-raise,-953,256,-453
shoulders,lateral-raise,-952,249,-385
shoulders,lateral-raise,-945,255,-334
shoulders,lateral-raise,-944,236,-321
shoulders,lateral-raise,-944,239,-367
shoulders,lateral-raise,-937,240,-356
shoulders,lateral-raise,-949,234,-339
shoulders,lateral-raise,-952,232,-324
shoulders,lateral-raise,-958,226,-356
shoulders,lateral-raise,-954,206,-403
shoulders,lateral-raise,-952,217,-433
shoulders,lateral-raise,-963,218,-479
shoulders,lateral-raise,-984,200,-566
shoulders,lateral-raise,-997,197,-600
shoulders,lateral-raise,-1010,231,-625
shoulders,lateral-raise,-1046,238,-739
shoulders,lateral-raise,-1088,246,-795
shoulders,lateral-raise,-1099,233,-801
shoulders,lateral-raise,-1096,212,-853
shoulders,lateral-raise,-1087,212,-875
shoulders,lateral-raise,-1101,208,-843
shoulders,lateral-raise,-1160,196,-812
shoulders,lateral-raise,-1200,192,-823
shoulders,lateral-raise,-1211,188,-811
shoulders,lateral-raise,-1235,198,-803
shoulders,lateral-raise,-1261,209,-821
shoulders,lateral-raise,-1274,223,-794
shoulders,lateral-raise,-1292,247,-823
shoulders,lateral-raise,-1321,229,-810
shoulders,lateral-raise,-1288,213,-788
shoulders,lateral-raise,-1259,182,-856
shoulders,lateral-raise,-1203,160,-809
shoulders,lateral-raise,-1116,158,-801
shoulders,lateral-raise,-1039,156,-836
shoulders,lateral-raise,-950,162,-758
shoulders,lateral-raise,-878,144,-752
shoulders,lateral-raise,-796,146,-752
shoulders,lateral-raise,-704,148,-756
shoulders,lateral-raise,-621,124,-764
shoulders,lateral-raise,-555,105,-690
shoulders,lateral-raise,-467,113,-611
shoulders,lateral-raise,-367,117,-632
shoulders,lateral-raise,-291,87,-633
shoulders,lateral-raise,-234,70,-635
shoulders,lateral-raise,-148,47,-562
shoulders,lateral-raise,-70,32,-592
shoulders,lateral-raise,8,48,-575
shoulders,lateral-raise,40,32,-521
shoulders,lateral-raise,79,1,-466
shoulders,lateral-raise,110,-30,-472
shoulders,lateral-raise,134,-32,-479
shoulders,lateral-raise,209,-39,-392
shoulders,lateral-raise,230,-47,-448
shoulders,lateral-raise,288,-55,-540
shoulders,lateral-raise,303,-90,-504
shoulders,lateral-raise,337,-103,-389
shoulders,lateral-raise,390,-58,-492
shoulders,lateral-raise,406,-86,-520
shoulders,lateral-raise,402,-127,-514
shoulders,lateral-raise,406,-130,-476
shoulders,lateral-raise,402,-116,-499
shoulders,lateral-raise,406,-129,-495
shoulders,lateral-raise,430,-97,-494
shoulders,lateral-raise,435,-118,-577
shoulders,lateral-raise,437,-136,-605
shoulders,lateral-raise,450,-141,-631
shoulders,lateral-raise,451,-114,-618
shoulders,lateral-raise,438,-101,-581
shoulders,lateral-raise,404,-99,-619
shoulders,lateral-raise,388,-100,-652
shoulders,lateral-raise,379,-104,-670
shoulders,lateral-raise,372,-104,-696
shoulders,lateral-raise,376,-100,-672
shoulders,lateral-raise,349,-96,-644
shoulders,lateral-raise,305,-78,-677
shoulders,lateral-raise,267,-63,-730
shoulders,lateral-raise,220,-62,-765
shoulders,lateral-raise,179,-35,-794
shoulders,lateral-raise,154,-7,-808
shoulders,lateral-raise,121,8,-811
shoulders,lateral-raise,69,13,-789
shoulders,lateral-raise,43,24,-764
shoulders,lateral-raise,22,24,-834
shoulders,lateral-raise,-9,31,-847
shoulders,lateral-raise,-43,48,-835
shoulders,lateral-raise,-86,52,-862
shoulders,lateral-raise,-142,69,-852
shoulders,lateral-raise,-202,88,-853
shoulders,lateral-raise,-250,89,-898
shoulders,lateral-raise,-304,99,-868
shoulders,lateral-raise,-348,117,-850
shoulders,lateral-raise,-373,145,-869
shoulders,lateral-raise,-414,155,-905
shoulders,lateral-raise,-468,178,-914
shoulders,lateral-raise,-514,201,-927
shoulders,lateral-raise,-546,210,-800
shoulders,lateral-raise,-593,248,-808
shoulders,lateral-raise,-624,248,-816
shoulders,lateral-raise,-664,272,-856
shoulders,lateral-raise,-664,233,-840
shoulders,lateral-raise,-702,240,-794
shoulders,lateral-raise,-741,270,-829
shoulders,lateral-raise,-780,257,-839
shoulders,lateral-raise,-791,285,-811
shoulders,lateral-raise,-813,295,-829
shoulders,lateral-raise,-823,282,-716
shoulders,lateral-raise,-831,313,-649
shoulders,lateral-raise,-865,300,-705
shoulders,lateral-raise,-878,321,-720
shoulders,lateral-raise,-905,309,-677
shoulders,lateral-raise,-906,316,-664
shoulders,lateral-raise,-916,320,-646
shoulders,lateral-raise,-920,320,-577
shoulders,lateral-raise,-909,314,-580
shoulders,lateral-raise,-926,323,-587
shoulders,lateral-raise,-931,307,-621
shoulders,lateral-raise,-933,301,-569
shoulders,lateral-raise,-931,299,-469
shoulders,lateral-raise,-938,301,-427
shoulders,lateral-raise,-949,313,-452
shoulders,lateral-raise,-956,316,-441
shoulders,lateral-raise,-956,312,-438
shoulders,lateral-raise,-956,304,-414
shoulders,lateral-raise,-960,296,-364
shoulders,lateral-raise,-968,281,-367
shoulders,lateral-raise,-980,268,-373
shoulders,lateral-raise,-980,265,-346
shoulders,lateral-raise,-973,259,-315
shoulders,lateral-raise,-968,264,-273
shoulders,lateral-raise,-962,264,-234
shoulders,lateral-raise,-949,261,-239
shoulders,lateral-raise,-947,248,-294
shoulders,lateral-raise,-957,227,-305
shoulders,lateral-raise,-961,221,-208
shoulders,lateral-raise,-944,225,-228
shoulders,lateral-raise,-948,216,-303
shoulders,lateral-raise,-956,238,-362
shoulders,lateral-raise,-944,234,-355
shoulders,lateral-raise,-944,238,-423
shoulders,lateral-raise,-947,231,-547
shoulders,lateral-raise,-964,229,-561
shoulders,lateral-raise,-989,254,-569
shoulders,lateral-raise,-1021,236,-582
shoulders,lateral-raise,-1059,205,-633
shoulders,lateral-raise,-1084,181,-717
shoulders,lateral-raise,-1121,231,-765
shoulders,lateral-raise,-1138,217,-721
shoulders,lateral-raise,-1168,231,-745
shoulders,lateral-raise,-1184,192,-792
shoulders,lateral-raise,-1208,200,-752
shoulders,lateral-raise,-1231,200,-744
shoulders,lateral-raise,-1247,215,-805
shoulders,lateral-raise,-1278,261,-845
shoulders,lateral-raise,-1302,242,-797
shoulders,lateral-raise,-1311,276,-771
shoulders,lateral-raise,-1333,280,-691
shoulders,lateral-raise,-1356,287,-707
shoulders,lateral-raise,-1313,261,-739
shoulders,lateral-raise,-1271,256,-724
shoulders,lateral-raise,-1188,212,-764
shoulders,lateral-raise,-1125,194,-764
shoulders,lateral-raise,-1046,204,-766
shoulders,lateral-raise,-983,173,-733
shoulders,lateral-raise,-905,166,-714
shoulders,lateral-raise,-835,151,-690
shoulders,lateral-raise,-740,122,-696
shoulders,lateral-raise,-651,123,-699
shoulders,lateral-raise,-568,118,-676
shoulders,lateral-raise,-496,107,-679
shoulders,lateral-raise,-439,104,-721
shoulders,lateral-raise,-360,90,-712
shoulders,lateral-raise,-289,76,-688
shoulders,lateral-raise,-229,72,-662
shoulders,lateral-raise,-167,55,-607
shoulders,lateral-raise,-96,52,-524
shoulders,lateral-raise,-29,52,-464
shoulders,lateral-raise,11,29,-471
shoulders,lateral-raise,45,2,-492
shoulders,lateral-raise,92,-16,-499
shoulders,lateral-raise,136,-22,-520
shoulders,lateral-raise,181,-38,-498
shoulders,lateral-raise,225,-51,-439
shoulders,lateral-raise,248,-61,-469
shoulders,lateral-raise,272,-77,-470
shoulders,lateral-raise,298,-81,-467
shoulders,lateral-raise,327,-75,-519
shoulders,lateral-raise,355,-98,-555
shoulders,lateral-raise,396,-92,-590
shoulders,lateral-raise,436,-126,-538
shoulders,lateral-raise,450,-122,-526
shoulders,lateral-raise,462,-122,-465
shoulders,lateral-raise,495,-92,-531
shoulders,lateral-raise,530,-81,-664
shoulders,lateral-raise,542,-135,-661
shoulders,lateral-raise,527,-125,-628
shoulders,lateral-raise,518,-97,-527
shoulders,lateral-raise,497,-102,-514
shoulders,lateral-raise,502,-74,-549
shoulders,lateral-raise,456,-112,-640
shoulders,lateral-raise,440,-104,-624
shoulders,lateral-raise,408,-104,-648
shoulders,lateral-raise,408,-104,-648
shoulders,lateral-raise,385,-65,-594
shoulders,lateral-raise,354,-79,-524
shoulders,lateral-raise,307,-73,-602
shoulders,lateral-raise,297,-57,-674
shoulders,lateral-raise,275,-70,-680
shoulders,lateral-raise,258,-72,-687
shoulders,lateral-raise,270,-11,-695
shoulders,lateral-raise,225,13,-669
shoulders,lateral-raise,144,3,-729
shoulders,lateral-raise,96,19,-839
shoulders,lateral-raise,63,-7,-876
shoulders,lateral-raise,44,-10,-904
shoulders,lateral-raise,22,-8,-865
shoulders,lateral-raise,-24,9,-831
shoulders,lateral-raise,-90,16,-824
shoulders,lateral-raise,-150,27,-856
shoulders,lateral-raise,-184,32,-946
shoulders,lateral-raise,-217,47,-964
shoulders,lateral-raise,-247,51,-932
shoulders,lateral-raise,-289,77,-925
shoulders,lateral-raise,-340,82,-919
shoulders,lateral-raise,-378,81,-903
shoulders,lateral-raise,-414,101,-935
shoulders,lateral-raise,-444,108,-964
shoulders,lateral-raise,-472,104,-944
shoulders,lateral-raise,-500,119,-909
shoulders,lateral-raise,-523,143,-881
shoulders,lateral-raise,-557,152,-893
shoulders,lateral-raise,-604,165,-913
shoulders,lateral-raise,-635,190,-862
shoulders,lateral-raise,-649,215,-794
shoulders,lateral-raise,-673,237,-767
shoulders,lateral-raise,-710,246,-802
shoulders,lateral-raise,-760,264,-892
shoulders,lateral-raise,-783,241,-811
shoulders,lateral-raise,-805,231,-789
shoulders,lateral-raise,-822,244,-760
shoulders,lateral-raise,-852,232,-758
shoulders,lateral-raise,-892,234,-738
shoulders,lateral-raise,-902,245,-688
shoulders,lateral-raise,-902,265,-688
shoulders,lateral-raise,-927,272,-673
shoulders,lateral-raise,-922,273,-609
shoulders,lateral-raise,-937,280,-653
shoulders,lateral-raise,-945,279,-565
shoulders,lateral-raise,-954,273,-475
shoulders,lateral-raise,-975,278,-503
shoulders,lateral-raise,-967,256,-489
shoulders,lateral-raise,-952,248,-512
shoulders,lateral-raise,-936,240,-503
shoulders,lateral-raise,-928,256,-441
shoulders,lateral-raise,-912,248,-424
shoulders,lateral-raise,-920,248,-424
shoulders,lateral-raise,-927,255,-402
shoulders,lateral-raise,-957,241,-356
shoulders,lateral-raise,-960,233,-359
shoulders,lateral-raise,-967,211,-346
shoulders,lateral-raise,-975,215,-310
shoulders,lateral-raise,-983,243,-324
shoulders,lateral-raise,-984,248,-308
shoulders,lateral-raise,-984,248,-253
shoulders,lateral-raise,-972,242,-252
shoulders,lateral-raise,-968,228,-256
shoulders,lateral-raise,-980,224,-256
shoulders,lateral-raise,-995,218,-267
shoulders,lateral-raise,-1000,210,-250
shoulders,lateral-raise,-995,208,-202
shoulders,lateral-raise,-987,197,-216
shoulders,lateral-raise,-984,192,-222
shoulders,lateral-raise,-974,192,-256
shoulders,lateral-raise,-963,187,-270
shoulders,lateral-raise,-955,189,-278
shoulders,lateral-raise,-952,196,-337
shoulders,lateral-raise,-948,204,-398
shoulders,lateral-raise,-961,233,-453
shoulders,lateral-raise,-992,252,-532
shoulders,lateral-raise,-1035,252,-630
shoulders,lateral-raise,-1079,260,-695
shoulders,lateral-raise,-1135,250,-725
shoulders,lateral-raise,-1177,229,-745
shoulders,lateral-raise,-1178,227,-771
shoulders,lateral-raise,-1198,229,-836
shoulders,lateral-raise,-1208,224,-841
shoulders,lateral-raise,-1211,221,-800
shoulders,lateral-raise,-1239,216,-789
shoulders,lateral-raise,-1300,223,-822
shoulders,lateral-raise,-1335,229,-775
shoulders,lateral-raise,-1352,208,-733
shoulders,lateral-raise,-1346,230,-788
shoulders,lateral-raise,-1326,215,-769
shoulders,lateral-raise,-1310,191,-728
shoulders,lateral-raise,-1268,217,-674
shoulders,lateral-raise,-1235,219,-720
shoulders,lateral-raise,-1162,187,-726
shoulders,lateral-raise,-1118,160,-760
shoulders,lateral-raise,-1038,163,-743
shoulders,lateral-raise,-947,190,-611
shoulders,lateral-raise,-893,166,-722
shoulders,lateral-raise,-843,147,-738
shoulders,lateral-raise,-751,199,-614
shoulders,lateral-raise,-704,176,-536
shoulders,lateral-raise,-632,208,-552
shoulders,lateral-raise,-562,154,-606
shoulders,lateral-raise,-431,152,-578
shoulders,lateral-raise,-357,100,-725
shoulders,lateral-raise,-228,147,-641
shoulders,lateral-raise,-173,123,-575
shoulders,lateral-raise,-98,113,-554
shoulders,lateral-raise,-20,105,-545
shoulders,lateral-raise,32,84,-597
shoulders,lateral-raise,47,54,-608
shoulders,lateral-raise,92,67,-532
shoulders,lateral-raise,123,29,-512
shoulders,lateral-raise,176,10,-464
shoulders,lateral-raise,216,2,-477
shoulders,lateral-raise,258,-17,-551
shoulders,lateral-raise,300,-35,-548
shoulders,lateral-raise,344,-29,-493
shoulders,lateral-raise,365,-24,-483
shoulders,lateral-raise,399,-39,-478
shoulders,lateral-raise,421,-63,-526
shoulders,lateral-raise,434,-67,-579
shoulders,lateral-raise,459,-83,-550
shoulders,lateral-raise,463,-92,-511
shoulders,lateral-raise,460,-79,-508
shoulders,lateral-raise,472,-80,-545
shoulders,lateral-raise,476,-120,-584
shoulders,lateral-raise,460,-137,-611
shoulders,lateral-raise,455,-113,-610
shoulders,lateral-raise,450,-104,-602
shoulders,lateral-raise,422,-94,-631
shoulders,lateral-raise,398,-93,-656
shoulders,lateral-raise,387,-112,-683
shoulders,lateral-raise,386,-92,-688
shoulders,lateral-raise,376,-61,-674
shoulders,lateral-raise,358,-69,-674
shoulders,lateral-raise,320,-62,-730
shoulders,lateral-raise,306,-61,-736
shoulders,lateral-raise,266,-74,-730
shoulders,lateral-raise,236,-80,-718
shoulders,lateral-raise,195,-76,-745
shoulders,lateral-raise,173,-59,-784
shoulders,lateral-raise,153,-40,-815
shoulders,lateral-raise,113,-37,-815
shoulders,lateral-raise,75,-20,-850
shoulders,lateral-raise,43,-1,-854
shoulders,lateral-raise,3,-5,-793
shoulders,lateral-raise,-45,24,-868
shoulders,lateral-raise,-100,24,-838
shoulders,lateral-raise,-154,23,-920
shoulders,lateral-raise,-185,9,-925
shoulders,lateral-raise,-216,40,-824
shoulders,lateral-raise,-216,64,-832
shoulders,lateral-raise,-294,64,-855
shoulders,lateral-raise,-304,41,-932
shoulders,lateral-raise,-311,62,-929
shoulders,lateral-raise,-363,71,-943
shoulders,lateral-raise,-404,115,-894
shoulders,lateral-raise,-457,148,-874
shoulders,lateral-raise,-525,152,-865
shoulders,lateral-raise,-569,179,-937
shoulders,lateral-raise,-641,171,-906
shoulders,lateral-raise,-643,162,-909
shoulders,lateral-raise,-677,154,-912
shoulders,lateral-raise,-694,182,-864
shoulders,lateral-raise,-720,186,-842
shoulders,lateral-raise,-751,173,-892
shoulders,lateral-raise,-777,179,-845
shoulders,lateral-raise,-806,173,-827
shoulders,lateral-raise,-842,168,-795
shoulders,lateral-raise,-856,173,-791
shoulders,lateral-raise,-871,176,-780
shoulders,lateral-raise,-870,186,-720
shoulders,lateral-raise,-887,183,-674
shoulders,lateral-raise,-895,172,-668
shoulders,lateral-raise,-892,168,-672
shoulders,lateral-raise,-908,168,-643
shoulders,lateral-raise,-912,160,-608
shoulders,lateral-raise,-912,160,-600
shoulders,lateral-raise,-916,164,-585
shoulders,lateral-raise,-919,164,-554
shoulders,lateral-raise,-931,181,-512
shoulders,lateral-raise,-939,200,-512
shoulders,lateral-raise,-941,197,-554
shoulders,lateral-raise,-933,186,-527
shoulders,lateral-raise,-931,181,-471
shoulders,lateral-raise,-941,200,-419
shoulders,lateral-raise,-952,223,-410
shoulders,lateral-raise,-954,233,-421
shoulders,lateral-raise,-964,214,-424
shoulders,lateral-raise,-970,206,-394
shoulders,lateral-raise,-952,200,-365
shoulders,lateral-raise,-950,203,-326
shoulders,lateral-raise,-944,222,-313
shoulders,lateral-raise,-943,248,-285
shoulders,lateral-raise,-941,246,-311
shoulders,lateral-raise,-967,235,-307
shoulders,lateral-raise,-959,255,-319
shoulders,lateral-raise,-953,247,-238
shoulders,lateral-raise,-961,240,-216
shoulders,lateral-raise,-968,239,-214
shoulders,lateral-raise,-960,224,-184
shoulders,lateral-raise,-960,240,-184
shoulders,lateral-raise,-960,232,-224
shoulders,lateral-raise,-960,232,-224
shoulders,lateral-raise,-944,248,-247
shoulders,lateral-raise,-944,248,-248
shoulders,lateral-raise,-944,226,-263
shoulders,lateral-raise,-973,217,-344
shoulders,lateral-raise,-983,209,-402
shoulders,lateral-raise,-977,194,-548
shoulders,lateral-raise,-1010,219,-575
shoulders,lateral-raise,-1009,271,-589
shoulders,lateral-raise,-1054,254,-572
shoulders,lateral-raise,-1096,267,-651
shoulders,lateral-raise,-1123,253,-722
shoulders,lateral-raise,-1164,254,-796
shoulders,lateral-raise,-1194,262,-810
shoulders,lateral-raise,-1223,241,-791
shoulders,lateral-raise,-1249,226,-812
shoulders,lateral-raise,-1261,246,-808
shoulders,lateral-raise,-1290,251,-811
shoulders,lateral-raise,-1324,243,-780
shoulders,lateral-raise,-1366,260,-730
shoulders,lateral-raise,-1408,262,-722
shoulders,lateral-raise,-1424,261,-705
shoulders,lateral-raise,-1411,237,-728
shoulders,lateral-raise,-1361,220,-756
shoulders,lateral-raise,-1291,224,-744
shoulders,lateral-raise,-1212,224,-704
shoulders,lateral-raise,-1126,216,-653
shoulders,lateral-raise,-1051,208,-665
shoulders,lateral-raise,-977,201,-732
shoulders,lateral-raise,-908,179,-758
shoulders,lateral-raise,-838,173,-725
shoulders,lateral-raise,-755,183,-699
shoulders,lateral-raise,-676,165,-681
shoulders,lateral-raise,-578,141,-648
shoulders,lateral-raise,-515,117,-672
shoulders,lateral-raise,-448,142,-676
shoulders,lateral-raise,-372,113,-630
shoulders,lateral-raise,-303,54,-588
shoulders,lateral-raise,-234,50,-600
shoulders,lateral-raise,-152,60,-604
shoulders,lateral-raise,-81,64,-623
shoulders,lateral-raise,-15,26,-648
shoulders,lateral-raise,32,4,-647
shoulders,lateral-raise,80,25,-613
shoulders,lateral-raise,135,34,-459
shoulders,lateral-raise,188,47,-481
shoulders,lateral-raise,228,40,-488
shoulders,lateral-raise,266,37,-494
shoulders,lateral-raise,289,-1,-573
shoulders,lateral-raise,305,-24,-520
shoulders,lateral-raise,344,-8,-503
shoulders,lateral-raise,360,-24,-401
shoulders,lateral-raise,368,7,-392
shoulders,lateral-raise,376,-22,-476
shoulders,lateral-raise,383,-91,-540
shoulders,lateral-raise,428,-125,-551
shoulders,lateral-raise,439,-99,-481
shoulders,lateral-raise,447,-103,-507
shoulders,lateral-raise,475,-97,-492
shoulders,lateral-raise,480,-69,-515
shoulders,lateral-raise,473,-57,-605
shoulders,lateral-raise,478,-50,-649
shoulders,lateral-raise,437,-67,-631
shoulders,lateral-raise,430,-60,-588
shoulders,lateral-raise,414,-50,-582
shoulders,lateral-raise,419,-42,-607
shoulders,lateral-raise,396,-68,-655
shoulders,lateral-raise,362,-80,-677
shoulders,lateral-raise,341,-59,-696
shoulders,lateral-raise,311,-53,-694
shoulders,lateral-raise,261,-46,-658
shoulders,lateral-raise,230,-21,-683
shoulders,lateral-raise,210,-3,-777
shoulders,lateral-raise,182,18,-851
shoulders,lateral-raise,151,28,-846
shoulders,lateral-raise,99,24,-774
shoulders,lateral-raise,24,28,-704
shoulders,lateral-raise,-39,36,-738
shoulders,lateral-raise,-71,25,-859
shoulders,lateral-raise,-91,19,-935
shoulders,lateral-raise,-117,32,-920
shoulders,lateral-raise,-159,38,-859
shoulders,lateral-raise,-220,51,-822
shoulders,lateral-raise,-279,68,-849
shoulders,lateral-raise,-320,85,-880
shoulders,lateral-raise,-355,80,-885
shoulders,lateral-raise,-379,90,-891
shoulders,lateral-raise,-429,121,-857
shoulders,lateral-raise,-453,150,-811
shoulders,lateral-raise,-502,164,-850
shoulders,lateral-raise,-549,157,-891
shoulders,lateral-raise,-575,166,-926
shoulders,lateral-raise,-607,134,-921
shoulders,lateral-raise,-640,167,-927
shoulders,lateral-raise,-646,200,-892
shoulders,lateral-raise,-686,205,-736
shoulders,lateral-raise,-733,241,-798
shoulders,lateral-raise,-776,249,-845
shoulders,lateral-raise,-778,258,-823
shoulders,lateral-raise,-809,287,-903
shoulders,lateral-raise,-832,273,-735
shoulders,lateral-raise,-832,312,-704
shoulders,lateral-raise,-856,272,-648
shoulders,lateral-raise,-887,311,-702
shoulders,lateral-raise,-888,320,-666
shoulders,lateral-raise,-910,327,-627
shoulders,lateral-raise,-905,321,-631
shoulders,lateral-raise,-925,313,-575
shoulders,lateral-raise,-928,298,-568
shoulders,lateral-raise,-935,289,-513
shoulders,lateral-raise,-936,295,-484
shoulders,lateral-raise,-949,303,-473
shoulders,lateral-raise,-971,298,-440
shoulders,lateral-raise,-964,308,-444
shoulders,lateral-raise,-978,288,-424
shoulders,lateral-raise,-972,286,-375
shoulders,lateral-raise,-974,288,-354
shoulders,lateral-raise,-993,305,-358
shoulders,lateral-raise,-989,307,-311
shoulders,lateral-raise,-979,293,-277
shoulders,lateral-raise,-971,283,-308
shoulders,lateral-raise,-973,275,-313
shoulders,lateral-raise,-986,272,-266
shoulders,lateral-raise,-1011,267,-217
shoulders,lateral-raise,-1015,268,-200
shoulders,lateral-raise,-1008,272,-209
shoulders,lateral-raise,-1000,264,-220
shoulders,lateral-raise,-992,256,-208
shoulders,lateral-raise,-992,252,-173
shoulders,lateral-raise,-988,241,-170
shoulders,lateral-raise,-984,228,-192
shoulders,lateral-raise,-984,221,-182
shoulders,lateral-raise,-978,219,-178
shoulders,lateral-raise,-965,215,-220
shoulders,lateral-raise,-954,203,-255
shoulders,lateral-raise,-939,211,-245
shoulders,lateral-raise,-925,206,-272
shoulders,lateral-raise,-927,191,-326
shoulders,lateral-raise,-953,219,-410
shoulders,lateral-raise,-982,252,-511
shoulders,lateral-raise,-1010,260,-554
shoulders,lateral-raise,-1054,248,-574
shoulders,lateral-raise,-1111,250,-621
shoulders,lateral-raise,-1145,256,-623
shoulders,lateral-raise,-1189,253,-677
shoulders,lateral-raise,-1221,239,-638
shoulders,lateral-raise,-1253,231,-714
shoulders,lateral-raise,-1291,222,-672
shoulders,lateral-raise,-1321,208,-676
shoulders,lateral-raise,-1330,210,-721
shoulders,lateral-raise,-1360,231,-727
shoulders,lateral-raise,-1368,216,-704
shoulders,lateral-raise,-1384,217,-688
shoulders,lateral-raise,-1400,279,-688
shoulders,lateral-raise,-1384,303,-750
shoulders,lateral-raise,-1369,304,-706
shoulders,lateral-raise,-1346,259,-734
shoulders,lateral-raise,-1293,263,-707
shoulders,lateral-raise,-1274,257,-747
shoulders,lateral-raise,-1209,242,-675
shoulders,lateral-raise,-1139,179,-650
shoulders,lateral-raise,-1041,155,-668
shoulders,lateral-raise,-952,139,-665
shoulders,lateral-raise,-860,130,-683
shoulders,lateral-raise,-766,91,-657
shoulders,lateral-raise,-665,104,-618
shoulders,lateral-raise,-605,100,-608
shoulders,lateral-raise,-529,90,-602
shoulders,lateral-raise,-454,66,-600
shoulders,lateral-raise,-383,51,-665
shoulders,lateral-raise,-297,37,-633
shoulders,lateral-raise,-218,27,-590
shoulders,lateral-raise,-138,49,-530
shoulders,lateral-raise,-90,35,-506
shoulders,lateral-raise,-52,11,-531
shoulders,lateral-raise,4,-5,-548
shoulders,lateral-raise,54,-20,-517
shoulders,lateral-raise,101,-45,-471
shoulders,lateral-raise,164,-24,-404
shoulders,lateral-raise,208,-11,-402
shoulders,lateral-raise,242,-47,-474
shoulders,lateral-raise,286,-81,-514
shoulders,lateral-raise,328,-112,-516
shoulders,lateral-raise,389,-93,-446
shoulders,lateral-raise,426,-85,-415
shoulders,lateral-raise,431,-111,-476
shoulders,lateral-raise,459,-118,-540
shoulders,lateral-raise,477,-163,-621
shoulders,lateral-raise,509,-166,-601
shoulders,lateral-raise,513,-160,-557
shoulders,lateral-raise,498,-149,-536
shoulders,lateral-raise,496,-134,-572
shoulders,lateral-raise,470,-171,-608
shoulders,lateral-raise,466,-150,-610
shoulders,lateral-raise,472,-145,-620
shoulders,lateral-raise,465,-152,-621
shoulders,lateral-raise,427,-148,-528
shoulders,lateral-raise,397,-126,-530
shoulders,lateral-raise,373,-111,-548
shoulders,lateral-raise,340,-103,-582
shoulders,lateral-raise,304,-87,-563
shoulders,lateral-raise,302,-80,-604
shoulders,lateral-raise,264,-88,-677
shoulders,lateral-raise,264,-88,-592
shoulders,lateral-raise,240,-72,-672
shoulders,lateral-raise,209,-88,-742
shoulders,lateral-raise,147,-73,-698
shoulders,lateral-raise,92,-12,-621
shoulders,lateral-raise,44,-59,-652
shoulders,lateral-raise,4,-7,-720
shoulders,lateral-raise,-35,-21,-798
shoulders,lateral-raise,-54,-24,-856
shoulders,lateral-raise,-109,3,-897
shoulders,lateral-raise,-172,21,-852
shoulders,lateral-raise,-248,68,-846
shoulders,lateral-raise,-332,86,-867
shoulders,lateral-raise,-412,82,-781
shoulders,lateral-raise,-473,80,-817
shoulders,lateral-raise,-517,74,-909
shoulders,lateral-raise,-534,100,-864
shoulders,lateral-raise,-547,107,-859
shoulders,lateral-raise,-584,109,-914
shoulders,lateral-raise,-631,122,-880
shoulders,lateral-raise,-673,133,-873
shoulders,lateral-raise,-721,141,-864
shoulders,lateral-raise,-772,149,-839
shoulders,lateral-raise,-801,179,-819
shoulders,lateral-raise,-821,187,-843
shoulders,lateral-raise,-844,184,-835
shoulders,lateral-raise,-864,200,-788
shoulders,lateral-raise,-895,216,-772
shoulders,lateral-raise,-927,228,-779
shoulders,lateral-raise,-950,228,-750
shoulders,lateral-raise,-971,224,-730
shoulders,lateral-raise,-1002,218,-734
shoulders,lateral-raise,-1034,202,-635
shoulders,lateral-raise,-1027,198,-588
shoulders,lateral-raise,-1032,203,-600
shoulders,lateral-raise,-1029,195,-561
shoulders,lateral-raise,-1019,205,-497
shoulders,lateral-raise,-1003,218,-475
shoulders,lateral-raise,-994,222,-517
shoulders,lateral-raise,-1004,216,-523
shoulders,lateral-raise,-1016,214,-410
shoulders,lateral-raise,-1016,208,-349
shoulders,lateral-raise,-1013,211,-388
shoulders,lateral-raise,-1005,223,-344
shoulders,lateral-raise,-1023,216,-376
shoulders,lateral-raise,-973,216,-324
shoulders,lateral-raise,-1007,214,-293
shoulders,lateral-raise,-1001,201,-271
shoulders,lateral-raise,-1016,209,-262
shoulders,lateral-raise,-1016,216,-240
shoulders,lateral-raise,-1016,208,-248
shoulders,lateral-raise,-1016,192,-240
shoulders,lateral-raise,-1032,184,-272
shoulders,lateral-raise,-1016,184,-218
shoulders,lateral-raise,-1008,184,-193
shoulders,lateral-raise,-1008,199,-177
shoulders,lateral-raise,-1008,200,-205
shoulders,lateral-raise,-1008,207,-172
shoulders,lateral-raise,-1015,208,-140
shoulders,lateral-raise,-1016,181,-109
shoulders,lateral-raise,-1003,189,-111
shoulders,lateral-raise,-987,192,-112
shoulders,lateral-raise,-971,186,-125
shoulders,lateral-raise,-949,190,-103
shoulders,lateral-raise,-938,174,-114
shoulders,lateral-raise,-942,186,-161
shoulders,lateral-raise,-961,221,-187
shoulders,lateral-raise,-996,199,-237
shoulders,lateral-raise,-1008,189,-413
shoulders,lateral-raise,-1024,218,-504
shoulders,lateral-raise,-1037,176,-594
shoulders,lateral-raise,-1070,159,-640
shoulders,lateral-raise,-1136,139,-630
shoulders,lateral-raise,-1168,134,-661
shoulders,lateral-raise,-1181,131,-706
shoulders,lateral-raise,-1209,129,-724
shoulders,lateral-raise,-1232,132,-703
shoulders,lateral-raise,-1252,128,-672
shoulders,lateral-raise,-1295,132,-683
shoulders,lateral-raise,-1354,129,-693
shoulders,lateral-raise,-1416,141,-669
shoulders,lateral-raise,-1473,168,-632
shoulders,lateral-raise,-1509,158,-616
shoulders,lateral-raise,-1534,147,-637
shoulders,lateral-raise,-1521,178,-623
shoulders,lateral-raise,-1475,202,-622
shoulders,lateral-raise,-1430,155,-651
shoulders,lateral-raise,-1336,144,-663
shoulders,lateral-raise,-1239,151,-678
shoulders,lateral-raise,-1111,166,-678
shoulders,lateral-raise,-1018,154,-676
shoulders,lateral-raise,-934,131,-612
shoulders,lateral-raise,-852,114,-588
shoulders,lateral-raise,-760,117,-562
shoulders,lateral-raise,-677,97,-639
shoulders,lateral-raise,-615,62,-623
shoulders,lateral-raise,-553,40,-569
shoulders,lateral-raise,-496,-19,-582
shoulders,lateral-raise,-423,-43,-626
shoulders,lateral-raise,-322,6,-570
shoulders,lateral-raise,-235,-24,-596
shoulders,lateral-raise,-134,-32,-523
shoulders,lateral-raise,-64,-32,-624
shoulders,lateral-raise,0,-16,-592
shoulders,lateral-raise,0,-16,-592
shoulders,lateral-raise,39,-32,-561
shoulders,lateral-raise,101,-62,-514
shoulders,lateral-raise,156,-49,-512
shoulders,lateral-raise,182,-70,-556
shoulders,lateral-raise,227,-108,-567
shoulders,lateral-raise,225,-105,-568
shoulders,lateral-raise,244,-118,-548
shoulders,lateral-raise,241,-120,-497
shoulders,lateral-raise,312,-3,-403
shoulders,lateral-raise,334,-52,-460
shoulders,lateral-raise,361,-53,-554
shoulders,lateral-raise,392,-66,-642
shoulders,lateral-raise,435,-66,-629
shoulders,lateral-raise,437,-75,-616
shoulders,lateral-raise,460,-52,-560
shoulders,lateral-raise,483,-35,-531
shoulders,lateral-raise,472,-37,-596
shoulders,lateral-raise,454,-35,-632
shoulders,lateral-raise,438,-42,-622
shoulders,lateral-raise,422,-62,-606
shoulders,lateral-raise,411,-67,-581
shoulders,lateral-raise,395,-68,-572
shoulders,lateral-raise,375,-76,-563
shoulders,lateral-raise,356,-68,-560
shoulders,lateral-raise,348,-48,-592
shoulders,lateral-raise,325,-52,-631
shoulders,lateral-raise,289,-49,-619
shoulders,lateral-raise,273,-36,-595
shoulders,lateral-raise,240,-33,-635
shoulders,lateral-raise,189,-24,-666
shoulders,lateral-raise,129,-6,-668
shoulders,lateral-raise,71,27,-688
shoulders,lateral-raise,26,32,-688
shoulders,lateral-raise,-55,40,-691
shoulders,lateral-raise,-121,54,-720
shoulders,lateral-raise,-171,39,-783
shoulders,lateral-raise,-211,18,-802
shoulders,lateral-raise,-244,26,-822
shoulders,lateral-raise,-270,37,-866
shoulders,lateral-raise,-336,58,-864
shoulders,lateral-raise,-410,70,-836
shoulders,lateral-raise,-464,95,-847
shoulders,lateral-raise,-511,90,-804
shoulders,lateral-raise,-557,106,-830
shoulders,lateral-raise,-595,120,-867
shoulders,lateral-raise,-626,123,-821
shoulders,lateral-raise,-655,153,-794
shoulders,lateral-raise,-756,167,-815
shoulders,lateral-raise,-824,152,-792
shoulders,lateral-raise,-841,144,-785
shoulders,lateral-raise,-919,128,-863
shoulders,lateral-raise,-920,136,-810
shoulders,lateral-raise,-905,189,-694
shoulders,lateral-raise,-949,192,-695
shoulders,lateral-raise,-988,192,-681
shoulders,lateral-raise,-1049,178,-701
shoulders,lateral-raise,-1056,183,-641
shoulders,lateral-raise,-1083,191,-605
shoulders,lateral-raise,-1088,239,-573
shoulders,lateral-raise,-1095,241,-548
shoulders,lateral-raise,-1102,234,-480
shoulders,lateral-raise,-1098,232,-427
shoulders,lateral-raise,-1108,220,-410
shoulders,lateral-raise,-1106,222,-402
shoulders,lateral-raise,-1104,213,-371
shoulders,lateral-raise,-1104,202,-321
shoulders,lateral-raise,-1104,205,-309
shoulders,lateral-raise,-1104,208,-291
shoulders,lateral-raise,-1099,203,-275
shoulders,lateral-raise,-1091,200,-277
shoulders,lateral-raise,-1083,210,-275
shoulders,lateral-raise,-1085,221,-263
shoulders,lateral-raise,-1070,220,-243
shoulders,lateral-raise,-1047,207,-232
shoulders,lateral-raise,-1032,192,-228
shoulders,lateral-raise,-1008,184,-224
shoulders,lateral-raise,-980,184,-224
shoulders,lateral-raise,-957,173,-213
shoulders,lateral-raise,-933,160,-207
shoulders,lateral-raise,-907,167,-199
shoulders,lateral-raise,-891,179,-163
shoulders,lateral-raise,-896,184,-141
shoulders,lateral-raise,-896,190,-119
shoulders,lateral-raise,-896,197,-74
shoulders,lateral-raise,-891,187,-38
shoulders,lateral-raise,-885,183,-16
shoulders,lateral-raise,-907,207,-5
shoulders,lateral-raise,-934,220,26
shoulders,lateral-raise,-924,196,36
shoulders,lateral-raise,-910,164,37
shoulders,lateral-raise,-909,181,7
shoulders,lateral-raise,-925,193,38
shoulders,lateral-raise,-912,159,61
shoulders,lateral-raise,-913,152,41
shoulders,lateral-raise,-915,157,8
shoulders,lateral-raise,-882,189,66
shoulders,lateral-raise,-896,161,84
shoulders,lateral-raise,-895,165,116
shoulders,lateral-raise,-888,128,65
shoulders,lateral-raise,-880,136,81
shoulders,lateral-raise,-864,136,128
shoulders,lateral-raise,-864,136,88
shoulders,lateral-raise,-903,128,3
shoulders,lateral-raise,-942,143,61
shoulders,lateral-raise,-937,114,139
shoulders,lateral-raise,-936,141,144
shoulders,lateral-raise,-943,151,51
shoulders,lateral-raise,-979,117,33
shoulders,lateral-raise,-1004,112,46
shoulders,lateral-raise,-1008,139,55
shoulders,lateral-raise,-1034,157,36
shoulders,lateral-raise,-1078,141,19
shoulders,lateral-raise,-1069,136,47
shoulders,lateral-raise,-1046,124,62
shoulders,lateral-raise,-1064,144,46
shoulders,lateral-raise,-1101,158,34
shoulders,lateral-raise,-1123,143,54
shoulders,lateral-raise,-1101,120,129
shoulders,lateral-raise,-1099,101,144
shoulders,lateral-raise,-1094,127,126
shoulders,lateral-raise,-1073,159,130
shoulders,lateral-raise,-1078,163,98
shoulders,lateral-raise,-1088,128,40
shoulders,lateral-raise,-1092,117,38
shoulders,lateral-raise,-1083,119,99
shoulders,lateral-raise,-1064,112,136
shoulders,lateral-raise,-1060,156,128
shoulders,lateral-raise,-1060,204,62
shoulders,lateral-raise,-1063,208,29
shoulders,lateral-raise,-1068,190,75
shoulders,lateral-raise,-1061,178,101
shoulders,lateral-raise,-1056,186,94
shoulders,lateral-raise,-1050,176,44
shoulders,lateral-raise,-1034,170,18
shoulders,lateral-raise,-1016,176,16
shoulders,lateral-raise,-1000,205,14
shoulders,lateral-raise,-1005,207,-24
shoulders,lateral-raise,-1021,256,101
shoulders,lateral-raise,-1038,330,391
shoulders,lateral-raise,-1066,292,300
shoulders,lateral-raise,-1092,246,254
shoulders,lateral-raise,-1060,312,283
shoulders,lateral-raise,-978,351,161
shoulders,lateral-raise,-957,232,3
shoulders,lateral-raise,-988,193,64
shoulders,lateral-raise,-1011,205,112
shoulders,lateral-raise,-1032,246,111
shoulders,lateral-raise,-1031,300,105
shoulders,lateral-raise,-1015,334,123
shoulders,lateral-raise,-1000,311,166
shoulders,lateral-raise,-1000,288,121
shoulders,lateral-raise,-992,296,168
shoulders,lateral-raise,-992,328,152
shoulders,lateral-raise,-976,328,144
shoulders,lateral-raise,-968,343,98
shoulders,lateral-raise,-953,314,103
shoulders,lateral-raise,-945,341,104
shoulders,lateral-raise,-937,337,83
shoulders,lateral-raise,-901,294,31
shoulders,lateral-raise,-848,302,10
shoulders,lateral-raise,-847,324,-99
shoulders,lateral-raise,-887,354,-107
shoulders,lateral-raise,-883,322,-91
shoulders,lateral-raise,-861,262,-63
shoulders,lateral-raise,-862,236,-44
shoulders,lateral-raise,-911,279,-40
shoulders,lateral-raise,-962,359,46
shoulders,lateral-raise,-987,390,141
shoulders,lateral-raise,-1003,392,157
shoulders,lateral-raise,-1003,381,147
shoulders,lateral-raise,-1000,376,124
shoulders,lateral-raise,-1000,376,92
shoulders,lateral-raise,-1024,381,56
shoulders,lateral-raise,-1059,407,-2
shoulders,lateral-raise,-1126,482,-59
shoulders,lateral-raise,-1228,597,-192
shoulders,lateral-raise,-1309,681,-234
shoulders,lateral-raise,-1356,696,-168
shoulders,lateral-raise,-1372,676,-198
shoulders,lateral-raise,-1335,671,-226
shoulders,lateral-raise,-1236,673,-186
shoulders,lateral-raise,-1106,647,-185
shoulders,lateral-raise,-984,589,-263
shoulders,lateral-raise,-872,533,-353
shoulders,lateral-raise,-770,528,-371
shoulders,lateral-raise,-674,523,-387
shoulders,lateral-raise,-600,509,-405
shoulders,lateral-raise,-551,492,-390
shoulders,lateral-raise,-496,455,-379
shoulders,lateral-raise,-441,430,-425
shoulders,lateral-raise,-390,422,-474
shoulders,lateral-raise,-353,421,-493
shoulders,lateral-raise,-323,445,-531
shoulders,lateral-raise,-310,464,-494
shoulders,lateral-raise,-340,451,-423
shoulders,lateral-raise,-352,396,-465
shoulders,lateral-raise,-300,463,-528
shoulders,lateral-raise,-271,457,-586
shoulders,lateral-raise,-263,465,-606
shoulders,lateral-raise,-256,473,-662
shoulders,lateral-raise,-255,481,-638
shoulders,lateral-raise,-240,496,-600
shoulders,lateral-raise,-240,480,-608
