-1304,872,-344,lateral-raise,,,
-1312,468,99,lateral-raise,,,
-1411,289,576,lateral-raise,,,
-1513,183,369,lateral-raise,,,
-1535,147,155,lateral-raise,,,
-1557,108,50,lateral-raise,,,
-1483,139,-100,lateral-raise,,,
-1404,403,112,lateral-raise,,,
-1372,421,232,lateral-raise,,,
-1303,279,137,lateral-raise,,,
-1224,153,176,lateral-raise,,,
-1165,85,142,lateral-raise,,,
-1098,84,158,lateral-raise,,,
-1062,106,121,lateral-raise,,,
-1016,141,64,lateral-raise,,,
-955,174,-30,lateral-raise,,,
-904,124,-64,lateral-raise,,,
-862,91,-48,lateral-raise,,,
-787,113,-4,lateral-raise,,,
-717,123,60,lateral-raise,,,
-677,43,150,lateral-raise,,,
-650,-27,229,lateral-raise,,,
-618,-40,216,lateral-raise,,,
-587,-31,162,lateral-raise,,,
-564,97,140,lateral-raise,,,
-548,256,36,lateral-raise,,,
-563,269,-95,lateral-raise,,,
-610,166,-150,lateral-raise,,,
-679,109,-204,lateral-raise,,,
-772,119,-372,lateral-raise,,,
-896,115,-510,lateral-raise,,,
-1059,141,-540,lateral-raise,,,
-1200,148,-755,lateral-raise,,,
-1278,141,-853,lateral-raise,,,
-1323,93,-860,lateral-raise,,,
-1335,94,-935,lateral-raise,,,
-1352,81,-903,lateral-raise,,,
-1363,102,-931,lateral-raise,,,
-1406,112,-948,lateral-raise,,,
-1462,149,-907,lateral-raise,,,
-1520,125,-885,lateral-raise,,,
-1556,183,-860,lateral-raise,,,
-1579,215,-809,lateral-raise,,,
-1590,203,-823,lateral-raise,,,
-1569,179,-861,lateral-raise,,,
-1511,198,-834,lateral-raise,,,
-1425,181,-781,lateral-raise,,,
-1345,151,-748,lateral-raise,,,
-1243,146,-695,lateral-raise,,,
-1148,182,-680,lateral-raise,,,
-1015,113,-688,lateral-raise,,,
-921,183,-704,lateral-raise,,,
-796,161,-556,lateral-raise,,,
-716,114,-552,lateral-raise,,,
-623,105,-552,lateral-raise,,,
-528,148,-457,lateral-raise,,,
-441,109,-469,lateral-raise,,,
-362,97,-472,lateral-raise,,,
-263,103,-424,lateral-raise,,,
-228,51,-389,lateral-raise,,,
-113,92,-384,lateral-raise,,,
-12,40,-301,lateral-raise,,,
64,12,-274,lateral-raise,,,
140,26,-278,lateral-raise,,,
201,-15,-333,lateral-raise,,,
285,-3,-323,lateral-raise,,,
362,-14,-329,lateral-raise,,,
406,-46,-331,lateral-raise,,,
432,-51,-307,lateral-raise,,,
450,-48,-362,lateral-raise,,,
471,-58,-351,lateral-raise,,,
485,-64,-353,lateral-raise,,,
507,-59,-427,lateral-raise,,,
524,-56,-433,lateral-raise,,,
524,-52,-412,lateral-raise,,,
520,-52,-458,lateral-raise,,,
528,-60,-508,lateral-raise,,,
532,-68,-516,lateral-raise,,,
524,-76,-501,lateral-raise,,,
509,-62,-492,lateral-raise,,,
493,-37,-483,lateral-raise,,,
478,-35,-477,lateral-raise,,,
458,-40,-520,lateral-raise,,,
445,-55,-577,lateral-raise,,,
437,-69,-624,lateral-raise,,,
422,-40,-630,lateral-raise,,,
381,-19,-600,lateral-raise,,,
325,3,-661,lateral-raise,,,
285,28,-691,lateral-raise,,,
244,22,-748,lateral-raise,,,
206,44,-767,lateral-raise,,,
193,56,-797,lateral-raise,,,
158,62,-823,lateral-raise,,,
104,93,-867,lateral-raise,,,
55,115,-918,lateral-raise,,,
-3,91,-902,lateral-raise,,,
-31,113,-894,lateral-raise,,,
-90,119,-940,lateral-raise,,,
-115,112,-897,lateral-raise,,,
-160,115,-913,lateral-raise,,,
-160,176,-932,lateral-raise,,,
-168,168,-1064,lateral-raise,,,
-176,184,-912,lateral-raise,,,
-176,184,-912,lateral-raise,,,
-223,200,-974,lateral-raise,,,
-262,223,-1022,lateral-raise,,,
-339,261,-1017,lateral-raise,,,
-373,249,-928,lateral-raise,,,
-440,262,-870,lateral-raise,,,
-469,257,-962,lateral-raise,,,
-479,249,-942,lateral-raise,,,
-493,288,-903,lateral-raise,,,
-548,276,-909,lateral-raise,,,
-566,278,-899,lateral-raise,,,
-599,274,-865,lateral-raise,,,
-608,308,-850,lateral-raise,,,
-632,302,-913,lateral-raise,,,
-657,313,-850,lateral-raise,,,
-703,320,-822,lateral-raise,,,
-725,331,-813,lateral-raise,,,
-749,331,-813,lateral-raise,,,
-745,318,-816,lateral-raise,,,
-756,312,-722,lateral-raise,,,
-768,326,-721,lateral-raise,,,
-782,327,-714,lateral-raise,,,
-783,316,-676,lateral-raise,,,
-793,312,-694,lateral-raise,,,
-808,320,-670,lateral-raise,,,
-816,328,-664,lateral-raise,,,
-828,332,-646,lateral-raise,,,
-839,325,-603,lateral-raise,,,
-852,305,-627,lateral-raise,,,
-849,316,-637,lateral-raise,,,
-843,334,-603,lateral-raise,,,
-854,320,-548,lateral-raise,,,
-864,326,-522,lateral-raise,,,
-864,325,-507,lateral-raise,,,
-861,296,-501,lateral-raise,,,
-863,285,-505,lateral-raise,,,
-880,296,-481,lateral-raise,,,
-884,300,-447,lateral-raise,,,
-902,308,-408,lateral-raise,,,
-916,296,-427,lateral-raise,,,
-902,289,-415,lateral-raise,,,
-895,267,-439,lateral-raise,,,
-887,283,-439,lateral-raise,,,
-879,295,-459,lateral-raise,,,
-874,287,-397,lateral-raise,,,
-890,277,-502,lateral-raise,,,
-908,258,-620,lateral-raise,,,
-949,284,-664,lateral-raise,,,
-1026,335,-675,lateral-raise,,,
-1065,320,-884,lateral-raise,,,
-1088,304,-1008,lateral-raise,,,
-1096,288,-976,lateral-raise,,,
-1065,241,-1007,lateral-raise,,,
-1041,202,-1023,lateral-raise,,,
-1047,252,-972,lateral-raise,,,
-1055,241,-946,lateral-raise,,,
-1063,204,-980,lateral-raise,,,
-1099,193,-942,lateral-raise,,,
-1104,267,-929,lateral-raise,,,
-1137,240,-888,lateral-raise,,,
-1137,219,-841,lateral-raise,,,
-1123,191,-864,lateral-raise,,,
-1108,172,-847,lateral-raise,,,
-1104,174,-834,lateral-raise,,,
-1086,158,-826,lateral-raise,,,
-1063,158,-813,lateral-raise,,,
-1039,182,-797,lateral-raise,,,
-983,154,-792,lateral-raise,,,
-923,131,-845,lateral-raise,,,
-833,133,-806,lateral-raise,,,
-738,156,-704,lateral-raise,,,
-666,158,-631,lateral-raise,,,
-612,147,-682,lateral-raise,,,
-547,135,-763,lateral-raise,,,
-465,115,-762,lateral-raise,,,
-395,100,-732,lateral-raise,,,
-320,108,-636,lateral-raise,,,
-245,116,-579,lateral-raise,,,
-194,94,-649,lateral-raise,,,
-136,79,-714,lateral-raise,,,
-62,48,-692,lateral-raise,,,
3,11,-587,lateral-raise,,,
50,34,-499,lateral-raise,,,
112,36,-476,lateral-raise,,,
179,31,-529,lateral-raise,,,
216,-16,-602,lateral-raise,,,
263,-18,-617,lateral-raise,,,
305,-29,-543,lateral-raise,,,
320,-34,-387,lateral-raise,,,
306,-12,-379,lateral-raise,,,
350,-13,-496,lateral-raise,,,
400,-59,-600,lateral-raise,,,
403,-72,-567,lateral-raise,,,
417,-65,-519,lateral-raise,,,
429,-30,-308,lateral-raise,,,
455,-15,-300,lateral-raise,,,
448,-10,-388,lateral-raise,,,
449,-23,-430,lateral-raise,,,
465,-11,-486,lateral-raise,,,
481,-47,-458,lateral-raise,,,
496,-31,-487,lateral-raise,,,
496,-8,-440,lateral-raise,,,
464,-8,-488,lateral-raise,,,
448,-24,-566,lateral-raise,,,
425,-1,-591,lateral-raise,,,
409,-7,-607,lateral-raise,,,
401,-8,-615,lateral-raise,,,
343,-8,-680,lateral-raise,,,
336,-1,-611,lateral-raise,,,
309,-7,-696,lateral-raise,,,
231,19,-725,lateral-raise,,,
183,24,-761,lateral-raise,,,
138,56,-806,lateral-raise,,,
116,76,-903,lateral-raise,,,
94,86,-886,lateral-raise,,,
53,117,-872,lateral-raise,,,
6,134,-855,lateral-raise,,,
-36,153,-820,lateral-raise,,,
-86,171,-878,lateral-raise,,,
-125,171,-933,lateral-raise,,,
-146,143,-924,lateral-raise,,,
-177,153,-907,lateral-raise,,,
-211,173,-880,lateral-raise,,,
-243,213,-906,lateral-raise,,,
-301,222,-981,lateral-raise,,,
-340,191,-999,lateral-raise,,,
-369,205,-930,lateral-raise,,,
-436,244,-896,lateral-raise,,,
-515,287,-900,lateral-raise,,,
-567,298,-903,lateral-raise,,,
-595,272,-955,lateral-raise,,,
-608,282,-963,lateral-raise,,,
-618,299,-896,lateral-raise,,,
-635,310,-857,lateral-raise,,,
-652,332,-829,lateral-raise,,,
-677,338,-838,lateral-raise,,,
-696,296,-874,lateral-raise,,,
-727,271,-891,lateral-raise,,,
-762,290,-866,lateral-raise,,,
-770,298,-792,lateral-raise,,,
-786,302,-713,lateral-raise,,,
-816,298,-809,lateral-raise,,,
-823,297,-784,lateral-raise,,,
-848,273,-778,lateral-raise,,,
-849,281,-755,lateral-raise,,,
-862,284,-762,lateral-raise,,,
-894,265,-718,lateral-raise,,,
-882,272,-647,lateral-raise,,,
-895,273,-640,lateral-raise,,,
-889,279,-639,lateral-raise,,,
-895,271,-628,lateral-raise,,,
-880,255,-559,lateral-raise,,,
-896,232,-520,lateral-raise,,,
-896,248,-504,lateral-raise,,,
-904,240,-496,lateral-raise,,,
-904,240,-504,lateral-raise,,,
-904,233,-482,lateral-raise,,,
-897,239,-458,lateral-raise,,,
-882,233,-449,lateral-raise,,,
-894,246,-462,lateral-raise,,,
-896,248,-409,lateral-raise,,,
-896,241,-413,lateral-raise,,,
-896,253,-436,lateral-raise,,,
-883,243,-440,lateral-raise,,,
-880,259,-390,lateral-raise,,,
-886,270,-412,lateral-raise,,,
-894,290,-512,lateral-raise,,,
-919,256,-567,lateral-raise,,,
-934,229,-604,lateral-raise,,,
-968,235,-605,lateral-raise,,,
-1031,287,-674,lateral-raise,,,
-1092,307,-829,lateral-raise,,,
-1112,274,-945,lateral-raise,,,
-1112,218,-981,lateral-raise,,,
-1112,183,-1012,lateral-raise,,,
-1094,185,-983,lateral-raise,,,
-1076,192,-935,lateral-raise,,,
-1084,192,-974,lateral-raise,,,
-1096,204,-1004,lateral-raise,,,
-1104,235,-934,lateral-raise,,,
-1101,263,-802,lateral-raise,,,
-1092,293,-762,lateral-raise,,,
-1086,310,-853,lateral-raise,,,
-1075,283,-914,lateral-raise,,,
-1086,270,-916,lateral-raise,,,
-1090,274,-847,lateral-raise,,,
-1075,272,-768,lateral-raise,,,
-1043,285,-810,lateral-raise,,,
-993,273,-883,lateral-raise,,,
-962,251,-946,lateral-raise,,,
-894,227,-933,lateral-raise,,,
-784,214,-731,lateral-raise,,,
-714,269,-627,lateral-raise,,,
-627,220,-699,lateral-raise,,,
-566,163,-854,lateral-raise,,,
-501,96,-925,lateral-raise,,,
-399,64,-745,lateral-raise,,,
-337,115,-489,lateral-raise,,,
-277,132,-605,lateral-raise,,,
-180,90,-595,lateral-raise,,,
-131,33,-704,lateral-raise,,,
-62,46,-706,lateral-raise,,,
-22,9,-737,lateral-raise,,,
48,32,-504,lateral-raise,,,
104,56,-448,lateral-raise,,,
104,56,-448,lateral-raise,,,
151,40,-417,lateral-raise,,,
205,25,-561,lateral-raise,,,
230,-21,-635,lateral-raise,,,
261,-39,-560,lateral-raise,,,
293,-83,-395,lateral-raise,,,
317,-32,-355,lateral-raise,,,
340,-31,-325,lateral-raise,,,
377,-59,-300,lateral-raise,,,
410,-77,-433,lateral-raise,,,
429,-112,-508,lateral-raise,,,
463,-101,-439,lateral-raise,,,
484,-84,-404,lateral-raise,,,
488,-56,-347,lateral-raise,,,
488,-54,-385,lateral-raise,,,
488,-73,-430,lateral-raise,,,
483,-80,-521,lateral-raise,,,
496,-101,-539,lateral-raise,,,
504,-107,-497,lateral-raise,,,
509,-89,-490,lateral-raise,,,
493,-80,-529,lateral-raise,,,
480,-94,-566,lateral-raise,,,
453,-95,-603,lateral-raise,,,
406,-71,-628,lateral-raise,,,
367,-44,-628,lateral-raise,,,
332,-24,-648,lateral-raise,,,
300,-20,-695,lateral-raise,,,
273,-20,-757,lateral-raise,,,
245,-16,-775,lateral-raise,,,
229,-6,-781,lateral-raise,,,
201,11,-826,lateral-raise,,,
147,16,-816,lateral-raise,,,
89,16,-845,lateral-raise,,,
45,13,-882,lateral-raise,,,
19,11,-861,lateral-raise,,,
-34,21,-887,lateral-raise,,,
-58,37,-918,lateral-raise,,,
-83,50,-927,lateral-raise,,,
-154,64,-964,lateral-raise,,,
-212,90,-943,lateral-raise,,,
-236,104,-922,lateral-raise,,,
-283,142,-975,lateral-raise,,,
-305,172,-1032,lateral-raise,,,
-360,191,-979,lateral-raise,,,
-415,180,-904,lateral-raise,,,
-471,154,-907,lateral-raise,,,
-529,165,-929,lateral-raise,,,
-535,137,-940,lateral-raise,,,
-521,145,-882,lateral-raise,,,
-545,168,-913,lateral-raise,,,
-576,160,-935,lateral-raise,,,
-600,144,-841,lateral-raise,,,
-631,191,-871,lateral-raise,,,
-670,207,-933,lateral-raise,,,
-702,201,-876,lateral-raise,,,
-682,222,-843,lateral-raise,,,
-737,217,-854,lateral-raise,,,
-744,195,-758,lateral-raise,,,
-744,199,-853,lateral-raise,,,
-791,193,-879,lateral-raise,,,
-793,166,-789,lateral-raise,,,
-798,185,-749,lateral-raise,,,
-819,192,-713,lateral-raise,,,
-830,204,-692,lateral-raise,,,
-838,190,-700,lateral-raise,,,
-846,167,-710,lateral-raise,,,
-837,171,-701,lateral-raise,,,
-832,187,-680,lateral-raise,,,
-837,192,-588,lateral-raise,,,
-840,197,-564,lateral-raise,,,
-860,205,-586,lateral-raise,,,
-877,189,-511,lateral-raise,,,
-885,181,-484,lateral-raise,,,
-888,188,-531,lateral-raise,,,
-888,201,-526,lateral-raise,,,
-888,216,-492,lateral-raise,,,
-884,220,-476,lateral-raise,,,
-895,204,-480,lateral-raise,,,
-916,188,-455,lateral-raise,,,
-924,184,-416,lateral-raise,,,
-928,194,-419,lateral-raise,,,
-931,221,-405,lateral-raise,,,
-927,237,-352,lateral-raise,,,
-915,229,-335,lateral-raise,,,
-923,221,-376,lateral-raise,,,
-928,216,-392,lateral-raise,,,
-935,209,-429,lateral-raise,,,
-954,190,-447,lateral-raise,,,
-956,192,-470,lateral-raise,,,
-942,202,-519,lateral-raise,,,
-938,156,-620,lateral-raise,,,
-952,159,-630,lateral-raise,,,
-994,219,-655,lateral-raise,,,
-1047,229,-803,lateral-raise,,,
-1084,218,-847,lateral-raise,,,
-1108,228,-811,lateral-raise,,,
-1136,204,-936,lateral-raise,,,
-1135,238,-871,lateral-raise,,,
-1128,217,-864,lateral-raise,,,
-1127,232,-864,lateral-raise,,,
-1114,239,-857,lateral-raise,,,
-1168,216,-888,lateral-raise,,,
-1160,208,-824,lateral-raise,,,
-1199,262,-902,lateral-raise,,,
-1170,264,-836,lateral-raise,,,
-1161,271,-810,lateral-raise,,,
-1102,243,-823,lateral-raise,,,
-1103,240,-853,lateral-raise,,,
-1090,198,-793,lateral-raise,,,
-1108,158,-811,lateral-raise,,,
-1092,152,-776,lateral-raise,,,
-1055,178,-827,lateral-raise,,,
-1010,159,-783,lateral-raise,,,
-963,152,-768,lateral-raise,,,
-922,146,-810,lateral-raise,,,
-859,138,-812,lateral-raise,,,
-771,113,-762,lateral-raise,,,
-677,126,-688,lateral-raise,,,
-583,120,-664,lateral-raise,,,
-515,86,-738,lateral-raise,,,
-445,31,-771,lateral-raise,,,
-342,8,-664,lateral-raise,,,
-219,8,-509,lateral-raise,,,
-140,8,-467,lateral-raise,,,
-93,4,-529,lateral-raise,,,
-37,-13,-641,lateral-raise,,,
9,-32,-692,lateral-raise,,,
60,-36,-640,lateral-raise,,,
154,-13,-446,lateral-raise,,,
205,-3,-309,lateral-raise,,,
220,-23,-358,lateral-raise,,,
273,-52,-420,lateral-raise,,,
309,-93,-480,lateral-raise,,,
343,-121,-492,lateral-raise,,,
383,-127,-466,lateral-raise,,,
408,-117,-389,lateral-raise,,,
416,-128,-379,lateral-raise,,,
427,-138,-419,lateral-raise,,,
439,-160,-603,lateral-raise,,,
494,-162,-575,lateral-raise,,,
492,-154,-518,lateral-raise,,,
504,-110,-488,lateral-raise,,,
504,-109,-500,lateral-raise,,,
500,-122,-562,lateral-raise,,,
485,-96,-637,lateral-raise,,,
506,-97,-625,lateral-raise,,,
470,-102,-621,lateral-raise,,,
452,-86,-548,lateral-raise,,,
414,-73,-584,lateral-raise,,,
391,-79,-586,lateral-raise,,,
376,-64,-606,lateral-raise,,,
367,-64,-576,lateral-raise,,,
344,-56,-577,lateral-raise,,,
328,-40,-631,lateral-raise,,,
305,-48,-671,lateral-raise,,,
289,-33,-748,lateral-raise,,,
266,-17,-692,lateral-raise,,,
235,-1,-776,lateral-raise,,,
161,-7,-834,lateral-raise,,,
103,-1,-910,lateral-raise,,,
76,7,-859,lateral-raise,,,
52,61,-755,lateral-raise,,,
9,65,-769,lateral-raise,,,
-25,70,-846,lateral-raise,,,
-51,72,-889,lateral-raise,,,
-80,60,-914,lateral-raise,,,
-117,85,-949,lateral-raise,,,
-168,107,-937,lateral-raise,,,
-212,129,-872,lateral-raise,,,
-267,152,-929,lateral-raise,,,
-314,176,-963,lateral-raise,,,
-328,164,-960,lateral-raise,,,
-358,167,-940,lateral-raise,,,
-376,176,-890,lateral-raise,,,
-427,208,-864,lateral-raise,,,
-486,228,-873,lateral-raise,,,
-547,237,-906,lateral-raise,,,
-596,248,-903,lateral-raise,,,
-628,256,-896,lateral-raise,,,
-667,268,-881,lateral-raise,,,
-703,279,-822,lateral-raise,,,
-727,274,-792,lateral-raise,,,
-739,263,-802,lateral-raise,,,
-754,272,-813,lateral-raise,,,
-774,275,-787,lateral-raise,,,
-801,274,-735,lateral-raise,,,
-832,259,-715,lateral-raise,,,
-835,251,-741,lateral-raise,,,
-845,251,-752,lateral-raise,,,
-854,242,-725,lateral-raise,,,
-854,246,-650,lateral-raise,,,
-876,246,-618,lateral-raise,,,
-892,266,-603,lateral-raise,,,
-909,274,-689,lateral-raise,,,
-928,279,-645,lateral-raise,,,
-927,269,-556,lateral-raise,,,
-922,256,-545,lateral-raise,,,
-938,258,-584,lateral-raise,,,
-951,272,-471,lateral-raise,,,
-944,269,-468,lateral-raise,,,
-943,241,-508,lateral-raise,,,
-928,257,-452,lateral-raise,,,
-928,280,-377,lateral-raise,,,
-920,280,-400,lateral-raise,,,
-928,280,-392,lateral-raise,,,
-928,280,-392,lateral-raise,,,
-982,272,-439,lateral-raise,,,
-969,249,-356,lateral-raise,,,
-961,255,-419,lateral-raise,,,
-953,256,-453,lateral-raise,,,
-952,249,-385,lateral-raise,,,
-945,255,-334,lateral-raise,,,
-944,236,-321,lateral-raise,,,
-944,239,-367,lateral-raise,,,
-937,240,-356,lateral-raise,,,
-949,234,-339,lateral-raise,,,
-952,232,-324,lateral-raise,,,
-958,226,-356,lateral-raise,,,
-954,206,-403,lateral-raise,,,
-952,217,-433,lateral-raise,,,
-963,218,-479,lateral-raise,,,
-984,200,-566,lateral-raise,,,
-997,197,-600,lateral-raise,,,
-1010,231,-625,lateral-raise,,,
-1046,238,-739,lateral-raise,,,
-1088,246,-795,lateral-raise,,,
-1099,233,-801,lateral-raise,,,
-1096,212,-853,lateral-raise,,,
-1087,212,-875,lateral-raise,,,
-1101,208,-843,lateral-raise,,,
-1160,196,-812,lateral-raise,,,
-1200,192,-823,lateral-raise,,,
-1211,188,-811,lateral-raise,,,
-1235,198,-803,lateral-raise,,,
-1261,209,-821,lateral-raise,,,
-1274,223,-794,lateral-raise,,,
-1292,247,-823,lateral-raise,,,
-1321,229,-810,lateral-raise,,,
-1288,213,-788,lateral-raise,,,
-1259,182,-856,lateral-raise,,,
-1203,160,-809,lateral-raise,,,
-1116,158,-801,lateral-raise,,,
-1039,156,-836,lateral-raise,,,
-950,162,-758,lateral-raise,,,
-878,144,-752,lateral-raise,,,
-796,146,-752,lateral-raise,,,
-704,148,-756,lateral-raise,,,
-621,124,-764,lateral-raise,,,
-555,105,-690,lateral-raise,,,
-467,113,-611,lateral-raise,,,
-367,117,-632,lateral-raise,,,
-291,87,-633,lateral-raise,,,
-234,70,-635,lateral-raise,,,
-148,47,-562,lateral-raise,,,
-70,32,-592,lateral-raise,,,
8,48,-575,lateral-raise,,,
40,32,-521,lateral-raise,,,
79,1,-466,lateral-raise,,,
110,-30,-472,lateral-raise,,,
134,-32,-479,lateral-raise,,,
209,-39,-392,lateral-raise,,,
230,-47,-448,lateral-raise,,,
288,-55,-540,lateral-raise,,,
303,-90,-504,lateral-raise,,,
337,-103,-389,lateral-raise,,,
390,-58,-492,lateral-raise,,,
406,-86,-520,lateral-raise,,,
402,-127,-514,lateral-raise,,,
406,-130,-476,lateral-raise,,,
402,-116,-499,lateral-raise,,,
406,-129,-495,lateral-raise,,,
430,-97,-494,lateral-raise,,,
435,-118,-577,lateral-raise,,,
437,-136,-605,lateral-raise,,,
450,-141,-631,lateral-raise,,,
451,-114,-618,lateral-raise,,,
438,-101,-581,lateral-raise,,,
404,-99,-619,lateral-raise,,,
388,-100,-652,lateral-raise,,,
379,-104,-670,lateral-raise,,,
372,-104,-696,lateral-raise,,,
376,-100,-672,lateral-raise,,,
349,-96,-644,lateral-raise,,,
305,-78,-677,lateral-raise,,,
267,-63,-730,lateral-raise,,,
220,-62,-765,lateral-raise,,,
179,-35,-794,lateral-raise,,,
154,-7,-808,lateral-raise,,,
121,8,-811,lateral-raise,,,
69,13,-789,lateral-raise,,,
43,24,-764,lateral-raise,,,
22,24,-834,lateral-raise,,,
-9,31,-847,lateral-raise,,,
-43,48,-835,lateral-raise,,,
-86,52,-862,lateral-raise,,,
-142,69,-852,lateral-raise,,,
-202,88,-853,lateral-raise,,,
-250,89,-898,lateral-raise,,,
-304,99,-868,lateral-raise,,,
-348,117,-850,lateral-raise,,,
-373,145,-869,lateral-raise,,,
-414,155,-905,lateral-raise,,,
-468,178,-914,lateral-raise,,,
-514,201,-927,lateral-raise,,,
-546,210,-800,lateral-raise,,,
-593,248,-808,lateral-raise,,,
-624,248,-816,lateral-raise,,,
-664,272,-856,lateral-raise,,,
-664,233,-840,lateral-raise,,,
-702,240,-794,lateral-raise,,,
-741,270,-829,lateral-raise,,,
-780,257,-839,lateral-raise,,,
-791,285,-811,lateral-raise,,,
-813,295,-829,lateral-raise,,,
-823,282,-716,lateral-raise,,,
-831,313,-649,lateral-raise,,,
-865,300,-705,lateral-raise,,,
-878,321,-720,lateral-raise,,,
-905,309,-677,lateral-raise,,,
-906,316,-664,lateral-raise,,,
-916,320,-646,lateral-raise,,,
-920,320,-577,lateral-raise,,,
-909,314,-580,lateral-raise,,,
-926,323,-587,lateral-raise,,,
-931,307,-621,lateral-raise,,,
-933,301,-569,lateral-raise,,,
-931,299,-469,lateral-raise,,,
-938,301,-427,lateral-raise,,,
-949,313,-452,lateral-raise,,,
-956,316,-441,lateral-raise,,,
-956,312,-438,lateral-raise,,,
-956,304,-414,lateral-raise,,,
-960,296,-364,lateral-raise,,,
-968,281,-367,lateral-raise,,,
-980,268,-373,lateral-raise,,,
-980,265,-346,lateral-raise,,,
-973,259,-315,lateral-raise,,,
-968,264,-273,lateral-raise,,,
-962,264,-234,lateral-raise,,,
-949,261,-239,lateral-raise,,,
-947,248,-294,lateral-raise,,,
-957,227,-305,lateral-raise,,,
-961,221,-208,lateral-raise,,,
-944,225,-228,lateral-raise,,,
-948,216,-303,lateral-raise,,,
-956,238,-362,lateral-raise,,,
-944,234,-355,lateral-raise,,,
-944,238,-423,lateral-raise,,,
-947,231,-547,lateral-raise,,,
-964,229,-561,lateral-raise,,,
-989,254,-569,lateral-raise,,,
-1021,236,-582,lateral-raise,,,
-1059,205,-633,lateral-raise,,,
-1084,181,-717,lateral-raise,,,
-1121,231,-765,lateral-raise,,,
-1138,217,-721,lateral-raise,,,
-1168,231,-745,lateral-raise,,,
-1184,192,-792,lateral-raise,,,
-1208,200,-752,lateral-raise,,,
-1231,200,-744,lateral-raise,,,
-1247,215,-805,lateral-raise,,,
-1278,261,-845,lateral-raise,,,
-1302,242,-797,lateral-raise,,,
-1311,276,-771,lateral-raise,,,
-1333,280,-691,lateral-raise,,,
-1356,287,-707,lateral-raise,,,
-1313,261,-739,lateral-raise,,,
-1271,256,-724,lateral-raise,,,
-1188,212,-764,lateral-raise,,,
-1125,194,-764,lateral-raise,,,
-1046,204,-766,lateral-raise,,,
-983,173,-733,lateral-raise,,,
-905,166,-714,lateral-raise,,,
-835,151,-690,lateral-raise,,,
-740,122,-696,lateral-raise,,,
-651,123,-699,lateral-raise,,,
-568,118,-676,lateral-raise,,,
-496,107,-679,lateral-raise,,,
-439,104,-721,lateral-raise,,,
-360,90,-712,lateral-raise,,,
-289,76,-688,lateral-raise,,,
-229,72,-662,lateral-raise,,,
-167,55,-607,lateral-raise,,,
-96,52,-524,lateral-raise,,,
-29,52,-464,lateral-raise,,,
11,29,-471,lateral-raise,,,
45,2,-492,lateral-raise,,,
92,-16,-499,lateral-raise,,,
136,-22,-520,lateral-raise,,,
181,-38,-498,lateral-raise,,,
225,-51,-439,lateral-raise,,,
248,-61,-469,lateral-raise,,,
272,-77,-470,lateral-raise,,,
298,-81,-467,lateral-raise,,,
327,-75,-519,lateral-raise,,,
355,-98,-555,lateral-raise,,,
396,-92,-590,lateral-raise,,,
436,-126,-538,lateral-raise,,,
450,-122,-526,lateral-raise,,,
462,-122,-465,lateral-raise,,,
495,-92,-531,lateral-raise,,,
530,-81,-664,lateral-raise,,,
542,-135,-661,lateral-raise,,,
527,-125,-628,lateral-raise,,,
518,-97,-527,lateral-raise,,,
497,-102,-514,lateral-raise,,,
502,-74,-549,lateral-raise,,,
456,-112,-640,lateral-raise,,,
440,-104,-624,lateral-raise,,,
408,-104,-648,lateral-raise,,,
408,-104,-648,lateral-raise,,,
385,-65,-594,lateral-raise,,,
354,-79,-524,lateral-raise,,,
307,-73,-602,lateral-raise,,,
297,-57,-674,lateral-raise,,,
275,-70,-680,lateral-raise,,,
258,-72,-687,lateral-raise,,,
270,-11,-695,lateral-raise,,,
225,13,-669,lateral-raise,,,
144,3,-729,lateral-raise,,,
96,19,-839,lateral-raise,,,
63,-7,-876,lateral-raise,,,
44,-10,-904,lateral-raise,,,
22,-8,-865,lateral-raise,,,
-24,9,-831,lateral-raise,,,
-90,16,-824,lateral-raise,,,
-150,27,-856,lateral-raise,,,
-184,32,-946,lateral-raise,,,
-217,47,-964,lateral-raise,,,
-247,51,-932,lateral-raise,,,
-289,77,-925,lateral-raise,,,
-340,82,-919,lateral-raise,,,
-378,81,-903,lateral-raise,,,
-414,101,-935,lateral-raise,,,
-444,108,-964,lateral-raise,,,
-472,104,-944,lateral-raise,,,
-500,119,-909,lateral-raise,,,
-523,143,-881,lateral-raise,,,
-557,152,-893,lateral-raise,,,
-604,165,-913,lateral-raise,,,
-635,190,-862,lateral-raise,,,
-649,215,-794,lateral-raise,,,
-673,237,-767,lateral-raise,,,
-710,246,-802,lateral-raise,,,
-760,264,-892,lateral-raise,,,
-783,241,-811,lateral-raise,,,
-805,231,-789,lateral-raise,,,
-822,244,-760,lateral-raise,,,
-852,232,-758,lateral-raise,,,
-892,234,-738,lateral-raise,,,
-902,245,-688,lateral-raise,,,
-902,265,-688,lateral-raise,,,
-927,272,-673,lateral-raise,,,
-922,273,-609,lateral-raise,,,
-937,280,-653,lateral-raise,,,
-945,279,-565,lateral-raise,,,
-954,273,-475,lateral-raise,,,
-975,278,-503,lateral-raise,,,
-967,256,-489,lateral-raise,,,
-952,248,-512,lateral-raise,,,
-936,240,-503,lateral-raise,,,
-928,256,-441,lateral-raise,,,
-912,248,-424,lateral-raise,,,
-920,248,-424,lateral-raise,,,
-927,255,-402,lateral-raise,,,
-957,241,-356,lateral-raise,,,
-960,233,-359,lateral-raise,,,
-967,211,-346,lateral-raise,,,
-975,215,-310,lateral-raise,,,
-983,243,-324,lateral-raise,,,
-984,248,-308,lateral-raise,,,
-984,248,-253,lateral-raise,,,
-972,242,-252,lateral-raise,,,
-968,228,-256,lateral-raise,,,
-980,224,-256,lateral-raise,,,
-995,218,-267,lateral-raise,,,
-1000,210,-250,lateral-raise,,,
-995,208,-202,lateral-raise,,,
-987,197,-216,lateral-raise,,,
-984,192,-222,lateral-raise,,,
-974,192,-256,lateral-raise,,,
-963,187,-270,lateral-raise,,,
-955,189,-278,lateral-raise,,,
-952,196,-337,lateral-raise,,,
-948,204,-398,lateral-raise,,,
-961,233,-453,lateral-raise,,,
-992,252,-532,lateral-raise,,,
-1035,252,-630,lateral-raise,,,
-1079,260,-695,lateral-raise,,,
-1135,250,-725,lateral-raise,,,
-1177,229,-745,lateral-raise,,,
-1178,227,-771,lateral-raise,,,
-1198,229,-836,lateral-raise,,,
-1208,224,-841,lateral-raise,,,
-1211,221,-800,lateral-raise,,,
-1239,216,-789,lateral-raise,,,
-1300,223,-822,lateral-raise,,,
-1335,229,-775,lateral-raise,,,
-1352,208,-733,lateral-raise,,,
-1346,230,-788,lateral-raise,,,
-1326,215,-769,lateral-raise,,,
-1310,191,-728,lateral-raise,,,
-1268,217,-674,lateral-raise,,,
-1235,219,-720,lateral-raise,,,
-1162,187,-726,lateral-raise,,,
-1118,160,-760,lateral-raise,,,
-1038,163,-743,lateral-raise,,,
-947,190,-611,lateral-raise,,,
-893,166,-722,lateral-raise,,,
-843,147,-738,lateral-raise,,,
-751,199,-614,lateral-raise,,,
-704,176,-536,lateral-raise,,,
-632,208,-552,lateral-raise,,,
-562,154,-606,lateral-raise,,,
-431,152,-578,lateral-raise,,,
-357,100,-725,lateral-raise,,,
-228,147,-641,lateral-raise,,,
-173,123,-575,lateral-raise,,,
-98,113,-554,lateral-raise,,,
-20,105,-545,lateral-raise,,,
32,84,-597,lateral-raise,,,
47,54,-608,lateral-raise,,,
92,67,-532,lateral-raise,,,
123,29,-512,lateral-raise,,,
176,10,-464,lateral-raise,,,
216,2,-477,lateral-raise,,,
258,-17,-551,lateral-raise,,,
300,-35,-548,lateral-raise,,,
344,-29,-493,lateral-raise,,,
365,-24,-483,lateral-raise,,,
399,-39,-478,lateral-raise,,,
421,-63,-526,lateral-raise,,,
434,-67,-579,lateral-raise,,,
459,-83,-550,lateral-raise,,,
463,-92,-511,lateral-raise,,,
460,-79,-508,lateral-raise,,,
472,-80,-545,lateral-raise,,,
476,-120,-584,lateral-raise,,,
460,-137,-611,lateral-raise,,,
455,-113,-610,lateral-raise,,,
450,-104,-602,lateral-raise,,,
422,-94,-631,lateral-raise,,,
398,-93,-656,lateral-raise,,,
387,-112,-683,lateral-raise,,,
386,-92,-688,lateral-raise,,,
376,-61,-674,lateral-raise,,,
358,-69,-674,lateral-raise,,,
320,-62,-730,lateral-raise,,,
306,-61,-736,lateral-raise,,,
266,-74,-730,lateral-raise,,,
236,-80,-718,lateral-raise,,,
195,-76,-745,lateral-raise,,,
173,-59,-784,lateral-raise,,,
153,-40,-815,lateral-raise,,,
113,-37,-815,lateral-raise,,,
75,-20,-850,lateral-raise,,,
43,-1,-854,lateral-raise,,,
3,-5,-793,lateral-raise,,,
-45,24,-868,lateral-raise,,,
-100,24,-838,lateral-raise,,,
-154,23,-920,lateral-raise,,,
-185,9,-925,lateral-raise,,,
-216,40,-824,lateral-raise,,,
-216,64,-832,lateral-raise,,,
-294,64,-855,lateral-raise,,,
-304,41,-932,lateral-raise,,,
-311,62,-929,lateral-raise,,,
-363,71,-943,lateral-raise,,,
-404,115,-894,lateral-raise,,,
-457,148,-874,lateral-raise,,,
-525,152,-865,lateral-raise,,,
-569,179,-937,lateral-raise,,,
-641,171,-906,lateral-raise,,,
-643,162,-909,lateral-raise,,,
-677,154,-912,lateral-raise,,,
-694,182,-864,lateral-raise,,,
-720,186,-842,lateral-raise,,,
-751,173,-892,lateral-raise,,,
-777,179,-845,lateral-raise,,,
-806,173,-827,lateral-raise,,,
-842,168,-795,lateral-raise,,,
-856,173,-791,lateral-raise,,,
-871,176,-780,lateral-raise,,,
-870,186,-720,lateral-raise,,,
-887,183,-674,lateral-raise,,,
-895,172,-668,lateral-raise,,,
-892,168,-672,lateral-raise,,,
-908,168,-643,lateral-raise,,,
-912,160,-608,lateral-raise,,,
-912,160,-600,lateral-raise,,,
-916,164,-585,lateral-raise,,,
-919,164,-554,lateral-raise,,,
-931,181,-512,lateral-raise,,,
-939,200,-512,lateral-raise,,,
-941,197,-554,lateral-raise,,,
-933,186,-527,lateral-raise,,,
-931,181,-471,lateral-raise,,,
-941,200,-419,lateral-raise,,,
-952,223,-410,lateral-raise,,,
-954,233,-421,lateral-raise,,,
-964,214,-424,lateral-raise,,,
-970,206,-394,lateral-raise,,,
-952,200,-365,lateral-raise,,,
-950,203,-326,lateral-raise,,,
-944,222,-313,lateral-raise,,,
-943,248,-285,lateral-raise,,,
-941,246,-311,lateral-raise,,,
-967,235,-307,lateral-raise,,,
-959,255,-319,lateral-raise,,,
-953,247,-238,lateral-raise,,,
-961,240,-216,lateral-raise,,,
-968,239,-214,lateral-raise,,,
-960,224,-184,lateral-raise,,,
-960,240,-184,lateral-raise,,,
-960,232,-224,lateral-raise,,,
-960,232,-224,lateral-raise,,,
-944,248,-247,lateral-raise,,,
-944,248,-248,lateral-raise,,,
-944,226,-263,lateral-raise,,,
-973,217,-344,lateral-raise,,,
-983,209,-402,lateral-raise,,,
-977,194,-548,lateral-raise,,,
-1010,219,-575,lateral-raise,,,
-1009,271,-589,lateral-raise,,,
-1054,254,-572,lateral-raise,,,
-1096,267,-651,lateral-raise,,,
-1123,253,-722,lateral-raise,,,
-1164,254,-796,lateral-raise,,,
-1194,262,-810,lateral-raise,,,
-1223,241,-791,lateral-raise,,,
-1249,226,-812,lateral-raise,,,
-1261,246,-808,lateral-raise,,,
-1290,251,-811,lateral-raise,,,
-1324,243,-780,lateral-raise,,,
-1366,260,-730,lateral-raise,,,
-1408,262,-722,lateral-raise,,,
-1424,261,-705,lateral-raise,,,
-1411,237,-728,lateral-raise,,,
-1361,220,-756,lateral-raise,,,
-1291,224,-744,lateral-raise,,,
-1212,224,-704,lateral-raise,,,
-1126,216,-653,lateral-raise,,,
-1051,208,-665,lateral-raise,,,
-977,201,-732,lateral-raise,,,
-908,179,-758,lateral-raise,,,
-838,173,-725,lateral-raise,,,
-755,183,-699,lateral-raise,,,
-676,165,-681,lateral-raise,,,
-578,141,-648,lateral-raise,,,
-515,117,-672,lateral-raise,,,
-448,142,-676,lateral-raise,,,
-372,113,-630,lateral-raise,,,
-303,54,-588,lateral-raise,,,
-234,50,-600,lateral-raise,,,
-152,60,-604,lateral-raise,,,
-81,64,-623,lateral-raise,,,
-15,26,-648,lateral-raise,,,
32,4,-647,lateral-raise,,,
80,25,-613,lateral-raise,,,
135,34,-459,lateral-raise,,,
188,47,-481,lateral-raise,,,
228,40,-488,lateral-raise,,,
266,37,-494,lateral-raise,,,
289,-1,-573,lateral-raise,,,
305,-24,-520,lateral-raise,,,
344,-8,-503,lateral-raise,,,
360,-24,-401,lateral-raise,,,
368,7,-392,lateral-raise,,,
376,-22,-476,lateral-raise,,,
383,-91,-540,lateral-raise,,,
428,-125,-551,lateral-raise,,,
439,-99,-481,lateral-raise,,,
447,-103,-507,lateral-raise,,,
475,-97,-492,lateral-raise,,,
480,-69,-515,lateral-raise,,,
473,-57,-605,lateral-raise,,,
478,-50,-649,lateral-raise,,,
437,-67,-631,lateral-raise,,,
430,-60,-588,lateral-raise,,,
414,-50,-582,lateral-raise,,,
419,-42,-607,lateral-raise,,,
396,-68,-655,lateral-raise,,,
362,-80,-677,lateral-raise,,,
341,-59,-696,lateral-raise,,,
311,-53,-694,lateral-raise,,,
261,-46,-658,lateral-raise,,,
230,-21,-683,lateral-raise,,,
210,-3,-777,lateral-raise,,,
182,18,-851,lateral-raise,,,
151,28,-846,lateral-raise,,,
99,24,-774,lateral-raise,,,
24,28,-704,lateral-raise,,,
-39,36,-738,lateral-raise,,,
-71,25,-859,lateral-raise,,,
-91,19,-935,lateral-raise,,,
-117,32,-920,lateral-raise,,,
-159,38,-859,lateral-raise,,,
-220,51,-822,lateral-raise,,,
-279,68,-849,lateral-raise,,,
-320,85,-880,lateral-raise,,,
-355,80,-885,lateral-raise,,,
-379,90,-891,lateral-raise,,,
-429,121,-857,lateral-raise,,,
-453,150,-811,lateral-raise,,,
-502,164,-850,lateral-raise,,,
-549,157,-891,lateral-raise,,,
-575,166,-926,lateral-raise,,,
-607,134,-921,lateral-raise,,,
-640,167,-927,lateral-raise,,,
-646,200,-892,lateral-raise,,,
-686,205,-736,lateral-raise,,,
-733,241,-798,lateral-raise,,,
-776,249,-845,lateral-raise,,,
-778,258,-823,lateral-raise,,,
-809,287,-903,lateral-raise,,,
-832,273,-735,lateral-raise,,,
-832,312,-704,lateral-raise,,,
-856,272,-648,lateral-raise,,,
-887,311,-702,lateral-raise,,,
-888,320,-666,lateral-raise,,,
-910,327,-627,lateral-raise,,,
-905,321,-631,lateral-raise,,,
-925,313,-575,lateral-raise,,,
-928,298,-568,lateral-raise,,,
-935,289,-513,lateral-raise,,,
-936,295,-484,lateral-raise,,,
-949,303,-473,lateral-raise,,,
-971,298,-440,lateral-raise,,,
-964,308,-444,lateral-raise,,,
-978,288,-424,lateral-raise,,,
-972,286,-375,lateral-raise,,,
-974,288,-354,lateral-raise,,,
-993,305,-358,lateral-raise,,,
-989,307,-311,lateral-raise,,,
-979,293,-277,lateral-raise,,,
-971,283,-308,lateral-raise,,,
-973,275,-313,lateral-raise,,,
-986,272,-266,lateral-raise,,,
-1011,267,-217,lateral-raise,,,
-1015,268,-200,lateral-raise,,,
-1008,272,-209,lateral-raise,,,
-1000,264,-220,lateral-raise,,,
-992,256,-208,lateral-raise,,,
-992,252,-173,lateral-raise,,,
-988,241,-170,lateral-raise,,,
-984,228,-192,lateral-raise,,,
-984,221,-182,lateral-raise,,,
-978,219,-178,lateral-raise,,,
-965,215,-220,lateral-raise,,,
-954,203,-255,lateral-raise,,,
-939,211,-245,lateral-raise,,,
-925,206,-272,lateral-raise,,,
-927,191,-326,lateral-raise,,,
-953,219,-410,lateral-raise,,,
-982,252,-511,lateral-raise,,,
-1010,260,-554,lateral-raise,,,
-1054,248,-574,lateral-raise,,,
-1111,250,-621,lateral-raise,,,
-1145,256,-623,lateral-raise,,,
-1189,253,-677,lateral-raise,,,
-1221,239,-638,lateral-raise,,,
-1253,231,-714,lateral-raise,,,
-1291,222,-672,lateral-raise,,,
-1321,208,-676,lateral-raise,,,
-1330,210,-721,lateral-raise,,,
-1360,231,-727,lateral-raise,,,
-1368,216,-704,lateral-raise,,,
-1384,217,-688,lateral-raise,,,
-1400,279,-688,lateral-raise,,,
-1384,303,-750,lateral-raise,,,
-1369,304,-706,lateral-raise,,,
-1346,259,-734,lateral-raise,,,
-1293,263,-707,lateral-raise,,,
-1274,257,-747,lateral-raise,,,
-1209,242,-675,lateral-raise,,,
-1139,179,-650,lateral-raise,,,
-1041,155,-668,lateral-raise,,,
-952,139,-665,lateral-raise,,,
-860,130,-683,lateral-raise,,,
-766,91,-657,lateral-raise,,,
-665,104,-618,lateral-raise,,,
-605,100,-608,lateral-raise,,,
-529,90,-602,lateral-raise,,,
-454,66,-600,lateral-raise,,,
-383,51,-665,lateral-raise,,,
-297,37,-633,lateral-raise,,,
-218,27,-590,lateral-raise,,,
-138,49,-530,lateral-raise,,,
-90,35,-506,lateral-raise,,,
-52,11,-531,lateral-raise,,,
4,-5,-548,lateral-raise,,,
54,-20,-517,lateral-raise,,,
101,-45,-471,lateral-raise,,,
164,-24,-404,lateral-raise,,,
208,-11,-402,lateral-raise,,,
242,-47,-474,lateral-raise,,,
286,-81,-514,lateral-raise,,,
328,-112,-516,lateral-raise,,,
389,-93,-446,lateral-raise,,,
426,-85,-415,lateral-raise,,,
431,-111,-476,lateral-raise,,,
459,-118,-540,lateral-raise,,,
477,-163,-621,lateral-raise,,,
509,-166,-601,lateral-raise,,,
513,-160,-557,lateral-raise,,,
498,-149,-536,lateral-raise,,,
496,-134,-572,lateral-raise,,,
470,-171,-608,lateral-raise,,,
466,-150,-610,lateral-raise,,,
472,-145,-620,lateral-raise,,,
465,-152,-621,lateral-raise,,,
427,-148,-528,lateral-raise,,,
397,-126,-530,lateral-raise,,,
373,-111,-548,lateral-raise,,,
340,-103,-582,lateral-raise,,,
304,-87,-563,lateral-raise,,,
302,-80,-604,lateral-raise,,,
264,-88,-677,lateral-raise,,,
264,-88,-592,lateral-raise,,,
240,-72,-672,lateral-raise,,,
209,-88,-742,lateral-raise,,,
147,-73,-698,lateral-raise,,,
92,-12,-621,lateral-raise,,,
44,-59,-652,lateral-raise,,,
4,-7,-720,lateral-raise,,,
-35,-21,-798,lateral-raise,,,
-54,-24,-856,lateral-raise,,,
-109,3,-897,lateral-raise,,,
-172,21,-852,lateral-raise,,,
-248,68,-846,lateral-raise,,,
-332,86,-867,lateral-raise,,,
-412,82,-781,lateral-raise,,,
-473,80,-817,lateral-raise,,,
-517,74,-909,lateral-raise,,,
-534,100,-864,lateral-raise,,,
-547,107,-859,lateral-raise,,,
-584,109,-914,lateral-raise,,,
-631,122,-880,lateral-raise,,,
-673,133,-873,lateral-raise,,,
-721,141,-864,lateral-raise,,,
-772,149,-839,lateral-raise,,,
-801,179,-819,lateral-raise,,,
-821,187,-843,lateral-raise,,,
-844,184,-835,lateral-raise,,,
-864,200,-788,lateral-raise,,,
-895,216,-772,lateral-raise,,,
-927,228,-779,lateral-raise,,,
-950,228,-750,lateral-raise,,,
-971,224,-730,lateral-raise,,,
-1002,218,-734,lateral-raise,,,
-1034,202,-635,lateral-raise,,,
-1027,198,-588,lateral-raise,,,
-1032,203,-600,lateral-raise,,,
-1029,195,-561,lateral-raise,,,
-1019,205,-497,lateral-raise,,,
-1003,218,-475,lateral-raise,,,
-994,222,-517,lateral-raise,,,
-1004,216,-523,lateral-raise,,,
-1016,214,-410,lateral-raise,,,
-1016,208,-349,lateral-raise,,,
-1013,211,-388,lateral-raise,,,
-1005,223,-344,lateral-raise,,,
-1023,216,-376,lateral-raise,,,
-973,216,-324,lateral-raise,,,
-1007,214,-293,lateral-raise,,,
-1001,201,-271,lateral-raise,,,
-1016,209,-262,lateral-raise,,,
-1016,216,-240,lateral-raise,,,
-1016,208,-248,lateral-raise,,,
-1016,192,-240,lateral-raise,,,
-1032,184,-272,lateral-raise,,,
-1016,184,-218,lateral-raise,,,
-1008,184,-193,lateral-raise,,,
-1008,199,-177,lateral-raise,,,
-1008,200,-205,lateral-raise,,,
-1008,207,-172,lateral-raise,,,
-1015,208,-140,lateral-raise,,,
-1016,181,-109,lateral-raise,,,
-1003,189,-111,lateral-raise,,,
-987,192,-112,lateral-raise,,,
-971,186,-125,lateral-raise,,,
-949,190,-103,lateral-raise,,,
-938,174,-114,lateral-raise,,,
-942,186,-161,lateral-raise,,,
-961,221,-187,lateral-raise,,,
-996,199,-237,lateral-raise,,,
-1008,189,-413,lateral-raise,,,
-1024,218,-504,lateral-raise,,,
-1037,176,-594,lateral-raise,,,
-1070,159,-640,lateral-raise,,,
-1136,139,-630,lateral-raise,,,
-1168,134,-661,lateral-raise,,,
-1181,131,-706,lateral-raise,,,
-1209,129,-724,lateral-raise,,,
-1232,132,-703,lateral-raise,,,
-1252,128,-672,lateral-raise,,,
-1295,132,-683,lateral-raise,,,
-1354,129,-693,lateral-raise,,,
-1416,141,-669,lateral-raise,,,
-1473,168,-632,lateral-raise,,,
-1509,158,-616,lateral-raise,,,
-1534,147,-637,lateral-raise,,,
-1521,178,-623,lateral-raise,,,
-1475,202,-622,lateral-raise,,,
-1430,155,-651,lateral-raise,,,
-1336,144,-663,lateral-raise,,,
-1239,151,-678,lateral-raise,,,
-1111,166,-678,lateral-raise,,,
-1018,154,-676,lateral-raise,,,
-934,131,-612,lateral-raise,,,
-852,114,-588,lateral-raise,,,
-760,117,-562,lateral-raise,,,
-677,97,-639,lateral-raise,,,
-615,62,-623,lateral-raise,,,
-553,40,-569,lateral-raise,,,
-496,-19,-582,lateral-raise,,,
-423,-43,-626,lateral-raise,,,
-322,6,-570,lateral-raise,,,
-235,-24,-596,lateral-raise,,,
-134,-32,-523,lateral-raise,,,
-64,-32,-624,lateral-raise,,,
0,-16,-592,lateral-raise,,,
0,-16,-592,lateral-raise,,,
39,-32,-561,lateral-raise,,,
101,-62,-514,lateral-raise,,,
156,-49,-512,lateral-raise,,,
182,-70,-556,lateral-raise,,,
227,-108,-567,lateral-raise,,,
225,-105,-568,lateral-raise,,,
244,-118,-548,lateral-raise,,,
241,-120,-497,lateral-raise,,,
312,-3,-403,lateral-raise,,,
334,-52,-460,lateral-raise,,,
361,-53,-554,lateral-raise,,,
392,-66,-642,lateral-raise,,,
435,-66,-629,lateral-raise,,,
437,-75,-616,lateral-raise,,,
460,-52,-560,lateral-raise,,,
483,-35,-531,lateral-raise,,,
472,-37,-596,lateral-raise,,,
454,-35,-632,lateral-raise,,,
438,-42,-622,lateral-raise,,,
422,-62,-606,lateral-raise,,,
411,-67,-581,lateral-raise,,,
395,-68,-572,lateral-raise,,,
375,-76,-563,lateral-raise,,,
356,-68,-560,lateral-raise,,,
348,-48,-592,lateral-raise,,,
325,-52,-631,lateral-raise,,,
289,-49,-619,lateral-raise,,,
273,-36,-595,lateral-raise,,,
240,-33,-635,lateral-raise,,,
189,-24,-666,lateral-raise,,,
129,-6,-668,lateral-raise,,,
71,27,-688,lateral-raise,,,
26,32,-688,lateral-raise,,,
-55,40,-691,lateral-raise,,,
-121,54,-720,lateral-raise,,,
-171,39,-783,lateral-raise,,,
-211,18,-802,lateral-raise,,,
-244,26,-822,lateral-raise,,,
-270,37,-866,lateral-raise,,,
-336,58,-864,lateral-raise,,,
-410,70,-836,lateral-raise,,,
-464,95,-847,lateral-raise,,,
-511,90,-804,lateral-raise,,,
-557,106,-830,lateral-raise,,,
-595,120,-867,lateral-raise,,,
-626,123,-821,lateral-raise,,,
-655,153,-794,lateral-raise,,,
-756,167,-815,lateral-raise,,,
-824,152,-792,lateral-raise,,,
-841,144,-785,lateral-raise,,,
-919,128,-863,lateral-raise,,,
-920,136,-810,lateral-raise,,,
-905,189,-694,lateral-raise,,,
-949,192,-695,lateral-raise,,,
-988,192,-681,lateral-raise,,,
-1049,178,-701,lateral-raise,,,
-1056,183,-641,lateral-raise,,,
-1083,191,-605,lateral-raise,,,
-1088,239,-573,lateral-raise,,,
-1095,241,-548,lateral-raise,,,
-1102,234,-480,lateral-raise,,,
-1098,232,-427,lateral-raise,,,
-1108,220,-410,lateral-raise,,,
-1106,222,-402,lateral-raise,,,
-1104,213,-371,lateral-raise,,,
-1104,202,-321,lateral-raise,,,
-1104,205,-309,lateral-raise,,,
-1104,208,-291,lateral-raise,,,
-1099,203,-275,lateral-raise,,,
-1091,200,-277,lateral-raise,,,
-1083,210,-275,lateral-raise,,,
-1085,221,-263,lateral-raise,,,
-1070,220,-243,lateral-raise,,,
-1047,207,-232,lateral-raise,,,
-1032,192,-228,lateral-raise,,,
-1008,184,-224,lateral-raise,,,
-980,184,-224,lateral-raise,,,
-957,173,-213,lateral-raise,,,
-933,160,-207,lateral-raise,,,
-907,167,-199,lateral-raise,,,
-891,179,-163,lateral-raise,,,
-896,184,-141,lateral-raise,,,
-896,190,-119,lateral-raise,,,
-896,197,-74,lateral-raise,,,
-891,187,-38,lateral-raise,,,
-885,183,-16,lateral-raise,,,
-907,207,-5,lateral-raise,,,
-934,220,26,lateral-raise,,,
-924,196,36,lateral-raise,,,
-910,164,37,lateral-raise,,,
-909,181,7,lateral-raise,,,
-925,193,38,lateral-raise,,,
-912,159,61,lateral-raise,,,
-913,152,41,lateral-raise,,,
-915,157,8,lateral-raise,,,
-882,189,66,lateral-raise,,,
-896,161,84,lateral-raise,,,
-895,165,116,lateral-raise,,,
-888,128,65,lateral-raise,,,
-880,136,81,lateral-raise,,,
-864,136,128,lateral-raise,,,
-864,136,88,lateral-raise,,,
-903,128,3,lateral-raise,,,
-942,143,61,lateral-raise,,,
-937,114,139,lateral-raise,,,
-936,141,144,lateral-raise,,,
-943,151,51,lateral-raise,,,
-979,117,33,lateral-raise,,,
-1004,112,46,lateral-raise,,,
-1008,139,55,lateral-raise,,,
-1034,157,36,lateral-raise,,,
-1078,141,19,lateral-raise,,,
-1069,136,47,lateral-raise,,,
-1046,124,62,lateral-raise,,,
-1064,144,46,lateral-raise,,,
-1101,158,34,lateral-raise,,,
-1123,143,54,lateral-raise,,,
-1101,120,129,lateral-raise,,,
-1099,101,144,lateral-raise,,,
-1094,127,126,lateral-raise,,,
-1073,159,130,lateral-raise,,,
-1078,163,98,lateral-raise,,,
-1088,128,40,lateral-raise,,,
-1092,117,38,lateral-raise,,,
-1083,119,99,lateral-raise,,,
-1064,112,136,lateral-raise,,,
-1060,156,128,lateral-raise,,,
-1060,204,62,lateral-raise,,,
-1063,208,29,lateral-raise,,,
-1068,190,75,lateral-raise,,,
-1061,178,101,lateral-raise,,,
-1056,186,94,lateral-raise,,,
-1050,176,44,lateral-raise,,,
-1034,170,18,lateral-raise,,,
-1016,176,16,lateral-raise,,,
-1000,205,14,lateral-raise,,,
-1005,207,-24,lateral-raise,,,
-1021,256,101,lateral-raise,,,
-1038,330,391,lateral-raise,,,
-1066,292,300,lateral-raise,,,
-1092,246,254,lateral-raise,,,
-1060,312,283,lateral-raise,,,
-978,351,161,lateral-raise,,,
-957,232,3,lateral-raise,,,
-988,193,64,lateral-raise,,,
-1011,205,112,lateral-raise,,,
-1032,246,111,lateral-raise,,,
-1031,300,105,lateral-raise,,,
-1015,334,123,lateral-raise,,,
-1000,311,166,lateral-raise,,,
-1000,288,121,lateral-raise,,,
-992,296,168,lateral-raise,,,
-992,328,152,lateral-raise,,,
-976,328,144,lateral-raise,,,
-968,343,98,lateral-raise,,,
-953,314,103,lateral-raise,,,
-945,341,104,lateral-raise,,,
-937,337,83,lateral-raise,,,
-901,294,31,lateral-raise,,,
-848,302,10,lateral-raise,,,
-847,324,-99,lateral-raise,,,
-887,354,-107,lateral-raise,,,
-883,322,-91,lateral-raise,,,
-861,262,-63,lateral-raise,,,
-862,236,-44,lateral-raise,,,
-911,279,-40,lateral-raise,,,
-962,359,46,lateral-raise,,,
-987,390,141,lateral-raise,,,
-1003,392,157,lateral-raise,,,
-1003,381,147,lateral-raise,,,
-1000,376,124,lateral-raise,,,
-1000,376,92,lateral-raise,,,
-1024,381,56,lateral-raise,,,
-1059,407,-2,lateral-raise,,,
-1126,482,-59,lateral-raise,,,
-1228,597,-192,lateral-raise,,,
-1309,681,-234,lateral-raise,,,
-1356,696,-168,lateral-raise,,,
-1372,676,-198,lateral-raise,,,
-1335,671,-226,lateral-raise,,,
-1236,673,-186,lateral-raise,,,
-1106,647,-185,lateral-raise,,,
-984,589,-263,lateral-raise,,,
-872,533,-353,lateral-raise,,,
-770,528,-371,lateral-raise,,,
-674,523,-387,lateral-raise,,,
-600,509,-405,lateral-raise,,,
-551,492,-390,lateral-raise,,,
-496,455,-379,lateral-raise,,,
-441,430,-425,lateral-raise,,,
-390,422,-474,lateral-raise,,,
-353,421,-493,lateral-raise,,,
-323,445,-531,lateral-raise,,,
-310,464,-494,lateral-raise,,,
-340,451,-423,lateral-raise,,,
-352,396,-465,lateral-raise,,,
-300,463,-528,lateral-raise,,,
-271,457,-586,lateral-raise,,,
-263,465,-606,lateral-raise,,,
-256,473,-662,lateral-raise,,,
-255,481,-638,lateral-raise,,,
-240,496,-600,lateral-raise,,,
-240,480,-608,lateral-raise,,,
