-721,230,-565,lateral-raise,,,
-742,208,-617,lateral-raise,,,
-777,197,-610,lateral-raise,,,
-791,200,-591,lateral-raise,,,
-760,200,-564,lateral-raise,,,
-770,190,-633,lateral-raise,,,
-755,171,-660,lateral-raise,,,
-706,154,-615,lateral-raise,,,
-2016,-405,-648,lateral-raise,,,
-502,-379,-194,lateral-raise,,,
-373,-192,-581,lateral-raise,,,
-827,244,-761,lateral-raise,,,
-955,121,-565,lateral-raise,,,
-1228,801,-1028,lateral-raise,,,
-1455,710,-631,lateral-raise,,,
-2264,-784,439,lateral-raise,,,
-2048,872,-1459,lateral-raise,,,
-2273,991,-967,lateral-raise,,,
-1552,1054,-896,lateral-raise,,,
-1366,628,-699,lateral-raise,,,
-1088,541,-658,lateral-raise,,,
-680,39,-324,lateral-raise,,,
-659,32,-409,lateral-raise,,,
-579,121,-285,lateral-raise,,,
-512,258,-160,lateral-raise,,,
-520,390,-97,lateral-raise,,,
-546,402,-80,lateral-raise,,,
-602,412,1,lateral-raise,,,
-668,449,37,lateral-raise,,,
-784,508,33,lateral-raise,,,
-936,543,117,lateral-raise,,,
-1049,520,172,lateral-raise,,,
-1113,506,236,lateral-raise,,,
-1162,512,262,lateral-raise,,,
-1185,518,284,lateral-raise,,,
-1205,493,169,lateral-raise,,,
-1229,385,37,lateral-raise,,,
-1246,279,105,lateral-raise,,,
-1240,312,162,lateral-raise,,,
-1226,328,226,lateral-raise,,,
-1216,340,272,lateral-raise,,,
-1218,334,118,lateral-raise,,,
-1208,189,25,lateral-raise,,,
-1122,341,-45,lateral-raise,,,
-1149,420,10,lateral-raise,,,
-1251,281,-22,lateral-raise,,,
-1426,158,74,lateral-raise,,,
-1458,262,154,lateral-raise,,,
-1463,254,36,lateral-raise,,,
-1404,235,-4,lateral-raise,,,
-1349,236,109,lateral-raise,,,
-1308,219,194,lateral-raise,,,
-1233,243,103,lateral-raise,,,
-1136,207,-5,lateral-raise,,,
-1040,194,-29,lateral-raise,,,
-919,183,64,lateral-raise,,,
-850,128,32,lateral-raise,,,
-812,136,15,lateral-raise,,,
-746,150,-4,lateral-raise,,,
-705,175,-9,lateral-raise,,,
-706,152,-70,lateral-raise,,,
-677,194,-30,lateral-raise,,,
-672,219,37,lateral-raise,,,
-658,224,-9,lateral-raise,,,
-675,258,-106,lateral-raise,,,
-702,295,-187,lateral-raise,,,
-746,331,-333,lateral-raise,,,
-841,335,-205,lateral-raise,,,
-863,307,-494,lateral-raise,,,
-975,257,-658,lateral-raise,,,
-1051,305,-677,lateral-raise,,,
-1144,355,-884,lateral-raise,,,
-1256,376,-848,lateral-raise,,,
-1307,332,-871,lateral-raise,,,
-1434,340,-952,lateral-raise,,,
-1503,342,-892,lateral-raise,,,
-1527,397,-932,lateral-raise,,,
-1521,383,-971,lateral-raise,,,
-1528,409,-857,lateral-raise,,,
-1523,384,-890,lateral-raise,,,
-1464,404,-847,lateral-raise,,,
-1416,368,-832,lateral-raise,,,
-1416,368,-832,lateral-raise,,,
-1331,384,-762,lateral-raise,,,
-1275,384,-714,lateral-raise,,,
-1168,347,-645,lateral-raise,,,
-1051,351,-604,lateral-raise,,,
-969,273,-671,lateral-raise,,,
-862,264,-645,lateral-raise,,,
-712,271,-565,lateral-raise,,,
-601,259,-559,lateral-raise,,,
-532,184,-449,lateral-raise,,,
-418,219,-443,lateral-raise,,,
-311,182,-529,lateral-raise,,,
-216,150,-504,lateral-raise,,,
-116,138,-417,lateral-raise,,,
-36,136,-375,lateral-raise,,,
12,153,-335,lateral-raise,,,
89,122,-342,lateral-raise,,,
157,83,-278,lateral-raise,,,
227,62,-235,lateral-raise,,,
291,36,-272,lateral-raise,,,
360,14,-219,lateral-raise,,,
420,36,-187,lateral-raise,,,
462,16,-227,lateral-raise,,,
502,-3,-235,lateral-raise,,,
545,-13,-232,lateral-raise,,,
588,-52,-240,lateral-raise,,,
623,-80,-271,lateral-raise,,,
666,-81,-271,lateral-raise,,,
689,-83,-239,lateral-raise,,,
677,-93,-272,lateral-raise,,,
682,-111,-317,lateral-raise,,,
681,-138,-357,lateral-raise,,,
665,-134,-380,lateral-raise,,,
669,-141,-385,lateral-raise,,,
648,-133,-422,lateral-raise,,,
631,-135,-402,lateral-raise,,,
590,-145,-419,lateral-raise,,,
580,-136,-465,lateral-raise,,,
562,-152,-520,lateral-raise,,,
544,-126,-549,lateral-raise,,,
536,-120,-560,lateral-raise,,,
500,-116,-541,lateral-raise,,,
475,-93,-609,lateral-raise,,,
440,-82,-660,lateral-raise,,,
388,-90,-679,lateral-raise,,,
360,-45,-671,lateral-raise,,,
354,-24,-670,lateral-raise,,,
292,-22,-740,lateral-raise,,,
240,2,-792,lateral-raise,,,
238,48,-793,lateral-raise,,,
160,40,-824,lateral-raise,,,
120,48,-776,lateral-raise,,,
73,32,-916,lateral-raise,,,
34,40,-722,lateral-raise,,,
25,152,-831,lateral-raise,,,
-27,94,-957,lateral-raise,,,
-46,138,-825,lateral-raise,,,
-104,137,-1003,lateral-raise,,,
-139,156,-882,lateral-raise,,,
-171,207,-869,lateral-raise,,,
-241,203,-937,lateral-raise,,,
-243,194,-901,lateral-raise,,,
-314,198,-888,lateral-raise,,,
-402,170,-852,lateral-raise,,,
-412,166,-928,lateral-raise,,,
-442,145,-983,lateral-raise,,,
-462,197,-970,lateral-raise,,,
-534,229,-884,lateral-raise,,,
-589,211,-869,lateral-raise,,,
-651,210,-946,lateral-raise,,,
-685,216,-999,lateral-raise,,,
-678,216,-946,lateral-raise,,,
-737,239,-881,lateral-raise,,,
-784,269,-873,lateral-raise,,,
-797,267,-910,lateral-raise,,,
-816,244,-924,lateral-raise,,,
-836,232,-916,lateral-raise,,,
-833,240,-908,lateral-raise,,,
-827,241,-837,lateral-raise,,,
-882,218,-775,lateral-raise,,,
-919,210,-760,lateral-raise,,,
-915,234,-734,lateral-raise,,,
-944,224,-720,lateral-raise,,,
-935,190,-660,lateral-raise,,,
-906,197,-624,lateral-raise,,,
-883,197,-629,lateral-raise,,,
-893,230,-594,lateral-raise,,,
-909,280,-483,lateral-raise,,,
-918,261,-493,lateral-raise,,,
-912,220,-525,lateral-raise,,,
-912,254,-456,lateral-raise,,,
-910,240,-509,lateral-raise,,,
-908,217,-490,lateral-raise,,,
-928,260,-455,lateral-raise,,,
-928,278,-409,lateral-raise,,,
-928,259,-413,lateral-raise,,,
-925,228,-393,lateral-raise,,,
-903,265,-413,lateral-raise,,,
-897,268,-538,lateral-raise,,,
-912,210,-450,lateral-raise,,,
-912,248,-343,lateral-raise,,,
-920,232,-576,lateral-raise,,,
-880,216,-592,lateral-raise,,,
-903,200,-802,lateral-raise,,,
-950,268,-869,lateral-raise,,,
-1004,347,-842,lateral-raise,,,
-1066,374,-935,lateral-raise,,,
-1122,333,-1044,lateral-raise,,,
-1142,335,-1112,lateral-raise,,,
-1117,288,-1154,lateral-raise,,,
-1125,307,-1100,lateral-raise,,,
-1135,266,-1068,lateral-raise,,,
-1149,288,-981,lateral-raise,,,
-1189,290,-972,lateral-raise,,,
-1200,288,-946,lateral-raise,,,
-1200,282,-918,lateral-raise,,,
-1200,320,-958,lateral-raise,,,
-1172,319,-920,lateral-raise,,,
-1171,323,-880,lateral-raise,,,
-1144,323,-888,lateral-raise,,,
-1113,300,-876,lateral-raise,,,
-1069,278,-854,lateral-raise,,,
-1010,272,-901,lateral-raise,,,
-910,244,-839,lateral-raise,,,
-834,246,-808,lateral-raise,,,
-773,242,-775,lateral-raise,,,
-711,216,-757,lateral-raise,,,
-652,196,-784,lateral-raise,,,
-566,199,-772,lateral-raise,,,
-471,238,-750,lateral-raise,,,
-399,225,-668,lateral-raise,,,
-341,152,-605,lateral-raise,,,
-269,130,-595,lateral-raise,,,
-204,129,-558,lateral-raise,,,
-146,92,-536,lateral-raise,,,
-61,77,-494,lateral-raise,,,
2,88,-502,lateral-raise,,,
63,73,-440,lateral-raise,,,
112,63,-400,lateral-raise,,,
198,92,-444,lateral-raise,,,
236,26,-438,lateral-raise,,,
303,49,-361,lateral-raise,,,
335,22,-292,lateral-raise,,,
372,15,-345,lateral-raise,,,
429,3,-380,lateral-raise,,,
458,-26,-358,lateral-raise,,,
478,-39,-348,lateral-raise,,,
519,-32,-381,lateral-raise,,,
513,-33,-420,lateral-raise,,,
528,-46,-380,lateral-raise,,,
529,-25,-334,lateral-raise,,,
551,-48,-455,lateral-raise,,,
528,-48,-409,lateral-raise,,,
536,-40,-463,lateral-raise,,,
520,-79,-425,lateral-raise,,,
528,-50,-447,lateral-raise,,,
498,-33,-508,lateral-raise,,,
489,-39,-512,lateral-raise,,,
452,-19,-591,lateral-raise,,,
434,-37,-607,lateral-raise,,,
377,-6,-567,lateral-raise,,,
361,-7,-573,lateral-raise,,,
321,-15,-615,lateral-raise,,,
299,9,-681,lateral-raise,,,
290,35,-783,lateral-raise,,,
258,28,-832,lateral-raise,,,
213,18,-799,lateral-raise,,,
189,85,-813,lateral-raise,,,
167,67,-880,lateral-raise,,,
106,75,-850,lateral-raise,,,
59,109,-892,lateral-raise,,,
23,79,-948,lateral-raise,,,
-2,96,-901,lateral-raise,,,
-61,139,-874,lateral-raise,,,
-101,166,-945,lateral-raise,,,
-140,167,-956,lateral-raise,,,
-185,173,-911,lateral-raise,,,
-237,201,-900,lateral-raise,,,
-292,200,-920,lateral-raise,,,
-331,207,-940,lateral-raise,,,
-367,239,-970,lateral-raise,,,
-412,252,-982,lateral-raise,,,
-475,253,-882,lateral-raise,,,
-522,258,-824,lateral-raise,,,
-548,266,-887,lateral-raise,,,
-591,276,-913,lateral-raise,,,
-621,307,-992,lateral-raise,,,
-613,314,-943,lateral-raise,,,
-645,340,-832,lateral-raise,,,
-665,314,-881,lateral-raise,,,
-686,324,-875,lateral-raise,,,
-690,324,-904,lateral-raise,,,
-724,293,-873,lateral-raise,,,
-731,315,-781,lateral-raise,,,
-722,319,-826,lateral-raise,,,
-772,281,-792,lateral-raise,,,
-790,295,-750,lateral-raise,,,
-781,333,-738,lateral-raise,,,
-820,312,-756,lateral-raise,,,
-853,310,-779,lateral-raise,,,
-827,287,-647,lateral-raise,,,
-872,272,-638,lateral-raise,,,
-879,264,-600,lateral-raise,,,
-840,264,-584,lateral-raise,,,
-896,320,-504,lateral-raise,,,
-896,320,-504,lateral-raise,,,
-873,250,-527,lateral-raise,,,
-895,263,-467,lateral-raise,,,
-926,294,-561,lateral-raise,,,
-899,281,-466,lateral-raise,,,
-903,287,-449,lateral-raise,,,
-904,253,-574,lateral-raise,,,
-884,255,-565,lateral-raise,,,
-887,276,-433,lateral-raise,,,
-901,273,-401,lateral-raise,,,
-885,259,-470,lateral-raise,,,
-905,275,-445,lateral-raise,,,
-912,274,-517,lateral-raise,,,
-924,237,-444,lateral-raise,,,
-917,247,-448,lateral-raise,,,
-901,245,-531,lateral-raise,,,
-901,229,-560,lateral-raise,,,
-893,229,-576,lateral-raise,,,
-883,201,-599,lateral-raise,,,
-865,204,-657,lateral-raise,,,
-885,254,-693,lateral-raise,,,
-923,266,-696,lateral-raise,,,
-963,265,-785,lateral-raise,,,
-1010,263,-878,lateral-raise,,,
-1057,260,-879,lateral-raise,,,
-1104,272,-884,lateral-raise,,,
-1120,292,-927,lateral-raise,,,
-1108,300,-967,lateral-raise,,,
-1108,289,-942,lateral-raise,,,
-1112,280,-891,lateral-raise,,,
-1128,274,-899,lateral-raise,,,
-1149,282,-916,lateral-raise,,,
-1132,286,-919,lateral-raise,,,
-1112,262,-891,lateral-raise,,,
-1112,312,-922,lateral-raise,,,
-1105,309,-976,lateral-raise,,,
-1079,271,-969,lateral-raise,,,
-1028,296,-971,lateral-raise,,,
-950,312,-977,lateral-raise,,,
-931,283,-807,lateral-raise,,,
-878,259,-730,lateral-raise,,,
-825,239,-769,lateral-raise,,,
-752,239,-776,lateral-raise,,,
-701,263,-782,lateral-raise,,,
-632,214,-826,lateral-raise,,,
-565,249,-884,lateral-raise,,,
-471,198,-774,lateral-raise,,,
-452,253,-671,lateral-raise,,,
-396,209,-670,lateral-raise,,,
-319,222,-780,lateral-raise,,,
-287,153,-640,lateral-raise,,,
-209,263,-680,lateral-raise,,,
-138,54,-649,lateral-raise,,,
-83,48,-587,lateral-raise,,,
32,249,-487,lateral-raise,,,
40,74,-546,lateral-raise,,,
119,27,-409,lateral-raise,,,
142,171,-462,lateral-raise,,,
205,-13,-458,lateral-raise,,,
283,79,-476,lateral-raise,,,
342,52,-539,lateral-raise,,,
352,21,-457,lateral-raise,,,
395,-27,-289,lateral-raise,,,
456,26,-363,lateral-raise,,,
443,-17,-476,lateral-raise,,,
484,-40,-452,lateral-raise,,,
515,-40,-321,lateral-raise,,,
504,-35,-364,lateral-raise,,,
528,-48,-413,lateral-raise,,,
564,-36,-406,lateral-raise,,,
566,-39,-454,lateral-raise,,,
550,-48,-455,lateral-raise,,,
558,-39,-451,lateral-raise,,,
564,-59,-451,lateral-raise,,,
538,-50,-401,lateral-raise,,,
528,-41,-468,lateral-raise,,,
520,-56,-528,lateral-raise,,,
500,-41,-527,lateral-raise,,,
481,-39,-560,lateral-raise,,,
460,-60,-521,lateral-raise,,,
443,-24,-533,lateral-raise,,,
401,0,-610,lateral-raise,,,
359,-17,-597,lateral-raise,,,
318,23,-633,lateral-raise,,,
269,11,-701,lateral-raise,,,
248,26,-686,lateral-raise,,,
206,38,-698,lateral-raise,,,
166,32,-781,lateral-raise,,,
114,66,-809,lateral-raise,,,
88,52,-834,lateral-raise,,,
50,68,-795,lateral-raise,,,
-13,87,-891,lateral-raise,,,
-71,112,-905,lateral-raise,,,
-109,111,-931,lateral-raise,,,
-138,109,-1010,lateral-raise,,,
-163,136,-921,lateral-raise,,,
-243,139,-879,lateral-raise,,,
-268,169,-936,lateral-raise,,,
-308,182,-946,lateral-raise,,,
-361,150,-1068,lateral-raise,,,
-379,115,-833,lateral-raise,,,
-464,200,-872,lateral-raise,,,
-456,200,-968,lateral-raise,,,
-510,208,-937,lateral-raise,,,
-527,185,-936,lateral-raise,,,
-558,139,-869,lateral-raise,,,
-596,187,-959,lateral-raise,,,
-629,149,-897,lateral-raise,,,
-674,186,-860,lateral-raise,,,
-694,172,-883,lateral-raise,,,
-723,215,-801,lateral-raise,,,
-761,217,-914,lateral-raise,,,
-755,178,-842,lateral-raise,,,
-808,211,-680,lateral-raise,,,
-818,218,-797,lateral-raise,,,
-822,192,-883,lateral-raise,,,
-824,230,-673,lateral-raise,,,
-869,215,-757,lateral-raise,,,
-893,140,-810,lateral-raise,,,
-901,186,-684,lateral-raise,,,
-914,209,-700,lateral-raise,,,
-920,190,-650,lateral-raise,,,
-925,232,-621,lateral-raise,,,
-942,218,-557,lateral-raise,,,
-943,197,-509,lateral-raise,,,
-945,230,-619,lateral-raise,,,
-940,206,-621,lateral-raise,,,
-936,176,-468,lateral-raise,,,
-940,192,-453,lateral-raise,,,
-925,211,-505,lateral-raise,,,
-923,217,-463,lateral-raise,,,
-936,211,-408,lateral-raise,,,
-930,242,-389,lateral-raise,,,
-932,256,-396,lateral-raise,,,
-949,201,-370,lateral-raise,,,
-944,187,-338,lateral-raise,,,
-949,216,-343,lateral-raise,,,
-953,230,-408,lateral-raise,,,
-938,226,-327,lateral-raise,,,
-944,232,-296,lateral-raise,,,
-940,234,-290,lateral-raise,,,
-930,242,-324,lateral-raise,,,
-939,248,-258,lateral-raise,,,
-956,247,-265,lateral-raise,,,
-976,233,-271,lateral-raise,,,
-974,204,-260,lateral-raise,,,
-961,227,-231,lateral-raise,,,
-971,245,-179,lateral-raise,,,
-991,224,-276,lateral-raise,,,
-975,226,-317,lateral-raise,,,
-968,253,-281,lateral-raise,,,
-968,200,-462,lateral-raise,,,
-952,192,-400,lateral-raise,,,
-928,216,-408,lateral-raise,,,
-928,232,-493,lateral-raise,,,
-920,217,-618,lateral-raise,,,
-920,223,-602,lateral-raise,,,
-993,188,-622,lateral-raise,,,
-1057,191,-660,lateral-raise,,,
-1064,248,-797,lateral-raise,,,
-1098,201,-768,lateral-raise,,,
-1104,232,-773,lateral-raise,,,
-1143,253,-769,lateral-raise,,,
-1171,231,-819,lateral-raise,,,
-1182,212,-820,lateral-raise,,,
-1202,220,-774,lateral-raise,,,
-1208,218,-801,lateral-raise,,,
-1202,233,-787,lateral-raise,,,
-1217,229,-793,lateral-raise,,,
-1213,235,-832,lateral-raise,,,
-1192,251,-811,lateral-raise,,,
-1169,256,-751,lateral-raise,,,
-1150,271,-772,lateral-raise,,,
-1120,247,-776,lateral-raise,,,
-1081,256,-797,lateral-raise,,,
-1024,244,-788,lateral-raise,,,
-966,220,-760,lateral-raise,,,
-902,236,-818,lateral-raise,,,
-816,240,-840,lateral-raise,,,
-753,228,-800,lateral-raise,,,
-707,213,-770,lateral-raise,,,
-647,186,-765,lateral-raise,,,
-596,148,-846,lateral-raise,,,
-545,117,-881,lateral-raise,,,
-475,109,-787,lateral-raise,,,
-390,124,-737,lateral-raise,,,
-325,146,-744,lateral-raise,,,
-270,125,-707,lateral-raise,,,
-230,102,-674,lateral-raise,,,
-185,49,-648,lateral-raise,,,
-88,106,-568,lateral-raise,,,
-72,68,-649,lateral-raise,,,
-8,26,-554,lateral-raise,,,
56,62,-562,lateral-raise,,,
101,-30,-568,lateral-raise,,,
164,13,-560,lateral-raise,,,
190,-5,-524,lateral-raise,,,
230,-37,-531,lateral-raise,,,
274,-62,-443,lateral-raise,,,
294,16,-479,lateral-raise,,,
362,-63,-554,lateral-raise,,,
385,-51,-580,lateral-raise,,,
410,-110,-509,lateral-raise,,,
488,-56,-408,lateral-raise,,,
448,-88,-584,lateral-raise,,,
526,-166,-475,lateral-raise,,,
536,-77,-502,lateral-raise,,,
551,-109,-482,lateral-raise,,,
537,-76,-451,lateral-raise,,,
565,-93,-541,lateral-raise,,,
568,-89,-538,lateral-raise,,,
554,-68,-543,lateral-raise,,,
525,-104,-524,lateral-raise,,,
546,-79,-540,lateral-raise,,,
552,-78,-588,lateral-raise,,,
533,-105,-575,lateral-raise,,,
522,-100,-508,lateral-raise,,,
491,-72,-506,lateral-raise,,,
486,-75,-604,lateral-raise,,,
477,-86,-590,lateral-raise,,,
434,-61,-617,lateral-raise,,,
416,-43,-624,lateral-raise,,,
396,-60,-591,lateral-raise,,,
354,-42,-586,lateral-raise,,,
322,-43,-592,lateral-raise,,,
289,-24,-634,lateral-raise,,,
263,4,-753,lateral-raise,,,
247,-1,-824,lateral-raise,,,
215,4,-728,lateral-raise,,,
160,56,-688,lateral-raise,,,
97,84,-748,lateral-raise,,,
64,113,-782,lateral-raise,,,
57,135,-822,lateral-raise,,,
28,124,-840,lateral-raise,,,
10,158,-830,lateral-raise,,,
-4,165,-886,lateral-raise,,,
-65,172,-959,lateral-raise,,,
-104,203,-891,lateral-raise,,,
-148,214,-883,lateral-raise,,,
-215,202,-871,lateral-raise,,,
-248,213,-915,lateral-raise,,,
-299,205,-955,lateral-raise,,,
-342,254,-1009,lateral-raise,,,
-380,240,-1032,lateral-raise,,,
-386,296,-870,lateral-raise,,,
-466,287,-971,lateral-raise,,,
-509,255,-912,lateral-raise,,,
-502,287,-906,lateral-raise,,,
-543,281,-880,lateral-raise,,,
-590,297,-940,lateral-raise,,,
-581,358,-963,lateral-raise,,,
-636,260,-821,lateral-raise,,,
-688,318,-789,lateral-raise,,,
-682,288,-891,lateral-raise,,,
-736,288,-729,lateral-raise,,,
-776,320,-807,lateral-raise,,,
-753,258,-870,lateral-raise,,,
-805,271,-689,lateral-raise,,,
-786,302,-680,lateral-raise,,,
-791,319,-811,lateral-raise,,,
-828,349,-688,lateral-raise,,,
-832,338,-658,lateral-raise,,,
-852,336,-629,lateral-raise,,,
-876,316,-624,lateral-raise,,,
-880,325,-689,lateral-raise,,,
-880,303,-685,lateral-raise,,,
-892,308,-575,lateral-raise,,,
-884,330,-484,lateral-raise,,,
-904,342,-529,lateral-raise,,,
-923,287,-586,lateral-raise,,,
-928,292,-511,lateral-raise,,,
-950,288,-423,lateral-raise,,,
-944,269,-500,lateral-raise,,,
-951,259,-516,lateral-raise,,,
-960,276,-456,lateral-raise,,,
-960,278,-461,lateral-raise,,,
-969,291,-378,lateral-raise,,,
-967,322,-313,lateral-raise,,,
-960,306,-402,lateral-raise,,,
-960,272,-422,lateral-raise,,,
-968,264,-348,lateral-raise,,,
-964,268,-312,lateral-raise,,,
-956,279,-345,lateral-raise,,,
-960,281,-371,lateral-raise,,,
-953,265,-317,lateral-raise,,,
-944,250,-254,lateral-raise,,,
-947,249,-240,lateral-raise,,,
-955,258,-289,lateral-raise,,,
-957,243,-293,lateral-raise,,,
-944,232,-272,lateral-raise,,,
-933,239,-277,lateral-raise,,,
-935,245,-302,lateral-raise,,,
-910,216,-319,lateral-raise,,,
-904,220,-270,lateral-raise,,,
-902,225,-298,lateral-raise,,,
-903,205,-423,lateral-raise,,,
-927,225,-475,lateral-raise,,,
-925,229,-584,lateral-raise,,,
-954,220,-532,lateral-raise,,,
-970,247,-489,lateral-raise,,,
-990,287,-668,lateral-raise,,,
-1045,218,-715,lateral-raise,,,
-1099,241,-823,lateral-raise,,,
-1136,255,-815,lateral-raise,,,
-1145,241,-800,lateral-raise,,,
-1168,280,-816,lateral-raise,,,
-1192,256,-832,lateral-raise,,,
-1192,256,-832,lateral-raise,,,
-1200,310,-801,lateral-raise,,,
-1208,274,-785,lateral-raise,,,
-1238,257,-814,lateral-raise,,,
-1233,271,-838,lateral-raise,,,
-1203,272,-826,lateral-raise,,,
-1228,272,-845,lateral-raise,,,
-1177,272,-793,lateral-raise,,,
-1168,285,-757,lateral-raise,,,
-1135,295,-706,lateral-raise,,,
-1090,258,-804,lateral-raise,,,
-1049,254,-826,lateral-raise,,,
-992,250,-872,lateral-raise,,,
-935,230,-782,lateral-raise,,,
-874,218,-761,lateral-raise,,,
-817,210,-701,lateral-raise,,,
-751,213,-780,lateral-raise,,,
-696,190,-785,lateral-raise,,,
-629,161,-745,lateral-raise,,,
-551,182,-726,lateral-raise,,,
-482,186,-744,lateral-raise,,,
-405,153,-681,lateral-raise,,,
-372,145,-678,lateral-raise,,,
-311,148,-711,lateral-raise,,,
-239,77,-700,lateral-raise,,,
-168,124,-640,lateral-raise,,,
-112,163,-569,lateral-raise,,,
-101,73,-629,lateral-raise,,,
-32,91,-653,lateral-raise,,,
37,99,-588,lateral-raise,,,
55,16,-590,lateral-raise,,,
134,38,-546,lateral-raise,,,
199,79,-553,lateral-raise,,,
200,-15,-570,lateral-raise,,,
245,14,-541,lateral-raise,,,
279,-29,-519,lateral-raise,,,
301,12,-473,lateral-raise,,,
342,-40,-488,lateral-raise,,,
424,-58,-574,lateral-raise,,,
435,-99,-548,lateral-raise,,,
465,-58,-482,lateral-raise,,,
446,-61,-484,lateral-raise,,,
476,-51,-491,lateral-raise,,,
498,-68,-603,lateral-raise,,,
512,-81,-489,lateral-raise,,,
515,-41,-558,lateral-raise,,,
542,-105,-599,lateral-raise,,,
519,-40,-511,lateral-raise,,,
505,-140,-593,lateral-raise,,,
527,-55,-468,lateral-raise,,,
480,-33,-616,lateral-raise,,,
504,-143,-576,lateral-raise,,,
473,-43,-436,lateral-raise,,,
487,-48,-691,lateral-raise,,,
443,-123,-704,lateral-raise,,,
433,-62,-580,lateral-raise,,,
396,-49,-618,lateral-raise,,,
378,-90,-694,lateral-raise,,,
356,-35,-574,lateral-raise,,,
299,-51,-719,lateral-raise,,,
295,-63,-752,lateral-raise,,,
290,-32,-758,lateral-raise,,,
251,-30,-748,lateral-raise,,,
240,-26,-756,lateral-raise,,,
187,58,-848,lateral-raise,,,
157,19,-800,lateral-raise,,,
96,3,-757,lateral-raise,,,
45,73,-801,lateral-raise,,,
21,25,-892,lateral-raise,,,
6,55,-841,lateral-raise,,,
-35,91,-871,lateral-raise,,,
-46,50,-920,lateral-raise,,,
-68,89,-883,lateral-raise,,,
-97,64,-901,lateral-raise,,,
-147,25,-832,lateral-raise,,,
-217,119,-881,lateral-raise,,,
-244,132,-952,lateral-raise,,,
-267,107,-904,lateral-raise,,,
-329,148,-927,lateral-raise,,,
-382,106,-884,lateral-raise,,,
-390,109,-875,lateral-raise,,,
-421,169,-978,lateral-raise,,,
-485,139,-925,lateral-raise,,,
-489,185,-860,lateral-raise,,,
-518,220,-917,lateral-raise,,,
-552,152,-836,lateral-raise,,,
-580,174,-795,lateral-raise,,,
-624,204,-889,lateral-raise,,,
-656,167,-824,lateral-raise,,,
-646,220,-841,lateral-raise,,,
-693,249,-925,lateral-raise,,,
-715,236,-753,lateral-raise,,,
-737,273,-688,lateral-raise,,,
-781,229,-784,lateral-raise,,,
-815,190,-750,lateral-raise,,,
-862,268,-780,lateral-raise,,,
-905,242,-749,lateral-raise,,,
-915,257,-720,lateral-raise,,,
-943,271,-642,lateral-raise,,,
-927,258,-664,lateral-raise,,,
-913,288,-664,lateral-raise,,,
-944,280,-656,lateral-raise,,,
-936,240,-664,lateral-raise,,,
-920,271,-524,lateral-raise,,,
-958,272,-512,lateral-raise,,,
-982,212,-542,lateral-raise,,,
-977,244,-471,lateral-raise,,,
-976,234,-535,lateral-raise,,,
-976,232,-523,lateral-raise,,,
-983,259,-411,lateral-raise,,,
-971,271,-412,lateral-raise,,,
-981,233,-383,lateral-raise,,,
-965,230,-357,lateral-raise,,,
-960,251,-364,lateral-raise,,,
-954,226,-356,lateral-raise,,,
-964,240,-334,lateral-raise,,,
-951,254,-334,lateral-raise,,,
-950,284,-314,lateral-raise,,,
-947,269,-288,lateral-raise,,,
-960,230,-185,lateral-raise,,,
-993,252,-177,lateral-raise,,,
-1003,247,-244,lateral-raise,,,
-995,232,-301,lateral-raise,,,
-983,264,-339,lateral-raise,,,
-958,270,-303,lateral-raise,,,
-944,256,-221,lateral-raise,,,
-936,252,-167,lateral-raise,,,
-928,240,-188,lateral-raise,,,
-924,244,-232,lateral-raise,,,
-924,260,-266,lateral-raise,,,
-935,243,-289,lateral-raise,,,
-931,209,-297,lateral-raise,,,
-915,219,-355,lateral-raise,,,
-926,251,-445,lateral-raise,,,
-939,239,-504,lateral-raise,,,
-969,219,-507,lateral-raise,,,
-1032,230,-564,lateral-raise,,,
-1057,218,-713,lateral-raise,,,
-1063,231,-788,lateral-raise,,,
-1124,206,-732,lateral-raise,,,
-1146,200,-740,lateral-raise,,,
-1187,220,-820,lateral-raise,,,
-1229,263,-872,lateral-raise,,,
-1249,177,-811,lateral-raise,,,
-1260,224,-808,lateral-raise,,,
-1281,268,-736,lateral-raise,,,
-1289,286,-795,lateral-raise,,,
-1287,271,-862,lateral-raise,,,
-1215,263,-773,lateral-raise,,,
-1206,249,-752,lateral-raise,,,
-1182,263,-850,lateral-raise,,,
-1145,248,-728,lateral-raise,,,
-1167,256,-727,lateral-raise,,,
-1113,224,-673,lateral-raise,,,
-1104,309,-742,lateral-raise,,,
-1051,297,-904,lateral-raise,,,
-1003,251,-882,lateral-raise,,,
-956,263,-698,lateral-raise,,,
-816,257,-587,lateral-raise,,,
-730,235,-653,lateral-raise,,,
-672,184,-671,lateral-raise,,,
-611,263,-779,lateral-raise,,,
-502,143,-774,lateral-raise,,,
-436,188,-704,lateral-raise,,,
-387,146,-688,lateral-raise,,,
-310,170,-718,lateral-raise,,,
-235,131,-710,lateral-raise,,,
-199,66,-630,lateral-raise,,,
-147,159,-639,lateral-raise,,,
-79,62,-645,lateral-raise,,,
-56,29,-577,lateral-raise,,,
36,145,-631,lateral-raise,,,
88,76,-640,lateral-raise,,,
107,-38,-516,lateral-raise,,,
148,79,-499,lateral-raise,,,
190,32,-563,lateral-raise,,,
234,-71,-489,lateral-raise,,,
277,2,-475,lateral-raise,,,
316,-32,-572,lateral-raise,,,
351,-55,-508,lateral-raise,,,
364,-39,-441,lateral-raise,,,
392,-122,-499,lateral-raise,,,
439,-124,-502,lateral-raise,,,
451,-83,-485,lateral-raise,,,
450,-95,-523,lateral-raise,,,
452,-115,-580,lateral-raise,,,
494,-116,-557,lateral-raise,,,
528,-172,-547,lateral-raise,,,
517,-109,-563,lateral-raise,,,
530,-165,-619,lateral-raise,,,
534,-157,-608,lateral-raise,,,
522,-196,-598,lateral-raise,,,
500,-149,-577,lateral-raise,,,
483,-182,-592,lateral-raise,,,
463,-138,-540,lateral-raise,,,
456,-120,-605,lateral-raise,,,
455,-151,-665,lateral-raise,,,
442,-98,-630,lateral-raise,,,
397,-115,-668,lateral-raise,,,
375,-132,-633,lateral-raise,,,
364,-90,-651,lateral-raise,,,
312,-112,-795,lateral-raise,,,
320,-104,-703,lateral-raise,,,
312,-88,-664,lateral-raise,,,
264,-40,-784,lateral-raise,,,
264,-40,-784,lateral-raise,,,
272,-56,-800,lateral-raise,,,
234,-33,-815,lateral-raise,,,
217,-54,-913,lateral-raise,,,
201,-5,-796,lateral-raise,,,
150,7,-863,lateral-raise,,,
123,-13,-837,lateral-raise,,,
79,39,-928,lateral-raise,,,
19,21,-911,lateral-raise,,,
-5,42,-858,lateral-raise,,,
-27,73,-899,lateral-raise,,,
-38,55,-962,lateral-raise,,,
-82,36,-879,lateral-raise,,,
-131,61,-936,lateral-raise,,,
-144,49,-957,lateral-raise,,,
-183,85,-907,lateral-raise,,,
-205,99,-948,lateral-raise,,,
-245,64,-971,lateral-raise,,,
-269,104,-922,lateral-raise,,,
-312,96,-906,lateral-raise,,,
-365,72,-950,lateral-raise,,,
-384,118,-957,lateral-raise,,,
-406,134,-957,lateral-raise,,,
-463,116,-890,lateral-raise,,,
-492,137,-874,lateral-raise,,,
-524,152,-916,lateral-raise,,,
-560,125,-912,lateral-raise,,,
-549,170,-905,lateral-raise,,,
-561,199,-882,lateral-raise,,,
-602,123,-790,lateral-raise,,,
-626,133,-746,lateral-raise,,,
-646,167,-866,lateral-raise,,,
-665,152,-888,lateral-raise,,,
-685,155,-818,lateral-raise,,,
-714,165,-792,lateral-raise,,,
-752,166,-787,lateral-raise,,,
-752,151,-749,lateral-raise,,,
-765,168,-701,lateral-raise,,,
-800,170,-754,lateral-raise,,,
-805,167,-734,lateral-raise,,,
-819,143,-733,lateral-raise,,,
-804,172,-737,lateral-raise,,,
-827,185,-659,lateral-raise,,,
-840,158,-603,lateral-raise,,,
-840,195,-665,lateral-raise,,,
-842,213,-674,lateral-raise,,,
-857,182,-680,lateral-raise,,,
-866,162,-588,lateral-raise,,,
-896,191,-532,lateral-raise,,,
-889,169,-466,lateral-raise,,,
-912,200,-529,lateral-raise,,,
-928,176,-599,lateral-raise,,,
-920,184,-538,lateral-raise,,,
-920,192,-468,lateral-raise,,,
-942,192,-389,lateral-raise,,,
-908,185,-523,lateral-raise,,,
-940,198,-429,lateral-raise,,,
-916,186,-430,lateral-raise,,,
-939,184,-405,lateral-raise,,,
-944,164,-340,lateral-raise,,,
-944,193,-380,lateral-raise,,,
-944,213,-348,lateral-raise,,,
-944,216,-355,lateral-raise,,,
-938,210,-336,lateral-raise,,,
-942,190,-334,lateral-raise,,,
-950,195,-325,lateral-raise,,,
-963,200,-292,lateral-raise,,,
-968,189,-280,lateral-raise,,,
-979,216,-269,lateral-raise,,,
-979,207,-274,lateral-raise,,,
-971,172,-295,lateral-raise,,,
-963,174,-271,lateral-raise,,,
-951,203,-239,lateral-raise,,,
-944,203,-223,lateral-raise,,,
-944,183,-225,lateral-raise,,,
-952,188,-249,lateral-raise,,,
-960,204,-252,lateral-raise,,,
-964,200,-240,lateral-raise,,,
-964,185,-236,lateral-raise,,,
-956,194,-228,lateral-raise,,,
-949,213,-268,lateral-raise,,,
-944,173,-347,lateral-raise,,,
-935,151,-367,lateral-raise,,,
-923,209,-401,lateral-raise,,,
-925,194,-510,lateral-raise,,,
-941,154,-552,lateral-raise,,,
-999,187,-540,lateral-raise,,,
-1046,162,-560,lateral-raise,,,
-1084,143,-737,lateral-raise,,,
-1100,184,-886,lateral-raise,,,
-1132,189,-854,lateral-raise,,,
-1188,205,-838,lateral-raise,,,
-1153,196,-803,lateral-raise,,,
-1195,209,-808,lateral-raise,,,
-1204,177,-770,lateral-raise,,,
-1186,193,-801,lateral-raise,,,
-1201,250,-913,lateral-raise,,,
-1205,203,-843,lateral-raise,,,
-1176,234,-714,lateral-raise,,,
-1176,261,-732,lateral-raise,,,
-1166,203,-659,lateral-raise,,,
-1104,288,-744,lateral-raise,,,
-1104,216,-736,lateral-raise,,,
-1034,255,-806,lateral-raise,,,
-1040,210,-770,lateral-raise,,,
-973,193,-716,lateral-raise,,,
-917,243,-763,lateral-raise,,,
-841,184,-754,lateral-raise,,,
-797,218,-633,lateral-raise,,,
-737,224,-705,lateral-raise,,,
-655,211,-713,lateral-raise,,,
-607,162,-758,lateral-raise,,,
-517,196,-768,lateral-raise,,,
-465,165,-712,lateral-raise,,,
-420,140,-660,lateral-raise,,,
-337,224,-736,lateral-raise,,,
-272,141,-734,lateral-raise,,,
-206,113,-681,lateral-raise,,,
-152,136,-653,lateral-raise,,,
-120,91,-711,lateral-raise,,,
-66,74,-642,lateral-raise,,,
-25,70,-609,lateral-raise,,,
32,59,-614,lateral-raise,,,
78,51,-617,lateral-raise,,,
119,57,-660,lateral-raise,,,
166,29,-684,lateral-raise,,,
201,12,-634,lateral-raise,,,
216,4,-604,lateral-raise,,,
281,26,-624,lateral-raise,,,
326,17,-588,lateral-raise,,,
321,-30,-550,lateral-raise,,,
352,-32,-555,lateral-raise,,,
375,-38,-562,lateral-raise,,,
426,-34,-594,lateral-raise,,,
459,-65,-578,lateral-raise,,,
469,-43,-576,lateral-raise,,,
470,-64,-579,lateral-raise,,,
460,-61,-540,lateral-raise,,,
477,-114,-530,lateral-raise,,,
446,-91,-593,lateral-raise,,,
452,-102,-648,lateral-raise,,,
479,-71,-654,lateral-raise,,,
448,-132,-597,lateral-raise,,,
447,-57,-628,lateral-raise,,,
439,-84,-669,lateral-raise,,,
434,-152,-615,lateral-raise,,,
438,12,-630,lateral-raise,,,
367,-126,-758,lateral-raise,,,
360,-103,-560,lateral-raise,,,
358,-14,-719,lateral-raise,,,
334,-93,-708,lateral-raise,,,
296,-39,-626,lateral-raise,,,
288,-1,-697,lateral-raise,,,
288,-111,-783,lateral-raise,,,
234,-27,-737,lateral-raise,,,
255,-70,-766,lateral-raise,,,
181,-79,-701,lateral-raise,,,
183,15,-805,lateral-raise,,,
170,-69,-859,lateral-raise,,,
112,-24,-808,lateral-raise,,,
49,18,-820,lateral-raise,,,
20,-23,-824,lateral-raise,,,
-4,59,-883,lateral-raise,,,
-72,-9,-902,lateral-raise,,,
-94,49,-873,lateral-raise,,,
-132,54,-852,lateral-raise,,,
-179,30,-872,lateral-raise,,,
-203,53,-966,lateral-raise,,,
-214,53,-989,lateral-raise,,,
-243,37,-854,lateral-raise,,,
-251,53,-834,lateral-raise,,,
-299,89,-943,lateral-raise,,,
-343,84,-967,lateral-raise,,,
-362,58,-890,lateral-raise,,,
-414,99,-931,lateral-raise,,,
-466,127,-952,lateral-raise,,,
-484,133,-907,lateral-raise,,,
-525,136,-884,lateral-raise,,,
-572,100,-852,lateral-raise,,,
-584,118,-893,lateral-raise,,,
-610,168,-938,lateral-raise,,,
-647,157,-831,lateral-raise,,,
-663,161,-752,lateral-raise,,,
-688,178,-819,lateral-raise,,,
-727,168,-820,lateral-raise,,,
-758,185,-782,lateral-raise,,,
-784,208,-826,lateral-raise,,,
-821,192,-762,lateral-raise,,,
-834,197,-760,lateral-raise,,,
-849,203,-711,lateral-raise,,,
-868,207,-747,lateral-raise,,,
-858,240,-763,lateral-raise,,,
-873,211,-632,lateral-raise,,,
-901,200,-596,lateral-raise,,,
-898,233,-672,lateral-raise,,,
-941,227,-676,lateral-raise,,,
-928,168,-672,lateral-raise,,,
-926,225,-553,lateral-raise,,,
-910,279,-657,lateral-raise,,,
-899,210,-530,lateral-raise,,,
-929,230,-463,lateral-raise,,,
-944,200,-454,lateral-raise,,,
-944,208,-566,lateral-raise,,,
-952,208,-496,lateral-raise,,,
-944,232,-496,lateral-raise,,,
-952,248,-426,lateral-raise,,,
-929,225,-462,lateral-raise,,,
-958,202,-397,lateral-raise,,,
-967,185,-334,lateral-raise,,,
-954,198,-364,lateral-raise,,,
-952,235,-445,lateral-raise,,,
-932,240,-408,lateral-raise,,,
-935,233,-293,lateral-raise,,,
-936,206,-239,lateral-raise,,,
-949,206,-251,lateral-raise,,,
-952,227,-268,lateral-raise,,,
-958,232,-296,lateral-raise,,,
-960,214,-292,lateral-raise,,,
-966,191,-271,lateral-raise,,,
-968,212,-247,lateral-raise,,,
-963,213,-224,lateral-raise,,,
-965,208,-232,lateral-raise,,,
-958,203,-235,lateral-raise,,,
-952,195,-232,lateral-raise,,,
-952,202,-227,lateral-raise,,,
-952,199,-261,lateral-raise,,,
-948,192,-288,lateral-raise,,,
-953,192,-241,lateral-raise,,,
-960,200,-304,lateral-raise,,,
-960,188,-372,lateral-raise,,,
-952,199,-382,lateral-raise,,,
-951,225,-395,lateral-raise,,,
-971,188,-360,lateral-raise,,,
-984,189,-427,lateral-raise,,,
-984,227,-543,lateral-raise,,,
-996,211,-622,lateral-raise,,,
-1022,222,-655,lateral-raise,,,
-1051,229,-592,lateral-raise,,,
-1083,208,-618,lateral-raise,,,
-1079,203,-679,lateral-raise,,,
-1110,262,-757,lateral-raise,,,
-1142,262,-734,lateral-raise,,,
-1142,270,-740,lateral-raise,,,
-1164,231,-715,lateral-raise,,,
-1178,208,-760,lateral-raise,,,
-1178,239,-792,lateral-raise,,,
-1155,236,-789,lateral-raise,,,
-1170,263,-784,lateral-raise,,,
-1182,306,-831,lateral-raise,,,
-1165,318,-819,lateral-raise,,,
-1143,299,-783,lateral-raise,,,
-1133,250,-852,lateral-raise,,,
-1086,282,-802,lateral-raise,,,
-1053,326,-836,lateral-raise,,,
-960,248,-705,lateral-raise,,,
-928,288,-807,lateral-raise,,,
-835,187,-816,lateral-raise,,,
-802,237,-763,lateral-raise,,,
-703,218,-790,lateral-raise,,,
-616,187,-756,lateral-raise,,,
-565,198,-731,lateral-raise,,,
-532,179,-756,lateral-raise,,,
-494,203,-767,lateral-raise,,,
-421,148,-695,lateral-raise,,,
-369,110,-576,lateral-raise,,,
-277,110,-660,lateral-raise,,,
-194,124,-682,lateral-raise,,,
-170,116,-680,lateral-raise,,,
-127,106,-715,lateral-raise,,,
-38,104,-711,lateral-raise,,,
-2,32,-609,lateral-raise,,,
65,81,-633,lateral-raise,,,
133,94,-711,lateral-raise,,,
142,39,-716,lateral-raise,,,
190,36,-640,lateral-raise,,,
238,15,-614,lateral-raise,,,
257,6,-573,lateral-raise,,,
313,47,-514,lateral-raise,,,
322,-6,-548,lateral-raise,,,
317,-68,-563,lateral-raise,,,
368,8,-524,lateral-raise,,,
392,-5,-520,lateral-raise,,,
395,-96,-517,lateral-raise,,,
429,-32,-529,lateral-raise,,,
466,-23,-560,lateral-raise,,,
480,-91,-531,lateral-raise,,,
495,-51,-522,lateral-raise,,,
526,-79,-576,lateral-raise,,,
541,-101,-546,lateral-raise,,,
549,-85,-524,lateral-raise,,,
544,-128,-576,lateral-raise,,,
546,-114,-531,lateral-raise,,,
552,-97,-575,lateral-raise,,,
542,-130,-594,lateral-raise,,,
519,-84,-551,lateral-raise,,,
532,-82,-629,lateral-raise,,,
487,-113,-595,lateral-raise,,,
475,-77,-511,lateral-raise,,,
446,-70,-545,lateral-raise,,,
429,-99,-551,lateral-raise,,,
405,-63,-553,lateral-raise,,,
383,-58,-626,lateral-raise,,,
364,-80,-652,lateral-raise,,,
311,-79,-702,lateral-raise,,,
296,-56,-664,lateral-raise,,,
288,-48,-656,lateral-raise,,,
232,-32,-808,lateral-raise,,,
232,-32,-808,lateral-raise,,,
185,15,-769,lateral-raise,,,
154,-14,-814,lateral-raise,,,
137,-1,-823,lateral-raise,,,
143,58,-846,lateral-raise,,,
73,43,-884,lateral-raise,,,
22,26,-811,lateral-raise,,,
9,106,-868,lateral-raise,,,
-39,47,-920,lateral-raise,,,
-68,84,-908,lateral-raise,,,
-116,58,-955,lateral-raise,,,
-153,73,-912,lateral-raise,,,
-184,110,-944,lateral-raise,,,
-245,96,-972,lateral-raise,,,
-281,111,-936,lateral-raise,,,
-310,120,-887,lateral-raise,,,
-358,180,-959,lateral-raise,,,
-392,155,-926,lateral-raise,,,
-431,143,-944,lateral-raise,,,
-458,201,-922,lateral-raise,,,
-493,218,-984,lateral-raise,,,
-535,180,-1011,lateral-raise,,,
-556,209,-899,lateral-raise,,,
-599,231,-815,lateral-raise,,,
-644,179,-804,lateral-raise,,,
-668,172,-824,lateral-raise,,,
-695,192,-825,lateral-raise,,,
-734,177,-830,lateral-raise,,,
-767,182,-817,lateral-raise,,,
-789,207,-825,lateral-raise,,,
-798,213,-811,lateral-raise,,,
-799,211,-669,lateral-raise,,,
-821,225,-719,lateral-raise,,,
-838,226,-758,lateral-raise,,,
-880,200,-648,lateral-raise,,,
-882,207,-653,lateral-raise,,,
-888,213,-666,lateral-raise,,,
-894,192,-666,lateral-raise,,,
-908,218,-652,lateral-raise,,,
-905,219,-657,lateral-raise,,,
-936,198,-627,lateral-raise,,,
-933,189,-596,lateral-raise,,,
-927,177,-536,lateral-raise,,,
-960,186,-500,lateral-raise,,,
-959,195,-534,lateral-raise,,,
-955,160,-617,lateral-raise,,,
-982,162,-495,lateral-raise,,,
-959,185,-480,lateral-raise,,,
-953,199,-478,lateral-raise,,,
-976,176,-432,lateral-raise,,,
-960,184,-424,lateral-raise,,,
-960,184,-384,lateral-raise,,,
-952,153,-337,lateral-raise,,,
-960,167,-344,lateral-raise,,,
-975,190,-411,lateral-raise,,,
-969,185,-350,lateral-raise,,,
-975,205,-308,lateral-raise,,,
-962,208,-304,lateral-raise,,,
-967,201,-311,lateral-raise,,,
-968,187,-285,lateral-raise,,,
-981,171,-241,lateral-raise,,,
-971,187,-264,lateral-raise,,,
-968,204,-235,lateral-raise,,,
-968,202,-236,lateral-raise,,,
-980,200,-234,lateral-raise,,,
-978,194,-226,lateral-raise,,,
-976,192,-224,lateral-raise,,,
-976,187,-202,lateral-raise,,,
-971,184,-187,lateral-raise,,,
-963,179,-189,lateral-raise,,,
-965,171,-187,lateral-raise,,,
-978,173,-141,lateral-raise,,,
-979,181,-163,lateral-raise,,,
-976,180,-191,lateral-raise,,,
-985,189,-162,lateral-raise,,,
-996,171,-190,lateral-raise,,,
-992,152,-212,lateral-raise,,,
-984,168,-196,lateral-raise,,,
-980,154,-226,lateral-raise,,,
-980,139,-288,lateral-raise,,,
-981,152,-345,lateral-raise,,,
-970,139,-342,lateral-raise,,,
-954,151,-347,lateral-raise,,,
-953,183,-436,lateral-raise,,,
-971,157,-508,lateral-raise,,,
-981,194,-604,lateral-raise,,,
-1014,229,-659,lateral-raise,,,
-1078,191,-659,lateral-raise,,,
-1104,206,-680,lateral-raise,,,
-1094,200,-656,lateral-raise,,,
-1145,205,-654,lateral-raise,,,
-1181,222,-681,lateral-raise,,,
-1206,213,-807,lateral-raise,,,
-1231,207,-795,lateral-raise,,,
-1220,234,-743,lateral-raise,,,
-1203,209,-628,lateral-raise,,,
-1221,269,-820,lateral-raise,,,
-1193,240,-842,lateral-raise,,,
-1207,239,-700,lateral-raise,,,
-1197,235,-762,lateral-raise,,,
-1136,293,-793,lateral-raise,,,
-1120,208,-824,lateral-raise,,,
-1088,216,-656,lateral-raise,,,
-1034,200,-835,lateral-raise,,,
-1002,230,-711,lateral-raise,,,
-940,217,-756,lateral-raise,,,
-870,238,-782,lateral-raise,,,
-821,240,-855,lateral-raise,,,
-753,261,-780,lateral-raise,,,
-717,168,-795,lateral-raise,,,
-645,179,-707,lateral-raise,,,
-586,210,-727,lateral-raise,,,
-519,235,-787,lateral-raise,,,
-448,166,-744,lateral-raise,,,
-372,162,-782,lateral-raise,,,
-287,133,-782,lateral-raise,,,
-241,40,-753,lateral-raise,,,
-199,41,-627,lateral-raise,,,
-130,72,-646,lateral-raise,,,
-83,59,-638,lateral-raise,,,
-41,38,-616,lateral-raise,,,
11,2,-636,lateral-raise,,,
80,17,-715,lateral-raise,,,
149,-2,-654,lateral-raise,,,
154,-28,-531,lateral-raise,,,
183,-7,-518,lateral-raise,,,
241,-17,-548,lateral-raise,,,
256,-20,-560,lateral-raise,,,
291,-42,-568,lateral-raise,,,
339,-70,-580,lateral-raise,,,
370,-59,-545,lateral-raise,,,
402,-75,-486,lateral-raise,,,
419,-51,-469,lateral-raise,,,
439,-26,-476,lateral-raise,,,
464,-59,-531,lateral-raise,,,
469,-75,-567,lateral-raise,,,
485,-93,-525,lateral-raise,,,
486,-86,-519,lateral-raise,,,
475,-82,-464,lateral-raise,,,
502,-86,-452,lateral-raise,,,
492,-82,-540,lateral-raise,,,
485,-95,-567,lateral-raise,,,
504,-108,-544,lateral-raise,,,
503,-71,-572,lateral-raise,,,
496,-101,-540,lateral-raise,,,
498,-81,-504,lateral-raise,,,
505,-47,-633,lateral-raise,,,
454,-95,-581,lateral-raise,,,
441,-82,-556,lateral-raise,,,
445,-28,-604,lateral-raise,,,
399,-78,-653,lateral-raise,,,
375,-47,-602,lateral-raise,,,
336,-9,-672,lateral-raise,,,
312,-79,-680,lateral-raise,,,
273,5,-727,lateral-raise,,,
226,16,-728,lateral-raise,,,
194,-36,-773,lateral-raise,,,
156,26,-812,lateral-raise,,,
81,-54,-766,lateral-raise,,,
51,27,-767,lateral-raise,,,
34,67,-891,lateral-raise,,,
-8,79,-859,lateral-raise,,,
-9,100,-802,lateral-raise,,,
-21,142,-843,lateral-raise,,,
-49,127,-937,lateral-raise,,,
-92,138,-930,lateral-raise,,,
-133,132,-938,lateral-raise,,,
-167,168,-887,lateral-raise,,,
-209,162,-892,lateral-raise,,,
-251,184,-861,lateral-raise,,,
-301,205,-940,lateral-raise,,,
-356,203,-916,lateral-raise,,,
-391,185,-857,lateral-raise,,,
-438,200,-915,lateral-raise,,,
-464,202,-965,lateral-raise,,,
-491,214,-870,lateral-raise,,,
-542,245,-874,lateral-raise,,,
-589,227,-936,lateral-raise,,,
-600,256,-908,lateral-raise,,,
-650,285,-884,lateral-raise,,,
-716,234,-862,lateral-raise,,,
-724,254,-861,lateral-raise,,,
-748,282,-915,lateral-raise,,,
-773,282,-920,lateral-raise,,,
-774,356,-799,lateral-raise,,,
-801,356,-706,lateral-raise,,,
-827,312,-760,lateral-raise,,,
-834,306,-776,lateral-raise,,,
-870,318,-771,lateral-raise,,,
-873,303,-735,lateral-raise,,,
-898,316,-680,lateral-raise,,,
-910,310,-671,lateral-raise,,,
-932,333,-590,lateral-raise,,,
-936,332,-674,lateral-raise,,,
-907,263,-681,lateral-raise,,,
-924,289,-532,lateral-raise,,,
-948,256,-479,lateral-raise,,,
-963,259,-528,lateral-raise,,,
-928,280,-570,lateral-raise,,,
-927,278,-455,lateral-raise,,,
-911,258,-446,lateral-raise,,,
-904,288,-426,lateral-raise,,,
-904,278,-471,lateral-raise,,,
-904,216,-432,lateral-raise,,,
-920,208,-336,lateral-raise,,,
-920,208,-336,lateral-raise,,,
-912,247,-336,lateral-raise,,,
-920,240,-382,lateral-raise,,,
-913,233,-362,lateral-raise,,,
-934,225,-302,lateral-raise,,,
-957,203,-303,lateral-raise,,,
-946,228,-297,lateral-raise,,,
-951,246,-296,lateral-raise,,,
-945,235,-269,lateral-raise,,,
-951,232,-264,lateral-raise,,,
-958,232,-251,lateral-raise,,,
-966,226,-260,lateral-raise,,,
-974,224,-228,lateral-raise,,,
-976,236,-216,lateral-raise,,,
-976,240,-222,lateral-raise,,,
-965,229,-213,lateral-raise,,,
-965,229,-219,lateral-raise,,,
-957,227,-213,lateral-raise,,,
-957,224,-213,lateral-raise,,,
-955,219,-196,lateral-raise,,,
-952,216,-189,lateral-raise,,,
-947,216,-197,lateral-raise,,,
-953,212,-204,lateral-raise,,,
-964,204,-191,lateral-raise,,,
-972,192,-188,lateral-raise,,,
-980,192,-216,lateral-raise,,,
-984,200,-270,lateral-raise,,,
-1002,163,-275,lateral-raise,,,
-1010,131,-246,lateral-raise,,,
-962,174,-355,lateral-raise,,,
-949,200,-509,lateral-raise,,,
-1013,170,-598,lateral-raise,,,
-1045,157,-681,lateral-raise,,,
-1048,160,-718,lateral-raise,,,
-1082,181,-781,lateral-raise,,,
-1130,190,-839,lateral-raise,,,
-1163,195,-845,lateral-raise,,,
-1198,220,-759,lateral-raise,,,
-1214,212,-685,lateral-raise,,,
-1215,222,-654,lateral-raise,,,
-1240,223,-838,lateral-raise,,,
-1239,247,-822,lateral-raise,,,
-1240,240,-771,lateral-raise,,,
-1276,239,-737,lateral-raise,,,
-1252,231,-704,lateral-raise,,,
-1225,226,-761,lateral-raise,,,
-1231,239,-770,lateral-raise,,,
-1211,234,-787,lateral-raise,,,
-1134,256,-714,lateral-raise,,,
-1086,248,-746,lateral-raise,,,
-1015,248,-808,lateral-raise,,,
-945,240,-760,lateral-raise,,,
-882,170,-628,lateral-raise,,,
-819,138,-677,lateral-raise,,,
-697,225,-799,lateral-raise,,,
-666,152,-815,lateral-raise,,,
-593,123,-745,lateral-raise,,,
-528,176,-673,lateral-raise,,,
-486,123,-760,lateral-raise,,,
-447,72,-656,lateral-raise,,,
-342,162,-697,lateral-raise,,,
-307,76,-744,lateral-raise,,,
-248,60,-609,lateral-raise,,,
-178,118,-719,lateral-raise,,,
-154,7,-756,lateral-raise,,,
-95,23,-597,lateral-raise,,,
-50,48,-575,lateral-raise,,,
20,-17,-635,lateral-raise,,,
101,47,-703,lateral-raise,,,
123,-1,-703,lateral-raise,,,
164,-56,-594,lateral-raise,,,
249,11,-569,lateral-raise,,,
279,-13,-629,lateral-raise,,,
321,-37,-602,lateral-raise,,,
343,-46,-586,lateral-raise,,,
349,-97,-562,lateral-raise,,,
392,-48,-560,lateral-raise,,,
424,-57,-608,lateral-raise,,,
417,-129,-550,lateral-raise,,,
421,-80,-511,lateral-raise,,,
441,-87,-597,lateral-raise,,,
432,-142,-593,lateral-raise,,,
444,-107,-546,lateral-raise,,,
458,-107,-606,lateral-raise,,,
456,-141,-586,lateral-raise,,,
467,-98,-556,lateral-raise,,,
458,-122,-592,lateral-raise,,,
464,-119,-556,lateral-raise,,,
456,-111,-604,lateral-raise,,,
430,-140,-568,lateral-raise,,,
426,-104,-528,lateral-raise,,,
429,-114,-633,lateral-raise,,,
415,-142,-596,lateral-raise,,,
404,-99,-555,lateral-raise,,,
379,-110,-609,lateral-raise,,,
353,-89,-620,lateral-raise,,,
349,-49,-644,lateral-raise,,,
259,-119,-604,lateral-raise,,,
284,-101,-575,lateral-raise,,,
231,-57,-665,lateral-raise,,,
206,-71,-680,lateral-raise,,,
152,-40,-680,lateral-raise,,,
152,24,-712,lateral-raise,,,
136,24,-782,lateral-raise,,,
75,1,-738,lateral-raise,,,
42,60,-766,lateral-raise,,,
-11,28,-797,lateral-raise,,,
-37,38,-686,lateral-raise,,,
-89,82,-812,lateral-raise,,,
-144,40,-846,lateral-raise,,,
-185,59,-901,lateral-raise,,,
-231,97,-827,lateral-raise,,,
-284,129,-859,lateral-raise,,,
-346,142,-909,lateral-raise,,,
-378,138,-890,lateral-raise,,,
-437,165,-886,lateral-raise,,,
-496,205,-997,lateral-raise,,,
-523,199,-1051,lateral-raise,,,
-550,214,-910,lateral-raise,,,
-576,271,-845,lateral-raise,,,
-615,265,-858,lateral-raise,,,
-667,253,-859,lateral-raise,,,
-717,256,-856,lateral-raise,,,
-755,302,-879,lateral-raise,,,
-790,291,-869,lateral-raise,,,
-799,282,-792,lateral-raise,,,
-821,325,-756,lateral-raise,,,
-844,284,-760,lateral-raise,,,
-863,259,-729,lateral-raise,,,
-895,311,-745,lateral-raise,,,
-911,314,-771,lateral-raise,,,
-937,293,-673,lateral-raise,,,
-954,314,-566,lateral-raise,,,
-956,346,-561,lateral-raise,,,
-976,313,-559,lateral-raise,,,
-981,275,-528,lateral-raise,,,
-987,288,-549,lateral-raise,,,
-978,299,-556,lateral-raise,,,
-986,299,-436,lateral-raise,,,
-988,330,-355,lateral-raise,,,
-982,320,-402,lateral-raise,,,
-995,281,-461,lateral-raise,,,
-983,305,-465,lateral-raise,,,
-1007,279,-392,lateral-raise,,,
-1001,275,-312,lateral-raise,,,
-1008,282,-298,lateral-raise,,,
-1008,246,-440,lateral-raise,,,
-1005,235,-376,lateral-raise,,,
-983,265,-308,lateral-raise,,,
-978,278,-273,lateral-raise,,,
-1000,249,-283,lateral-raise,,,
-992,265,-334,lateral-raise,,,
-984,288,-256,lateral-raise,,,
-968,272,-216,lateral-raise,,,
-968,272,-193,lateral-raise,,,
-976,287,-154,lateral-raise,,,
-983,295,-159,lateral-raise,,,
-984,296,-145,lateral-raise,,,
-977,275,-151,lateral-raise,,,
-983,272,-138,lateral-raise,,,
-970,258,-143,lateral-raise,,,
-961,256,-144,lateral-raise,,,
-967,269,-118,lateral-raise,,,
-955,272,-118,lateral-raise,,,
-927,272,-108,lateral-raise,,,
-938,266,-122,lateral-raise,,,
-950,258,-116,lateral-raise,,,
-952,262,-112,lateral-raise,,,
-952,258,-118,lateral-raise,,,
-957,251,-158,lateral-raise,,,
-971,248,-123,lateral-raise,,,
-971,233,-142,lateral-raise,,,
-968,199,-109,lateral-raise,,,
-954,232,-86,lateral-raise,,,
-949,232,-175,lateral-raise,,,
-965,190,-317,lateral-raise,,,
-989,215,-388,lateral-raise,,,
-1021,252,-417,lateral-raise,,,
-1036,256,-488,lateral-raise,,,
-1051,268,-567,lateral-raise,,,
-1065,284,-633,lateral-raise,,,
-1074,277,-686,lateral-raise,,,
-1103,264,-711,lateral-raise,,,
-1128,296,-691,lateral-raise,,,
-1173,320,-654,lateral-raise,,,
-1234,297,-649,lateral-raise,,,
-1291,325,-676,lateral-raise,,,
-1312,304,-732,lateral-raise,,,
-1317,284,-657,lateral-raise,,,
-1330,298,-712,lateral-raise,,,
-1321,289,-744,lateral-raise,,,
-1274,348,-722,lateral-raise,,,
-1251,308,-728,lateral-raise,,,
-1222,303,-721,lateral-raise,,,
-1181,321,-715,lateral-raise,,,
-1161,296,-791,lateral-raise,,,
-1126,330,-742,lateral-raise,,,
-1101,295,-729,lateral-raise,,,
-1019,289,-728,lateral-raise,,,
-970,296,-663,lateral-raise,,,
-899,290,-661,lateral-raise,,,
-827,209,-730,lateral-raise,,,
-734,225,-619,lateral-raise,,,
-680,248,-704,lateral-raise,,,
-600,176,-680,lateral-raise,,,
-600,176,-680,lateral-raise,,,
-499,199,-649,lateral-raise,,,
-458,139,-625,lateral-raise,,,
-389,129,-572,lateral-raise,,,
-333,143,-656,lateral-raise,,,
-235,101,-685,lateral-raise,,,
-210,68,-737,lateral-raise,,,
-147,23,-669,lateral-raise,,,
-76,76,-543,lateral-raise,,,
-38,42,-481,lateral-raise,,,
0,57,-567,lateral-raise,,,
70,27,-660,lateral-raise,,,
100,-8,-728,lateral-raise,,,
122,-16,-656,lateral-raise,,,
139,36,-601,lateral-raise,,,
172,11,-603,lateral-raise,,,
211,14,-646,lateral-raise,,,
266,8,-685,lateral-raise,,,
303,-71,-783,lateral-raise,,,
332,-102,-733,lateral-raise,,,
387,-48,-591,lateral-raise,,,
384,-53,-536,lateral-raise,,,
378,-89,-527,lateral-raise,,,
409,-74,-628,lateral-raise,,,
436,-98,-732,lateral-raise,,,
440,-144,-676,lateral-raise,,,
444,-87,-600,lateral-raise,,,
460,-49,-625,lateral-raise,,,
464,-92,-625,lateral-raise,,,
471,-89,-627,lateral-raise,,,
470,-106,-690,lateral-raise,,,
453,-126,-631,lateral-raise,,,
460,-84,-540,lateral-raise,,,
458,-78,-525,lateral-raise,,,
424,-107,-515,lateral-raise,,,
440,-100,-482,lateral-raise,,,
431,-74,-538,lateral-raise,,,
406,-80,-613,lateral-raise,,,
394,-68,-574,lateral-raise,,,
369,-25,-562,lateral-raise,,,
339,-10,-614,lateral-raise,,,
319,-36,-582,lateral-raise,,,
304,5,-624,lateral-raise,,,
260,-42,-700,lateral-raise,,,
240,-5,-686,lateral-raise,,,
237,13,-730,lateral-raise,,,
202,-15,-733,lateral-raise,,,
143,-5,-624,lateral-raise,,,
127,35,-734,lateral-raise,,,
103,87,-856,lateral-raise,,,
80,64,-856,lateral-raise,,,
32,72,-816,lateral-raise,,,
-15,88,-863,lateral-raise,,,
-84,80,-894,lateral-raise,,,
-103,110,-859,lateral-raise,,,
-155,105,-907,lateral-raise,,,
-181,147,-983,lateral-raise,,,
-254,124,-936,lateral-raise,,,
-298,147,-860,lateral-raise,,,
-324,192,-935,lateral-raise,,,
-374,135,-985,lateral-raise,,,
-416,177,-871,lateral-raise,,,
-467,186,-877,lateral-raise,,,
-498,154,-979,lateral-raise,,,
-533,203,-861,lateral-raise,,,
-573,224,-848,lateral-raise,,,
-617,246,-831,lateral-raise,,,
-654,256,-897,lateral-raise,,,
-696,219,-868,lateral-raise,,,
-722,236,-761,lateral-raise,,,
-753,251,-848,lateral-raise,,,
-811,234,-871,lateral-raise,,,
-817,252,-781,lateral-raise,,,
-827,281,-757,lateral-raise,,,
-865,266,-755,lateral-raise,,,
-872,256,-736,lateral-raise,,,
-884,260,-692,lateral-raise,,,
-896,237,-671,lateral-raise,,,
-899,227,-662,lateral-raise,,,
-898,247,-653,lateral-raise,,,
-893,232,-670,lateral-raise,,,
-909,216,-637,lateral-raise,,,
-913,249,-608,lateral-raise,,,
-928,258,-593,lateral-raise,,,
-942,253,-560,lateral-raise,,,
-973,256,-526,lateral-raise,,,
-986,230,-490,lateral-raise,,,
-990,217,-491,lateral-raise,,,
-986,244,-476,lateral-raise,,,
-992,258,-468,lateral-raise,,,
-985,259,-480,lateral-raise,,,
-962,245,-455,lateral-raise,,,
-965,265,-361,lateral-raise,,,
-956,269,-368,lateral-raise,,,
-976,256,-363,lateral-raise,,,
-976,253,-337,lateral-raise,,,
-976,230,-344,lateral-raise,,,
-975,220,-341,lateral-raise,,,
-959,256,-312,lateral-raise,,,
-945,255,-310,lateral-raise,,,
-960,233,-262,lateral-raise,,,
-960,272,-200,lateral-raise,,,
-960,256,-176,lateral-raise,,,
-960,264,-223,lateral-raise,,,
-968,264,-232,lateral-raise,,,
-975,227,-269,lateral-raise,,,
-961,239,-243,lateral-raise,,,
-960,233,-240,lateral-raise,,,
-974,239,-177,lateral-raise,,,
-990,220,-168,lateral-raise,,,
-979,203,-141,lateral-raise,,,
-969,200,-143,lateral-raise,,,
-962,200,-157,lateral-raise,,,
-954,206,-160,lateral-raise,,,
-934,208,-136,lateral-raise,,,
-934,208,-81,lateral-raise,,,
-947,208,-110,lateral-raise,,,
-969,197,-189,lateral-raise,,,
-976,165,-243,lateral-raise,,,
-987,120,-309,lateral-raise,,,
-982,150,-351,lateral-raise,,,
-986,161,-360,lateral-raise,,,
-987,185,-456,lateral-raise,,,
-1003,203,-594,lateral-raise,,,
-1029,187,-666,lateral-raise,,,
-1062,223,-706,lateral-raise,,,
-1142,243,-803,lateral-raise,,,
-1216,224,-848,lateral-raise,,,
-1290,236,-824,lateral-raise,,,
-1359,222,-820,lateral-raise,,,
-1379,206,-816,lateral-raise,,,
-1379,214,-806,lateral-raise,,,
-1344,213,-795,lateral-raise,,,
-1311,220,-818,lateral-raise,,,
-1299,185,-802,lateral-raise,,,
-1296,160,-701,lateral-raise,,,
-1270,178,-680,lateral-raise,,,
-1236,223,-707,lateral-raise,,,
-1199,226,-712,lateral-raise,,,
-1165,196,-760,lateral-raise,,,
-1124,198,-788,lateral-raise,,,
-1083,172,-771,lateral-raise,,,
-1056,194,-679,lateral-raise,,,
-1017,225,-716,lateral-raise,,,
-969,192,-759,lateral-raise,,,
-880,187,-705,lateral-raise,,,
-772,163,-673,lateral-raise,,,
-679,181,-736,lateral-raise,,,
-595,153,-730,lateral-raise,,,
-537,156,-662,lateral-raise,,,
-434,99,-630,lateral-raise,,,
-319,159,-603,lateral-raise,,,
-287,120,-686,lateral-raise,,,
-217,72,-530,lateral-raise,,,
-162,95,-652,lateral-raise,,,
-114,35,-679,lateral-raise,,,
-67,32,-561,lateral-raise,,,
-20,54,-450,lateral-raise,,,
-16,42,-547,lateral-raise,,,
54,-16,-518,lateral-raise,,,
91,3,-608,lateral-raise,,,
189,8,-737,lateral-raise,,,
260,-12,-571,lateral-raise,,,
285,28,-509,lateral-raise,,,
331,34,-523,lateral-raise,,,
350,32,-564,lateral-raise,,,
411,32,-611,lateral-raise,,,
438,-20,-624,lateral-raise,,,
446,-29,-602,lateral-raise,,,
486,25,-592,lateral-raise,,,
478,27,-560,lateral-raise,,,
469,11,-513,lateral-raise,,,
467,43,-531,lateral-raise,,,
474,-8,-600,lateral-raise,,,
457,-19,-595,lateral-raise,,,
458,17,-568,lateral-raise,,,
468,-6,-559,lateral-raise,,,
468,-15,-515,lateral-raise,,,
464,4,-500,lateral-raise,,,
456,0,-539,lateral-raise,,,
460,3,-549,lateral-raise,,,
453,5,-550,lateral-raise,,,
437,-1,-541,lateral-raise,,,
426,24,-510,lateral-raise,,,
404,33,-551,lateral-raise,,,
381,14,-577,lateral-raise,,,
368,38,-552,lateral-raise,,,
334,56,-592,lateral-raise,,,
289,47,-618,lateral-raise,,,
261,75,-640,lateral-raise,,,
215,93,-638,lateral-raise,,,
158,66,-636,lateral-raise,,,
114,81,-671,lateral-raise,,,
52,107,-745,lateral-raise,,,
-1,95,-717,lateral-raise,,,
-44,124,-711,lateral-raise,,,
-72,109,-749,lateral-raise,,,
-126,138,-780,lateral-raise,,,
-173,147,-814,lateral-raise,,,
-219,108,-860,lateral-raise,,,
-251,156,-816,lateral-raise,,,
-292,212,-823,lateral-raise,,,
-362,137,-949,lateral-raise,,,
-424,160,-856,lateral-raise,,,
-464,232,-872,lateral-raise,,,
-511,170,-919,lateral-raise,,,
-580,183,-966,lateral-raise,,,
-577,236,-908,lateral-raise,,,
-700,225,-911,lateral-raise,,,
-741,195,-905,lateral-raise,,,
-800,234,-862,lateral-raise,,,
-863,226,-870,lateral-raise,,,
-899,257,-972,lateral-raise,,,
-943,218,-849,lateral-raise,,,
-971,240,-746,lateral-raise,,,
-1001,236,-740,lateral-raise,,,
-1020,220,-750,lateral-raise,,,
-1024,228,-758,lateral-raise,,,
-1030,209,-668,lateral-raise,,,
-1032,200,-638,lateral-raise,,,
-1032,211,-608,lateral-raise,,,
-1032,216,-560,lateral-raise,,,
-1027,216,-519,lateral-raise,,,
-1024,211,-504,lateral-raise,,,
-1019,203,-528,lateral-raise,,,
-1021,214,-488,lateral-raise,,,
-1024,237,-426,lateral-raise,,,
-1024,239,-391,lateral-raise,,,
-1036,224,-380,lateral-raise,,,
-1040,196,-372,lateral-raise,,,
-1036,195,-352,lateral-raise,,,
-1040,231,-307,lateral-raise,,,
-1029,248,-278,lateral-raise,,,
-1016,235,-299,lateral-raise,,,
-1013,219,-281,lateral-raise,,,
-1008,227,-242,lateral-raise,,,
-1008,229,-235,lateral-raise,,,
-1000,229,-235,lateral-raise,,,
-981,240,-229,lateral-raise,,,
-976,242,-235,lateral-raise,,,
-974,250,-217,lateral-raise,,,
-964,254,-194,lateral-raise,,,
-948,248,-164,lateral-raise,,,
-934,250,-133,lateral-raise,,,
-926,258,-147,lateral-raise,,,
-921,265,-127,lateral-raise,,,
-927,275,-119,lateral-raise,,,
-919,288,-112,lateral-raise,,,
-914,288,-110,lateral-raise,,,
-929,287,-90,lateral-raise,,,
-935,279,-40,lateral-raise,,,
-921,273,-42,lateral-raise,,,
-929,280,-63,lateral-raise,,,
-944,281,-40,lateral-raise,,,
-952,304,-32,lateral-raise,,,
-952,288,-8,lateral-raise,,,
-936,280,0,lateral-raise,,,
-898,280,0,lateral-raise,,,
-896,258,-52,lateral-raise,,,
-881,263,-49,lateral-raise,,,
-873,250,-77,lateral-raise,,,
-858,248,-38,lateral-raise,,,
-822,234,-12,lateral-raise,,,
-816,212,-41,lateral-raise,,,
-809,201,-55,lateral-raise,,,
-808,200,-56,lateral-raise,,,
-814,206,-50,lateral-raise,,,
-816,196,-54,lateral-raise,,,
-810,180,-68,lateral-raise,,,
-819,182,-72,lateral-raise,,,
-852,217,-39,lateral-raise,,,
-869,221,-24,lateral-raise,,,
-898,205,-45,lateral-raise,,,
-948,205,-51,lateral-raise,,,
-998,198,-48,lateral-raise,,,
-1035,187,-34,lateral-raise,,,
-1057,170,-15,lateral-raise,,,
-1091,160,-39,lateral-raise,,,
-1116,156,-77,lateral-raise,,,
-1099,169,-63,lateral-raise,,,
-1052,216,-24,lateral-raise,,,
-1032,256,-46,lateral-raise,,,
-1051,264,-88,lateral-raise,,,
-1057,246,-74,lateral-raise,,,
-1045,204,-43,lateral-raise,,,
-1034,173,-8,lateral-raise,,,
-1012,196,16,lateral-raise,,,
-995,246,-7,lateral-raise,,,
-1003,256,-34,lateral-raise,,,
-1018,235,2,lateral-raise,,,
-1055,190,26,lateral-raise,,,
-1083,195,37,lateral-raise,,,
-1076,228,40,lateral-raise,,,
-1088,234,6,lateral-raise,,,
-1088,216,-15,lateral-raise,,,
-1083,213,11,lateral-raise,,,
-1063,207,-9,lateral-raise,,,
-1053,239,-9,lateral-raise,,,
-1039,239,28,lateral-raise,,,
-1035,283,42,lateral-raise,,,
-1053,313,-10,lateral-raise,,,
-1020,387,-98,lateral-raise,,,
-982,413,-116,lateral-raise,,,
-963,369,-49,lateral-raise,,,
-1018,389,90,lateral-raise,,,
-1080,288,160,lateral-raise,,,
