shoulders,lateral-raise,792,184,-432
shoulders,lateral-raise,823,161,-339
shoulders,lateral-raise,809,114,-359
shoulders,lateral-raise,786,142,-375
shoulders,lateral-raise,777,217,-325
shoulders,lateral-raise,783,260,-284
shoulders,lateral-raise,791,208,-245
shoulders,lateral-raise,812,200,-267
shoulders,lateral-raise,843,200,-292
shoulders,lateral-raise,861,207,-270
shoulders,lateral-raise,915,202,-181
shoulders,lateral-raise,947,225,-160
shoulders,lateral-raise,970,214,-196
shoulders,lateral-raise,994,226,-196
shoulders,lateral-raise,1000,243,-158
shoulders,lateral-raise,1011,248,-105
shoulders,lateral-raise,1005,275,-56
shoulders,lateral-raise,1005,277,-72
shoulders,lateral-raise,1003,267,-103
shoulders,lateral-raise,980,274,-107
shoulders,lateral-raise,973,275,-85
shoulders,lateral-raise,995,240,-114
shoulders,lateral-raise,1039,252,-59
shoulders,lateral-raise,1068,306,-1
shoulders,lateral-raise,1122,299,-29
shoulders,lateral-raise,1152,272,-168
shoulders,lateral-raise,1148,222,-399
shoulders,lateral-raise,1149,282,-498
shoulders,lateral-raise,1129,412,-550
shoulders,lateral-raise,1113,388,-695
shoulders,lateral-raise,1094,325,-766
shoulders,lateral-raise,1117,241,-770
shoulders,lateral-raise,1179,204,-795
shoulders,lateral-raise,1189,213,-872
shoulders,lateral-raise,1213,189,-863
shoulders,lateral-raise,1257,199,-812
shoulders,lateral-raise,1310,218,-855
shoulders,lateral-raise,1352,192,-763
shoulders,lateral-raise,1374,218,-796
shoulders,lateral-raise,1366,226,-813
shoulders,lateral-raise,1360,232,-822
shoulders,lateral-raise,1360,238,-787
shoulders,lateral-raise,1351,271,-793
shoulders,lateral-raise,1296,305,-761
shoulders,lateral-raise,1243,312,-786
shoulders,lateral-raise,1200,315,-896
shoulders,lateral-raise,1123,335,-762
shoulders,lateral-raise,980,326,-707
shoulders,lateral-raise,916,297,-754
shoulders,lateral-raise,845,310,-781
shoulders,lateral-raise,735,248,-695
shoulders,lateral-raise,633,200,-601
shoulders,lateral-raise,554,146,-647
shoulders,lateral-raise,468,68,-595
shoulders,lateral-raise,367,49,-443
shoulders,lateral-raise,265,48,-483
shoulders,lateral-raise,206,-38,-495
shoulders,lateral-raise,123,22,-391
shoulders,lateral-raise,64,32,-369
shoulders,lateral-raise,-37,-61,-188
shoulders,lateral-raise,-63,-21,-224
shoulders,lateral-raise,-77,-27,-284
shoulders,lateral-raise,-86,-32,-284
shoulders,lateral-raise,-179,-62,-111
shoulders,lateral-raise,-196,-84,-132
shoulders,lateral-raise,-175,-117,-160
shoulders,lateral-raise,-190,-95,-171
shoulders,lateral-raise,-227,-134,-208
shoulders,lateral-raise,-245,-113,-240
shoulders,lateral-raise,-263,-108,-263
shoulders,lateral-raise,-252,-145,-316
shoulders,lateral-raise,-240,-127,-344
shoulders,lateral-raise,-221,-113,-418
shoulders,lateral-raise,-208,-111,-468
shoulders,lateral-raise,-186,-113,-507
shoulders,lateral-raise,-151,-103,-598
shoulders,lateral-raise,-120,-64,-672
shoulders,lateral-raise,-85,-63,-677
shoulders,lateral-raise,-35,-62,-678
shoulders,lateral-raise,28,-50,-753
shoulders,lateral-raise,81,-59,-799
shoulders,lateral-raise,133,-40,-818
shoulders,lateral-raise,194,-34,-868
shoulders,lateral-raise,247,-24,-883
shoulders,lateral-raise,293,-16,-925
shoulders,lateral-raise,330,18,-904
shoulders,lateral-raise,391,37,-938
shoulders,lateral-raise,433,15,-926
shoulders,lateral-raise,513,70,-878
shoulders,lateral-raise,576,60,-858
shoulders,lateral-raise,617,59,-827
shoulders,lateral-raise,610,98,-876
shoulders,lateral-raise,687,111,-930
shoulders,lateral-raise,731,145,-956
shoulders,lateral-raise,784,154,-845
shoulders,lateral-raise,789,172,-791
shoulders,lateral-raise,828,197,-846
shoulders,lateral-raise,870,169,-880
shoulders,lateral-raise,929,186,-722
shoulders,lateral-raise,946,208,-750
shoulders,lateral-raise,977,207,-712
shoulders,lateral-raise,1000,176,-696
shoulders,lateral-raise,1016,224,-688
shoulders,lateral-raise,1016,224,-688
shoulders,lateral-raise,1024,208,-626
shoulders,lateral-raise,1032,193,-601
shoulders,lateral-raise,1010,259,-593
shoulders,lateral-raise,1001,228,-658
shoulders,lateral-raise,1021,195,-521
shoulders,lateral-raise,1017,199,-511
shoulders,lateral-raise,1043,186,-608
shoulders,lateral-raise,1048,164,-664
shoulders,lateral-raise,1074,160,-692
shoulders,lateral-raise,1074,185,-690
shoulders,lateral-raise,1072,204,-843
shoulders,lateral-raise,1078,190,-912
shoulders,lateral-raise,1115,143,-861
shoulders,lateral-raise,1139,162,-892
shoulders,lateral-raise,1150,131,-984
shoulders,lateral-raise,1157,112,-967
shoulders,lateral-raise,1144,128,-902
shoulders,lateral-raise,1161,151,-911
shoulders,lateral-raise,1201,180,-898
shoulders,lateral-raise,1226,187,-904
shoulders,lateral-raise,1255,189,-897
shoulders,lateral-raise,1281,192,-880
shoulders,lateral-raise,1284,183,-854
shoulders,lateral-raise,1288,180,-820
shoulders,lateral-raise,1268,164,-804
shoulders,lateral-raise,1236,152,-792
shoulders,lateral-raise,1206,156,-795
shoulders,lateral-raise,1148,170,-804
shoulders,lateral-raise,1082,192,-766
shoulders,lateral-raise,1021,176,-701
shoulders,lateral-raise,968,155,-736
shoulders,lateral-raise,905,148,-811
shoulders,lateral-raise,839,142,-776
shoulders,lateral-raise,761,163,-821
shoulders,lateral-raise,679,147,-821
shoulders,lateral-raise,610,138,-740
shoulders,lateral-raise,511,127,-663
shoulders,lateral-raise,428,94,-619
shoulders,lateral-raise,374,125,-704
shoulders,lateral-raise,297,86,-681
shoulders,lateral-raise,225,79,-583
shoulders,lateral-raise,147,63,-545
shoulders,lateral-raise,80,16,-553
shoulders,lateral-raise,66,16,-552
shoulders,lateral-raise,-38,14,-481
shoulders,lateral-raise,-88,-1,-359
shoulders,lateral-raise,-90,-9,-338
shoulders,lateral-raise,-113,-26,-263
shoulders,lateral-raise,-130,-65,-390
shoulders,lateral-raise,-184,-95,-328
shoulders,lateral-raise,-232,-9,-280
shoulders,lateral-raise,-255,-31,-311
shoulders,lateral-raise,-271,-62,-350
shoulders,lateral-raise,-332,-124,-285
shoulders,lateral-raise,-329,-70,-287
shoulders,lateral-raise,-328,-93,-317
shoulders,lateral-raise,-363,-75,-313
shoulders,lateral-raise,-307,-92,-435
shoulders,lateral-raise,-296,-89,-356
shoulders,lateral-raise,-270,-68,-427
shoulders,lateral-raise,-258,-70,-442
shoulders,lateral-raise,-244,-91,-514
shoulders,lateral-raise,-198,-66,-596
shoulders,lateral-raise,-172,-44,-563
shoulders,lateral-raise,-134,-29,-607
shoulders,lateral-raise,-64,-2,-721
shoulders,lateral-raise,-13,-19,-760
shoulders,lateral-raise,16,-16,-755
shoulders,lateral-raise,65,-23,-737
shoulders,lateral-raise,113,17,-777
shoulders,lateral-raise,161,24,-865
shoulders,lateral-raise,230,50,-881
shoulders,lateral-raise,300,80,-855
shoulders,lateral-raise,363,41,-874
shoulders,lateral-raise,404,66,-871
shoulders,lateral-raise,452,92,-892
shoulders,lateral-raise,507,76,-878
shoulders,lateral-raise,539,99,-801
shoulders,lateral-raise,594,108,-848
shoulders,lateral-raise,668,104,-888
shoulders,lateral-raise,706,130,-822
shoulders,lateral-raise,763,180,-839
shoulders,lateral-raise,829,188,-891
shoulders,lateral-raise,849,176,-858
shoulders,lateral-raise,904,176,-761
shoulders,lateral-raise,935,154,-722
shoulders,lateral-raise,977,192,-769
shoulders,lateral-raise,1011,224,-832
shoulders,lateral-raise,1042,196,-773
shoulders,lateral-raise,1050,193,-599
shoulders,lateral-raise,1063,217,-673
shoulders,lateral-raise,1082,191,-809
shoulders,lateral-raise,1059,188,-563
shoulders,lateral-raise,1068,204,-543
shoulders,lateral-raise,1046,194,-590
shoulders,lateral-raise,1030,259,-635
shoulders,lateral-raise,1019,219,-651
shoulders,lateral-raise,1045,244,-518
shoulders,lateral-raise,1010,191,-502
shoulders,lateral-raise,1056,168,-625
shoulders,lateral-raise,1056,168,-656
shoulders,lateral-raise,1040,152,-672
shoulders,lateral-raise,1079,191,-796
shoulders,lateral-raise,1088,222,-777
shoulders,lateral-raise,1103,172,-940
shoulders,lateral-raise,1119,190,-894
shoulders,lateral-raise,1163,156,-838
shoulders,lateral-raise,1182,173,-832
shoulders,lateral-raise,1218,203,-887
shoulders,lateral-raise,1231,215,-869
shoulders,lateral-raise,1245,223,-923
shoulders,lateral-raise,1242,237,-885
shoulders,lateral-raise,1252,190,-835
shoulders,lateral-raise,1292,230,-812
shoulders,lateral-raise,1322,277,-843
shoulders,lateral-raise,1334,236,-776
shoulders,lateral-raise,1358,238,-722
shoulders,lateral-raise,1336,210,-690
shoulders,lateral-raise,1283,208,-733
shoulders,lateral-raise,1213,191,-760
shoulders,lateral-raise,1135,191,-750
shoulders,lateral-raise,1051,205,-782
shoulders,lateral-raise,970,171,-766
shoulders,lateral-raise,896,117,-736
shoulders,lateral-raise,778,109,-706
shoulders,lateral-raise,671,108,-672
shoulders,lateral-raise,600,128,-720
shoulders,lateral-raise,525,122,-730
shoulders,lateral-raise,455,65,-621
shoulders,lateral-raise,381,62,-566
shoulders,lateral-raise,326,50,-601
shoulders,lateral-raise,286,5,-592
shoulders,lateral-raise,196,0,-541
shoulders,lateral-raise,106,-9,-498
shoulders,lateral-raise,91,-21,-413
shoulders,lateral-raise,57,-13,-363
shoulders,lateral-raise,3,-20,-353
shoulders,lateral-raise,-33,-68,-362
shoulders,lateral-raise,-104,-90,-322
shoulders,lateral-raise,-128,-30,-412
shoulders,lateral-raise,-142,-92,-368
shoulders,lateral-raise,-205,-83,-272
shoulders,lateral-raise,-257,-103,-337
shoulders,lateral-raise,-261,-133,-340
shoulders,lateral-raise,-250,-115,-335
shoulders,lateral-raise,-261,-93,-420
shoulders,lateral-raise,-245,-125,-389
shoulders,lateral-raise,-285,-107,-384
shoulders,lateral-raise,-257,-137,-538
shoulders,lateral-raise,-264,-142,-453
shoulders,lateral-raise,-262,-97,-405
shoulders,lateral-raise,-200,-144,-568
shoulders,lateral-raise,-176,-120,-544
shoulders,lateral-raise,-137,-120,-575
shoulders,lateral-raise,-98,-105,-546
shoulders,lateral-raise,-51,-67,-574
shoulders,lateral-raise,3,-79,-685
shoulders,lateral-raise,72,-30,-739
shoulders,lateral-raise,150,-38,-737
shoulders,lateral-raise,160,-6,-709
shoulders,lateral-raise,193,-13,-804
shoulders,lateral-raise,259,17,-850
shoulders,lateral-raise,316,24,-799
shoulders,lateral-raise,365,49,-784
shoulders,lateral-raise,406,86,-832
shoulders,lateral-raise,498,72,-913
shoulders,lateral-raise,534,81,-844
shoulders,lateral-raise,581,110,-808
shoulders,lateral-raise,649,136,-846
shoulders,lateral-raise,693,160,-938
shoulders,lateral-raise,729,153,-864
shoulders,lateral-raise,754,184,-785
shoulders,lateral-raise,827,175,-867
shoulders,lateral-raise,877,166,-877
shoulders,lateral-raise,884,158,-800
shoulders,lateral-raise,923,183,-742
shoulders,lateral-raise,960,224,-807
shoulders,lateral-raise,980,220,-844
shoulders,lateral-raise,1000,193,-735
shoulders,lateral-raise,1023,165,-675
shoulders,lateral-raise,1044,159,-667
shoulders,lateral-raise,1048,188,-653
shoulders,lateral-raise,1048,229,-646
shoulders,lateral-raise,1045,227,-614
shoulders,lateral-raise,1043,192,-612
shoulders,lateral-raise,1043,192,-573
shoulders,lateral-raise,1037,192,-523
shoulders,lateral-raise,1050,192,-511
shoulders,lateral-raise,1051,199,-537
shoulders,lateral-raise,1040,199,-509
shoulders,lateral-raise,1036,152,-484
shoulders,lateral-raise,1020,159,-501
shoulders,lateral-raise,1006,177,-523
shoulders,lateral-raise,1006,148,-546
shoulders,lateral-raise,1029,139,-599
shoulders,lateral-raise,1017,201,-648
shoulders,lateral-raise,1028,258,-755
shoulders,lateral-raise,1058,268,-824
shoulders,lateral-raise,1078,228,-756
shoulders,lateral-raise,1137,194,-722
shoulders,lateral-raise,1153,225,-761
shoulders,lateral-raise,1168,240,-934
shoulders,lateral-raise,1168,224,-864
shoulders,lateral-raise,1200,280,-808
shoulders,lateral-raise,1200,280,-808
shoulders,lateral-raise,1200,264,-800
shoulders,lateral-raise,1223,264,-853
shoulders,lateral-raise,1239,279,-796
shoulders,lateral-raise,1204,273,-770
shoulders,lateral-raise,1243,279,-789
shoulders,lateral-raise,1283,294,-869
shoulders,lateral-raise,1233,235,-839
shoulders,lateral-raise,1197,231,-779
shoulders,lateral-raise,1153,199,-755
shoulders,lateral-raise,1093,179,-752
shoulders,lateral-raise,1055,170,-702
shoulders,lateral-raise,963,156,-682
shoulders,lateral-raise,901,117,-739
shoulders,lateral-raise,836,110,-686
shoulders,lateral-raise,755,106,-650
shoulders,lateral-raise,690,99,-713
shoulders,lateral-raise,640,91,-723
shoulders,lateral-raise,563,32,-605
shoulders,lateral-raise,488,15,-549
shoulders,lateral-raise,407,14,-619
shoulders,lateral-raise,336,-6,-683
shoulders,lateral-raise,245,-34,-607
shoulders,lateral-raise,157,-52,-497
shoulders,lateral-raise,103,-48,-485
shoulders,lateral-raise,52,-32,-508
shoulders,lateral-raise,24,-66,-512
shoulders,lateral-raise,6,-105,-431
shoulders,lateral-raise,-27,-57,-357
shoulders,lateral-raise,-64,-48,-428
shoulders,lateral-raise,-125,-114,-430
shoulders,lateral-raise,-186,-100,-353
shoulders,lateral-raise,-207,-82,-380
shoulders,lateral-raise,-211,-120,-395
shoulders,lateral-raise,-256,-94,-412
shoulders,lateral-raise,-270,-96,-448
shoulders,lateral-raise,-264,-138,-390
shoulders,lateral-raise,-270,-100,-412
shoulders,lateral-raise,-284,-94,-486
shoulders,lateral-raise,-270,-112,-467
shoulders,lateral-raise,-264,-107,-447
shoulders,lateral-raise,-260,-97,-529
shoulders,lateral-raise,-244,-129,-495
shoulders,lateral-raise,-255,-97,-504
shoulders,lateral-raise,-198,-104,-603
shoulders,lateral-raise,-180,-98,-633
shoulders,lateral-raise,-138,-51,-715
shoulders,lateral-raise,-77,-76,-735
shoulders,lateral-raise,-37,-22,-625
shoulders,lateral-raise,26,23,-801
shoulders,lateral-raise,88,1,-847
shoulders,lateral-raise,136,55,-769
shoulders,lateral-raise,198,40,-830
shoulders,lateral-raise,261,93,-802
shoulders,lateral-raise,309,96,-867
shoulders,lateral-raise,370,81,-865
shoulders,lateral-raise,433,130,-764
shoulders,lateral-raise,475,171,-927
shoulders,lateral-raise,548,162,-870
shoulders,lateral-raise,607,187,-796
shoulders,lateral-raise,629,192,-830
shoulders,lateral-raise,676,122,-884
shoulders,lateral-raise,682,197,-939
shoulders,lateral-raise,710,176,-855
shoulders,lateral-raise,732,178,-824
shoulders,lateral-raise,753,218,-784
shoulders,lateral-raise,805,221,-779
shoulders,lateral-raise,851,173,-757
shoulders,lateral-raise,869,215,-765
shoulders,lateral-raise,928,248,-847
shoulders,lateral-raise,960,223,-720
shoulders,lateral-raise,960,213,-654
shoulders,lateral-raise,983,202,-712
shoulders,lateral-raise,1013,205,-691
shoulders,lateral-raise,1011,212,-626
shoulders,lateral-raise,1012,216,-683
shoulders,lateral-raise,1028,220,-704
shoulders,lateral-raise,1040,197,-575
shoulders,lateral-raise,1055,176,-529
shoulders,lateral-raise,1050,194,-550
shoulders,lateral-raise,1025,203,-508
shoulders,lateral-raise,1006,178,-451
shoulders,lateral-raise,995,174,-436
shoulders,lateral-raise,1006,178,-477
shoulders,lateral-raise,1019,160,-483
shoulders,lateral-raise,1027,152,-504
shoulders,lateral-raise,1032,158,-506
shoulders,lateral-raise,1034,131,-510
shoulders,lateral-raise,1046,137,-555
shoulders,lateral-raise,1070,196,-706
shoulders,lateral-raise,1092,230,-727
shoulders,lateral-raise,1111,219,-721
shoulders,lateral-raise,1140,191,-800
shoulders,lateral-raise,1165,165,-745
shoulders,lateral-raise,1194,230,-847
shoulders,lateral-raise,1207,217,-922
shoulders,lateral-raise,1204,227,-825
shoulders,lateral-raise,1245,248,-831
shoulders,lateral-raise,1297,247,-816
shoulders,lateral-raise,1313,240,-819
shoulders,lateral-raise,1337,241,-877
shoulders,lateral-raise,1360,288,-768
shoulders,lateral-raise,1344,224,-728
shoulders,lateral-raise,1313,247,-712
shoulders,lateral-raise,1274,248,-796
shoulders,lateral-raise,1235,233,-852
shoulders,lateral-raise,1130,232,-747
shoulders,lateral-raise,1041,203,-686
shoulders,lateral-raise,976,207,-708
shoulders,lateral-raise,886,174,-773
shoulders,lateral-raise,845,161,-717
shoulders,lateral-raise,775,180,-711
shoulders,lateral-raise,696,178,-680
shoulders,lateral-raise,612,139,-616
shoulders,lateral-raise,538,134,-648
shoulders,lateral-raise,449,124,-699
shoulders,lateral-raise,378,86,-649
shoulders,lateral-raise,282,61,-563
shoulders,lateral-raise,199,61,-574
shoulders,lateral-raise,134,48,-581
shoulders,lateral-raise,107,-1,-551
shoulders,lateral-raise,64,-14,-492
shoulders,lateral-raise,7,-27,-421
shoulders,lateral-raise,-16,-35,-415
shoulders,lateral-raise,-74,-19,-463
shoulders,lateral-raise,-107,-21,-479
shoulders,lateral-raise,-113,-36,-476
shoulders,lateral-raise,-204,-84,-436
shoulders,lateral-raise,-234,-120,-411
shoulders,lateral-raise,-232,-97,-414
shoulders,lateral-raise,-270,-94,-431
shoulders,lateral-raise,-251,-122,-413
shoulders,lateral-raise,-298,-133,-330
shoulders,lateral-raise,-323,-113,-365
shoulders,lateral-raise,-284,-114,-400
shoulders,lateral-raise,-336,-146,-425
shoulders,lateral-raise,-347,-130,-482
shoulders,lateral-raise,-319,-140,-470
shoulders,lateral-raise,-336,-110,-453
shoulders,lateral-raise,-298,-100,-619
shoulders,lateral-raise,-298,-94,-640
shoulders,lateral-raise,-276,-105,-600
shoulders,lateral-raise,-254,-75,-574
shoulders,lateral-raise,-207,-59,-672
shoulders,lateral-raise,-153,-68,-611
shoulders,lateral-raise,-86,-41,-679
shoulders,lateral-raise,-112,-2,-778
shoulders,lateral-raise,-51,-19,-846
shoulders,lateral-raise,-9,-42,-819
shoulders,lateral-raise,-12,16,-695
shoulders,lateral-raise,50,14,-902
shoulders,lateral-raise,97,-31,-863
shoulders,lateral-raise,144,16,-817
shoulders,lateral-raise,168,64,-911
shoulders,lateral-raise,215,80,-896
shoulders,lateral-raise,315,95,-896
shoulders,lateral-raise,350,118,-926
shoulders,lateral-raise,381,135,-884
shoulders,lateral-raise,434,157,-880
shoulders,lateral-raise,496,139,-817
shoulders,lateral-raise,531,197,-849
shoulders,lateral-raise,583,135,-869
shoulders,lateral-raise,631,224,-787
shoulders,lateral-raise,716,248,-908
shoulders,lateral-raise,779,180,-870
shoulders,lateral-raise,780,239,-800
shoulders,lateral-raise,841,229,-843
shoulders,lateral-raise,864,187,-824
shoulders,lateral-raise,875,232,-663
shoulders,lateral-raise,923,283,-773
shoulders,lateral-raise,949,249,-840
shoulders,lateral-raise,942,209,-664
shoulders,lateral-raise,936,230,-637
shoulders,lateral-raise,955,267,-661
shoulders,lateral-raise,987,234,-653
shoulders,lateral-raise,1000,209,-531
shoulders,lateral-raise,1004,229,-454
shoulders,lateral-raise,1016,248,-551
shoulders,lateral-raise,1020,244,-540
shoulders,lateral-raise,1020,224,-441
shoulders,lateral-raise,1017,234,-383
shoulders,lateral-raise,1004,238,-396
shoulders,lateral-raise,1007,209,-475
shoulders,lateral-raise,1006,216,-464
shoulders,lateral-raise,998,240,-434
shoulders,lateral-raise,1008,228,-418
shoulders,lateral-raise,1016,205,-438
shoulders,lateral-raise,1032,197,-475
shoulders,lateral-raise,1032,192,-451
shoulders,lateral-raise,1032,185,-526
shoulders,lateral-raise,1026,176,-592
shoulders,lateral-raise,1012,204,-599
shoulders,lateral-raise,1028,225,-692
shoulders,lateral-raise,1050,246,-695
shoulders,lateral-raise,1089,212,-749
shoulders,lateral-raise,1112,227,-747
shoulders,lateral-raise,1196,205,-795
shoulders,lateral-raise,1212,239,-771
shoulders,lateral-raise,1189,289,-808
shoulders,lateral-raise,1235,298,-930
shoulders,lateral-raise,1263,316,-860
shoulders,lateral-raise,1258,266,-805
shoulders,lateral-raise,1297,294,-752
shoulders,lateral-raise,1328,216,-744
shoulders,lateral-raise,1312,296,-736
shoulders,lateral-raise,1312,296,-736
shoulders,lateral-raise,1281,288,-759
shoulders,lateral-raise,1280,242,-790
shoulders,lateral-raise,1265,262,-717
shoulders,lateral-raise,1228,271,-712
shoulders,lateral-raise,1167,243,-655
shoulders,lateral-raise,1104,233,-697
shoulders,lateral-raise,1069,287,-786
shoulders,lateral-raise,951,209,-793
shoulders,lateral-raise,869,218,-675
shoulders,lateral-raise,773,173,-648
shoulders,lateral-raise,702,166,-729
shoulders,lateral-raise,585,138,-637
shoulders,lateral-raise,499,110,-606
shoulders,lateral-raise,446,87,-556
shoulders,lateral-raise,371,63,-603
shoulders,lateral-raise,284,13,-583
shoulders,lateral-raise,240,3,-513
shoulders,lateral-raise,181,-2,-478
shoulders,lateral-raise,117,-13,-541
shoulders,lateral-raise,15,-26,-522
shoulders,lateral-raise,-31,-18,-457
shoulders,lateral-raise,-64,-4,-471
shoulders,lateral-raise,-118,-22,-479
shoulders,lateral-raise,-119,-61,-452
shoulders,lateral-raise,-144,-64,-444
shoulders,lateral-raise,-184,-60,-452
shoulders,lateral-raise,-199,-90,-427
shoulders,lateral-raise,-241,-73,-385
shoulders,lateral-raise,-255,-27,-423
shoulders,lateral-raise,-245,-61,-465
shoulders,lateral-raise,-285,-86,-401
shoulders,lateral-raise,-300,-68,-384
shoulders,lateral-raise,-272,-93,-437
shoulders,lateral-raise,-298,-101,-448
shoulders,lateral-raise,-308,-103,-490
shoulders,lateral-raise,-278,-118,-514
shoulders,lateral-raise,-274,-95,-543
shoulders,lateral-raise,-264,-62,-604
shoulders,lateral-raise,-211,-99,-572
shoulders,lateral-raise,-190,-65,-534
shoulders,lateral-raise,-171,-18,-664
shoulders,lateral-raise,-108,-56,-727
shoulders,lateral-raise,-83,-14,-695
shoulders,lateral-raise,-53,-7,-779
shoulders,lateral-raise,-30,-51,-744
shoulders,lateral-raise,-11,-6,-750
shoulders,lateral-raise,45,14,-810
shoulders,lateral-raise,112,-5,-825
shoulders,lateral-raise,123,48,-685
shoulders,lateral-raise,208,56,-848
shoulders,lateral-raise,248,16,-864
shoulders,lateral-raise,271,86,-895
shoulders,lateral-raise,340,65,-835
shoulders,lateral-raise,404,94,-817
shoulders,lateral-raise,466,118,-867
shoulders,lateral-raise,515,120,-851
shoulders,lateral-raise,541,148,-904
shoulders,lateral-raise,605,152,-939
shoulders,lateral-raise,663,125,-844
shoulders,lateral-raise,659,166,-700
shoulders,lateral-raise,739,227,-913
shoulders,lateral-raise,822,203,-1026
shoulders,lateral-raise,840,216,-804
shoulders,lateral-raise,893,224,-699
shoulders,lateral-raise,906,161,-625
shoulders,lateral-raise,932,158,-734
shoulders,lateral-raise,960,217,-738
shoulders,lateral-raise,963,208,-691
shoulders,lateral-raise,980,202,-583
shoulders,lateral-raise,1002,223,-652
shoulders,lateral-raise,1008,232,-642
shoulders,lateral-raise,1022,218,-538
shoulders,lateral-raise,1014,199,-500
shoulders,lateral-raise,1017,235,-518
shoulders,lateral-raise,1044,255,-544
shoulders,lateral-raise,1044,244,-532
shoulders,lateral-raise,1044,267,-566
shoulders,lateral-raise,1049,259,-547
shoulders,lateral-raise,1036,210,-417
shoulders,lateral-raise,1032,212,-341
shoulders,lateral-raise,1042,237,-343
shoulders,lateral-raise,1059,235,-409
shoulders,lateral-raise,1064,231,-421
shoulders,lateral-raise,1064,205,-380
shoulders,lateral-raise,1043,194,-309
shoulders,lateral-raise,985,216,-336
shoulders,lateral-raise,950,214,-394
shoulders,lateral-raise,942,202,-343
shoulders,lateral-raise,938,180,-310
shoulders,lateral-raise,955,161,-377
shoulders,lateral-raise,1005,148,-472
shoulders,lateral-raise,1068,219,-534
shoulders,lateral-raise,1117,329,-675
shoulders,lateral-raise,1108,297,-741
shoulders,lateral-raise,1129,307,-815
shoulders,lateral-raise,1139,323,-810
shoulders,lateral-raise,1159,280,-823
shoulders,lateral-raise,1146,282,-812
shoulders,lateral-raise,1178,304,-860
shoulders,lateral-raise,1225,304,-776
shoulders,lateral-raise,1264,304,-784
shoulders,lateral-raise,1280,312,-784
shoulders,lateral-raise,1327,335,-784
shoulders,lateral-raise,1374,283,-723
shoulders,lateral-raise,1383,302,-698
shoulders,lateral-raise,1362,268,-689
shoulders,lateral-raise,1353,257,-695
shoulders,lateral-raise,1310,312,-717
shoulders,lateral-raise,1263,306,-740
shoulders,lateral-raise,1189,297,-704
shoulders,lateral-raise,1111,289,-689
shoulders,lateral-raise,1052,269,-682
shoulders,lateral-raise,953,289,-674
shoulders,lateral-raise,868,272,-684
shoulders,lateral-raise,783,246,-688
shoulders,lateral-raise,686,177,-619
shoulders,lateral-raise,600,152,-570
shoulders,lateral-raise,516,114,-533
shoulders,lateral-raise,441,101,-620
shoulders,lateral-raise,360,63,-601
shoulders,lateral-raise,279,70,-550
shoulders,lateral-raise,200,50,-544
shoulders,lateral-raise,136,15,-465
shoulders,lateral-raise,85,17,-448
shoulders,lateral-raise,42,2,-476
shoulders,lateral-raise,-1,-20,-439
shoulders,lateral-raise,-44,-28,-432
shoulders,lateral-raise,-72,-28,-437
shoulders,lateral-raise,-91,-42,-412
shoulders,lateral-raise,-139,-71,-383
shoulders,lateral-raise,-197,-80,-376
shoulders,lateral-raise,-210,-77,-427
shoulders,lateral-raise,-228,-72,-456
shoulders,lateral-raise,-269,-87,-441
shoulders,lateral-raise,-275,-104,-419
shoulders,lateral-raise,-286,-83,-434
shoulders,lateral-raise,-276,-77,-454
shoulders,lateral-raise,-304,-86,-468
shoulders,lateral-raise,-302,-86,-520
shoulders,lateral-raise,-298,-92,-534
shoulders,lateral-raise,-299,-63,-572
shoulders,lateral-raise,-278,-78,-563
shoulders,lateral-raise,-269,-41,-572
shoulders,lateral-raise,-252,-39,-565
shoulders,lateral-raise,-227,4,-654
shoulders,lateral-raise,-198,-14,-776
shoulders,lateral-raise,-177,8,-718
shoulders,lateral-raise,-115,70,-708
shoulders,lateral-raise,-60,49,-741
shoulders,lateral-raise,1,68,-711
shoulders,lateral-raise,26,134,-838
shoulders,lateral-raise,80,72,-775
shoulders,lateral-raise,128,120,-705
shoulders,lateral-raise,190,97,-805
shoulders,lateral-raise,245,149,-823
shoulders,lateral-raise,300,159,-876
shoulders,lateral-raise,311,218,-931
shoulders,lateral-raise,383,181,-893
shoulders,lateral-raise,399,169,-783
shoulders,lateral-raise,461,216,-795
shoulders,lateral-raise,499,184,-787
shoulders,lateral-raise,537,235,-856
shoulders,lateral-raise,582,178,-885
shoulders,lateral-raise,629,247,-783
shoulders,lateral-raise,682,266,-818
shoulders,lateral-raise,714,252,-734
shoulders,lateral-raise,743,259,-696
shoulders,lateral-raise,797,253,-718
shoulders,lateral-raise,827,232,-696
shoulders,lateral-raise,837,250,-691
shoulders,lateral-raise,896,264,-737
shoulders,lateral-raise,963,289,-696
shoulders,lateral-raise,1013,285,-627
shoulders,lateral-raise,1041,258,-585
shoulders,lateral-raise,1066,239,-599
shoulders,lateral-raise,1110,223,-611
shoulders,lateral-raise,1124,237,-604
shoulders,lateral-raise,1116,252,-584
shoulders,lateral-raise,1112,225,-495
shoulders,lateral-raise,1104,196,-431
shoulders,lateral-raise,1100,185,-468
shoulders,lateral-raise,1089,196,-453
shoulders,lateral-raise,1077,211,-371
shoulders,lateral-raise,1072,192,-334
shoulders,lateral-raise,1081,198,-313
shoulders,lateral-raise,1099,192,-323
shoulders,lateral-raise,1096,186,-304
shoulders,lateral-raise,1068,228,-303
shoulders,lateral-raise,1038,193,-325
shoulders,lateral-raise,1026,182,-283
shoulders,lateral-raise,1006,200,-254
shoulders,lateral-raise,998,187,-274
shoulders,lateral-raise,995,149,-290
shoulders,lateral-raise,1009,162,-356
shoulders,lateral-raise,1019,128,-471
shoulders,lateral-raise,1037,112,-411
shoulders,lateral-raise,1069,248,-353
shoulders,lateral-raise,1110,245,-497
shoulders,lateral-raise,1159,228,-706
shoulders,lateral-raise,1151,259,-723
shoulders,lateral-raise,1146,187,-660
shoulders,lateral-raise,1192,247,-727
shoulders,lateral-raise,1192,216,-688
shoulders,lateral-raise,1240,232,-784
shoulders,lateral-raise,1248,271,-768
shoulders,lateral-raise,1316,234,-745
shoulders,lateral-raise,1365,202,-662
shoulders,lateral-raise,1397,244,-590
shoulders,lateral-raise,1471,219,-698
shoulders,lateral-raise,1473,237,-733
shoulders,lateral-raise,1438,260,-716
shoulders,lateral-raise,1385,271,-659
shoulders,lateral-raise,1324,252,-648
shoulders,lateral-raise,1242,229,-661
shoulders,lateral-raise,1156,224,-639
shoulders,lateral-raise,1100,236,-650
shoulders,lateral-raise,1035,269,-668
shoulders,lateral-raise,987,286,-701
shoulders,lateral-raise,881,243,-695
shoulders,lateral-raise,770,219,-661
shoulders,lateral-raise,657,200,-637
shoulders,lateral-raise,570,182,-652
shoulders,lateral-raise,480,127,-600
shoulders,lateral-raise,392,134,-503
shoulders,lateral-raise,351,151,-501
shoulders,lateral-raise,322,144,-550
shoulders,lateral-raise,269,122,-585
shoulders,lateral-raise,178,92,-592
shoulders,lateral-raise,92,60,-540
shoulders,lateral-raise,49,36,-484
shoulders,lateral-raise,-12,32,-476
shoulders,lateral-raise,-29,32,-533
shoulders,lateral-raise,-35,35,-580
shoulders,lateral-raise,-94,14,-552
shoulders,lateral-raise,-98,-24,-494
shoulders,lateral-raise,-145,-24,-417
shoulders,lateral-raise,-165,-40,-475
shoulders,lateral-raise,-175,-59,-528
shoulders,lateral-raise,-233,-39,-535
shoulders,lateral-raise,-214,-49,-529
shoulders,lateral-raise,-221,-26,-466
shoulders,lateral-raise,-264,-14,-470
shoulders,lateral-raise,-281,-43,-532
shoulders,lateral-raise,-254,-67,-515
shoulders,lateral-raise,-247,-16,-502
shoulders,lateral-raise,-245,-23,-533
shoulders,lateral-raise,-270,-49,-551
shoulders,lateral-raise,-249,-13,-514
shoulders,lateral-raise,-197,-45,-630
shoulders,lateral-raise,-172,-16,-546
shoulders,lateral-raise,-136,-15,-570
shoulders,lateral-raise,-133,2,-600
shoulders,lateral-raise,-70,32,-603
shoulders,lateral-raise,-8,48,-696
shoulders,lateral-raise,32,56,-688
shoulders,lateral-raise,71,87,-789
shoulders,lateral-raise,57,50,-822
shoulders,lateral-raise,108,100,-764
shoulders,lateral-raise,148,111,-753
shoulders,lateral-raise,245,112,-838
shoulders,lateral-raise,326,168,-820
shoulders,lateral-raise,356,128,-802
shoulders,lateral-raise,427,160,-820
shoulders,lateral-raise,466,155,-785
shoulders,lateral-raise,491,196,-789
shoulders,lateral-raise,558,177,-835
shoulders,lateral-raise,612,192,-812
shoulders,lateral-raise,648,224,-800
shoulders,lateral-raise,719,243,-789
shoulders,lateral-raise,761,231,-812
shoulders,lateral-raise,811,246,-792
shoulders,lateral-raise,848,261,-802
shoulders,lateral-raise,851,274,-755
shoulders,lateral-raise,883,290,-740
shoulders,lateral-raise,947,267,-733
shoulders,lateral-raise,990,262,-701
shoulders,lateral-raise,1022,263,-670
shoulders,lateral-raise,1053,234,-630
shoulders,lateral-raise,1072,228,-641
shoulders,lateral-raise,1084,256,-632
shoulders,lateral-raise,1084,253,-534
shoulders,lateral-raise,1087,217,-494
shoulders,lateral-raise,1100,228,-485
shoulders,lateral-raise,1114,257,-447
shoulders,lateral-raise,1128,238,-450
shoulders,lateral-raise,1128,221,-434
shoulders,lateral-raise,1116,222,-401
shoulders,lateral-raise,1091,232,-365
shoulders,lateral-raise,1072,237,-358
shoulders,lateral-raise,1051,243,-318
shoulders,lateral-raise,1040,237,-307
shoulders,lateral-raise,1036,244,-268
shoulders,lateral-raise,1018,234,-204
shoulders,lateral-raise,998,236,-247
shoulders,lateral-raise,997,227,-274
shoulders,lateral-raise,1013,234,-279
shoulders,lateral-raise,1003,200,-285
shoulders,lateral-raise,1024,153,-358
shoulders,lateral-raise,1081,135,-405
shoulders,lateral-raise,1147,297,-524
shoulders,lateral-raise,1183,300,-757
shoulders,lateral-raise,1252,264,-731
shoulders,lateral-raise,1200,264,-783
shoulders,lateral-raise,1199,262,-910
shoulders,lateral-raise,1168,192,-832
shoulders,lateral-raise,1160,208,-704
shoulders,lateral-raise,1160,208,-704
shoulders,lateral-raise,1191,247,-844
shoulders,lateral-raise,1222,278,-916
shoulders,lateral-raise,1343,295,-778
shoulders,lateral-raise,1374,311,-724
shoulders,lateral-raise,1447,305,-706
shoulders,lateral-raise,1491,297,-634
shoulders,lateral-raise,1496,316,-658
shoulders,lateral-raise,1469,300,-651
shoulders,lateral-raise,1451,309,-713
shoulders,lateral-raise,1410,318,-658
shoulders,lateral-raise,1301,308,-547
shoulders,lateral-raise,1206,298,-550
shoulders,lateral-raise,1131,284,-607
shoulders,lateral-raise,1038,274,-607
shoulders,lateral-raise,924,289,-606
shoulders,lateral-raise,807,301,-613
shoulders,lateral-raise,726,304,-637
shoulders,lateral-raise,658,284,-633
shoulders,lateral-raise,573,237,-580
shoulders,lateral-raise,503,226,-595
shoulders,lateral-raise,424,195,-592
shoulders,lateral-raise,362,137,-590
shoulders,lateral-raise,271,138,-539
shoulders,lateral-raise,183,152,-459
shoulders,lateral-raise,116,136,-456
shoulders,lateral-raise,45,124,-484
shoulders,lateral-raise,-17,94,-489
shoulders,lateral-raise,-60,53,-476
shoulders,lateral-raise,-111,33,-448
shoulders,lateral-raise,-166,8,-416
shoulders,lateral-raise,-176,-16,-407
shoulders,lateral-raise,-228,-10,-418
shoulders,lateral-raise,-248,-33,-475
shoulders,lateral-raise,-258,-75,-468
shoulders,lateral-raise,-295,-59,-420
shoulders,lateral-raise,-339,-102,-441
shoulders,lateral-raise,-351,-54,-424
shoulders,lateral-raise,-320,-56,-414
shoulders,lateral-raise,-375,-87,-400
shoulders,lateral-raise,-395,-104,-454
shoulders,lateral-raise,-376,-71,-466
shoulders,lateral-raise,-373,-77,-541
shoulders,lateral-raise,-359,-135,-519
shoulders,lateral-raise,-350,-75,-474
shoulders,lateral-raise,-332,-43,-551
shoulders,lateral-raise,-297,-65,-606
shoulders,lateral-raise,-300,-69,-583
shoulders,lateral-raise,-246,-32,-569
shoulders,lateral-raise,-200,-23,-593
shoulders,lateral-raise,-192,8,-641
shoulders,lateral-raise,-152,-40,-727
shoulders,lateral-raise,-136,22,-619
shoulders,lateral-raise,-75,1,-669
shoulders,lateral-raise,-12,7,-821
shoulders,lateral-raise,58,1,-825
shoulders,lateral-raise,100,14,-745
shoulders,lateral-raise,125,58,-785
shoulders,lateral-raise,210,50,-867
shoulders,lateral-raise,237,88,-820
shoulders,lateral-raise,312,116,-795
shoulders,lateral-raise,360,114,-786
shoulders,lateral-raise,399,143,-834
shoulders,lateral-raise,474,140,-854
shoulders,lateral-raise,502,165,-803
shoulders,lateral-raise,538,182,-870
shoulders,lateral-raise,613,162,-843
shoulders,lateral-raise,662,184,-729
shoulders,lateral-raise,714,168,-699
shoulders,lateral-raise,802,183,-801
shoulders,lateral-raise,860,195,-797
shoulders,lateral-raise,896,168,-722
shoulders,lateral-raise,940,152,-687
shoulders,lateral-raise,969,170,-702
shoulders,lateral-raise,989,210,-759
shoulders,lateral-raise,1021,195,-746
shoulders,lateral-raise,1048,172,-652
shoulders,lateral-raise,1079,184,-619
shoulders,lateral-raise,1115,166,-622
shoulders,lateral-raise,1132,151,-589
shoulders,lateral-raise,1123,180,-539
shoulders,lateral-raise,1104,221,-520
shoulders,lateral-raise,1110,206,-525
shoulders,lateral-raise,1117,172,-404
shoulders,lateral-raise,1117,205,-323
shoulders,lateral-raise,1128,195,-375
shoulders,lateral-raise,1126,167,-433
shoulders,lateral-raise,1113,144,-389
shoulders,lateral-raise,1092,190,-316
shoulders,lateral-raise,1082,206,-290
shoulders,lateral-raise,1086,198,-259
shoulders,lateral-raise,1075,189,-291
shoulders,lateral-raise,1055,179,-263
shoulders,lateral-raise,1047,188,-220
shoulders,lateral-raise,1039,175,-199
shoulders,lateral-raise,1033,220,-199
shoulders,lateral-raise,1039,245,-248
shoulders,lateral-raise,1031,213,-245
shoulders,lateral-raise,1023,185,-214
shoulders,lateral-raise,1016,200,-186
shoulders,lateral-raise,1016,191,-225
shoulders,lateral-raise,1024,160,-264
shoulders,lateral-raise,1032,168,-328
shoulders,lateral-raise,1016,222,-320
shoulders,lateral-raise,1016,209,-396
shoulders,lateral-raise,1105,223,-586
shoulders,lateral-raise,1127,224,-593
shoulders,lateral-raise,1121,238,-628
shoulders,lateral-raise,1134,240,-681
shoulders,lateral-raise,1177,254,-627
shoulders,lateral-raise,1184,276,-683
shoulders,lateral-raise,1236,306,-703
shoulders,lateral-raise,1324,248,-679
shoulders,lateral-raise,1344,282,-672
shoulders,lateral-raise,1380,230,-636
shoulders,lateral-raise,1427,202,-653
shoulders,lateral-raise,1429,211,-590
shoulders,lateral-raise,1430,194,-521
shoulders,lateral-raise,1437,233,-536
shoulders,lateral-raise,1451,235,-605
shoulders,lateral-raise,1395,204,-581
shoulders,lateral-raise,1296,202,-512
shoulders,lateral-raise,1246,194,-531
shoulders,lateral-raise,1194,207,-546
shoulders,lateral-raise,1097,237,-576
shoulders,lateral-raise,983,244,-660
shoulders,lateral-raise,895,265,-696
shoulders,lateral-raise,816,264,-704
shoulders,lateral-raise,733,228,-670
shoulders,lateral-raise,652,209,-590
shoulders,lateral-raise,565,172,-556
shoulders,lateral-raise,490,146,-562
shoulders,lateral-raise,406,147,-589
shoulders,lateral-raise,323,131,-614
shoulders,lateral-raise,262,139,-607
shoulders,lateral-raise,197,122,-538
shoulders,lateral-raise,134,80,-451
shoulders,lateral-raise,75,82,-473
shoulders,lateral-raise,53,72,-577
shoulders,lateral-raise,9,28,-541
shoulders,lateral-raise,-40,12,-474
shoulders,lateral-raise,-77,5,-443
shoulders,lateral-raise,-127,19,-490
shoulders,lateral-raise,-161,-1,-525
shoulders,lateral-raise,-205,-13,-493
shoulders,lateral-raise,-230,-36,-414
shoulders,lateral-raise,-221,-18,-496
shoulders,lateral-raise,-261,-34,-493
shoulders,lateral-raise,-301,-49,-471
shoulders,lateral-raise,-274,-55,-456
shoulders,lateral-raise,-302,-40,-459
shoulders,lateral-raise,-272,-41,-521
shoulders,lateral-raise,-256,-88,-550
shoulders,lateral-raise,-280,-56,-378
shoulders,lateral-raise,-241,-48,-516
shoulders,lateral-raise,-217,-48,-573
shoulders,lateral-raise,-223,4,-524
shoulders,lateral-raise,-188,-36,-608
shoulders,lateral-raise,-184,-54,-602
shoulders,lateral-raise,-149,7,-621
shoulders,lateral-raise,-103,23,-617
shoulders,lateral-raise,-36,31,-636
shoulders,lateral-raise,22,25,-660
shoulders,lateral-raise,76,18,-689
shoulders,lateral-raise,138,72,-684
shoulders,lateral-raise,218,124,-759
shoulders,lateral-raise,281,124,-808
shoulders,lateral-raise,336,126,-776
shoulders,lateral-raise,385,178,-760
shoulders,lateral-raise,443,205,-765
shoulders,lateral-raise,543,192,-852
shoulders,lateral-raise,559,204,-784
shoulders,lateral-raise,593,236,-740
shoulders,lateral-raise,643,272,-800
shoulders,lateral-raise,684,251,-809
shoulders,lateral-raise,753,224,-729
shoulders,lateral-raise,792,211,-732
shoulders,lateral-raise,829,200,-764
shoulders,lateral-raise,892,204,-744
shoulders,lateral-raise,943,216,-701
shoulders,lateral-raise,990,235,-675
shoulders,lateral-raise,998,244,-649
shoulders,lateral-raise,1013,227,-610
shoulders,lateral-raise,1061,214,-598
shoulders,lateral-raise,1077,221,-554
shoulders,lateral-raise,1103,204,-524
shoulders,lateral-raise,1102,189,-480
shoulders,lateral-raise,1128,200,-451
shoulders,lateral-raise,1130,200,-426
shoulders,lateral-raise,1141,214,-425
shoulders,lateral-raise,1158,261,-404
shoulders,lateral-raise,1178,286,-382
shoulders,lateral-raise,1184,254,-345
shoulders,lateral-raise,1179,240,-310
shoulders,lateral-raise,1163,209,-271
shoulders,lateral-raise,1172,215,-264
shoulders,lateral-raise,1147,213,-263
shoulders,lateral-raise,1118,241,-257
shoulders,lateral-raise,1102,246,-261
shoulders,lateral-raise,1087,228,-226
shoulders,lateral-raise,1070,193,-166
shoulders,lateral-raise,1048,208,-138
shoulders,lateral-raise,1040,200,-185
shoulders,lateral-raise,1032,184,-232
shoulders,lateral-raise,1032,176,-216
shoulders,lateral-raise,1032,176,-216
shoulders,lateral-raise,1009,176,-169
shoulders,lateral-raise,993,214,-130
shoulders,lateral-raise,1014,171,-210
shoulders,lateral-raise,1001,168,-201
shoulders,lateral-raise,1007,182,-243
shoulders,lateral-raise,1043,177,-339
shoulders,lateral-raise,1109,142,-468
shoulders,lateral-raise,1140,189,-541
shoulders,lateral-raise,1144,220,-585
shoulders,lateral-raise,1188,205,-643
shoulders,lateral-raise,1225,169,-637
shoulders,lateral-raise,1274,160,-626
shoulders,lateral-raise,1317,131,-618
shoulders,lateral-raise,1385,160,-696
shoulders,lateral-raise,1425,176,-711
shoulders,lateral-raise,1470,230,-693
shoulders,lateral-raise,1514,240,-688
shoulders,lateral-raise,1528,217,-622
shoulders,lateral-raise,1543,203,-584
shoulders,lateral-raise,1528,229,-627
shoulders,lateral-raise,1480,229,-637
shoulders,lateral-raise,1420,261,-642
shoulders,lateral-raise,1340,279,-626
shoulders,lateral-raise,1259,276,-608
shoulders,lateral-raise,1180,276,-600
shoulders,lateral-raise,1086,260,-576
shoulders,lateral-raise,958,256,-590
shoulders,lateral-raise,830,245,-605
shoulders,lateral-raise,739,215,-568
shoulders,lateral-raise,653,202,-513
shoulders,lateral-raise,563,207,-504
shoulders,lateral-raise,489,180,-541
shoulders,lateral-raise,434,163,-520
shoulders,lateral-raise,348,152,-470
shoulders,lateral-raise,266,142,-449
shoulders,lateral-raise,200,174,-486
shoulders,lateral-raise,149,115,-480
shoulders,lateral-raise,104,84,-456
shoulders,lateral-raise,43,94,-393
shoulders,lateral-raise,-13,83,-426
shoulders,lateral-raise,-70,58,-429
shoulders,lateral-raise,-99,29,-420
shoulders,lateral-raise,-121,10,-433
shoulders,lateral-raise,-180,-17,-397
shoulders,lateral-raise,-208,29,-436
shoulders,lateral-raise,-209,0,-468
shoulders,lateral-raise,-218,-1,-432
shoulders,lateral-raise,-242,-16,-430
shoulders,lateral-raise,-271,-15,-395
shoulders,lateral-raise,-248,23,-480
shoulders,lateral-raise,-248,-39,-496
shoulders,lateral-raise,-264,-24,-473
shoulders,lateral-raise,-317,-9,-426
shoulders,lateral-raise,-268,44,-528
shoulders,lateral-raise,-257,12,-587
shoulders,lateral-raise,-263,44,-563
shoulders,lateral-raise,-201,41,-560
shoulders,lateral-raise,-137,47,-526
shoulders,lateral-raise,-75,61,-620
shoulders,lateral-raise,-31,57,-647
shoulders,lateral-raise,20,69,-705
shoulders,lateral-raise,82,72,-683
shoulders,lateral-raise,138,120,-684
shoulders,lateral-raise,223,124,-735
shoulders,lateral-raise,271,149,-752
shoulders,lateral-raise,330,177,-713
shoulders,lateral-raise,384,157,-701
shoulders,lateral-raise,437,218,-741
shoulders,lateral-raise,492,215,-821
shoulders,lateral-raise,527,236,-841
shoulders,lateral-raise,541,274,-803
shoulders,lateral-raise,576,275,-789
shoulders,lateral-raise,622,294,-761
shoulders,lateral-raise,687,308,-775
shoulders,lateral-raise,740,316,-800
shoulders,lateral-raise,780,336,-816
shoulders,lateral-raise,839,344,-786
shoulders,lateral-raise,905,351,-743
shoulders,lateral-raise,948,364,-749
shoulders,lateral-raise,969,344,-719
shoulders,lateral-raise,998,318,-667
shoulders,lateral-raise,1017,334,-633
shoulders,lateral-raise,1041,321,-633
shoulders,lateral-raise,1059,272,-586
shoulders,lateral-raise,1074,264,-549
shoulders,lateral-raise,1101,278,-575
shoulders,lateral-raise,1112,274,-590
shoulders,lateral-raise,1108,274,-521
shoulders,lateral-raise,1098,252,-448
shoulders,lateral-raise,1099,233,-419
shoulders,lateral-raise,1077,211,-413
shoulders,lateral-raise,1061,225,-449
shoulders,lateral-raise,1045,235,-375
shoulders,lateral-raise,1036,252,-332
shoulders,lateral-raise,1057,270,-349
shoulders,lateral-raise,1064,257,-324
shoulders,lateral-raise,1065,263,-285
shoulders,lateral-raise,1080,246,-254
shoulders,lateral-raise,1080,224,-224
shoulders,lateral-raise,1088,232,-216
shoulders,lateral-raise,1072,224,-232
shoulders,lateral-raise,1048,224,-200
shoulders,lateral-raise,1001,255,-285
shoulders,lateral-raise,1000,226,-181
shoulders,lateral-raise,1015,209,-191
shoulders,lateral-raise,1016,237,-221
shoulders,lateral-raise,1037,219,-231
shoulders,lateral-raise,1075,195,-211
shoulders,lateral-raise,1094,158,-276
shoulders,lateral-raise,1176,185,-388
shoulders,lateral-raise,1231,244,-460
shoulders,lateral-raise,1215,212,-580
shoulders,lateral-raise,1239,250,-720
shoulders,lateral-raise,1212,234,-643
shoulders,lateral-raise,1218,242,-667
shoulders,lateral-raise,1230,219,-780
shoulders,lateral-raise,1265,208,-716
shoulders,lateral-raise,1312,213,-694
shoulders,lateral-raise,1360,227,-772
shoulders,lateral-raise,1401,252,-742
shoulders,lateral-raise,1456,289,-689
shoulders,lateral-raise,1490,304,-666
shoulders,lateral-raise,1477,318,-628
shoulders,lateral-raise,1433,332,-644
shoulders,lateral-raise,1386,323,-650
shoulders,lateral-raise,1318,300,-582
shoulders,lateral-raise,1220,296,-588
shoulders,lateral-raise,1114,289,-652
shoulders,lateral-raise,1041,239,-623
shoulders,lateral-raise,968,235,-565
shoulders,lateral-raise,859,267,-582
shoulders,lateral-raise,776,225,-637
shoulders,lateral-raise,688,210,-610
shoulders,lateral-raise,595,231,-548
shoulders,lateral-raise,506,219,-573
shoulders,lateral-raise,416,211,-571
shoulders,lateral-raise,348,182,-544
shoulders,lateral-raise,248,171,-546
shoulders,lateral-raise,187,154,-537
shoulders,lateral-raise,116,138,-510
shoulders,lateral-raise,75,133,-559
shoulders,lateral-raise,48,88,-546
shoulders,lateral-raise,7,49,-393
shoulders,lateral-raise,-31,17,-371
shoulders,lateral-raise,-30,23,-443
shoulders,lateral-raise,-72,11,-547
shoulders,lateral-raise,-127,-27,-502
shoulders,lateral-raise,-128,-44,-411
shoulders,lateral-raise,-206,-11,-371
shoulders,lateral-raise,-184,-49,-516
shoulders,lateral-raise,-194,-71,-439
shoulders,lateral-raise,-248,-32,-409
shoulders,lateral-raise,-248,-32,-551
shoulders,lateral-raise,-264,-94,-521
shoulders,lateral-raise,-272,-50,-452
shoulders,lateral-raise,-287,-55,-515
shoulders,lateral-raise,-252,-56,-520
shoulders,lateral-raise,-255,-56,-484
shoulders,lateral-raise,-207,-21,-522
shoulders,lateral-raise,-193,-50,-487
shoulders,lateral-raise,-172,-23,-533
shoulders,lateral-raise,-122,-49,-635
shoulders,lateral-raise,-74,-12,-605
shoulders,lateral-raise,-33,0,-604
shoulders,lateral-raise,12,-30,-632
shoulders,lateral-raise,42,-5,-622
shoulders,lateral-raise,82,77,-685
shoulders,lateral-raise,141,82,-779
shoulders,lateral-raise,192,88,-721
shoulders,lateral-raise,229,154,-722
shoulders,lateral-raise,296,169,-724
shoulders,lateral-raise,368,190,-742
shoulders,lateral-raise,421,203,-755
shoulders,lateral-raise,496,209,-766
shoulders,lateral-raise,563,203,-731
shoulders,lateral-raise,606,222,-722
shoulders,lateral-raise,674,256,-761
shoulders,lateral-raise,744,252,-748
shoulders,lateral-raise,814,252,-735
shoulders,lateral-raise,853,286,-759
shoulders,lateral-raise,879,308,-817
shoulders,lateral-raise,958,294,-829
shoulders,lateral-raise,990,290,-744
shoulders,lateral-raise,982,295,-702
shoulders,lateral-raise,1009,280,-687
shoulders,lateral-raise,1035,288,-668
shoulders,lateral-raise,1019,299,-579
shoulders,lateral-raise,1018,288,-609
shoulders,lateral-raise,1056,288,-702
shoulders,lateral-raise,1092,296,-630
shoulders,lateral-raise,1082,306,-432
shoulders,lateral-raise,1090,257,-386
shoulders,lateral-raise,1099,234,-413
shoulders,lateral-raise,1108,247,-474
shoulders,lateral-raise,1088,281,-367
shoulders,lateral-raise,1087,286,-312
shoulders,lateral-raise,1074,264,-261
shoulders,lateral-raise,1025,208,-237
shoulders,lateral-raise,968,210,-209
shoulders,lateral-raise,966,230,-212
shoulders,lateral-raise,936,207,-156
shoulders,lateral-raise,927,192,-88
shoulders,lateral-raise,880,176,-88
