24,-144,-1052,lateral-raise,,,
100,-155,-884,lateral-raise,,,
174,-176,-881,lateral-raise,,,
233,-202,-917,lateral-raise,,,
241,-235,-949,lateral-raise,,,
228,-259,-892,lateral-raise,,,
118,-128,-914,lateral-raise,,,
80,-74,-936,lateral-raise,,,
120,-80,-976,lateral-raise,,,
1638,-986,-728,lateral-raise,,,
522,417,-1338,lateral-raise,,,
86,305,-1058,lateral-raise,,,
-245,242,-1106,lateral-raise,,,
-183,-137,-984,lateral-raise,,,
76,-681,-688,lateral-raise,,,
-375,-527,-1042,lateral-raise,,,
-1600,-838,-729,lateral-raise,,,
-1929,791,-1888,lateral-raise,,,
-834,955,-1267,lateral-raise,,,
495,111,-691,lateral-raise,,,
276,-254,-859,lateral-raise,,,
11,-494,-873,lateral-raise,,,
220,-282,-893,lateral-raise,,,
95,-276,-905,lateral-raise,,,
70,-228,-938,lateral-raise,,,
111,-177,-952,lateral-raise,,,
78,-129,-944,lateral-raise,,,
61,-100,-944,lateral-raise,,,
64,-107,-977,lateral-raise,,,
79,-127,-985,lateral-raise,,,
79,-119,-998,lateral-raise,,,
81,-112,-975,lateral-raise,,,
81,-122,-990,lateral-raise,,,
65,-128,-932,lateral-raise,,,
49,-120,-968,lateral-raise,,,
59,-120,-965,lateral-raise,,,
60,-120,-947,lateral-raise,,,
56,-126,-955,lateral-raise,,,
48,-128,-937,lateral-raise,,,
68,-124,-976,lateral-raise,,,
72,-120,-980,lateral-raise,,,
70,-128,-966,lateral-raise,,,
72,-97,-984,lateral-raise,,,
70,-94,-966,lateral-raise,,,
68,-81,-946,lateral-raise,,,
72,-83,-944,lateral-raise,,,
72,-103,-923,lateral-raise,,,
82,-103,-954,lateral-raise,,,
99,-105,-965,lateral-raise,,,
104,-105,-960,lateral-raise,,,
70,-62,-980,lateral-raise,,,
49,-64,-992,lateral-raise,,,
56,-64,-989,lateral-raise,,,
65,-73,-980,lateral-raise,,,
66,-74,-982,lateral-raise,,,
56,-80,-968,lateral-raise,,,
72,-76,-958,lateral-raise,,,
72,-56,-952,lateral-raise,,,
66,-48,-998,lateral-raise,,,
79,-56,-955,lateral-raise,,,
64,-53,-979,lateral-raise,,,
74,-37,-953,lateral-raise,,,
77,-53,-928,lateral-raise,,,
72,-50,-941,lateral-raise,,,
63,-41,-987,lateral-raise,,,
62,-45,-958,lateral-raise,,,
67,-45,-968,lateral-raise,,,
57,-41,-995,lateral-raise,,,
65,-57,-950,lateral-raise,,,
74,-62,-933,lateral-raise,,,
89,-47,-953,lateral-raise,,,
102,-34,-935,lateral-raise,,,
104,-48,-920,lateral-raise,,,
110,-54,-898,lateral-raise,,,
136,-40,-904,lateral-raise,,,
161,-26,-859,lateral-raise,,,
206,-47,-863,lateral-raise,,,
252,-63,-814,lateral-raise,,,
275,-39,-732,lateral-raise,,,
290,31,-592,lateral-raise,,,
254,63,-473,lateral-raise,,,
192,40,-408,lateral-raise,,,
192,40,-408,lateral-raise,,,
169,48,-338,lateral-raise,,,
153,48,-321,lateral-raise,,,
122,115,-290,lateral-raise,,,
186,273,-346,lateral-raise,,,
271,552,-509,lateral-raise,,,
280,612,-430,lateral-raise,,,
355,582,-498,lateral-raise,,,
508,563,-605,lateral-raise,,,
673,567,-878,lateral-raise,,,
837,536,-1127,lateral-raise,,,
1027,454,-1269,lateral-raise,,,
1205,311,-1332,lateral-raise,,,
1313,13,-1544,lateral-raise,,,
1388,-492,-1811,lateral-raise,,,
1447,-990,-1855,lateral-raise,,,
1469,-1190,-1780,lateral-raise,,,
1530,-1085,-1694,lateral-raise,,,
1565,-919,-1552,lateral-raise,,,
1583,-859,-1429,lateral-raise,,,
1635,-846,-1368,lateral-raise,,,
1687,-747,-1287,lateral-raise,,,
1704,-604,-1177,lateral-raise,,,
1687,-492,-1081,lateral-raise,,,
1647,-419,-1019,lateral-raise,,,
1588,-384,-972,lateral-raise,,,
1498,-361,-867,lateral-raise,,,
1381,-307,-773,lateral-raise,,,
1263,-229,-696,lateral-raise,,,
1133,-140,-528,lateral-raise,,,
963,-22,-315,lateral-raise,,,
790,119,-100,lateral-raise,,,
626,240,59,lateral-raise,,,
446,318,161,lateral-raise,,,
276,368,292,lateral-raise,,,
118,379,417,lateral-raise,,,
15,352,529,lateral-raise,,,
-69,297,716,lateral-raise,,,
-130,248,704,lateral-raise,,,
-140,211,623,lateral-raise,,,
-150,171,584,lateral-raise,,,
-131,191,530,lateral-raise,,,
-53,220,419,lateral-raise,,,
60,200,338,lateral-raise,,,
190,200,232,lateral-raise,,,
307,200,45,lateral-raise,,,
476,196,-129,lateral-raise,,,
607,152,-318,lateral-raise,,,
705,37,-523,lateral-raise,,,
884,-26,-734,lateral-raise,,,
1034,-105,-943,lateral-raise,,,
1190,-199,-841,lateral-raise,,,
1324,-254,-972,lateral-raise,,,
1427,-264,-1189,lateral-raise,,,
1536,-316,-1356,lateral-raise,,,
1566,-356,-1390,lateral-raise,,,
1589,-396,-1428,lateral-raise,,,
1585,-372,-1362,lateral-raise,,,
1516,-416,-1297,lateral-raise,,,
1391,-451,-1281,lateral-raise,,,
1394,-547,-1456,lateral-raise,,,
1349,-638,-1439,lateral-raise,,,
1169,-724,-1486,lateral-raise,,,
1090,-750,-1474,lateral-raise,,,
1068,-917,-1505,lateral-raise,,,
1041,-1033,-1509,lateral-raise,,,
1026,-1084,-1576,lateral-raise,,,
1024,-1156,-1635,lateral-raise,,,
1066,-1184,-1606,lateral-raise,,,
1144,-1102,-1553,lateral-raise,,,
1245,-1051,-1561,lateral-raise,,,
1341,-1015,-1495,lateral-raise,,,
1436,-955,-1389,lateral-raise,,,
1525,-843,-1352,lateral-raise,,,
1577,-729,-1326,lateral-raise,,,
1613,-659,-1258,lateral-raise,,,
1640,-576,-1156,lateral-raise,,,
1644,-462,-1023,lateral-raise,,,
1592,-334,-819,lateral-raise,,,
1476,-217,-626,lateral-raise,,,
1346,-124,-548,lateral-raise,,,
1224,-22,-459,lateral-raise,,,
1082,61,-313,lateral-raise,,,
893,125,-163,lateral-raise,,,
691,181,-48,lateral-raise,,,
503,187,-37,lateral-raise,,,
345,171,8,lateral-raise,,,
211,158,202,lateral-raise,,,
56,148,415,lateral-raise,,,
-85,142,536,lateral-raise,,,
-181,160,508,lateral-raise,,,
-202,172,475,lateral-raise,,,
-209,212,395,lateral-raise,,,
-212,183,404,lateral-raise,,,
-181,134,375,lateral-raise,,,
-107,120,305,lateral-raise,,,
-4,118,191,lateral-raise,,,
104,103,118,lateral-raise,,,
192,86,86,lateral-raise,,,
311,56,-67,lateral-raise,,,
461,47,-276,lateral-raise,,,
624,0,-408,lateral-raise,,,
752,-96,-472,lateral-raise,,,
884,-181,-666,lateral-raise,,,
995,-230,-870,lateral-raise,,,
1067,-314,-1081,lateral-raise,,,
1160,-386,-1074,lateral-raise,,,
1311,-449,-1079,lateral-raise,,,
1419,-540,-1073,lateral-raise,,,
1480,-477,-1086,lateral-raise,,,
1501,-551,-1135,lateral-raise,,,
1465,-607,-1151,lateral-raise,,,
1399,-591,-1088,lateral-raise,,,
1403,-534,-991,lateral-raise,,,
1444,-496,-1004,lateral-raise,,,
1385,-529,-1069,lateral-raise,,,
1263,-653,-1031,lateral-raise,,,
1157,-869,-1153,lateral-raise,,,
1117,-1058,-1373,lateral-raise,,,
1065,-1233,-1464,lateral-raise,,,
1004,-1367,-1559,lateral-raise,,,
1033,-1438,-1603,lateral-raise,,,
1107,-1446,-1547,lateral-raise,,,
1187,-1384,-1503,lateral-raise,,,
1287,-1264,-1438,lateral-raise,,,
1396,-1135,-1375,lateral-raise,,,
1498,-1018,-1289,lateral-raise,,,
1580,-884,-1164,lateral-raise,,,
1631,-739,-1089,lateral-raise,,,
1644,-612,-1050,lateral-raise,,,
1636,-506,-996,lateral-raise,,,
1608,-387,-903,lateral-raise,,,
1541,-281,-785,lateral-raise,,,
1451,-242,-719,lateral-raise,,,
1340,-209,-663,lateral-raise,,,
1193,-143,-567,lateral-raise,,,
1039,-83,-479,lateral-raise,,,
885,-54,-373,lateral-raise,,,
727,-37,-294,lateral-raise,,,
590,9,-170,lateral-raise,,,
467,76,-54,lateral-raise,,,
347,143,17,lateral-raise,,,
212,170,181,lateral-raise,,,
54,179,257,lateral-raise,,,
-35,185,245,lateral-raise,,,
-103,145,354,lateral-raise,,,
-199,108,364,lateral-raise,,,
-246,139,337,lateral-raise,,,
-231,167,337,lateral-raise,,,
-211,151,259,lateral-raise,,,
-134,144,194,lateral-raise,,,
-94,134,222,lateral-raise,,,
-15,72,143,lateral-raise,,,
95,80,1,lateral-raise,,,
251,41,-70,lateral-raise,,,
378,-105,-308,lateral-raise,,,
503,-172,-417,lateral-raise,,,
614,-220,-475,lateral-raise,,,
731,-274,-530,lateral-raise,,,
856,-357,-759,lateral-raise,,,
981,-423,-915,lateral-raise,,,
1060,-459,-869,lateral-raise,,,
1098,-444,-928,lateral-raise,,,
1180,-465,-1090,lateral-raise,,,
1262,-509,-1128,lateral-raise,,,
1262,-550,-1037,lateral-raise,,,
1256,-554,-1084,lateral-raise,,,
1279,-546,-1192,lateral-raise,,,
1299,-616,-1230,lateral-raise,,,
1299,-643,-1151,lateral-raise,,,
1301,-635,-1070,lateral-raise,,,
1263,-657,-1038,lateral-raise,,,
1176,-751,-1111,lateral-raise,,,
1093,-924,-1237,lateral-raise,,,
1027,-1105,-1288,lateral-raise,,,
960,-1248,-1306,lateral-raise,,,
919,-1330,-1372,lateral-raise,,,
937,-1377,-1458,lateral-raise,,,
1000,-1384,-1500,lateral-raise,,,
1098,-1333,-1531,lateral-raise,,,
1226,-1255,-1508,lateral-raise,,,
1350,-1116,-1367,lateral-raise,,,
1425,-919,-1254,lateral-raise,,,
1461,-766,-1224,lateral-raise,,,
1486,-686,-1191,lateral-raise,,,
1496,-601,-1130,lateral-raise,,,
1493,-460,-1004,lateral-raise,,,
1462,-353,-920,lateral-raise,,,
1391,-285,-884,lateral-raise,,,
1311,-213,-782,lateral-raise,,,
1178,-131,-700,lateral-raise,,,
1063,-92,-594,lateral-raise,,,
929,-84,-565,lateral-raise,,,
791,-86,-492,lateral-raise,,,
642,-45,-339,lateral-raise,,,
531,-37,-268,lateral-raise,,,
444,-58,-163,lateral-raise,,,
311,-9,109,lateral-raise,,,
182,105,207,lateral-raise,,,
88,185,268,lateral-raise,,,
-1,195,312,lateral-raise,,,
-125,126,416,lateral-raise,,,
-218,96,414,lateral-raise,,,
-272,88,352,lateral-raise,,,
-264,56,320,lateral-raise,,,
-264,56,320,lateral-raise,,,
-225,56,219,lateral-raise,,,
-224,26,269,lateral-raise,,,
-164,54,175,lateral-raise,,,
-94,27,66,lateral-raise,,,
12,24,-158,lateral-raise,,,
129,24,-163,lateral-raise,,,
192,-24,-221,lateral-raise,,,
293,-59,-365,lateral-raise,,,
449,-110,-587,lateral-raise,,,
601,-133,-765,lateral-raise,,,
694,-210,-713,lateral-raise,,,
724,-298,-748,lateral-raise,,,
810,-314,-950,lateral-raise,,,
960,-318,-1045,lateral-raise,,,
1036,-348,-1045,lateral-raise,,,
1053,-409,-1035,lateral-raise,,,
1140,-458,-1027,lateral-raise,,,
1209,-462,-1080,lateral-raise,,,
1219,-402,-1112,lateral-raise,,,
1226,-339,-1122,lateral-raise,,,
1223,-403,-1170,lateral-raise,,,
1207,-527,-1240,lateral-raise,,,
1161,-580,-1285,lateral-raise,,,
1116,-630,-1354,lateral-raise,,,
1064,-760,-1432,lateral-raise,,,
989,-933,-1475,lateral-raise,,,
945,-1053,-1511,lateral-raise,,,
929,-1077,-1514,lateral-raise,,,
920,-1047,-1496,lateral-raise,,,
936,-1014,-1480,lateral-raise,,,
975,-1003,-1447,lateral-raise,,,
1020,-996,-1420,lateral-raise,,,
1078,-935,-1389,lateral-raise,,,
1143,-820,-1347,lateral-raise,,,
1202,-725,-1285,lateral-raise,,,
1226,-662,-1199,lateral-raise,,,
1236,-599,-1079,lateral-raise,,,
1250,-530,-1018,lateral-raise,,,
1245,-444,-985,lateral-raise,,,
1196,-369,-995,lateral-raise,,,
1143,-341,-890,lateral-raise,,,
1093,-325,-785,lateral-raise,,,
1024,-308,-745,lateral-raise,,,
915,-282,-697,lateral-raise,,,
817,-243,-658,lateral-raise,,,
752,-275,-728,lateral-raise,,,
663,-303,-551,lateral-raise,,,
538,-284,-429,lateral-raise,,,
413,-215,-366,lateral-raise,,,
327,-183,-286,lateral-raise,,,
185,-97,-98,lateral-raise,,,
91,-11,-18,lateral-raise,,,
35,91,91,lateral-raise,,,
-65,148,148,lateral-raise,,,
-116,152,203,lateral-raise,,,
-177,152,258,lateral-raise,,,
-205,138,278,lateral-raise,,,
-215,116,328,lateral-raise,,,
-263,92,383,lateral-raise,,,
-272,88,320,lateral-raise,,,
-215,113,196,lateral-raise,,,
-150,101,131,lateral-raise,,,
-64,24,17,lateral-raise,,,
60,-35,-57,lateral-raise,,,
165,-77,-101,lateral-raise,,,
264,-121,-218,lateral-raise,,,
377,-168,-405,lateral-raise,,,
505,-237,-525,lateral-raise,,,
628,-300,-613,lateral-raise,,,
766,-345,-737,lateral-raise,,,
857,-355,-849,lateral-raise,,,
889,-394,-939,lateral-raise,,,
963,-451,-1012,lateral-raise,,,
1089,-481,-1100,lateral-raise,,,
1169,-455,-1152,lateral-raise,,,
1172,-452,-1156,lateral-raise,,,
1179,-522,-1187,lateral-raise,,,
1200,-575,-1209,lateral-raise,,,
1207,-563,-1151,lateral-raise,,,
1206,-523,-1075,lateral-raise,,,
1163,-510,-1069,lateral-raise,,,
1108,-544,-1109,lateral-raise,,,
1079,-607,-1164,lateral-raise,,,
1039,-670,-1222,lateral-raise,,,
969,-761,-1290,lateral-raise,,,
903,-903,-1383,lateral-raise,,,
862,-1012,-1527,lateral-raise,,,
864,-1075,-1670,lateral-raise,,,
900,-1116,-1688,lateral-raise,,,
950,-1147,-1675,lateral-raise,,,
1015,-1112,-1639,lateral-raise,,,
1094,-1029,-1648,lateral-raise,,,
1204,-932,-1549,lateral-raise,,,
1277,-858,-1400,lateral-raise,,,
1358,-763,-1296,lateral-raise,,,
1401,-661,-1225,lateral-raise,,,
1407,-558,-1097,lateral-raise,,,
1390,-451,-1017,lateral-raise,,,
1367,-374,-915,lateral-raise,,,
1350,-327,-816,lateral-raise,,,
1272,-288,-568,lateral-raise,,,
1104,-200,-520,lateral-raise,,,
949,-192,-512,lateral-raise,,,
799,-192,-466,lateral-raise,,,
665,-117,-464,lateral-raise,,,
547,-105,-435,lateral-raise,,,
457,-111,-361,lateral-raise,,,
329,-133,-247,lateral-raise,,,
223,-116,-225,lateral-raise,,,
141,-72,-157,lateral-raise,,,
37,-44,-40,lateral-raise,,,
-48,4,35,lateral-raise,,,
-120,59,116,lateral-raise,,,
-178,114,124,lateral-raise,,,
-251,110,191,lateral-raise,,,
-306,81,227,lateral-raise,,,
-314,72,265,lateral-raise,,,
-307,88,248,lateral-raise,,,
-288,70,221,lateral-raise,,,
-260,61,150,lateral-raise,,,
-223,54,72,lateral-raise,,,
-141,43,15,lateral-raise,,,
-40,-11,-91,lateral-raise,,,
40,-70,-224,lateral-raise,,,
137,-84,-323,lateral-raise,,,
259,-68,-389,lateral-raise,,,
364,-148,-464,lateral-raise,,,
439,-278,-577,lateral-raise,,,
535,-309,-700,lateral-raise,,,
686,-257,-834,lateral-raise,,,
821,-228,-952,lateral-raise,,,
882,-317,-974,lateral-raise,,,
954,-426,-991,lateral-raise,,,
1074,-444,-1043,lateral-raise,,,
1106,-424,-1097,lateral-raise,,,
1090,-450,-1195,lateral-raise,,,
1139,-514,-1219,lateral-raise,,,
1209,-500,-1216,lateral-raise,,,
1204,-406,-1068,lateral-raise,,,
1112,-416,-1017,lateral-raise,,,
1066,-491,-1109,lateral-raise,,,
1075,-592,-1183,lateral-raise,,,
1067,-630,-1325,lateral-raise,,,
968,-697,-1424,lateral-raise,,,
928,-937,-1491,lateral-raise,,,
923,-1140,-1664,lateral-raise,,,
891,-1224,-1773,lateral-raise,,,
924,-1218,-1742,lateral-raise,,,
970,-1156,-1636,lateral-raise,,,
1005,-1092,-1582,lateral-raise,,,
1106,-1013,-1533,lateral-raise,,,
1160,-919,-1439,lateral-raise,,,
1168,-817,-1305,lateral-raise,,,
1215,-738,-1288,lateral-raise,,,
1277,-690,-1204,lateral-raise,,,
1280,-628,-1125,lateral-raise,,,
1287,-507,-1069,lateral-raise,,,
1295,-439,-1028,lateral-raise,,,
1240,-341,-919,lateral-raise,,,
1177,-267,-808,lateral-raise,,,
1108,-243,-739,lateral-raise,,,
992,-188,-617,lateral-raise,,,
847,-68,-554,lateral-raise,,,
723,16,-445,lateral-raise,,,
605,86,-344,lateral-raise,,,
458,92,-338,lateral-raise,,,
353,54,-333,lateral-raise,,,
239,34,-205,lateral-raise,,,
135,5,-136,lateral-raise,,,
57,-8,-75,lateral-raise,,,
-19,-39,28,lateral-raise,,,
-117,-86,121,lateral-raise,,,
-198,-47,190,lateral-raise,,,
-243,20,221,lateral-raise,,,
-265,36,215,lateral-raise,,,
-259,19,161,lateral-raise,,,
-244,16,157,lateral-raise,,,
-232,12,180,lateral-raise,,,
-182,-8,83,lateral-raise,,,
-95,-42,-49,lateral-raise,,,
-34,-104,-89,lateral-raise,,,
-6,-161,-70,lateral-raise,,,
59,-203,-159,lateral-raise,,,
194,-220,-364,lateral-raise,,,
320,-212,-448,lateral-raise,,,
401,-246,-440,lateral-raise,,,
513,-254,-447,lateral-raise,,,
694,-182,-579,lateral-raise,,,
823,-127,-782,lateral-raise,,,
882,-226,-827,lateral-raise,,,
925,-377,-856,lateral-raise,,,
1081,-473,-874,lateral-raise,,,
1217,-450,-956,lateral-raise,,,
1196,-487,-1035,lateral-raise,,,
1223,-649,-1051,lateral-raise,,,
1249,-770,-1073,lateral-raise,,,
1205,-726,-1129,lateral-raise,,,
1188,-669,-1140,lateral-raise,,,
1220,-784,-1168,lateral-raise,,,
1169,-867,-1093,lateral-raise,,,
1072,-905,-1165,lateral-raise,,,
1063,-924,-1255,lateral-raise,,,
1016,-1048,-1232,lateral-raise,,,
936,-1128,-1272,lateral-raise,,,
944,-1128,-1241,lateral-raise,,,
936,-1128,-1263,lateral-raise,,,
973,-1135,-1309,lateral-raise,,,
991,-1143,-1319,lateral-raise,,,
1035,-1130,-1306,lateral-raise,,,
1089,-1107,-1311,lateral-raise,,,
1144,-1015,-1216,lateral-raise,,,
1185,-900,-1140,lateral-raise,,,
1218,-782,-1063,lateral-raise,,,
1218,-677,-1042,lateral-raise,,,
1216,-594,-1034,lateral-raise,,,
1222,-534,-1020,lateral-raise,,,
1206,-467,-928,lateral-raise,,,
1171,-419,-890,lateral-raise,,,
1104,-391,-804,lateral-raise,,,
1020,-389,-763,lateral-raise,,,
945,-366,-713,lateral-raise,,,
844,-327,-642,lateral-raise,,,
726,-272,-552,lateral-raise,,,
623,-238,-502,lateral-raise,,,
519,-255,-450,lateral-raise,,,
414,-232,-318,lateral-raise,,,
316,-148,-218,lateral-raise,,,
222,-71,-146,lateral-raise,,,
120,-20,-24,lateral-raise,,,
29,12,67,lateral-raise,,,
-34,39,143,lateral-raise,,,
-110,63,286,lateral-raise,,,
-202,85,364,lateral-raise,,,
-267,110,310,lateral-raise,,,
-290,114,254,lateral-raise,,,
-274,92,218,lateral-raise,,,
-250,58,189,lateral-raise,,,
-198,22,124,lateral-raise,,,
-122,5,30,lateral-raise,,,
-63,-2,-80,lateral-raise,,,
-25,-63,-175,lateral-raise,,,
53,-124,-234,lateral-raise,,,
199,-188,-319,lateral-raise,,,
324,-200,-439,lateral-raise,,,
424,-216,-535,lateral-raise,,,
547,-296,-713,lateral-raise,,,
649,-340,-766,lateral-raise,,,
713,-362,-807,lateral-raise,,,
790,-385,-872,lateral-raise,,,
912,-457,-1003,lateral-raise,,,
994,-473,-1029,lateral-raise,,,
1026,-491,-985,lateral-raise,,,
1074,-545,-1009,lateral-raise,,,
1136,-568,-1048,lateral-raise,,,
1168,-544,-1016,lateral-raise,,,
1176,-482,-845,lateral-raise,,,
1191,-465,-863,lateral-raise,,,
1147,-419,-976,lateral-raise,,,
1129,-489,-999,lateral-raise,,,
1135,-596,-1021,lateral-raise,,,
1094,-678,-1052,lateral-raise,,,
1040,-668,-1097,lateral-raise,,,
992,-791,-1191,lateral-raise,,,
964,-979,-1319,lateral-raise,,,
935,-1118,-1439,lateral-raise,,,
947,-1200,-1452,lateral-raise,,,
958,-1162,-1394,lateral-raise,,,
989,-1068,-1317,lateral-raise,,,
1052,-1034,-1330,lateral-raise,,,
1111,-1026,-1355,lateral-raise,,,
1166,-1024,-1344,lateral-raise,,,
1210,-966,-1273,lateral-raise,,,
1244,-844,-1184,lateral-raise,,,
1286,-698,-1172,lateral-raise,,,
1314,-645,-1160,lateral-raise,,,
1315,-634,-1098,lateral-raise,,,
1299,-575,-1046,lateral-raise,,,
1288,-458,-993,lateral-raise,,,
1263,-342,-952,lateral-raise,,,
1196,-296,-908,lateral-raise,,,
1110,-277,-818,lateral-raise,,,
1020,-212,-708,lateral-raise,,,
922,-135,-599,lateral-raise,,,
790,-107,-523,lateral-raise,,,
637,-115,-507,lateral-raise,,,
532,-108,-432,lateral-raise,,,
436,-71,-243,lateral-raise,,,
292,-40,-92,lateral-raise,,,
140,-27,33,lateral-raise,,,
-9,22,130,lateral-raise,,,
-111,106,159,lateral-raise,,,
-139,213,208,lateral-raise,,,
-184,278,298,lateral-raise,,,
-248,292,329,lateral-raise,,,
-306,273,395,lateral-raise,,,
-308,245,303,lateral-raise,,,
-285,221,263,lateral-raise,,,
-267,159,244,lateral-raise,,,
-231,101,156,lateral-raise,,,
-155,77,0,lateral-raise,,,
-42,52,-132,lateral-raise,,,
19,12,-171,lateral-raise,,,
63,-50,-216,lateral-raise,,,
214,-82,-381,lateral-raise,,,
400,-136,-560,lateral-raise,,,
504,-176,-616,lateral-raise,,,
504,-176,-616,lateral-raise,,,
597,-254,-686,lateral-raise,,,
691,-302,-871,lateral-raise,,,
800,-297,-955,lateral-raise,,,
881,-376,-1018,lateral-raise,,,
924,-470,-1053,lateral-raise,,,
1033,-564,-1063,lateral-raise,,,
1164,-590,-1091,lateral-raise,,,
1124,-485,-1049,lateral-raise,,,
1119,-399,-968,lateral-raise,,,
1215,-473,-1028,lateral-raise,,,
1265,-533,-1005,lateral-raise,,,
1187,-496,-998,lateral-raise,,,
1107,-398,-1059,lateral-raise,,,
1117,-391,-1126,lateral-raise,,,
1150,-472,-1200,lateral-raise,,,
1122,-607,-1235,lateral-raise,,,
1046,-772,-1303,lateral-raise,,,
970,-908,-1458,lateral-raise,,,
944,-1006,-1558,lateral-raise,,,
934,-1093,-1571,lateral-raise,,,
942,-1160,-1563,lateral-raise,,,
988,-1157,-1556,lateral-raise,,,
1055,-1097,-1543,lateral-raise,,,
1100,-1018,-1511,lateral-raise,,,
1152,-964,-1456,lateral-raise,,,
1230,-929,-1401,lateral-raise,,,
1316,-852,-1324,lateral-raise,,,
1396,-728,-1225,lateral-raise,,,
1432,-624,-1142,lateral-raise,,,
1406,-573,-1073,lateral-raise,,,
1359,-510,-1037,lateral-raise,,,
1321,-421,-1009,lateral-raise,,,
1264,-338,-938,lateral-raise,,,
1211,-293,-836,lateral-raise,,,
1141,-269,-725,lateral-raise,,,
1039,-190,-657,lateral-raise,,,
894,-93,-594,lateral-raise,,,
745,-70,-535,lateral-raise,,,
621,-83,-395,lateral-raise,,,
503,-52,-308,lateral-raise,,,
378,1,-108,lateral-raise,,,
223,47,33,lateral-raise,,,
87,87,129,lateral-raise,,,
20,131,207,lateral-raise,,,
-78,160,374,lateral-raise,,,
-196,227,428,lateral-raise,,,
-232,258,465,lateral-raise,,,
-230,279,376,lateral-raise,,,
-192,255,368,lateral-raise,,,
-183,232,359,lateral-raise,,,
-129,200,289,lateral-raise,,,
-105,146,257,lateral-raise,,,
-58,106,218,lateral-raise,,,
-4,44,37,lateral-raise,,,
131,40,-158,lateral-raise,,,
301,40,-276,lateral-raise,,,
446,-37,-456,lateral-raise,,,
532,-144,-548,lateral-raise,,,
597,-227,-573,lateral-raise,,,
660,-240,-784,lateral-raise,,,
723,-310,-997,lateral-raise,,,
798,-384,-1158,lateral-raise,,,
870,-406,-1319,lateral-raise,,,
953,-420,-1419,lateral-raise,,,
1010,-430,-1520,lateral-raise,,,
1018,-471,-1530,lateral-raise,,,
1043,-504,-1590,lateral-raise,,,
1088,-507,-1818,lateral-raise,,,
1099,-540,-1889,lateral-raise,,,
1086,-590,-1842,lateral-raise,,,
1104,-546,-1786,lateral-raise,,,
1111,-421,-1649,lateral-raise,,,
1113,-302,-1528,lateral-raise,,,
1111,-239,-1418,lateral-raise,,,
1062,-253,-1306,lateral-raise,,,
956,-276,-1232,lateral-raise,,,
853,-234,-1139,lateral-raise,,,
779,-177,-1006,lateral-raise,,,
701,-164,-907,lateral-raise,,,
636,-161,-870,lateral-raise,,,
582,-139,-785,lateral-raise,,,
516,-114,-637,lateral-raise,,,
455,-113,-536,lateral-raise,,,
416,-123,-529,lateral-raise,,,
384,-112,-676,lateral-raise,,,
333,-117,-774,lateral-raise,,,
265,-137,-711,lateral-raise,,,
197,-156,-593,lateral-raise,,,
164,-140,-595,lateral-raise,,,
150,-130,-762,lateral-raise,,,
141,-129,-868,lateral-raise,,,
125,-98,-811,lateral-raise,,,
111,-83,-749,lateral-raise,,,
102,-134,-738,lateral-raise,,,
87,-117,-763,lateral-raise,,,
82,-91,-844,lateral-raise,,,
97,-48,-884,lateral-raise,,,
114,-47,-929,lateral-raise,,,
144,-41,-935,lateral-raise,,,
148,-56,-910,lateral-raise,,,
272,-72,-832,lateral-raise,,,
