992,30,-99,lateral-raise,,,
588,832,-1151,lateral-raise,,,
-949,1094,-1411,lateral-raise,,,
-1020,798,-1190,lateral-raise,,,
-524,986,-1202,lateral-raise,,,
-292,695,-1020,lateral-raise,,,
153,543,-1034,lateral-raise,,,
180,595,-1070,lateral-raise,,,
-646,315,-757,lateral-raise,,,
282,970,-1372,lateral-raise,,,
235,1881,-1804,lateral-raise,,,
2007,299,-812,lateral-raise,,,
1270,-676,-549,lateral-raise,,,
1146,470,-1314,lateral-raise,,,
732,432,-1000,lateral-raise,,,
71,35,-873,lateral-raise,,,
-4,-120,-853,lateral-raise,,,
117,5,-981,lateral-raise,,,
275,113,-962,lateral-raise,,,
363,113,-892,lateral-raise,,,
303,103,-936,lateral-raise,,,
257,55,-940,lateral-raise,,,
268,44,-917,lateral-raise,,,
285,32,-923,lateral-raise,,,
289,32,-916,lateral-raise,,,
284,28,-927,lateral-raise,,,
278,9,-882,lateral-raise,,,
272,-17,-852,lateral-raise,,,
265,-57,-743,lateral-raise,,,
271,-57,-669,lateral-raise,,,
272,-24,-655,lateral-raise,,,
296,-51,-591,lateral-raise,,,
299,-69,-577,lateral-raise,,,
320,-28,-547,lateral-raise,,,
362,81,-556,lateral-raise,,,
420,201,-592,lateral-raise,,,
464,258,-537,lateral-raise,,,
514,315,-473,lateral-raise,,,
606,426,-438,lateral-raise,,,
704,506,-410,lateral-raise,,,
800,576,-344,lateral-raise,,,
858,637,-426,lateral-raise,,,
879,614,-368,lateral-raise,,,
909,642,-326,lateral-raise,,,
917,739,-330,lateral-raise,,,
900,776,-388,lateral-raise,,,
869,779,-456,lateral-raise,,,
856,754,-432,lateral-raise,,,
856,693,-427,lateral-raise,,,
863,673,-446,lateral-raise,,,
888,656,-424,lateral-raise,,,
913,623,-441,lateral-raise,,,
926,607,-365,lateral-raise,,,
927,570,-339,lateral-raise,,,
944,573,-387,lateral-raise,,,
924,529,-431,lateral-raise,,,
899,450,-543,lateral-raise,,,
918,424,-696,lateral-raise,,,
947,399,-933,lateral-raise,,,
994,357,-1295,lateral-raise,,,
1079,273,-1580,lateral-raise,,,
1185,222,-1843,lateral-raise,,,
1305,313,-1961,lateral-raise,,,
1452,440,-1894,lateral-raise,,,
1583,456,-1781,lateral-raise,,,
1702,385,-1621,lateral-raise,,,
1802,384,-1431,lateral-raise,,,
1821,462,-1195,lateral-raise,,,
1754,482,-974,lateral-raise,,,
1659,452,-761,lateral-raise,,,
1555,401,-588,lateral-raise,,,
1432,359,-373,lateral-raise,,,
1294,344,-20,lateral-raise,,,
1070,344,56,lateral-raise,,,
827,320,208,lateral-raise,,,
572,239,272,lateral-raise,,,
353,174,330,lateral-raise,,,
206,112,448,lateral-raise,,,
46,51,610,lateral-raise,,,
-75,19,744,lateral-raise,,,
-119,-46,775,lateral-raise,,,
-86,-56,688,lateral-raise,,,
-44,-65,555,lateral-raise,,,
-3,-102,455,lateral-raise,,,
105,-52,331,lateral-raise,,,
272,10,163,lateral-raise,,,
448,80,-87,lateral-raise,,,
559,112,-254,lateral-raise,,,
668,112,-435,lateral-raise,,,
805,146,-671,lateral-raise,,,
953,213,-833,lateral-raise,,,
1144,288,-1064,lateral-raise,,,
1245,327,-1258,lateral-raise,,,
1263,320,-1165,lateral-raise,,,
1331,253,-1235,lateral-raise,,,
1409,277,-1357,lateral-raise,,,
1459,316,-1254,lateral-raise,,,
1401,362,-1247,lateral-raise,,,
1365,334,-1057,lateral-raise,,,
1420,335,-1051,lateral-raise,,,
1393,388,-1102,lateral-raise,,,
1244,495,-1442,lateral-raise,,,
1152,508,-1553,lateral-raise,,,
1112,377,-1777,lateral-raise,,,
1063,130,-2254,lateral-raise,,,
985,-41,-2629,lateral-raise,,,
966,20,-2681,lateral-raise,,,
1028,210,-2415,lateral-raise,,,
1114,322,-2165,lateral-raise,,,
1200,349,-2076,lateral-raise,,,
1311,372,-1921,lateral-raise,,,
1408,417,-1693,lateral-raise,,,
1491,477,-1452,lateral-raise,,,
1555,482,-1246,lateral-raise,,,
1589,460,-1103,lateral-raise,,,
1583,468,-1002,lateral-raise,,,
1532,496,-836,lateral-raise,,,
1458,531,-662,lateral-raise,,,
1368,534,-582,lateral-raise,,,
1270,473,-513,lateral-raise,,,
1162,394,-454,lateral-raise,,,
1017,352,-379,lateral-raise,,,
839,321,-309,lateral-raise,,,
665,240,-324,lateral-raise,,,
535,129,-228,lateral-raise,,,
420,8,-50,lateral-raise,,,
263,-5,124,lateral-raise,,,
111,54,235,lateral-raise,,,
-11,63,287,lateral-raise,,,
-95,-33,385,lateral-raise,,,
-206,-110,517,lateral-raise,,,
-259,-96,621,lateral-raise,,,
-272,-74,624,lateral-raise,,,
-264,-123,545,lateral-raise,,,
-215,-122,505,lateral-raise,,,
-148,-32,444,lateral-raise,,,
-53,28,288,lateral-raise,,,
48,65,161,lateral-raise,,,
141,74,167,lateral-raise,,,
215,96,28,lateral-raise,,,
357,108,-208,lateral-raise,,,
537,231,-475,lateral-raise,,,
655,177,-741,lateral-raise,,,
687,176,-814,lateral-raise,,,
756,275,-968,lateral-raise,,,
872,355,-1095,lateral-raise,,,
989,389,-1221,lateral-raise,,,
1057,406,-1360,lateral-raise,,,
1120,394,-1313,lateral-raise,,,
1183,372,-1277,lateral-raise,,,
1225,361,-1279,lateral-raise,,,
1258,334,-1241,lateral-raise,,,
1270,334,-1175,lateral-raise,,,
1247,373,-1117,lateral-raise,,,
1252,378,-1013,lateral-raise,,,
1297,388,-943,lateral-raise,,,
1318,432,-1186,lateral-raise,,,
1175,465,-1539,lateral-raise,,,
1015,407,-1843,lateral-raise,,,
989,113,-2278,lateral-raise,,,
1005,-274,-2670,lateral-raise,,,
1003,-460,-2777,lateral-raise,,,
1024,-354,-2634,lateral-raise,,,
1114,-144,-2387,lateral-raise,,,
1235,7,-2192,lateral-raise,,,
1335,125,-1994,lateral-raise,,,
1426,234,-1751,lateral-raise,,,
1524,312,-1548,lateral-raise,,,
1599,379,-1353,lateral-raise,,,
1617,449,-1125,lateral-raise,,,
1580,502,-958,lateral-raise,,,
1510,544,-830,lateral-raise,,,
1429,595,-705,lateral-raise,,,
1339,603,-648,lateral-raise,,,
1228,533,-573,lateral-raise,,,
1089,456,-476,lateral-raise,,,
961,434,-374,lateral-raise,,,
824,403,-258,lateral-raise,,,
632,228,-129,lateral-raise,,,
423,62,-25,lateral-raise,,,
255,-32,122,lateral-raise,,,
134,-23,181,lateral-raise,,,
56,6,215,lateral-raise,,,
-23,-4,294,lateral-raise,,,
-109,-39,424,lateral-raise,,,
-227,-112,588,lateral-raise,,,
-288,-110,626,lateral-raise,,,
-291,-93,740,lateral-raise,,,
-314,-66,633,lateral-raise,,,
-249,-90,556,lateral-raise,,,
-146,-119,498,lateral-raise,,,
-19,-93,371,lateral-raise,,,
152,8,216,lateral-raise,,,
296,48,24,lateral-raise,,,
405,17,-131,lateral-raise,,,
530,69,-220,lateral-raise,,,
648,236,-380,lateral-raise,,,
802,372,-640,lateral-raise,,,
866,391,-764,lateral-raise,,,
928,329,-713,lateral-raise,,,
1141,361,-1066,lateral-raise,,,
1323,428,-1235,lateral-raise,,,
1372,427,-1282,lateral-raise,,,
1389,399,-1282,lateral-raise,,,
1411,355,-1392,lateral-raise,,,
1446,356,-1496,lateral-raise,,,
1427,354,-1479,lateral-raise,,,
1376,318,-1361,lateral-raise,,,
1377,293,-1331,lateral-raise,,,
1368,304,-1385,lateral-raise,,,
1328,354,-1461,lateral-raise,,,
1225,366,-1615,lateral-raise,,,
1048,301,-1861,lateral-raise,,,
896,106,-2135,lateral-raise,,,
876,-162,-2359,lateral-raise,,,
936,-343,-2377,lateral-raise,,,
1007,-293,-2246,lateral-raise,,,
1090,-83,-2122,lateral-raise,,,
1180,104,-2004,lateral-raise,,,
1270,211,-1878,lateral-raise,,,
1353,263,-1761,lateral-raise,,,
1417,294,-1654,lateral-raise,,,
1475,332,-1522,lateral-raise,,,
1515,389,-1323,lateral-raise,,,
1502,450,-1141,lateral-raise,,,
1452,495,-1002,lateral-raise,,,
1405,542,-839,lateral-raise,,,
1361,587,-755,lateral-raise,,,
1280,577,-637,lateral-raise,,,
1176,521,-390,lateral-raise,,,
1049,441,-378,lateral-raise,,,
877,351,-329,lateral-raise,,,
693,259,-212,lateral-raise,,,
487,193,-129,lateral-raise,,,
339,98,-45,lateral-raise,,,
227,69,100,lateral-raise,,,
100,49,271,lateral-raise,,,
-30,6,455,lateral-raise,,,
-132,-11,510,lateral-raise,,,
-168,-29,556,lateral-raise,,,
-170,-1,523,lateral-raise,,,
-195,-19,558,lateral-raise,,,
-256,-72,510,lateral-raise,,,
-239,-72,447,lateral-raise,,,
-169,-48,305,lateral-raise,,,
-98,-64,281,lateral-raise,,,
-43,-56,97,lateral-raise,,,
64,4,13,lateral-raise,,,
174,74,-50,lateral-raise,,,
284,130,-220,lateral-raise,,,
401,122,-338,lateral-raise,,,
566,202,-509,lateral-raise,,,
699,249,-723,lateral-raise,,,
779,243,-825,lateral-raise,,,
868,278,-929,lateral-raise,,,
1018,356,-1212,lateral-raise,,,
1092,394,-1252,lateral-raise,,,
1098,353,-1234,lateral-raise,,,
1142,313,-1347,lateral-raise,,,
1205,276,-1342,lateral-raise,,,
1251,280,-1304,lateral-raise,,,
1269,288,-1254,lateral-raise,,,
1267,324,-1089,lateral-raise,,,
1294,364,-1028,lateral-raise,,,
1317,386,-1217,lateral-raise,,,
1218,397,-1447,lateral-raise,,,
1099,320,-1573,lateral-raise,,,
1034,109,-1828,lateral-raise,,,
975,-128,-2211,lateral-raise,,,
912,-248,-2408,lateral-raise,,,
892,-206,-2382,lateral-raise,,,
956,-85,-2303,lateral-raise,,,
1051,51,-2200,lateral-raise,,,
1126,180,-2059,lateral-raise,,,
1203,269,-1934,lateral-raise,,,
1293,324,-1820,lateral-raise,,,
1381,361,-1658,lateral-raise,,,
1454,403,-1462,lateral-raise,,,
1504,445,-1290,lateral-raise,,,
1513,503,-1114,lateral-raise,,,
1478,543,-976,lateral-raise,,,
1409,554,-862,lateral-raise,,,
1320,520,-727,lateral-raise,,,
1223,465,-571,lateral-raise,,,
1110,432,-464,lateral-raise,,,
978,391,-426,lateral-raise,,,
824,340,-377,lateral-raise,,,
679,269,-264,lateral-raise,,,
524,198,-236,lateral-raise,,,
422,116,-26,lateral-raise,,,
257,12,164,lateral-raise,,,
97,-21,212,lateral-raise,,,
-5,24,276,lateral-raise,,,
-98,22,354,lateral-raise,,,
-160,-56,408,lateral-raise,,,
-216,-48,448,lateral-raise,,,
-216,-48,448,lateral-raise,,,
-255,-25,495,lateral-raise,,,
-279,-47,519,lateral-raise,,,
-295,-55,498,lateral-raise,,,
-223,-56,394,lateral-raise,,,
-130,-56,327,lateral-raise,,,
-71,-21,292,lateral-raise,,,
4,32,179,lateral-raise,,,
123,80,-20,lateral-raise,,,
242,173,-160,lateral-raise,,,
353,217,-349,lateral-raise,,,
488,243,-504,lateral-raise,,,
611,230,-699,lateral-raise,,,
722,277,-805,lateral-raise,,,
855,376,-921,lateral-raise,,,
952,447,-1133,lateral-raise,,,
1036,437,-1165,lateral-raise,,,
1096,440,-1155,lateral-raise,,,
1168,473,-1262,lateral-raise,,,
1225,488,-1315,lateral-raise,,,
1216,440,-1302,lateral-raise,,,
1209,343,-1250,lateral-raise,,,
1252,278,-1203,lateral-raise,,,
1297,337,-1218,lateral-raise,,,
1275,442,-1282,lateral-raise,,,
1196,432,-1284,lateral-raise,,,
1110,292,-1298,lateral-raise,,,
1016,188,-1658,lateral-raise,,,
935,166,-2101,lateral-raise,,,
870,97,-2269,lateral-raise,,,
834,3,-2384,lateral-raise,,,
891,-52,-2463,lateral-raise,,,
989,-26,-2448,lateral-raise,,,
1062,141,-2251,lateral-raise,,,
1127,366,-2062,lateral-raise,,,
1212,511,-1964,lateral-raise,,,
1323,535,-1793,lateral-raise,,,
1417,508,-1569,lateral-raise,,,
1498,508,-1401,lateral-raise,,,
1524,560,-1226,lateral-raise,,,
1499,626,-1022,lateral-raise,,,
1445,658,-915,lateral-raise,,,
1424,619,-741,lateral-raise,,,
1364,548,-642,lateral-raise,,,
1230,521,-370,lateral-raise,,,
1085,466,-318,lateral-raise,,,
912,401,-231,lateral-raise,,,
739,239,-215,lateral-raise,,,
551,117,-77,lateral-raise,,,
380,65,137,lateral-raise,,,
231,88,162,lateral-raise,,,
137,40,318,lateral-raise,,,
51,-30,483,lateral-raise,,,
-51,-17,534,lateral-raise,,,
-123,29,581,lateral-raise,,,
-186,10,591,lateral-raise,,,
-206,-71,506,lateral-raise,,,
-187,-150,489,lateral-raise,,,
-143,-126,433,lateral-raise,,,
-89,-60,344,lateral-raise,,,
-15,-22,224,lateral-raise,,,
89,16,79,lateral-raise,,,
162,86,-45,lateral-raise,,,
248,128,-138,lateral-raise,,,
401,124,-313,lateral-raise,,,
540,172,-471,lateral-raise,,,
648,214,-618,lateral-raise,,,
750,278,-756,lateral-raise,,,
884,320,-837,lateral-raise,,,
1018,333,-999,lateral-raise,,,
1123,366,-1154,lateral-raise,,,
1237,413,-1181,lateral-raise,,,
1334,432,-1159,lateral-raise,,,
1359,477,-1183,lateral-raise,,,
1348,508,-1204,lateral-raise,,,
1386,429,-1308,lateral-raise,,,
1416,332,-1384,lateral-raise,,,
1373,304,-1310,lateral-raise,,,
1329,289,-1245,lateral-raise,,,
1292,254,-1324,lateral-raise,,,
1192,225,-1642,lateral-raise,,,
1043,177,-2013,lateral-raise,,,
912,28,-2287,lateral-raise,,,
877,-222,-2553,lateral-raise,,,
958,-411,-2635,lateral-raise,,,
1039,-341,-2549,lateral-raise,,,
1112,-60,-2319,lateral-raise,,,
1204,191,-2109,lateral-raise,,,
1328,307,-1953,lateral-raise,,,
1440,374,-1783,lateral-raise,,,
1534,425,-1595,lateral-raise,,,
1618,468,-1338,lateral-raise,,,
1649,524,-1127,lateral-raise,,,
1607,581,-956,lateral-raise,,,
1549,599,-797,lateral-raise,,,
1476,540,-678,lateral-raise,,,
1377,509,-591,lateral-raise,,,
1245,484,-443,lateral-raise,,,
1124,434,-391,lateral-raise,,,
959,348,-379,lateral-raise,,,
771,270,-284,lateral-raise,,,
600,216,-152,lateral-raise,,,
488,168,-32,lateral-raise,,,
387,145,100,lateral-raise,,,
232,114,294,lateral-raise,,,
120,82,386,lateral-raise,,,
-12,36,516,lateral-raise,,,
-95,-39,528,lateral-raise,,,
-132,-76,535,lateral-raise,,,
-163,-135,563,lateral-raise,,,
-168,-164,521,lateral-raise,,,
-148,-168,460,lateral-raise,,,
-112,-124,416,lateral-raise,,,
-42,-75,346,lateral-raise,,,
61,-16,219,lateral-raise,,,
159,59,172,lateral-raise,,,
247,86,13,lateral-raise,,,
367,121,-165,lateral-raise,,,
522,163,-449,lateral-raise,,,
644,208,-676,lateral-raise,,,
767,209,-792,lateral-raise,,,
920,254,-997,lateral-raise,,,
1046,298,-1204,lateral-raise,,,
1097,295,-1323,lateral-raise,,,
1140,284,-1387,lateral-raise,,,
1181,276,-1317,lateral-raise,,,
1217,268,-1232,lateral-raise,,,
1264,292,-1276,lateral-raise,,,
1265,316,-1328,lateral-raise,,,
1225,279,-1273,lateral-raise,,,
1183,219,-1215,lateral-raise,,,
1139,222,-1318,lateral-raise,,,
1104,290,-1425,lateral-raise,,,
1037,313,-1508,lateral-raise,,,
951,233,-1806,lateral-raise,,,
920,78,-2115,lateral-raise,,,
912,-79,-2401,lateral-raise,,,
901,-183,-2558,lateral-raise,,,
935,-193,-2576,lateral-raise,,,
1022,-151,-2426,lateral-raise,,,
1137,-39,-2173,lateral-raise,,,
1269,119,-1938,lateral-raise,,,
1388,242,-1719,lateral-raise,,,
1479,322,-1543,lateral-raise,,,
1545,373,-1295,lateral-raise,,,
1546,404,-1113,lateral-raise,,,
1505,428,-1014,lateral-raise,,,
1447,457,-935,lateral-raise,,,
1360,463,-849,lateral-raise,,,
1272,453,-685,lateral-raise,,,
1153,408,-531,lateral-raise,,,
1020,399,-426,lateral-raise,,,
871,368,-495,lateral-raise,,,
721,328,-385,lateral-raise,,,
588,258,-291,lateral-raise,,,
447,203,-121,lateral-raise,,,
336,178,82,lateral-raise,,,
219,212,169,lateral-raise,,,
129,202,219,lateral-raise,,,
43,137,280,lateral-raise,,,
-64,46,377,lateral-raise,,,
-173,-28,425,lateral-raise,,,
-257,-92,497,lateral-raise,,,
-304,-136,512,lateral-raise,,,
-318,-132,537,lateral-raise,,,
-278,-128,459,lateral-raise,,,
-199,-93,350,lateral-raise,,,
-119,-46,251,lateral-raise,,,
-24,-15,157,lateral-raise,,,
84,30,74,lateral-raise,,,
215,64,-83,lateral-raise,,,
340,97,-315,lateral-raise,,,
458,132,-522,lateral-raise,,,
571,163,-669,lateral-raise,,,
667,222,-808,lateral-raise,,,
767,256,-926,lateral-raise,,,
868,291,-1050,lateral-raise,,,
941,341,-1170,lateral-raise,,,
960,344,-1232,lateral-raise,,,
960,336,-1244,lateral-raise,,,
1009,303,-1299,lateral-raise,,,
1102,200,-1340,lateral-raise,,,
1204,98,-1260,lateral-raise,,,
1261,91,-1168,lateral-raise,,,
1250,190,-1096,lateral-raise,,,
1228,264,-1012,lateral-raise,,,
1192,234,-994,lateral-raise,,,
1147,168,-1094,lateral-raise,,,
1120,167,-1067,lateral-raise,,,
1090,211,-1133,lateral-raise,,,
993,238,-1432,lateral-raise,,,
914,205,-1855,lateral-raise,,,
867,64,-2351,lateral-raise,,,
860,-196,-2673,lateral-raise,,,
925,-459,-2852,lateral-raise,,,
1041,-416,-2744,lateral-raise,,,
1192,-94,-2426,lateral-raise,,,
1350,161,-2174,lateral-raise,,,
1520,222,-1915,lateral-raise,,,
1654,212,-1649,lateral-raise,,,
1713,257,-1403,lateral-raise,,,
1728,380,-1215,lateral-raise,,,
1733,466,-1044,lateral-raise,,,
1640,528,-920,lateral-raise,,,
1536,512,-776,lateral-raise,,,
1536,512,-776,lateral-raise,,,
1458,450,-496,lateral-raise,,,
1311,456,-313,lateral-raise,,,
1162,426,-237,lateral-raise,,,
962,315,-50,lateral-raise,,,
780,247,-82,lateral-raise,,,
634,198,-25,lateral-raise,,,
507,165,39,lateral-raise,,,
355,107,68,lateral-raise,,,
204,70,111,lateral-raise,,,
68,51,164,lateral-raise,,,
-53,29,263,lateral-raise,,,
-146,-18,342,lateral-raise,,,
-197,-67,389,lateral-raise,,,
-208,-74,452,lateral-raise,,,
-230,-55,511,lateral-raise,,,
-240,-10,479,lateral-raise,,,
-208,-13,382,lateral-raise,,,
-136,-60,319,lateral-raise,,,
-50,-80,274,lateral-raise,,,
32,-32,194,lateral-raise,,,
152,56,73,lateral-raise,,,
301,118,-82,lateral-raise,,,
433,175,-233,lateral-raise,,,
559,216,-421,lateral-raise,,,
680,236,-648,lateral-raise,,,
774,221,-871,lateral-raise,,,
845,199,-1103,lateral-raise,,,
940,212,-1140,lateral-raise,,,
1050,203,-1085,lateral-raise,,,
1135,226,-1184,lateral-raise,,,
1216,383,-1229,lateral-raise,,,
1256,530,-1218,lateral-raise,,,
1261,438,-1098,lateral-raise,,,
1298,228,-1174,lateral-raise,,,
1337,195,-1444,lateral-raise,,,
1290,404,-1276,lateral-raise,,,
1250,432,-1108,lateral-raise,,,
1226,189,-1159,lateral-raise,,,
1190,7,-1305,lateral-raise,,,
1100,142,-1420,lateral-raise,,,
976,328,-1585,lateral-raise,,,
907,173,-1880,lateral-raise,,,
925,-106,-2148,lateral-raise,,,
953,-246,-2323,lateral-raise,,,
964,-167,-2393,lateral-raise,,,
1005,-85,-2337,lateral-raise,,,
1063,41,-2343,lateral-raise,,,
1168,164,-2213,lateral-raise,,,
1332,242,-2002,lateral-raise,,,
1481,305,-1798,lateral-raise,,,
1623,367,-1578,lateral-raise,,,
1686,453,-1382,lateral-raise,,,
1673,494,-1133,lateral-raise,,,
1627,556,-993,lateral-raise,,,
1566,531,-816,lateral-raise,,,
1489,507,-657,lateral-raise,,,
1382,483,-500,lateral-raise,,,
1245,432,-446,lateral-raise,,,
1084,371,-340,lateral-raise,,,
880,327,-274,lateral-raise,,,
688,269,-245,lateral-raise,,,
555,200,-159,lateral-raise,,,
425,124,-88,lateral-raise,,,
298,92,28,lateral-raise,,,
172,111,81,lateral-raise,,,
86,87,194,lateral-raise,,,
-6,45,278,lateral-raise,,,
-93,6,338,lateral-raise,,,
-176,-23,370,lateral-raise,,,
-248,-67,401,lateral-raise,,,
-301,-83,416,lateral-raise,,,
-315,-108,416,lateral-raise,,,
-316,-124,380,lateral-raise,,,
-307,-116,309,lateral-raise,,,
-254,-104,235,lateral-raise,,,
-176,-80,156,lateral-raise,,,
-86,-45,62,lateral-raise,,,
34,2,-73,lateral-raise,,,
161,53,-200,lateral-raise,,,
251,80,-324,lateral-raise,,,
327,112,-488,lateral-raise,,,
448,172,-621,lateral-raise,,,
593,212,-749,lateral-raise,,,
713,256,-827,lateral-raise,,,
826,298,-921,lateral-raise,,,
896,367,-1047,lateral-raise,,,
995,405,-1141,lateral-raise,,,
1064,410,-1154,lateral-raise,,,
1072,380,-1168,lateral-raise,,,
1109,346,-1206,lateral-raise,,,
1154,347,-1248,lateral-raise,,,
1161,347,-1246,lateral-raise,,,
1173,443,-1343,lateral-raise,,,
1200,492,-1172,lateral-raise,,,
1207,465,-1152,lateral-raise,,,
1255,419,-1152,lateral-raise,,,
1242,451,-1140,lateral-raise,,,
1181,475,-1009,lateral-raise,,,
1135,405,-921,lateral-raise,,,
1118,343,-936,lateral-raise,,,
1048,304,-920,lateral-raise,,,
984,336,-968,lateral-raise,,,
1000,289,-1069,lateral-raise,,,
962,197,-897,lateral-raise,,,
923,80,-873,lateral-raise,,,
927,43,-814,lateral-raise,,,
964,54,-772,lateral-raise,,,
989,140,-649,lateral-raise,,,
1006,227,-598,lateral-raise,,,
1035,307,-545,lateral-raise,,,
1066,392,-471,lateral-raise,,,
1085,484,-450,lateral-raise,,,
1100,578,-392,lateral-raise,,,
1098,618,-412,lateral-raise,,,
1096,677,-400,lateral-raise,,,
1050,707,-398,lateral-raise,,,
987,623,-489,lateral-raise,,,
903,497,-560,lateral-raise,,,
814,393,-565,lateral-raise,,,
718,329,-601,lateral-raise,,,
616,263,-668,lateral-raise,,,
528,194,-696,lateral-raise,,,
473,149,-752,lateral-raise,,,
420,163,-756,lateral-raise,,,
379,201,-754,lateral-raise,,,
351,241,-809,lateral-raise,,,
316,252,-816,lateral-raise,,,
296,213,-777,lateral-raise,,,
289,184,-760,lateral-raise,,,
273,180,-771,lateral-raise,,,
247,166,-760,lateral-raise,,,
192,146,-741,lateral-raise,,,
129,139,-766,lateral-raise,,,
95,150,-767,lateral-raise,,,
72,171,-763,lateral-raise,,,
59,189,-810,lateral-raise,,,
57,179,-871,lateral-raise,,,
33,163,-874,lateral-raise,,,
16,146,-844,lateral-raise,,,
8,124,-840,lateral-raise,,,
-20,101,-783,lateral-raise,,,
-27,69,-770,lateral-raise,,,
-8,89,-852,lateral-raise,,,
-8,100,-900,lateral-raise,,,
-7,119,-879,lateral-raise,,,
2,110,-876,lateral-raise,,,
18,98,-907,lateral-raise,,,
31,111,-926,lateral-raise,,,
24,94,-906,lateral-raise,,,
24,72,-930,lateral-raise,,,
16,63,-967,lateral-raise,,,
16,32,-936,lateral-raise,,,
24,24,-968,lateral-raise,,,
40,24,-914,lateral-raise,,,
70,47,-973,lateral-raise,,,
65,18,-909,lateral-raise,,,
64,16,-940,lateral-raise,,,
93,23,-980,lateral-raise,,,
89,31,-1005,lateral-raise,,,
95,52,-947,lateral-raise,,,
96,36,-936,lateral-raise,,,
96,-7,-982,lateral-raise,,,
102,-29,-992,lateral-raise,,,
92,-13,-992,lateral-raise,,,
88,-2,-974,lateral-raise,,,
94,0,-950,lateral-raise,,,
102,29,-955,lateral-raise,,,
110,7,-960,lateral-raise,,,
96,-3,-971,lateral-raise,,,
88,0,-992,lateral-raise,,,
68,-15,-959,lateral-raise,,,
46,-24,-946,lateral-raise,,,
40,-34,-966,lateral-raise,,,
49,-40,-962,lateral-raise,,,
65,-58,-948,lateral-raise,,,
59,-81,-957,lateral-raise,,,
40,-88,-964,lateral-raise,,,
40,-108,-964,lateral-raise,,,
44,-109,-972,lateral-raise,,,
36,-110,-961,lateral-raise,,,
32,-175,-972,lateral-raise,,,
45,-241,-1001,lateral-raise,,,
51,-258,-995,lateral-raise,,,
32,-242,-976,lateral-raise,,,
26,-235,-927,lateral-raise,,,
19,-248,-915,lateral-raise,,,
24,-264,-923,lateral-raise,,,
22,-279,-933,lateral-raise,,,
16,-305,-937,lateral-raise,,,
20,-286,-926,lateral-raise,,,
32,-280,-938,lateral-raise,,,
32,-278,-918,lateral-raise,,,
32,-274,-922,lateral-raise,,,
29,-279,-954,lateral-raise,,,
16,-273,-928,lateral-raise,,,
16,-279,-924,lateral-raise,,,
13,-273,-905,lateral-raise,,,
-7,-280,-909,lateral-raise,,,
1,-279,-892,lateral-raise,,,
16,-272,-934,lateral-raise,,,
16,-272,-913,lateral-raise,,,
8,-280,-935,lateral-raise,,,
16,-280,-912,lateral-raise,,,
