120,1232,-776,triceps-extension,,,
50,1310,-807,triceps-extension,,,
-20,1327,-816,triceps-extension,,,
-106,1246,-719,triceps-extension,,,
-141,1276,-887,triceps-extension,,,
-223,1251,-918,triceps-extension,,,
-225,1262,-836,triceps-extension,,,
-306,1223,-694,triceps-extension,,,
-307,1209,-685,triceps-extension,,,
-311,1123,-668,triceps-extension,,,
-331,1129,-715,triceps-extension,,,
-386,1024,-610,triceps-extension,,,
-436,986,-540,triceps-extension,,,
-483,931,-487,triceps-extension,,,
-553,872,-472,triceps-extension,,,
-615,828,-444,triceps-extension,,,
-648,762,-416,triceps-extension,,,
-682,668,-387,triceps-extension,,,
-691,571,-356,triceps-extension,,,
-693,487,-309,triceps-extension,,,
-682,423,-293,triceps-extension,,,
-640,368,-222,triceps-extension,,,
-589,281,-181,triceps-extension,,,
-546,193,-153,triceps-extension,,,
-499,123,-53,triceps-extension,,,
-444,40,-8,triceps-extension,,,
-412,-50,-36,triceps-extension,,,
-412,-107,7,triceps-extension,,,
-402,-138,47,triceps-extension,,,
-377,-204,16,triceps-extension,,,
-374,-309,19,triceps-extension,,,
-387,-385,67,triceps-extension,,,
-389,-417,136,triceps-extension,,,
-387,-478,122,triceps-extension,,,
-389,-552,117,triceps-extension,,,
-391,-608,89,triceps-extension,,,
-408,-675,-92,triceps-extension,,,
-397,-702,-125,triceps-extension,,,
-360,-725,-80,triceps-extension,,,
-331,-832,-104,triceps-extension,,,
-310,-900,-111,triceps-extension,,,
-303,-951,-146,triceps-extension,,,
-293,-983,-171,triceps-extension,,,
-274,-981,-58,triceps-extension,,,
-233,-1013,-31,triceps-extension,,,
-178,-1052,-75,triceps-extension,,,
-124,-1091,-24,triceps-extension,,,
-78,-1119,46,triceps-extension,,,
-46,-1104,-101,triceps-extension,,,
0,-1096,-198,triceps-extension,,,
16,-1080,-144,triceps-extension,,,
16,-1072,-144,triceps-extension,,,
-15,-1049,-90,triceps-extension,,,
-62,-1056,-103,triceps-extension,,,
-101,-1063,-104,triceps-extension,,,
-133,-1013,-97,triceps-extension,,,
-150,-994,-110,triceps-extension,,,
-166,-964,-147,triceps-extension,,,
-216,-967,-97,triceps-extension,,,
-231,-968,-68,triceps-extension,,,
-245,-968,-57,triceps-extension,,,
-248,-936,-88,triceps-extension,,,
-242,-922,-170,triceps-extension,,,
-234,-932,-83,triceps-extension,,,
-203,-983,-7,triceps-extension,,,
-163,-1023,31,triceps-extension,,,
-141,-1032,-55,triceps-extension,,,
-147,-1010,-64,triceps-extension,,,
-147,-1005,-80,triceps-extension,,,
-154,-983,-162,triceps-extension,,,
-175,-973,-151,triceps-extension,,,
-184,-981,-82,triceps-extension,,,
-189,-970,-102,triceps-extension,,,
-192,-956,-132,triceps-extension,,,
-201,-926,-158,triceps-extension,,,
-204,-887,-184,triceps-extension,,,
-200,-872,-196,triceps-extension,,,
-196,-884,-147,triceps-extension,,,
-174,-903,-76,triceps-extension,,,
-141,-926,-86,triceps-extension,,,
-125,-951,-104,triceps-extension,,,
-117,-966,-81,triceps-extension,,,
-106,-985,-33,triceps-extension,,,
-93,-1000,-14,triceps-extension,,,
-83,-995,-27,triceps-extension,,,
-64,-989,-19,triceps-extension,,,
-50,-1005,-4,triceps-extension,,,
-65,-1021,-25,triceps-extension,,,
-86,-1030,-14,triceps-extension,,,
-78,-1030,-34,triceps-extension,,,
-72,-1053,-35,triceps-extension,,,
-74,-1080,-19,triceps-extension,,,
-86,-1106,-26,triceps-extension,,,
-112,-1080,-9,triceps-extension,,,
-113,-1095,-57,triceps-extension,,,
-119,-1194,-60,triceps-extension,,,
-115,-1259,-25,triceps-extension,,,
-148,-1215,28,triceps-extension,,,
-195,-1198,-18,triceps-extension,,,
-234,-1166,-39,triceps-extension,,,
-264,-1130,-25,triceps-extension,,,
-280,-1192,-48,triceps-extension,,,
-304,-1248,-64,triceps-extension,,,
-304,-1248,-64,triceps-extension,,,
-304,-1201,-33,triceps-extension,,,
-342,-1124,-32,triceps-extension,,,
-366,-1090,-17,triceps-extension,,,
-419,-1066,-31,triceps-extension,,,
-438,-1021,-25,triceps-extension,,,
-454,-1009,32,triceps-extension,,,
-470,-974,95,triceps-extension,,,
-492,-875,64,triceps-extension,,,
-529,-732,-35,triceps-extension,,,
-568,-679,-24,triceps-extension,,,
-619,-715,58,triceps-extension,,,
-644,-680,14,triceps-extension,,,
-660,-588,-61,triceps-extension,,,
-687,-554,-28,triceps-extension,,,
-729,-524,37,triceps-extension,,,
-744,-425,126,triceps-extension,,,
-733,-289,270,triceps-extension,,,
-738,-337,201,triceps-extension,,,
-729,-303,133,triceps-extension,,,
-739,-291,-22,triceps-extension,,,
-789,-352,-225,triceps-extension,,,
-798,-242,-68,triceps-extension,,,
-771,-28,285,triceps-extension,,,
-772,35,287,triceps-extension,,,
-816,-12,16,triceps-extension,,,
-844,-20,-135,triceps-extension,,,
-825,33,-30,triceps-extension,,,
-804,122,154,triceps-extension,,,
-793,173,151,triceps-extension,,,
-790,178,33,triceps-extension,,,
-815,207,13,triceps-extension,,,
-857,258,159,triceps-extension,,,
-893,301,241,triceps-extension,,,
-899,270,13,triceps-extension,,,
-898,206,-142,triceps-extension,,,
-920,200,11,triceps-extension,,,
-931,295,232,triceps-extension,,,
-970,468,281,triceps-extension,,,
-1004,528,131,triceps-extension,,,
-1019,523,20,triceps-extension,,,
-1029,498,-9,triceps-extension,,,
-1012,464,60,triceps-extension,,,
-991,423,93,triceps-extension,,,
-980,407,153,triceps-extension,,,
-954,345,45,triceps-extension,,,
-967,351,23,triceps-extension,,,
-952,344,26,triceps-extension,,,
-952,343,163,triceps-extension,,,
-952,319,54,triceps-extension,,,
-952,288,-24,triceps-extension,,,
-944,304,-8,triceps-extension,,,
-952,335,54,triceps-extension,,,
-960,359,163,triceps-extension,,,
-938,338,71,triceps-extension,,,
-921,343,-16,triceps-extension,,,
-934,365,-60,triceps-extension,,,
-929,361,-29,triceps-extension,,,
-928,374,65,triceps-extension,,,
-895,316,0,triceps-extension,,,
-901,278,-49,triceps-extension,,,
-917,336,65,triceps-extension,,,
-914,290,40,triceps-extension,,,
-888,242,-145,triceps-extension,,,
-886,203,-147,triceps-extension,,,
-888,198,-65,triceps-extension,,,
-871,155,-29,triceps-extension,,,
-832,76,-35,triceps-extension,,,
-832,6,28,triceps-extension,,,
-850,-77,13,triceps-extension,,,
-866,-117,53,triceps-extension,,,
-877,-192,77,triceps-extension,,,
-889,-272,96,triceps-extension,,,
-869,-323,89,triceps-extension,,,
-835,-383,64,triceps-extension,,,
-820,-433,64,triceps-extension,,,
-804,-452,8,triceps-extension,,,
-773,-491,-67,triceps-extension,,,
-719,-528,-51,triceps-extension,,,
-673,-528,-57,triceps-extension,,,
-657,-575,-140,triceps-extension,,,
-616,-643,-178,triceps-extension,,,
-559,-663,-116,triceps-extension,,,
-559,-703,-21,triceps-extension,,,
-584,-766,-135,triceps-extension,,,
-571,-840,-248,triceps-extension,,,
-551,-842,-186,triceps-extension,,,
-573,-830,-100,triceps-extension,,,
-584,-786,-207,triceps-extension,,,
-580,-823,-378,triceps-extension,,,
-561,-920,-372,triceps-extension,,,
-531,-936,-188,triceps-extension,,,
-503,-1001,-265,triceps-extension,,,
-459,-1005,-283,triceps-extension,,,
-425,-990,-336,triceps-extension,,,
-378,-985,-320,triceps-extension,,,
-331,-1047,-194,triceps-extension,,,
-287,-1039,-97,triceps-extension,,,
-272,-1030,-277,triceps-extension,,,
-270,-1007,-339,triceps-extension,,,
-239,-992,-230,triceps-extension,,,
-216,-984,-152,triceps-extension,,,
-184,-1000,-112,triceps-extension,,,
-168,-1000,-213,triceps-extension,,,
-176,-1000,-178,triceps-extension,,,
-183,-963,-288,triceps-extension,,,
-191,-953,-252,triceps-extension,,,
-192,-966,-191,triceps-extension,,,
-150,-996,-261,triceps-extension,,,
-164,-1027,-272,triceps-extension,,,
-175,-1025,-225,triceps-extension,,,
-183,-1024,-164,triceps-extension,,,
-184,-1018,-184,triceps-extension,,,
-178,-1016,-198,triceps-extension,,,
-176,-998,-206,triceps-extension,,,
-176,-974,-220,triceps-extension,,,
-176,-951,-213,triceps-extension,,,
-170,-950,-241,triceps-extension,,,
-163,-947,-267,triceps-extension,,,
-160,-928,-272,triceps-extension,,,
-160,-910,-247,triceps-extension,,,
-155,-919,-232,triceps-extension,,,
-152,-928,-232,triceps-extension,,,
-157,-928,-232,triceps-extension,,,
-164,-928,-228,triceps-extension,,,
-168,-924,-211,triceps-extension,,,
-176,-920,-208,triceps-extension,,,
-184,-932,-220,triceps-extension,,,
-196,-952,-224,triceps-extension,,,
-204,-956,-217,triceps-extension,,,
-193,-956,-215,triceps-extension,,,
-181,-967,-207,triceps-extension,,,
-170,-979,-187,triceps-extension,,,
-157,-978,-198,triceps-extension,,,
-152,-956,-223,triceps-extension,,,
-157,-939,-253,triceps-extension,,,
-173,-949,-261,triceps-extension,,,
-184,-977,-249,triceps-extension,,,
-189,-1052,-248,triceps-extension,,,
-204,-1188,-309,triceps-extension,,,
-226,-1312,-352,triceps-extension,,,
-256,-1298,-282,triceps-extension,,,
-258,-1251,-192,triceps-extension,,,
-268,-1263,-150,triceps-extension,,,
-292,-1248,-245,triceps-extension,,,
-317,-1192,-241,triceps-extension,,,
-349,-1089,-288,triceps-extension,,,
-388,-1036,-225,triceps-extension,,,
-426,-996,-169,triceps-extension,,,
-450,-959,-180,triceps-extension,,,
-473,-940,-234,triceps-extension,,,
-496,-867,-115,triceps-extension,,,
-504,-704,47,triceps-extension,,,
-536,-656,-15,triceps-extension,,,
-552,-664,-164,triceps-extension,,,
-560,-664,-160,triceps-extension,,,
-553,-537,-48,triceps-extension,,,
-581,-521,40,triceps-extension,,,
-627,-599,-195,triceps-extension,,,
-674,-608,-350,triceps-extension,,,
-714,-417,55,triceps-extension,,,
-753,-271,215,triceps-extension,,,
-806,-287,-28,triceps-extension,,,
-841,-309,-152,triceps-extension,,,
-854,-318,-236,triceps-extension,,,
-892,-374,-208,triceps-extension,,,
-916,-280,-86,triceps-extension,,,
-880,-97,-19,triceps-extension,,,
-847,-51,-153,triceps-extension,,,
-856,-88,-221,triceps-extension,,,
-880,-78,-177,triceps-extension,,,
-878,-3,-40,triceps-extension,,,
-842,72,-30,triceps-extension,,,
-819,110,-126,triceps-extension,,,
-825,111,-159,triceps-extension,,,
-832,122,-107,triceps-extension,,,
-832,162,-25,triceps-extension,,,
-836,196,-9,triceps-extension,,,
-852,232,-40,triceps-extension,,,
-887,271,-10,triceps-extension,,,
-934,299,50,triceps-extension,,,
-960,333,-16,triceps-extension,,,
-943,323,-185,triceps-extension,,,
-920,266,-209,triceps-extension,,,
-923,277,-76,triceps-extension,,,
-925,306,-18,triceps-extension,,,
-936,323,-91,triceps-extension,,,
-973,404,-134,triceps-extension,,,
-977,459,-119,triceps-extension,,,
-958,443,-125,triceps-extension,,,
-954,438,-92,triceps-extension,,,
-958,448,-72,triceps-extension,,,
-954,426,-30,triceps-extension,,,
-967,427,27,triceps-extension,,,
-988,396,-13,triceps-extension,,,
-964,339,-104,triceps-extension,,,
-944,317,-97,triceps-extension,,,
-945,342,-51,triceps-extension,,,
-950,325,-20,triceps-extension,,,
-936,303,-54,triceps-extension,,,
-937,289,-34,triceps-extension,,,
-944,296,-57,triceps-extension,,,
-936,304,-79,triceps-extension,,,
-928,304,-48,triceps-extension,,,
-928,304,-72,triceps-extension,,,
-944,288,-49,triceps-extension,,,
-944,303,-2,triceps-extension,,,
-951,297,-52,triceps-extension,,,
-959,303,-63,triceps-extension,,,
-953,290,-107,triceps-extension,,,
-931,309,-63,triceps-extension,,,
-948,326,-22,triceps-extension,,,
-952,315,-56,triceps-extension,,,
-959,305,-90,triceps-extension,,,
-954,304,-77,triceps-extension,,,
-946,298,-78,triceps-extension,,,
-956,302,-68,triceps-extension,,,
-954,310,-76,triceps-extension,,,
-952,312,-97,triceps-extension,,,
-952,312,-93,triceps-extension,,,
-947,312,-99,triceps-extension,,,
-949,301,-93,triceps-extension,,,
-952,286,-78,triceps-extension,,,
-952,290,-57,triceps-extension,,,
-952,320,-48,triceps-extension,,,
-947,336,-62,triceps-extension,,,
-935,323,-103,triceps-extension,,,
-928,295,-128,triceps-extension,,,
-916,272,-107,triceps-extension,,,
-900,260,-96,triceps-extension,,,
-884,264,-69,triceps-extension,,,
-865,268,-39,triceps-extension,,,
-852,243,-80,triceps-extension,,,
-848,186,-137,triceps-extension,,,
-867,80,-234,triceps-extension,,,
-963,-47,-378,triceps-extension,,,
-1072,-67,-299,triceps-extension,,,
-1036,91,32,triceps-extension,,,
-945,337,185,triceps-extension,,,
-908,371,-6,triceps-extension,,,
-922,207,-307,triceps-extension,,,
-886,62,-351,triceps-extension,,,
-884,-62,-351,triceps-extension,,,
-876,-75,-186,triceps-extension,,,
-810,-71,-72,triceps-extension,,,
-822,-125,-149,triceps-extension,,,
-841,-115,-184,triceps-extension,,,
-795,-144,-73,triceps-extension,,,
-724,-262,-141,triceps-extension,,,
-756,-421,-233,triceps-extension,,,
-792,-455,-224,triceps-extension,,,
-793,-363,-63,triceps-extension,,,
-808,-411,-52,triceps-extension,,,
-816,-463,-129,triceps-extension,,,
-800,-441,-152,triceps-extension,,,
-792,-519,-184,triceps-extension,,,
-769,-621,-106,triceps-extension,,,
-722,-677,-104,triceps-extension,,,
-660,-665,-7,triceps-extension,,,
-649,-642,-73,triceps-extension,,,
-634,-740,-258,triceps-extension,,,
-611,-822,-182,triceps-extension,,,
-601,-887,3,triceps-extension,,,
-573,-856,19,triceps-extension,,,
-548,-855,-82,triceps-extension,,,
-531,-900,-282,triceps-extension,,,
-478,-931,-210,triceps-extension,,,
-440,-942,162,triceps-extension,,,
-361,-920,160,triceps-extension,,,
-319,-969,-143,triceps-extension,,,
-284,-992,-265,triceps-extension,,,
-272,-987,-158,triceps-extension,,,
-240,-979,-104,triceps-extension,,,
-224,-1047,-191,triceps-extension,,,
-229,-1103,-265,triceps-extension,,,
-218,-1098,-223,triceps-extension,,,
-199,-1065,-147,triceps-extension,,,
-179,-1066,-124,triceps-extension,,,
-168,-1089,-163,triceps-extension,,,
-168,-1084,-192,triceps-extension,,,
-168,-1056,-152,triceps-extension,,,
-160,-1025,-112,triceps-extension,,,
-152,-1019,-189,triceps-extension,,,
-148,-1036,-262,triceps-extension,,,
-141,-1027,-183,triceps-extension,,,
-136,-1002,-107,triceps-extension,,,
-133,-986,-140,triceps-extension,,,
-128,-976,-213,triceps-extension,,,
-128,-973,-261,triceps-extension,,,
-120,-968,-225,triceps-extension,,,
-102,-961,-145,triceps-extension,,,
-94,-946,-128,triceps-extension,,,
-92,-952,-183,triceps-extension,,,
-104,-954,-214,triceps-extension,,,
-104,-967,-155,triceps-extension,,,
-101,-992,-69,triceps-extension,,,
-89,-995,-129,triceps-extension,,,
-95,-1008,-159,triceps-extension,,,
-89,-1008,-112,triceps-extension,,,
-96,-1008,-114,triceps-extension,,,
-96,-1008,-125,triceps-extension,,,
-96,-1008,-97,triceps-extension,,,
-97,-1007,-102,triceps-extension,,,
-104,-993,-75,triceps-extension,,,
-104,-1008,-135,triceps-extension,,,
-112,-1000,-96,triceps-extension,,,
-112,-968,-88,triceps-extension,,,
-112,-968,-88,triceps-extension,,,
-120,-976,-166,triceps-extension,,,
-112,-946,-138,triceps-extension,,,
-112,-966,-136,triceps-extension,,,
-90,-975,-70,triceps-extension,,,
-74,-997,-128,triceps-extension,,,
-65,-993,-164,triceps-extension,,,
-71,-972,-182,triceps-extension,,,
-32,-1001,-151,triceps-extension,,,
-4,-1067,-7,triceps-extension,,,
-51,-1074,-33,triceps-extension,,,
-132,-973,-60,triceps-extension,,,
-176,-914,-52,triceps-extension,,,
-184,-939,-42,triceps-extension,,,
-178,-1032,-63,triceps-extension,,,
-182,-1103,0,triceps-extension,,,
-189,-1120,-6,triceps-extension,,,
-203,-1141,-87,triceps-extension,,,
-233,-1116,-130,triceps-extension,,,
-273,-1121,-200,triceps-extension,,,
-288,-1174,-202,triceps-extension,,,
-283,-1219,-144,triceps-extension,,,
-293,-1196,-124,triceps-extension,,,
-317,-1142,-184,triceps-extension,,,
-336,-1120,-186,triceps-extension,,,
-364,-1120,-108,triceps-extension,,,
-384,-1112,-91,triceps-extension,,,
-388,-1089,-86,triceps-extension,,,
-413,-1040,-17,triceps-extension,,,
-450,-956,-56,triceps-extension,,,
-493,-944,-256,triceps-extension,,,
-551,-998,-269,triceps-extension,,,
-599,-948,-44,triceps-extension,,,
-645,-893,4,triceps-extension,,,
-664,-817,-72,triceps-extension,,,
-680,-704,-41,triceps-extension,,,
-689,-609,19,triceps-extension,,,
-714,-512,80,triceps-extension,,,
-722,-382,17,triceps-extension,,,
-732,-330,-82,triceps-extension,,,
-739,-334,28,triceps-extension,,,
-719,-315,149,triceps-extension,,,
-715,-253,45,triceps-extension,,,
-733,-225,-61,triceps-extension,,,
-763,-140,-131,triceps-extension,,,
-781,-152,-55,triceps-extension,,,
-760,-12,274,triceps-extension,,,
-758,22,183,triceps-extension,,,
-730,1,-161,triceps-extension,,,
-761,24,-178,triceps-extension,,,
-792,9,-253,triceps-extension,,,
-800,63,61,triceps-extension,,,
-769,219,297,triceps-extension,,,
-776,270,91,triceps-extension,,,
-821,153,-158,triceps-extension,,,
-868,49,-205,triceps-extension,,,
-886,104,-37,triceps-extension,,,
-909,175,40,triceps-extension,,,
-898,225,-41,triceps-extension,,,
-936,319,-3,triceps-extension,,,
-990,362,-57,triceps-extension,,,
-1006,412,-47,triceps-extension,,,
-1002,436,-114,triceps-extension,,,
-988,434,-106,triceps-extension,,,
-978,432,28,triceps-extension,,,
-970,443,49,triceps-extension,,,
-968,437,18,triceps-extension,,,
-973,427,-24,triceps-extension,,,
-976,413,-45,triceps-extension,,,
-971,388,-23,triceps-extension,,,
-958,371,2,triceps-extension,,,
-952,354,8,triceps-extension,,,
-952,353,22,triceps-extension,,,
-961,373,23,triceps-extension,,,
-964,375,-1,triceps-extension,,,
-964,364,-4,triceps-extension,,,
-964,348,28,triceps-extension,,,
-960,344,21,triceps-extension,,,
-964,359,-45,triceps-extension,,,
-975,368,-81,triceps-extension,,,
-974,385,-59,triceps-extension,,,
-947,405,-59,triceps-extension,,,
-910,388,-85,triceps-extension,,,
-886,362,-74,triceps-extension,,,
-893,347,-72,triceps-extension,,,
-893,326,-93,triceps-extension,,,
-926,277,-102,triceps-extension,,,
-985,202,-73,triceps-extension,,,
-997,164,7,triceps-extension,,,
-964,140,76,triceps-extension,,,
-943,75,66,triceps-extension,,,
-912,-57,-39,triceps-extension,,,
-922,-193,-129,triceps-extension,,,
-969,-227,29,triceps-extension,,,
-974,-202,114,triceps-extension,,,
-951,-217,-14,triceps-extension,,,
-879,-231,1,triceps-extension,,,
-798,-294,12,triceps-extension,,,
-775,-357,55,triceps-extension,,,
-760,-429,46,triceps-extension,,,
-753,-519,8,triceps-extension,,,
-784,-496,8,triceps-extension,,,
-720,-432,160,triceps-extension,,,
-704,-479,36,triceps-extension,,,
-704,-609,-166,triceps-extension,,,
-741,-787,-161,triceps-extension,,,
-737,-712,219,triceps-extension,,,
-715,-618,242,triceps-extension,,,
-719,-671,-130,triceps-extension,,,
-665,-687,-252,triceps-extension,,,
-623,-715,23,triceps-extension,,,
-596,-785,15,triceps-extension,,,
-541,-832,-114,triceps-extension,,,
-466,-778,-144,triceps-extension,,,
-430,-784,-247,triceps-extension,,,
-389,-816,-133,triceps-extension,,,
-307,-790,-23,triceps-extension,,,
-219,-743,39,triceps-extension,,,
-192,-842,-198,triceps-extension,,,
-197,-943,-267,triceps-extension,,,
-190,-927,-138,triceps-extension,,,
-149,-874,-26,triceps-extension,,,
-109,-909,-121,triceps-extension,,,
-68,-963,-199,triceps-extension,,,
-39,-1048,-241,triceps-extension,,,
-23,-1104,-280,triceps-extension,,,
-4,-1096,-268,triceps-extension,,,
20,-1064,-224,triceps-extension,,,
44,-1032,-192,triceps-extension,,,
63,-1024,-137,triceps-extension,,,
83,-1028,-65,triceps-extension,,,
113,-1042,-69,triceps-extension,,,
139,-1082,-133,triceps-extension,,,
153,-1102,-182,triceps-extension,,,
177,-1075,-227,triceps-extension,,,
197,-1085,-374,triceps-extension,,,
213,-1104,-379,triceps-extension,,,
236,-1120,-307,triceps-extension,,,
269,-1104,-235,triceps-extension,,,
276,-1041,-211,triceps-extension,,,
262,-954,-176,triceps-extension,,,
256,-904,-208,triceps-extension,,,
253,-968,-310,triceps-extension,,,
243,-994,-266,triceps-extension,,,
255,-963,-256,triceps-extension,,,
246,-935,-323,triceps-extension,,,
231,-933,-238,triceps-extension,,,
225,-968,-172,triceps-extension,,,
231,-967,-213,triceps-extension,,,
223,-952,-261,triceps-extension,,,
216,-952,-217,triceps-extension,,,
216,-944,-232,triceps-extension,,,
224,-936,-240,triceps-extension,,,
224,-936,-240,triceps-extension,,,
232,-913,-209,triceps-extension,,,
224,-904,-299,triceps-extension,,,
202,-911,-311,triceps-extension,,,
222,-992,-327,triceps-extension,,,
310,-1021,-150,triceps-extension,,,
341,-1010,-72,triceps-extension,,,
296,-994,-200,triceps-extension,,,
208,-1025,-564,triceps-extension,,,
146,-1065,-482,triceps-extension,,,
123,-1148,-378,triceps-extension,,,
120,-1211,-304,triceps-extension,,,
108,-1266,-421,triceps-extension,,,
75,-1262,-399,triceps-extension,,,
104,-1176,2,triceps-extension,,,
114,-1099,63,triceps-extension,,,
63,-1069,-263,triceps-extension,,,
14,-1153,-484,triceps-extension,,,
25,-1159,-181,triceps-extension,,,
30,-1072,-9,triceps-extension,,,
-19,-1037,-206,triceps-extension,,,
-99,-1049,-305,triceps-extension,,,
-185,-1087,-257,triceps-extension,,,
-237,-1069,-81,triceps-extension,,,
-281,-961,15,triceps-extension,,,
-348,-856,-104,triceps-extension,,,
-426,-866,-96,triceps-extension,,,
-476,-946,37,triceps-extension,,,
-466,-916,44,triceps-extension,,,
-458,-789,-124,triceps-extension,,,
-482,-697,-195,triceps-extension,,,
-508,-646,75,triceps-extension,,,
-511,-578,167,triceps-extension,,,
-488,-507,-67,triceps-extension,,,
-548,-545,-276,triceps-extension,,,
-635,-573,-233,triceps-extension,,,
-615,-361,115,triceps-extension,,,
-598,-239,232,triceps-extension,,,
-651,-215,-13,triceps-extension,,,
-765,-317,-136,triceps-extension,,,
-782,-147,-80,triceps-extension,,,
-785,-85,-87,triceps-extension,,,
-827,-168,-111,triceps-extension,,,
-831,-87,-52,triceps-extension,,,
-774,173,25,triceps-extension,,,
-771,320,90,triceps-extension,,,
-866,307,75,triceps-extension,,,
-889,163,-221,triceps-extension,,,
-897,87,-163,triceps-extension,,,
-920,75,81,triceps-extension,,,
-936,184,112,triceps-extension,,,
-976,352,0,triceps-extension,,,
-976,352,0,triceps-extension,,,
-999,399,-217,triceps-extension,,,
-1023,377,-171,triceps-extension,,,
-1031,398,-108,triceps-extension,,,
-1032,407,-68,triceps-extension,,,
-1039,401,-14,triceps-extension,,,
-1033,344,-22,triceps-extension,,,
-1012,316,-17,triceps-extension,,,
-995,299,-23,triceps-extension,,,
-985,283,-11,triceps-extension,,,
-990,261,17,triceps-extension,,,
-986,231,43,triceps-extension,,,
-972,206,-12,triceps-extension,,,
-968,171,-38,triceps-extension,,,
-968,183,6,triceps-extension,,,
-962,220,69,triceps-extension,,,
-965,232,39,triceps-extension,,,
-968,206,-26,triceps-extension,,,
-978,192,-63,triceps-extension,,,
-984,217,-87,triceps-extension,,,
-984,232,-96,triceps-extension,,,
-965,246,-138,triceps-extension,,,
-912,229,-92,triceps-extension,,,
-884,221,-62,triceps-extension,,,
-867,244,-163,triceps-extension,,,
-844,260,-224,triceps-extension,,,
-855,222,-139,triceps-extension,,,
-920,132,-15,triceps-extension,,,
-990,55,43,triceps-extension,,,
-991,-13,29,triceps-extension,,,
-978,-103,-11,triceps-extension,,,
-995,-157,33,triceps-extension,,,
-968,-158,147,triceps-extension,,,
-896,-176,189,triceps-extension,,,
-867,-195,129,triceps-extension,,,
-862,-229,90,triceps-extension,,,
-826,-282,164,triceps-extension,,,
-775,-273,239,triceps-extension,,,
-720,-356,96,triceps-extension,,,
-687,-405,146,triceps-extension,,,
-668,-450,177,triceps-extension,,,
-725,-450,257,triceps-extension,,,
-784,-439,147,triceps-extension,,,
-785,-530,-71,triceps-extension,,,
-801,-634,-2,triceps-extension,,,
-861,-642,103,triceps-extension,,,
-839,-605,142,triceps-extension,,,
-832,-733,-40,triceps-extension,,,
-829,-693,-44,triceps-extension,,,
-767,-642,-128,triceps-extension,,,
-744,-704,-143,triceps-extension,,,
-720,-704,-41,triceps-extension,,,
-650,-673,-9,triceps-extension,,,
-602,-771,-61,triceps-extension,,,
-563,-783,-64,triceps-extension,,,
-531,-835,-64,triceps-extension,,,
-507,-826,57,triceps-extension,,,
-462,-803,121,triceps-extension,,,
-395,-800,-29,triceps-extension,,,
-324,-927,-129,triceps-extension,,,
-266,-972,-105,triceps-extension,,,
-218,-963,-32,triceps-extension,,,
-196,-972,-4,triceps-extension,,,
-162,-976,-66,triceps-extension,,,
-128,-970,-112,triceps-extension,,,
-91,-905,-5,triceps-extension,,,
-97,-869,12,triceps-extension,,,
-109,-918,-152,triceps-extension,,,
-107,-1028,-192,triceps-extension,,,
-119,-1123,-196,triceps-extension,,,
-123,-1196,-193,triceps-extension,,,
-101,-1277,-112,triceps-extension,,,
-97,-1368,-212,triceps-extension,,,
-82,-1314,-217,triceps-extension,,,
-51,-1188,-145,triceps-extension,,,
-36,-1127,-223,triceps-extension,,,
-28,-1100,-260,triceps-extension,,,
-12,-1061,-159,triceps-extension,,,
-4,-999,-69,triceps-extension,,,
-1,-964,-74,triceps-extension,,,
8,-975,-123,triceps-extension,,,
11,-984,-141,triceps-extension,,,
16,-966,-72,triceps-extension,,,
13,-945,-23,triceps-extension,,,
3,-976,-103,triceps-extension,,,
-8,-1008,-203,triceps-extension,,,
-3,-998,-131,triceps-extension,,,
3,-974,-15,triceps-extension,,,
-10,-976,-102,triceps-extension,,,
-18,-998,-182,triceps-extension,,,
-24,-992,-163,triceps-extension,,,
-24,-987,-107,triceps-extension,,,
-24,-967,-72,triceps-extension,,,
-25,-959,-141,triceps-extension,,,
-32,-956,-140,triceps-extension,,,
-31,-982,-202,triceps-extension,,,
-25,-1024,-151,triceps-extension,,,
-33,-1028,-79,triceps-extension,,,
-39,-1077,-59,triceps-extension,,,
-33,-1149,16,triceps-extension,,,
-48,-1242,24,triceps-extension,,,
-64,-1312,32,triceps-extension,,,
-56,-1264,8,triceps-extension,,,
-72,-1217,-70,triceps-extension,,,
-102,-1208,-125,triceps-extension,,,
-141,-1260,-53,triceps-extension,,,
-166,-1300,47,triceps-extension,,,
-161,-1225,149,triceps-extension,,,
-209,-1153,-1,triceps-extension,,,
-264,-1130,-147,triceps-extension,,,
-319,-1048,-88,triceps-extension,,,
-354,-960,-33,triceps-extension,,,
-385,-950,1,triceps-extension,,,
-442,-971,2,triceps-extension,,,
-486,-940,-12,triceps-extension,,,
-520,-846,-116,triceps-extension,,,
-522,-621,-112,triceps-extension,,,
-553,-561,-57,triceps-extension,,,
-600,-660,-29,triceps-extension,,,
-637,-693,-66,triceps-extension,,,
-653,-663,-78,triceps-extension,,,
-671,-559,-62,triceps-extension,,,
-704,-494,-147,triceps-extension,,,
-734,-469,-217,triceps-extension,,,
-748,-420,-157,triceps-extension,,,
-748,-375,-69,triceps-extension,,,
-765,-385,-69,triceps-extension,,,
-776,-316,-96,triceps-extension,,,
-776,-193,-84,triceps-extension,,,
-795,-201,-87,triceps-extension,,,
-847,-301,-90,triceps-extension,,,
-903,-334,-48,triceps-extension,,,
-886,-253,10,triceps-extension,,,
-836,-191,11,triceps-extension,,,
-825,-167,-97,triceps-extension,,,
-826,-127,-170,triceps-extension,,,
-787,-88,-121,triceps-extension,,,
-775,-109,-55,triceps-extension,,,
-819,-127,-23,triceps-extension,,,
-846,-157,-72,triceps-extension,,,
-836,-192,-160,triceps-extension,,,
-837,-156,-122,triceps-extension,,,
-883,4,5,triceps-extension,,,
-902,156,-5,triceps-extension,,,
-933,215,7,triceps-extension,,,
-966,262,-9,triceps-extension,,,
-998,328,-87,triceps-extension,,,
-978,202,-243,triceps-extension,,,
-929,94,-182,triceps-extension,,,
-938,157,-5,triceps-extension,,,
-960,228,-80,triceps-extension,,,
-969,296,-75,triceps-extension,,,
-992,280,-159,triceps-extension,,,
-992,256,-73,triceps-extension,,,
-1000,295,60,triceps-extension,,,
-1023,364,-20,triceps-extension,,,
-1002,323,-113,triceps-extension,,,
-978,254,-120,triceps-extension,,,
-990,234,-63,triceps-extension,,,
-992,274,77,triceps-extension,,,
-985,280,-6,triceps-extension,,,
-997,273,-31,triceps-extension,,,
-1007,252,-97,triceps-extension,,,
-1002,242,-144,triceps-extension,,,
-981,240,-90,triceps-extension,,,
-976,222,-72,triceps-extension,,,
-970,204,-66,triceps-extension,,,
-951,206,-64,triceps-extension,,,
-944,247,-81,triceps-extension,,,
-960,264,-110,triceps-extension,,,
-952,253,-136,triceps-extension,,,
-954,243,-88,triceps-extension,,,
-970,245,-61,triceps-extension,,,
-971,248,-69,triceps-extension,,,
-959,229,-63,triceps-extension,,,
-952,203,-65,triceps-extension,,,
-939,179,-63,triceps-extension,,,
-899,143,-48,triceps-extension,,,
-864,92,-32,triceps-extension,,,
-852,72,-20,triceps-extension,,,
-841,54,-31,triceps-extension,,,
-839,6,-44,triceps-extension,,,
-868,-50,-40,triceps-extension,,,
-902,-106,-30,triceps-extension,,,
-918,-148,57,triceps-extension,,,
-931,-215,179,triceps-extension,,,
-936,-272,91,triceps-extension,,,
-931,-340,-101,triceps-extension,,,
-927,-435,-143,triceps-extension,,,
-935,-457,-144,triceps-extension,,,
-887,-389,-32,triceps-extension,,,
-804,-368,60,triceps-extension,,,
-768,-403,18,triceps-extension,,,
-763,-447,-166,triceps-extension,,,
-741,-471,-129,triceps-extension,,,
-729,-469,11,triceps-extension,,,
-738,-498,20,triceps-extension,,,
-744,-517,0,triceps-extension,,,
-688,-575,4,triceps-extension,,,
-690,-774,63,triceps-extension,,,
-707,-832,283,triceps-extension,,,
-639,-726,96,triceps-extension,,,
-625,-698,-59,triceps-extension,,,
-656,-768,-168,triceps-extension,,,
-656,-696,-88,triceps-extension,,,
-656,-696,-88,triceps-extension,,,
-656,-774,-142,triceps-extension,,,
-610,-738,-30,triceps-extension,,,
-563,-751,-61,triceps-extension,,,
-516,-788,-173,triceps-extension,,,
-491,-771,-77,triceps-extension,,,
-467,-838,6,triceps-extension,,,
-416,-862,-45,triceps-extension,,,
-381,-824,-29,triceps-extension,,,
-343,-855,-63,triceps-extension,,,
-311,-858,-21,triceps-extension,,,
-285,-875,4,triceps-extension,,,
-250,-880,62,triceps-extension,,,
-234,-939,15,triceps-extension,,,
-221,-1017,-174,triceps-extension,,,
-227,-1040,-218,triceps-extension,,,
-237,-1067,-240,triceps-extension,,,
-214,-1148,-277,triceps-extension,,,
-190,-1225,-273,triceps-extension,,,
-174,-1307,-259,triceps-extension,,,
-149,-1320,-175,triceps-extension,,,
-150,-1309,-250,triceps-extension,,,
-142,-1316,-371,triceps-extension,,,
-111,-1251,-245,triceps-extension,,,
-96,-1092,9,triceps-extension,,,
-76,-1008,-56,triceps-extension,,,
-52,-1008,-301,triceps-extension,,,
-41,-993,-276,triceps-extension,,,
-28,-949,-97,triceps-extension,,,
-24,-887,-28,triceps-extension,,,
-21,-890,-114,triceps-extension,,,
-10,-922,-169,triceps-extension,,,
-6,-909,-108,triceps-extension,,,
-21,-907,-107,triceps-extension,,,
-32,-915,-147,triceps-extension,,,
-32,-942,-169,triceps-extension,,,
-37,-997,-201,triceps-extension,,,
-44,-1004,-173,triceps-extension,,,
-30,-996,-154,triceps-extension,,,
-26,-1010,-193,triceps-extension,,,
-34,-1014,-224,triceps-extension,,,
-39,-1008,-220,triceps-extension,,,
-31,-1005,-187,triceps-extension,,,
-24,-991,-128,triceps-extension,,,
-26,-989,-181,triceps-extension,,,
-40,-1024,-211,triceps-extension,,,
-41,-1023,-163,triceps-extension,,,
-49,-1015,-109,triceps-extension,,,
-56,-1002,-76,triceps-extension,,,
-64,-1041,-161,triceps-extension,,,
-80,-1072,-200,triceps-extension,,,
-88,-1064,-216,triceps-extension,,,
-88,-1095,-131,triceps-extension,,,
-96,-1142,-166,triceps-extension,,,
-111,-1166,-123,triceps-extension,,,
-119,-1219,-171,triceps-extension,,,
-134,-1260,-119,triceps-extension,,,
-164,-1152,14,triceps-extension,,,
-209,-1095,-159,triceps-extension,,,
-276,-1088,-292,triceps-extension,,,
-308,-1134,-247,triceps-extension,,,
-325,-1106,-67,triceps-extension,,,
-347,-1040,-12,triceps-extension,,,
-382,-1024,-111,triceps-extension,,,
-416,-1024,-197,triceps-extension,,,
-453,-1018,-205,triceps-extension,,,
-481,-938,-144,triceps-extension,,,
-542,-872,-28,triceps-extension,,,
-584,-814,-58,triceps-extension,,,
-602,-772,-76,triceps-extension,,,
-603,-740,-59,triceps-extension,,,
-619,-757,-113,triceps-extension,,,
-637,-753,-161,triceps-extension,,,
-622,-624,-70,triceps-extension,,,
-621,-432,47,triceps-extension,,,
-644,-356,9,triceps-extension,,,
-676,-352,-76,triceps-extension,,,
-708,-328,-108,triceps-extension,,,
-716,-335,-109,triceps-extension,,,
-723,-370,-50,triceps-extension,,,
-746,-352,18,triceps-extension,,,
-766,-283,-36,triceps-extension,,,
-782,-227,-124,triceps-extension,,,
-792,-119,-95,triceps-extension,,,
-817,-37,-53,triceps-extension,,,
-869,-43,0,triceps-extension,,,
-882,-42,-27,triceps-extension,,,
-879,-53,-102,triceps-extension,,,
-850,-16,-125,triceps-extension,,,
-834,6,-112,triceps-extension,,,
-844,18,-144,triceps-extension,,,
-858,90,-83,triceps-extension,,,
-868,125,-70,triceps-extension,,,
-893,115,-107,triceps-extension,,,
-922,130,-173,triceps-extension,,,
-940,149,-243,triceps-extension,,,
-968,184,-215,triceps-extension,,,
-970,186,-274,triceps-extension,,,
-992,212,-295,triceps-extension,,,
-992,274,-283,triceps-extension,,,
-983,320,-186,triceps-extension,,,
-952,304,-264,triceps-extension,,,
-976,264,-264,triceps-extension,,,
-984,295,-225,triceps-extension,,,
-961,319,-163,triceps-extension,,,
-975,298,-197,triceps-extension,,,
-961,289,-156,triceps-extension,,,
-981,281,-159,triceps-extension,,,
-977,280,-146,triceps-extension,,,
-983,280,-117,triceps-extension,,,
-977,273,-132,triceps-extension,,,
-969,259,-156,triceps-extension,,,
-943,186,-166,triceps-extension,,,
-948,131,-131,triceps-extension,,,
-970,180,-108,triceps-extension,,,
-970,224,-51,triceps-extension,,,
-962,238,-21,triceps-extension,,,
-966,262,-27,triceps-extension,,,
-968,277,-97,triceps-extension,,,
-957,264,-228,triceps-extension,,,
-927,246,-275,triceps-extension,,,
-868,240,-292,triceps-extension,,,
-763,202,-232,triceps-extension,,,
-675,162,-184,triceps-extension,,,
-702,179,-211,triceps-extension,,,
-804,187,-189,triceps-extension,,,
-868,134,-110,triceps-extension,,,
-908,40,-24,triceps-extension,,,
-971,-51,-76,triceps-extension,,,
-1008,-110,-136,triceps-extension,,,
-1004,-143,-24,triceps-extension,,,
-976,-139,45,triceps-extension,,,
-918,-139,40,triceps-extension,,,
-874,-192,0,triceps-extension,,,
-870,-258,-58,triceps-extension,,,
-885,-318,-4,triceps-extension,,,
-909,-341,98,triceps-extension,,,
-948,-351,114,triceps-extension,,,
-971,-377,55,triceps-extension,,,
-960,-364,40,triceps-extension,,,
-964,-394,64,triceps-extension,,,
-971,-452,71,triceps-extension,,,
-934,-451,103,triceps-extension,,,
-852,-404,119,triceps-extension,,,
-796,-444,69,triceps-extension,,,
-770,-542,10,triceps-extension,,,
-729,-530,-28,triceps-extension,,,
-679,-548,-33,triceps-extension,,,
-672,-581,163,triceps-extension,,,
-669,-556,178,triceps-extension,,,
-624,-620,-18,triceps-extension,,,
-617,-704,-61,triceps-extension,,,
-640,-696,41,triceps-extension,,,
-616,-680,103,triceps-extension,,,
-608,-750,19,triceps-extension,,,
-638,-919,-68,triceps-extension,,,
-633,-913,32,triceps-extension,,,
-596,-832,135,triceps-extension,,,
-556,-860,115,triceps-extension,,,
-538,-913,-42,triceps-extension,,,
-516,-1022,-132,triceps-extension,,,
-459,-1053,156,triceps-extension,,,
-409,-978,216,triceps-extension,,,
-387,-966,-6,triceps-extension,,,
-384,-962,-89,triceps-extension,,,
-366,-972,-72,triceps-extension,,,
-342,-1017,-17,triceps-extension,,,
-319,-1021,46,triceps-extension,,,
-301,-1010,47,triceps-extension,,,
-291,-1003,-47,triceps-extension,,,
-293,-1000,-72,triceps-extension,,,
-301,-1010,-39,triceps-extension,,,
-304,-1011,16,triceps-extension,,,
-304,-1008,-51,triceps-extension,,,
-304,-1022,-107,triceps-extension,,,
-300,-1050,-100,triceps-extension,,,
-300,-1077,-18,triceps-extension,,,
-312,-1067,19,triceps-extension,,,
-332,-1032,-56,triceps-extension,,,
-352,-1024,-119,triceps-extension,,,
-353,-1025,-110,triceps-extension,,,
-340,-1002,-48,triceps-extension,,,
-326,-1018,-18,triceps-extension,,,
-315,-1099,-26,triceps-extension,,,
-329,-1131,-10,triceps-extension,,,
-353,-1084,-26,triceps-extension,,,
-373,-1069,-53,triceps-extension,,,
-389,-1080,-24,triceps-extension,,,
-412,-1099,-69,triceps-extension,,,
-438,-1146,-116,triceps-extension,,,
-443,-1156,-30,triceps-extension,,,
-486,-1139,40,triceps-extension,,,
-546,-1048,-86,triceps-extension,,,
-610,-1045,-252,triceps-extension,,,
-612,-1022,-163,triceps-extension,,,
-595,-961,-96,triceps-extension,,,
-607,-889,-52,triceps-extension,,,
-603,-893,-45,triceps-extension,,,
-627,-863,-140,triceps-extension,,,
-649,-784,-172,triceps-extension,,,
-665,-697,-113,triceps-extension,,,
-674,-607,98,triceps-extension,,,
-713,-592,133,triceps-extension,,,
-744,-600,32,triceps-extension,,,
-736,-488,16,triceps-extension,,,
-736,-488,16,triceps-extension,,,
-759,-542,-77,triceps-extension,,,
-760,-506,-95,triceps-extension,,,
-730,-400,60,triceps-extension,,,
-713,-326,108,triceps-extension,,,
-698,-363,119,triceps-extension,,,
-731,-291,120,triceps-extension,,,
-804,-321,-153,triceps-extension,,,
-809,-295,-347,triceps-extension,,,
-723,-28,-24,triceps-extension,,,
-691,165,107,triceps-extension,,,
-694,82,-84,triceps-extension,,,
-714,24,-216,triceps-extension,,,
-702,110,-16,triceps-extension,,,
-713,218,345,triceps-extension,,,
-770,298,423,triceps-extension,,,
-819,288,105,triceps-extension,,,
-848,198,-229,triceps-extension,,,
-881,160,-241,triceps-extension,,,
-916,190,-44,triceps-extension,,,
-928,237,129,triceps-extension,,,
-923,316,147,triceps-extension,,,
-938,378,89,triceps-extension,,,
-969,414,60,triceps-extension,,,
-976,436,52,triceps-extension,,,
-956,396,44,triceps-extension,,,
-925,364,101,triceps-extension,,,
-897,372,179,triceps-extension,,,
-881,340,128,triceps-extension,,,
-862,291,48,triceps-extension,,,
-835,256,80,triceps-extension,,,
-795,211,162,triceps-extension,,,
-763,167,196,triceps-extension,,,
-757,157,152,triceps-extension,,,
-723,155,92,triceps-extension,,,
-715,135,17,triceps-extension,,,
-769,161,74,triceps-extension,,,
-771,209,124,triceps-extension,,,
-702,294,128,triceps-extension,,,
-672,329,81,triceps-extension,,,
-679,309,-12,triceps-extension,,,
-691,316,-62,triceps-extension,,,
-636,248,-100,triceps-extension,,,
-662,163,-164,triceps-extension,,,
-693,142,-194,triceps-extension,,,
-668,185,-264,triceps-extension,,,
-637,193,-238,triceps-extension,,,
-690,220,23,triceps-extension,,,
-712,389,-103,triceps-extension,,,
-721,479,-245,triceps-extension,,,
-744,456,-139,triceps-extension,,,
-760,480,-469,triceps-extension,,,
-776,496,-542,triceps-extension,,,
-738,481,-278,triceps-extension,,,
-684,547,-286,triceps-extension,,,
-622,647,-521,triceps-extension,,,
-595,699,-544,triceps-extension,,,
-550,809,-272,triceps-extension,,,
-503,851,-212,triceps-extension,,,
-449,869,-508,triceps-extension,,,
-479,911,-627,triceps-extension,,,
-475,1003,-424,triceps-extension,,,
-416,1049,-213,triceps-extension,,,
-328,1122,-325,triceps-extension,,,
-292,1144,-570,triceps-extension,,,
-311,1167,-400,triceps-extension,,,
-270,1232,-98,triceps-extension,,,
-188,1267,-170,triceps-extension,,,
-149,1298,-301,triceps-extension,,,
-103,1302,-241,triceps-extension,,,
-40,1266,-148,triceps-extension,,,
-2,1219,-115,triceps-extension,,,
31,1223,-98,triceps-extension,,,
70,1227,-75,triceps-extension,,,
97,1207,-47,triceps-extension,,,
112,1188,-82,triceps-extension,,,
116,1188,-108,triceps-extension,,,
112,1188,-80,triceps-extension,,,
112,1169,-65,triceps-extension,,,
123,1142,4,triceps-extension,,,
123,1137,19,triceps-extension,,,
94,1157,-90,triceps-extension,,,
68,1140,-125,triceps-extension,,,
48,1097,-74,triceps-extension,,,
48,1037,-22,triceps-extension,,,
56,990,-88,triceps-extension,,,
62,1143,-226,triceps-extension,,,
65,1392,-317,triceps-extension,,,
113,1000,93,triceps-extension,,,
64,982,-66,triceps-extension,,,
42,998,-21,triceps-extension,,,
46,990,51,triceps-extension,,,
37,980,-26,triceps-extension,,,
28,960,-1,triceps-extension,,,
48,961,-29,triceps-extension,,,
49,972,-150,triceps-extension,,,
56,1003,-127,triceps-extension,,,
57,1025,-45,triceps-extension,,,
73,1030,-24,triceps-extension,,,
80,1007,-141,triceps-extension,,,
80,989,-245,triceps-extension,,,
80,896,-152,triceps-extension,,,
