arms,triceps-extension,-744,776,-184
arms,triceps-extension,-728,706,-339
arms,triceps-extension,-690,636,-283
arms,triceps-extension,-658,483,-466
arms,triceps-extension,-685,406,-444
arms,triceps-extension,-681,336,-354
arms,triceps-extension,-638,279,-365
arms,triceps-extension,-564,258,-341
arms,triceps-extension,-539,149,-323
arms,triceps-extension,-575,95,-229
arms,triceps-extension,-552,18,-360
arms,triceps-extension,-525,-62,-369
arms,triceps-extension,-514,-68,-354
arms,triceps-extension,-518,-105,-287
arms,triceps-extension,-526,-154,-379
arms,triceps-extension,-539,-179,-318
arms,triceps-extension,-539,-195,-256
arms,triceps-extension,-520,-200,-311
arms,triceps-extension,-502,-195,-298
arms,triceps-extension,-536,-148,-119
arms,triceps-extension,-546,-158,-144
arms,triceps-extension,-508,-221,-256
arms,triceps-extension,-479,-226,-173
arms,triceps-extension,-507,-178,-75
arms,triceps-extension,-511,-194,-122
arms,triceps-extension,-480,-264,-160
arms,triceps-extension,-487,-308,-136
arms,triceps-extension,-533,-309,-87
arms,triceps-extension,-617,-292,-93
arms,triceps-extension,-720,-315,-120
arms,triceps-extension,-815,-336,-3
arms,triceps-extension,-884,-343,24
arms,triceps-extension,-919,-398,-48
arms,triceps-extension,-955,-375,68
arms,triceps-extension,-973,-330,130
arms,triceps-extension,-944,-387,26
arms,triceps-extension,-877,-425,37
arms,triceps-extension,-865,-383,57
arms,triceps-extension,-914,-322,151
arms,triceps-extension,-922,-363,42
arms,triceps-extension,-930,-395,112
arms,triceps-extension,-930,-383,166
arms,triceps-extension,-892,-417,263
arms,triceps-extension,-833,-420,254
arms,triceps-extension,-841,-405,247
arms,triceps-extension,-844,-443,296
arms,triceps-extension,-807,-465,297
arms,triceps-extension,-791,-478,302
arms,triceps-extension,-783,-456,279
arms,triceps-extension,-760,-465,263
arms,triceps-extension,-744,-512,241
arms,triceps-extension,-736,-520,303
arms,triceps-extension,-713,-559,250
arms,triceps-extension,-674,-590,301
arms,triceps-extension,-679,-570,297
arms,triceps-extension,-702,-561,274
arms,triceps-extension,-668,-624,265
arms,triceps-extension,-650,-688,292
arms,triceps-extension,-648,-703,276
arms,triceps-extension,-628,-731,279
arms,triceps-extension,-617,-743,300
arms,triceps-extension,-616,-782,247
arms,triceps-extension,-585,-817,201
arms,triceps-extension,-546,-812,264
arms,triceps-extension,-524,-790,276
arms,triceps-extension,-474,-750,261
arms,triceps-extension,-462,-753,262
arms,triceps-extension,-453,-809,204
arms,triceps-extension,-448,-864,229
arms,triceps-extension,-443,-916,246
arms,triceps-extension,-415,-931,260
arms,triceps-extension,-390,-918,277
arms,triceps-extension,-384,-903,312
arms,triceps-extension,-371,-914,314
arms,triceps-extension,-351,-932,326
arms,triceps-extension,-336,-919,344
arms,triceps-extension,-320,-920,276
arms,triceps-extension,-304,-936,247
arms,triceps-extension,-289,-932,317
arms,triceps-extension,-280,-935,318
arms,triceps-extension,-260,-944,301
arms,triceps-extension,-226,-938,320
arms,triceps-extension,-228,-931,284
arms,triceps-extension,-231,-942,319
arms,triceps-extension,-192,-947,314
arms,triceps-extension,-173,-931,287
arms,triceps-extension,-170,-930,306
arms,triceps-extension,-176,-950,220
arms,triceps-extension,-168,-942,283
arms,triceps-extension,-144,-940,302
arms,triceps-extension,-135,-963,256
arms,triceps-extension,-104,-995,220
arms,triceps-extension,-97,-982,280
arms,triceps-extension,-73,-1007,216
arms,triceps-extension,-119,-1004,262
arms,triceps-extension,-115,-1025,293
arms,triceps-extension,-135,-1029,275
arms,triceps-extension,-124,-1009,305
arms,triceps-extension,-86,-1017,321
arms,triceps-extension,-64,-1023,334
arms,triceps-extension,-55,-1009,303
arms,triceps-extension,-32,-1032,280
arms,triceps-extension,-40,-1016,288
arms,triceps-extension,-40,-1016,288
arms,triceps-extension,-40,-1032,358
arms,triceps-extension,-32,-1040,284
arms,triceps-extension,-39,-1025,347
arms,triceps-extension,-55,-1017,264
arms,triceps-extension,-56,-1037,270
arms,triceps-extension,-56,-1019,335
arms,triceps-extension,-63,-1016,303
arms,triceps-extension,-57,-1009,283
arms,triceps-extension,-76,-995,358
arms,triceps-extension,-80,-986,452
arms,triceps-extension,-92,-990,410
arms,triceps-extension,-120,-974,392
arms,triceps-extension,-128,-980,404
arms,triceps-extension,-145,-973,397
arms,triceps-extension,-158,-968,403
arms,triceps-extension,-160,-952,419
arms,triceps-extension,-160,-944,408
arms,triceps-extension,-191,-924,395
arms,triceps-extension,-203,-907,417
arms,triceps-extension,-195,-918,432
arms,triceps-extension,-229,-923,437
arms,triceps-extension,-256,-920,427
arms,triceps-extension,-269,-916,399
arms,triceps-extension,-288,-912,396
arms,triceps-extension,-304,-920,376
arms,triceps-extension,-324,-920,375
arms,triceps-extension,-343,-905,404
arms,triceps-extension,-366,-896,404
arms,triceps-extension,-397,-893,418
arms,triceps-extension,-422,-878,422
arms,triceps-extension,-429,-870,390
arms,triceps-extension,-439,-865,375
arms,triceps-extension,-461,-843,373
arms,triceps-extension,-472,-840,336
arms,triceps-extension,-514,-819,373
arms,triceps-extension,-545,-808,379
arms,triceps-extension,-579,-802,383
arms,triceps-extension,-612,-782,412
arms,triceps-extension,-633,-774,372
arms,triceps-extension,-661,-766,358
arms,triceps-extension,-651,-751,346
arms,triceps-extension,-665,-704,320
arms,triceps-extension,-671,-664,314
arms,triceps-extension,-664,-656,279
arms,triceps-extension,-659,-594,270
arms,triceps-extension,-617,-538,260
arms,triceps-extension,-637,-479,291
arms,triceps-extension,-713,-464,228
arms,triceps-extension,-735,-472,293
arms,triceps-extension,-704,-488,200
arms,triceps-extension,-720,-480,152
arms,triceps-extension,-767,-418,183
arms,triceps-extension,-768,-393,199
arms,triceps-extension,-701,-422,140
arms,triceps-extension,-725,-366,165
arms,triceps-extension,-721,-403,139
arms,triceps-extension,-790,-352,220
arms,triceps-extension,-766,-371,143
arms,triceps-extension,-787,-396,195
arms,triceps-extension,-831,-380,156
arms,triceps-extension,-834,-395,214
arms,triceps-extension,-894,-369,232
arms,triceps-extension,-876,-390,196
arms,triceps-extension,-905,-382,302
arms,triceps-extension,-880,-370,235
arms,triceps-extension,-864,-351,198
arms,triceps-extension,-826,-344,200
arms,triceps-extension,-803,-349,242
arms,triceps-extension,-795,-352,228
arms,triceps-extension,-772,-367,223
arms,triceps-extension,-770,-381,275
arms,triceps-extension,-771,-412,346
arms,triceps-extension,-786,-454,349
arms,triceps-extension,-778,-485,328
arms,triceps-extension,-768,-484,378
arms,triceps-extension,-748,-512,404
arms,triceps-extension,-708,-567,403
arms,triceps-extension,-707,-569,413
arms,triceps-extension,-709,-566,414
arms,triceps-extension,-686,-614,442
arms,triceps-extension,-653,-662,469
arms,triceps-extension,-606,-672,482
arms,triceps-extension,-556,-663,489
arms,triceps-extension,-525,-643,520
arms,triceps-extension,-523,-650,504
arms,triceps-extension,-491,-698,489
arms,triceps-extension,-478,-718,528
arms,triceps-extension,-461,-708,520
arms,triceps-extension,-432,-700,510
arms,triceps-extension,-423,-717,550
arms,triceps-extension,-392,-739,544
arms,triceps-extension,-389,-751,550
arms,triceps-extension,-376,-744,577
arms,triceps-extension,-372,-750,579
arms,triceps-extension,-353,-787,562
arms,triceps-extension,-355,-808,634
arms,triceps-extension,-311,-807,644
arms,triceps-extension,-302,-802,599
arms,triceps-extension,-272,-824,593
arms,triceps-extension,-271,-832,616
arms,triceps-extension,-240,-824,616
arms,triceps-extension,-216,-808,624
arms,triceps-extension,-177,-800,593
arms,triceps-extension,-130,-808,546
arms,triceps-extension,-91,-801,596
arms,triceps-extension,-66,-778,585
arms,triceps-extension,-35,-797,548
arms,triceps-extension,-39,-814,544
arms,triceps-extension,-20,-830,551
arms,triceps-extension,-9,-839,585
arms,triceps-extension,-8,-879,592
arms,triceps-extension,-21,-926,611
arms,triceps-extension,-18,-973,591
arms,triceps-extension,-10,-990,675
arms,triceps-extension,21,-1021,675
arms,triceps-extension,43,-1072,601
arms,triceps-extension,65,-1099,559
arms,triceps-extension,99,-1093,520
arms,triceps-extension,154,-1104,499
arms,triceps-extension,135,-1102,542
arms,triceps-extension,117,-1101,538
arms,triceps-extension,115,-1099,510
arms,triceps-extension,93,-1077,513
arms,triceps-extension,80,-1051,498
arms,triceps-extension,84,-1031,480
arms,triceps-extension,67,-1016,472
arms,triceps-extension,32,-992,476
arms,triceps-extension,-3,-972,473
arms,triceps-extension,-42,-961,430
arms,triceps-extension,-75,-945,418
arms,triceps-extension,-105,-926,447
arms,triceps-extension,-125,-915,440
arms,triceps-extension,-135,-911,419
arms,triceps-extension,-172,-899,439
arms,triceps-extension,-200,-896,461
arms,triceps-extension,-229,-872,456
arms,triceps-extension,-266,-856,454
arms,triceps-extension,-290,-854,439
arms,triceps-extension,-304,-856,399
arms,triceps-extension,-344,-874,344
arms,triceps-extension,-397,-849,340
arms,triceps-extension,-423,-822,410
arms,triceps-extension,-454,-809,410
arms,triceps-extension,-479,-772,376
arms,triceps-extension,-479,-746,337
arms,triceps-extension,-523,-707,349
arms,triceps-extension,-548,-671,381
arms,triceps-extension,-589,-664,351
arms,triceps-extension,-643,-660,347
arms,triceps-extension,-679,-606,380
arms,triceps-extension,-665,-575,297
arms,triceps-extension,-688,-536,336
arms,triceps-extension,-672,-504,304
arms,triceps-extension,-664,-473,288
arms,triceps-extension,-611,-442,258
arms,triceps-extension,-586,-447,234
arms,triceps-extension,-569,-455,217
arms,triceps-extension,-568,-413,245
arms,triceps-extension,-617,-408,283
arms,triceps-extension,-706,-388,302
arms,triceps-extension,-760,-431,277
arms,triceps-extension,-807,-473,272
arms,triceps-extension,-854,-480,310
arms,triceps-extension,-876,-468,264
arms,triceps-extension,-868,-476,248
arms,triceps-extension,-840,-451,260
arms,triceps-extension,-780,-411,281
arms,triceps-extension,-727,-378,266
arms,triceps-extension,-685,-411,348
arms,triceps-extension,-677,-379,350
arms,triceps-extension,-665,-367,333
arms,triceps-extension,-676,-396,390
arms,triceps-extension,-678,-413,400
arms,triceps-extension,-672,-448,440
arms,triceps-extension,-694,-468,458
arms,triceps-extension,-712,-490,423
arms,triceps-extension,-733,-549,416
arms,triceps-extension,-724,-600,456
arms,triceps-extension,-669,-620,488
arms,triceps-extension,-633,-617,499
arms,triceps-extension,-606,-633,477
arms,triceps-extension,-584,-667,449
arms,triceps-extension,-561,-695,472
arms,triceps-extension,-504,-734,466
arms,triceps-extension,-458,-732,479
arms,triceps-extension,-432,-726,520
arms,triceps-extension,-395,-765,512
arms,triceps-extension,-377,-790,518
arms,triceps-extension,-353,-777,568
arms,triceps-extension,-328,-777,547
arms,triceps-extension,-304,-824,502
arms,triceps-extension,-293,-829,542
arms,triceps-extension,-253,-846,539
arms,triceps-extension,-236,-837,553
arms,triceps-extension,-217,-828,560
arms,triceps-extension,-218,-853,561
arms,triceps-extension,-180,-877,572
arms,triceps-extension,-148,-852,598
arms,triceps-extension,-111,-816,582
arms,triceps-extension,-93,-818,559
arms,triceps-extension,-55,-841,552
arms,triceps-extension,-31,-864,552
arms,triceps-extension,-8,-856,560
arms,triceps-extension,24,-824,600
arms,triceps-extension,24,-824,600
arms,triceps-extension,40,-824,631
arms,triceps-extension,55,-847,571
arms,triceps-extension,49,-841,583
arms,triceps-extension,70,-855,599
arms,triceps-extension,72,-877,614
arms,triceps-extension,93,-943,553
arms,triceps-extension,116,-966,599
arms,triceps-extension,133,-961,635
arms,triceps-extension,175,-960,666
arms,triceps-extension,190,-973,659
arms,triceps-extension,211,-970,656
arms,triceps-extension,246,-980,626
arms,triceps-extension,256,-966,634
arms,triceps-extension,267,-954,623
arms,triceps-extension,261,-935,622
arms,triceps-extension,245,-923,651
arms,triceps-extension,229,-925,648
arms,triceps-extension,199,-933,640
arms,triceps-extension,169,-941,625
arms,triceps-extension,150,-939,592
arms,triceps-extension,121,-927,599
arms,triceps-extension,95,-924,603
arms,triceps-extension,84,-932,592
arms,triceps-extension,72,-940,596
arms,triceps-extension,56,-936,608
arms,triceps-extension,44,-916,624
arms,triceps-extension,33,-908,614
arms,triceps-extension,17,-894,606
arms,triceps-extension,8,-872,594
arms,triceps-extension,-2,-869,558
arms,triceps-extension,-22,-864,562
arms,triceps-extension,-49,-855,564
arms,triceps-extension,-91,-845,565
arms,triceps-extension,-128,-853,525
arms,triceps-extension,-170,-848,525
arms,triceps-extension,-206,-846,531
arms,triceps-extension,-248,-838,524
arms,triceps-extension,-282,-828,534
arms,triceps-extension,-319,-816,528
arms,triceps-extension,-349,-816,520
arms,triceps-extension,-374,-815,485
arms,triceps-extension,-405,-803,475
arms,triceps-extension,-432,-776,482
arms,triceps-extension,-437,-773,452
arms,triceps-extension,-475,-751,478
arms,triceps-extension,-497,-742,462
arms,triceps-extension,-505,-718,437
arms,triceps-extension,-520,-687,402
arms,triceps-extension,-513,-663,439
arms,triceps-extension,-552,-640,416
arms,triceps-extension,-584,-632,416
arms,triceps-extension,-623,-616,424
arms,triceps-extension,-632,-586,432
arms,triceps-extension,-647,-547,372
arms,triceps-extension,-633,-529,339
arms,triceps-extension,-589,-464,315
arms,triceps-extension,-577,-428,291
arms,triceps-extension,-556,-424,295
arms,triceps-extension,-545,-384,296
arms,triceps-extension,-622,-369,303
arms,triceps-extension,-684,-381,285
arms,triceps-extension,-733,-409,292
arms,triceps-extension,-762,-458,296
arms,triceps-extension,-815,-448,314
arms,triceps-extension,-849,-463,314
arms,triceps-extension,-884,-461,279
arms,triceps-extension,-847,-456,248
arms,triceps-extension,-835,-456,272
arms,triceps-extension,-804,-431,242
arms,triceps-extension,-774,-372,206
arms,triceps-extension,-749,-363,224
arms,triceps-extension,-736,-371,291
arms,triceps-extension,-732,-372,319
arms,triceps-extension,-737,-372,338
arms,triceps-extension,-744,-385,343
arms,triceps-extension,-784,-424,364
arms,triceps-extension,-805,-452,358
arms,triceps-extension,-762,-478,360
arms,triceps-extension,-771,-500,427
arms,triceps-extension,-789,-523,427
arms,triceps-extension,-736,-557,408
arms,triceps-extension,-721,-552,432
arms,triceps-extension,-710,-569,455
arms,triceps-extension,-645,-605,446
arms,triceps-extension,-595,-611,485
arms,triceps-extension,-563,-598,482
arms,triceps-extension,-543,-606,490
arms,triceps-extension,-516,-659,507
arms,triceps-extension,-496,-722,540
arms,triceps-extension,-463,-745,548
arms,triceps-extension,-429,-720,543
arms,triceps-extension,-413,-727,562
arms,triceps-extension,-395,-763,537
arms,triceps-extension,-361,-775,545
arms,triceps-extension,-317,-763,554
arms,triceps-extension,-295,-729,568
arms,triceps-extension,-287,-740,567
arms,triceps-extension,-279,-785,563
arms,triceps-extension,-271,-798,606
arms,triceps-extension,-255,-761,576
arms,triceps-extension,-224,-792,584
arms,triceps-extension,-216,-800,616
arms,triceps-extension,-216,-792,608
arms,triceps-extension,-201,-853,608
arms,triceps-extension,-178,-841,630
arms,triceps-extension,-125,-855,683
arms,triceps-extension,-134,-863,659
arms,triceps-extension,-101,-885,635
arms,triceps-extension,-69,-868,700
arms,triceps-extension,-44,-837,625
arms,triceps-extension,6,-812,608
arms,triceps-extension,16,-833,595
arms,triceps-extension,22,-846,592
arms,triceps-extension,42,-824,586
arms,triceps-extension,60,-810,596
arms,triceps-extension,64,-831,606
arms,triceps-extension,70,-851,597
arms,triceps-extension,88,-861,597
arms,triceps-extension,96,-880,616
arms,triceps-extension,101,-919,609
arms,triceps-extension,109,-921,630
arms,triceps-extension,131,-922,643
arms,triceps-extension,144,-923,659
arms,triceps-extension,153,-924,659
arms,triceps-extension,173,-941,652
arms,triceps-extension,184,-948,635
arms,triceps-extension,192,-948,612
arms,triceps-extension,196,-940,612
arms,triceps-extension,188,-924,631
arms,triceps-extension,184,-927,627
arms,triceps-extension,181,-933,600
arms,triceps-extension,170,-925,606
arms,triceps-extension,148,-926,607
arms,triceps-extension,116,-933,592
arms,triceps-extension,91,-925,584
arms,triceps-extension,75,-920,565
arms,triceps-extension,57,-918,555
arms,triceps-extension,33,-910,537
arms,triceps-extension,12,-906,520
arms,triceps-extension,-6,-908,512
arms,triceps-extension,-28,-901,488
arms,triceps-extension,-48,-913,491
arms,triceps-extension,-86,-889,505
arms,triceps-extension,-113,-891,509
arms,triceps-extension,-124,-866,496
arms,triceps-extension,-149,-878,492
arms,triceps-extension,-185,-866,467
arms,triceps-extension,-197,-878,492
arms,triceps-extension,-249,-857,457
arms,triceps-extension,-265,-864,464
arms,triceps-extension,-281,-856,464
arms,triceps-extension,-320,-872,456
arms,triceps-extension,-344,-856,464
arms,triceps-extension,-375,-848,410
arms,triceps-extension,-399,-825,393
arms,triceps-extension,-422,-809,385
arms,triceps-extension,-468,-793,413
arms,triceps-extension,-486,-792,373
arms,triceps-extension,-502,-778,403
arms,triceps-extension,-531,-756,435
arms,triceps-extension,-556,-745,353
arms,triceps-extension,-586,-737,395
arms,triceps-extension,-617,-711,421
arms,triceps-extension,-630,-692,387
arms,triceps-extension,-650,-658,334
arms,triceps-extension,-662,-648,332
arms,triceps-extension,-675,-602,302
arms,triceps-extension,-697,-562,277
arms,triceps-extension,-731,-541,267
arms,triceps-extension,-739,-520,243
arms,triceps-extension,-726,-471,222
arms,triceps-extension,-700,-433,211
arms,triceps-extension,-674,-386,222
arms,triceps-extension,-669,-341,246
arms,triceps-extension,-672,-319,234
arms,triceps-extension,-659,-321,229
arms,triceps-extension,-681,-307,248
arms,triceps-extension,-732,-300,252
arms,triceps-extension,-771,-316,233
arms,triceps-extension,-814,-338,242
arms,triceps-extension,-858,-360,261
arms,triceps-extension,-877,-377,238
arms,triceps-extension,-878,-400,237
arms,triceps-extension,-879,-391,259
arms,triceps-extension,-838,-370,284
arms,triceps-extension,-803,-346,328
arms,triceps-extension,-798,-320,339
arms,triceps-extension,-729,-318,340
arms,triceps-extension,-687,-314,379
arms,triceps-extension,-672,-312,416
arms,triceps-extension,-710,-294,440
arms,triceps-extension,-756,-334,438
arms,triceps-extension,-770,-413,442
arms,triceps-extension,-777,-435,480
arms,triceps-extension,-785,-453,475
arms,triceps-extension,-786,-485,450
arms,triceps-extension,-745,-512,465
arms,triceps-extension,-692,-513,476
arms,triceps-extension,-652,-520,511
arms,triceps-extension,-615,-521,501
arms,triceps-extension,-598,-529,567
arms,triceps-extension,-553,-552,544
arms,triceps-extension,-576,-560,560
arms,triceps-extension,-552,-600,576
arms,triceps-extension,-552,-600,576
arms,triceps-extension,-513,-616,607
arms,triceps-extension,-542,-677,517
arms,triceps-extension,-551,-725,587
arms,triceps-extension,-523,-735,548
arms,triceps-extension,-477,-743,544
arms,triceps-extension,-451,-779,537
arms,triceps-extension,-428,-764,563
arms,triceps-extension,-391,-747,595
arms,triceps-extension,-358,-751,587
arms,triceps-extension,-339,-790,603
arms,triceps-extension,-324,-825,583
arms,triceps-extension,-290,-838,594
arms,triceps-extension,-245,-805,600
arms,triceps-extension,-221,-809,611
arms,triceps-extension,-222,-838,605
arms,triceps-extension,-197,-837,605
arms,triceps-extension,-168,-811,613
arms,triceps-extension,-150,-805,591
arms,triceps-extension,-149,-818,596
arms,triceps-extension,-142,-824,618
arms,triceps-extension,-127,-819,638
arms,triceps-extension,-124,-834,621
arms,triceps-extension,-124,-857,596
arms,triceps-extension,-99,-843,617
arms,triceps-extension,-72,-816,628
arms,triceps-extension,-72,-812,639
arms,triceps-extension,-76,-820,657
arms,triceps-extension,-61,-831,655
arms,triceps-extension,-41,-843,657
arms,triceps-extension,-16,-851,629
arms,triceps-extension,5,-874,612
arms,triceps-extension,-3,-910,626
arms,triceps-extension,-8,-923,616
arms,triceps-extension,-11,-928,637
arms,triceps-extension,-14,-933,682
arms,triceps-extension,-8,-946,683
arms,triceps-extension,-8,-956,657
arms,triceps-extension,-6,-964,612
arms,triceps-extension,2,-950,598
arms,triceps-extension,8,-947,592
arms,triceps-extension,4,-960,591
arms,triceps-extension,-17,-959,583
arms,triceps-extension,-25,-951,569
arms,triceps-extension,-34,-944,531
arms,triceps-extension,-50,-942,555
arms,triceps-extension,-67,-929,568
arms,triceps-extension,-97,-944,489
arms,triceps-extension,-105,-943,505
arms,triceps-extension,-128,-928,527
arms,triceps-extension,-144,-920,496
arms,triceps-extension,-160,-928,480
arms,triceps-extension,-160,-920,472
arms,triceps-extension,-168,-905,457
arms,triceps-extension,-190,-911,456
arms,triceps-extension,-214,-897,463
arms,triceps-extension,-237,-889,464
arms,triceps-extension,-282,-888,478
arms,triceps-extension,-302,-868,480
arms,triceps-extension,-331,-864,447
arms,triceps-extension,-336,-864,375
arms,triceps-extension,-361,-845,436
arms,triceps-extension,-368,-840,400
arms,triceps-extension,-404,-828,366
arms,triceps-extension,-428,-812,366
arms,triceps-extension,-455,-797,362
arms,triceps-extension,-497,-781,343
arms,triceps-extension,-528,-781,341
arms,triceps-extension,-578,-773,365
arms,triceps-extension,-625,-773,376
arms,triceps-extension,-660,-756,376
arms,triceps-extension,-682,-720,376
arms,triceps-extension,-697,-685,362
arms,triceps-extension,-722,-654,316
arms,triceps-extension,-732,-627,284
arms,triceps-extension,-745,-583,247
arms,triceps-extension,-740,-532,224
arms,triceps-extension,-701,-474,224
arms,triceps-extension,-658,-406,201
arms,triceps-extension,-614,-369,180
arms,triceps-extension,-595,-340,176
arms,triceps-extension,-610,-302,176
arms,triceps-extension,-652,-288,176
arms,triceps-extension,-719,-300,182
arms,triceps-extension,-785,-342,184
arms,triceps-extension,-845,-394,168
arms,triceps-extension,-882,-411,173
arms,triceps-extension,-897,-398,157
arms,triceps-extension,-882,-388,96
arms,triceps-extension,-880,-374,126
arms,triceps-extension,-854,-352,155
arms,triceps-extension,-841,-298,192
arms,triceps-extension,-815,-305,193
arms,triceps-extension,-804,-313,205
arms,triceps-extension,-784,-319,233
arms,triceps-extension,-781,-320,252
arms,triceps-extension,-760,-371,329
arms,triceps-extension,-761,-334,271
arms,triceps-extension,-767,-395,257
arms,triceps-extension,-750,-434,276
arms,triceps-extension,-705,-464,360
arms,triceps-extension,-728,-464,344
arms,triceps-extension,-744,-544,328
arms,triceps-extension,-721,-591,413
arms,triceps-extension,-728,-592,393
arms,triceps-extension,-691,-622,414
arms,triceps-extension,-666,-639,438
arms,triceps-extension,-621,-647,419
arms,triceps-extension,-581,-648,416
arms,triceps-extension,-569,-682,477
arms,triceps-extension,-541,-715,501
arms,triceps-extension,-510,-713,517
arms,triceps-extension,-479,-699,507
arms,triceps-extension,-466,-727,504
arms,triceps-extension,-446,-778,504
arms,triceps-extension,-434,-798,504
arms,triceps-extension,-398,-789,521
arms,triceps-extension,-390,-795,534
arms,triceps-extension,-370,-822,531
arms,triceps-extension,-360,-858,544
arms,triceps-extension,-340,-847,557
arms,triceps-extension,-298,-822,575
arms,triceps-extension,-275,-816,574
arms,triceps-extension,-267,-830,559
arms,triceps-extension,-264,-849,574
arms,triceps-extension,-251,-856,592
arms,triceps-extension,-223,-844,592
arms,triceps-extension,-196,-844,592
arms,triceps-extension,-176,-868,584
arms,triceps-extension,-150,-858,587
arms,triceps-extension,-110,-825,596
arms,triceps-extension,-85,-823,585
arms,triceps-extension,-74,-832,586
arms,triceps-extension,-49,-817,588
arms,triceps-extension,-15,-798,562
arms,triceps-extension,-3,-813,547
arms,triceps-extension,0,-827,544
arms,triceps-extension,28,-827,550
arms,triceps-extension,61,-823,530
arms,triceps-extension,74,-848,538
arms,triceps-extension,72,-874,556
arms,triceps-extension,53,-894,581
arms,triceps-extension,74,-957,552
arms,triceps-extension,80,-1017,591
arms,triceps-extension,88,-1060,620
arms,triceps-extension,133,-1082,594
arms,triceps-extension,163,-1093,564
arms,triceps-extension,189,-1069,590
arms,triceps-extension,228,-1037,577
arms,triceps-extension,185,-1008,588
arms,triceps-extension,192,-1006,536
arms,triceps-extension,184,-968,536
arms,triceps-extension,168,-968,536
arms,triceps-extension,168,-976,488
arms,triceps-extension,152,-945,480
arms,triceps-extension,144,-952,457
arms,triceps-extension,114,-945,493
arms,triceps-extension,90,-959,452
arms,triceps-extension,59,-960,462
arms,triceps-extension,28,-967,464
arms,triceps-extension,-10,-961,478
arms,triceps-extension,-43,-953,467
arms,triceps-extension,-74,-945,484
arms,triceps-extension,-99,-957,475
arms,triceps-extension,-129,-954,460
arms,triceps-extension,-154,-934,468
arms,triceps-extension,-178,-922,454
arms,triceps-extension,-201,-874,465
arms,triceps-extension,-219,-867,444
arms,triceps-extension,-246,-861,454
arms,triceps-extension,-261,-835,459
arms,triceps-extension,-279,-834,456
arms,triceps-extension,-308,-840,441
arms,triceps-extension,-353,-826,442
arms,triceps-extension,-399,-807,462
arms,triceps-extension,-429,-796,450
arms,triceps-extension,-462,-792,445
arms,triceps-extension,-488,-792,452
arms,triceps-extension,-504,-784,436
arms,triceps-extension,-527,-772,409
arms,triceps-extension,-566,-761,407
arms,triceps-extension,-606,-734,417
arms,triceps-extension,-648,-695,401
arms,triceps-extension,-670,-659,373
arms,triceps-extension,-659,-622,347
arms,triceps-extension,-667,-580,349
arms,triceps-extension,-669,-546,339
arms,triceps-extension,-667,-502,307
arms,triceps-extension,-672,-459,266
arms,triceps-extension,-674,-441,267
arms,triceps-extension,-678,-422,248
arms,triceps-extension,-670,-408,226
arms,triceps-extension,-662,-388,232
arms,triceps-extension,-668,-392,227
arms,triceps-extension,-706,-363,199
arms,triceps-extension,-689,-377,168
arms,triceps-extension,-740,-385,210
arms,triceps-extension,-764,-389,228
arms,triceps-extension,-795,-371,253
arms,triceps-extension,-824,-404,222
arms,triceps-extension,-825,-440,202
arms,triceps-extension,-832,-439,231
arms,triceps-extension,-832,-416,216
arms,triceps-extension,-816,-424,200
arms,triceps-extension,-792,-424,216
arms,triceps-extension,-792,-424,216
arms,triceps-extension,-776,-432,270
arms,triceps-extension,-708,-455,257
arms,triceps-extension,-726,-404,293
arms,triceps-extension,-713,-466,245
arms,triceps-extension,-698,-479,319
arms,triceps-extension,-682,-508,314
arms,triceps-extension,-700,-539,305
arms,triceps-extension,-677,-544,357
arms,triceps-extension,-679,-551,368
arms,triceps-extension,-705,-603,400
arms,triceps-extension,-712,-672,389
arms,triceps-extension,-688,-682,408
arms,triceps-extension,-656,-692,434
arms,triceps-extension,-642,-725,429
arms,triceps-extension,-590,-730,446
arms,triceps-extension,-536,-723,461
arms,triceps-extension,-504,-731,448
arms,triceps-extension,-481,-736,476
arms,triceps-extension,-442,-726,506
arms,triceps-extension,-414,-701,502
arms,triceps-extension,-417,-725,501
arms,triceps-extension,-420,-761,504
arms,triceps-extension,-412,-772,508
arms,triceps-extension,-408,-793,533
arms,triceps-extension,-396,-812,544
arms,triceps-extension,-388,-812,540
arms,triceps-extension,-392,-826,522
arms,triceps-extension,-367,-848,524
arms,triceps-extension,-326,-838,563
arms,triceps-extension,-306,-811,571
arms,triceps-extension,-293,-798,564
arms,triceps-extension,-276,-808,559
arms,triceps-extension,-248,-805,576
arms,triceps-extension,-227,-805,560
arms,triceps-extension,-216,-818,577
arms,triceps-extension,-207,-831,618
arms,triceps-extension,-190,-852,616
arms,triceps-extension,-206,-868,596
arms,triceps-extension,-191,-880,599
arms,triceps-extension,-155,-885,560
arms,triceps-extension,-136,-905,529
arms,triceps-extension,-131,-912,544
arms,triceps-extension,-102,-910,579
arms,triceps-extension,-86,-898,552
arms,triceps-extension,-70,-910,559
arms,triceps-extension,-56,-894,619
arms,triceps-extension,-55,-874,646
arms,triceps-extension,-40,-903,623
arms,triceps-extension,-40,-881,608
arms,triceps-extension,-40,-904,609
arms,triceps-extension,-56,-904,663
arms,triceps-extension,-56,-912,610
arms,triceps-extension,-71,-920,631
arms,triceps-extension,-79,-942,632
arms,triceps-extension,-87,-929,581
arms,triceps-extension,-88,-942,583
arms,triceps-extension,-95,-937,591
arms,triceps-extension,-96,-943,606
arms,triceps-extension,-109,-951,595
arms,triceps-extension,-119,-939,618
arms,triceps-extension,-139,-911,605
arms,triceps-extension,-156,-898,550
arms,triceps-extension,-166,-896,530
arms,triceps-extension,-174,-890,552
arms,triceps-extension,-193,-877,560
arms,triceps-extension,-206,-850,549
arms,triceps-extension,-224,-818,539
arms,triceps-extension,-248,-819,557
arms,triceps-extension,-271,-819,522
arms,triceps-extension,-290,-826,521
arms,triceps-extension,-310,-837,512
arms,triceps-extension,-334,-831,524
arms,triceps-extension,-353,-815,548
arms,triceps-extension,-364,-799,548
arms,triceps-extension,-380,-792,527
arms,triceps-extension,-404,-776,524
arms,triceps-extension,-424,-760,521
arms,triceps-extension,-439,-764,504
arms,triceps-extension,-462,-761,508
arms,triceps-extension,-493,-749,525
arms,triceps-extension,-518,-747,541
arms,triceps-extension,-537,-737,542
arms,triceps-extension,-561,-706,532
arms,triceps-extension,-584,-685,496
arms,triceps-extension,-603,-664,486
arms,triceps-extension,-608,-647,471
arms,triceps-extension,-615,-599,486
arms,triceps-extension,-638,-568,480
arms,triceps-extension,-654,-542,470
arms,triceps-extension,-653,-531,436
arms,triceps-extension,-682,-510,406
arms,triceps-extension,-723,-503,343
arms,triceps-extension,-741,-495,369
arms,triceps-extension,-770,-486,340
arms,triceps-extension,-785,-472,367
arms,triceps-extension,-789,-468,406
arms,triceps-extension,-769,-429,319
arms,triceps-extension,-777,-399,301
arms,triceps-extension,-790,-389,264
arms,triceps-extension,-744,-336,256
arms,triceps-extension,-736,-336,248
arms,triceps-extension,-720,-296,256
arms,triceps-extension,-728,-265,256
arms,triceps-extension,-720,-264,210
arms,triceps-extension,-757,-264,245
arms,triceps-extension,-782,-279,219
arms,triceps-extension,-827,-301,223
arms,triceps-extension,-867,-346,189
arms,triceps-extension,-899,-372,245
arms,triceps-extension,-891,-376,223
arms,triceps-extension,-875,-389,177
arms,triceps-extension,-878,-386,232
arms,triceps-extension,-861,-372,205
arms,triceps-extension,-820,-356,258
arms,triceps-extension,-820,-352,286
arms,triceps-extension,-795,-381,288
arms,triceps-extension,-778,-398,310
arms,triceps-extension,-771,-422,336
arms,triceps-extension,-747,-469,360
arms,triceps-extension,-731,-483,363
arms,triceps-extension,-743,-500,350
arms,triceps-extension,-733,-545,339
arms,triceps-extension,-697,-577,345
arms,triceps-extension,-676,-593,348
arms,triceps-extension,-668,-617,353
arms,triceps-extension,-656,-653,352
arms,triceps-extension,-628,-668,372
arms,triceps-extension,-596,-672,392
arms,triceps-extension,-580,-709,391
arms,triceps-extension,-562,-748,432
arms,triceps-extension,-534,-745,465
arms,triceps-extension,-507,-742,450
arms,triceps-extension,-485,-761,461
arms,triceps-extension,-468,-770,496
arms,triceps-extension,-434,-763,493
arms,triceps-extension,-400,-768,504
arms,triceps-extension,-382,-768,534
arms,triceps-extension,-365,-770,542
arms,triceps-extension,-336,-772,584
arms,triceps-extension,-334,-764,606
arms,triceps-extension,-321,-781,595
arms,triceps-extension,-298,-795,591
arms,triceps-extension,-298,-773,651
arms,triceps-extension,-272,-761,659
arms,triceps-extension,-263,-764,625
arms,triceps-extension,-204,-741,587
arms,triceps-extension,-177,-722,609
arms,triceps-extension,-182,-739,615
arms,triceps-extension,-157,-767,611
arms,triceps-extension,-120,-760,650
arms,triceps-extension,-119,-769,679
arms,triceps-extension,-88,-800,656
arms,triceps-extension,-64,-800,672
arms,triceps-extension,-25,-784,680
arms,triceps-extension,-16,-776,718
arms,triceps-extension,-9,-798,698
arms,triceps-extension,28,-778,681
arms,triceps-extension,53,-747,701
arms,triceps-extension,42,-800,676
arms,triceps-extension,67,-828,692
arms,triceps-extension,72,-852,709
arms,triceps-extension,79,-876,719
arms,triceps-extension,118,-899,733
arms,triceps-extension,153,-910,748
arms,triceps-extension,166,-912,794
arms,triceps-extension,168,-930,755
arms,triceps-extension,185,-930,776
arms,triceps-extension,186,-928,770
arms,triceps-extension,189,-928,728
arms,triceps-extension,192,-912,759
arms,triceps-extension,167,-884,774
arms,triceps-extension,157,-877,738
arms,triceps-extension,141,-866,701
arms,triceps-extension,109,-851,716
arms,triceps-extension,92,-839,736
arms,triceps-extension,71,-832,710
arms,triceps-extension,56,-815,680
arms,triceps-extension,32,-808,672
arms,triceps-extension,12,-812,664
arms,triceps-extension,5,-808,671
arms,triceps-extension,-15,-801,667
arms,triceps-extension,-27,-789,640
arms,triceps-extension,-35,-781,627
arms,triceps-extension,-52,-779,629
arms,triceps-extension,-81,-793,667
arms,triceps-extension,-104,-808,661
arms,triceps-extension,-128,-805,637
arms,triceps-extension,-151,-795,632
arms,triceps-extension,-173,-786,625
arms,triceps-extension,-188,-794,612
arms,triceps-extension,-206,-804,622
arms,triceps-extension,-229,-809,603
arms,triceps-extension,-250,-784,563
arms,triceps-extension,-263,-781,576
arms,triceps-extension,-297,-765,576
arms,triceps-extension,-308,-750,578
arms,triceps-extension,-331,-734,591
arms,triceps-extension,-357,-718,592
arms,triceps-extension,-402,-705,650
arms,triceps-extension,-427,-719,590
arms,triceps-extension,-466,-704,561
arms,triceps-extension,-505,-696,583
arms,triceps-extension,-536,-688,560
arms,triceps-extension,-568,-680,552
arms,triceps-extension,-568,-680,552
arms,triceps-extension,-607,-680,568
arms,triceps-extension,-669,-634,598
arms,triceps-extension,-687,-639,555
arms,triceps-extension,-688,-618,486
arms,triceps-extension,-709,-580,459
arms,triceps-extension,-726,-555,435
arms,triceps-extension,-728,-511,412
arms,triceps-extension,-715,-491,388
arms,triceps-extension,-719,-468,358
arms,triceps-extension,-682,-400,339
arms,triceps-extension,-635,-347,330
arms,triceps-extension,-600,-306,249
arms,triceps-extension,-568,-290,242
arms,triceps-extension,-577,-225,340
arms,triceps-extension,-567,-183,337
arms,triceps-extension,-565,-219,228
arms,triceps-extension,-663,-272,226
arms,triceps-extension,-778,-319,228
arms,triceps-extension,-865,-400,201
arms,triceps-extension,-910,-459,163
arms,triceps-extension,-934,-477,121
arms,triceps-extension,-935,-467,108
arms,triceps-extension,-906,-426,99
arms,triceps-extension,-880,-396,105
arms,triceps-extension,-840,-368,108
arms,triceps-extension,-800,-329,115
arms,triceps-extension,-785,-319,136
arms,triceps-extension,-783,-314,143
arms,triceps-extension,-795,-309,135
arms,triceps-extension,-797,-341,109
arms,triceps-extension,-786,-354,98
arms,triceps-extension,-761,-353,79
arms,triceps-extension,-741,-338,72
arms,triceps-extension,-742,-290,80
arms,triceps-extension,-718,-310,71
arms,triceps-extension,-710,-290,63
arms,triceps-extension,-691,-260,2
arms,triceps-extension,-699,-237,24
arms,triceps-extension,-798,-144,20
arms,triceps-extension,-680,-193,-157
arms,triceps-extension,-689,-169,-140
arms,triceps-extension,-724,-176,-127
arms,triceps-extension,-696,-169,-175
arms,triceps-extension,-651,-135,-243
arms,triceps-extension,-673,-187,-106
arms,triceps-extension,-683,-205,-186
arms,triceps-extension,-709,-99,-128
arms,triceps-extension,-674,-137,-240
arms,triceps-extension,-720,-150,-248
arms,triceps-extension,-705,-97,-240
arms,triceps-extension,-807,-159,-272
arms,triceps-extension,-831,-121,-194
arms,triceps-extension,-870,-105,-260
arms,triceps-extension,-872,-134,-309
arms,triceps-extension,-938,-34,-392
arms,triceps-extension,-930,-10,-543
arms,triceps-extension,-942,-15,-462
arms,triceps-extension,-992,39,-550
arms,triceps-extension,-960,48,-595
arms,triceps-extension,-972,48,-613
arms,triceps-extension,-1008,29,-692
arms,triceps-extension,-985,36,-669
arms,triceps-extension,-958,70,-674
arms,triceps-extension,-934,121,-692
arms,triceps-extension,-876,188,-650
arms,triceps-extension,-800,258,-727
arms,triceps-extension,-679,361,-708
arms,triceps-extension,-590,426,-680
arms,triceps-extension,-476,542,-634
arms,triceps-extension,-399,610,-559
arms,triceps-extension,-341,654,-495
arms,triceps-extension,-261,708,-495
arms,triceps-extension,-179,746,-490
arms,triceps-extension,-105,812,-472
arms,triceps-extension,-43,852,-476
arms,triceps-extension,24,848,-452
arms,triceps-extension,87,836,-443
arms,triceps-extension,130,820,-409
arms,triceps-extension,173,798,-337
arms,triceps-extension,230,816,-304
arms,triceps-extension,311,833,-275
arms,triceps-extension,374,767,-246
arms,triceps-extension,410,767,-157
arms,triceps-extension,470,795,-121
arms,triceps-extension,532,774,-145
arms,triceps-extension,601,732,-69
arms,triceps-extension,600,751,-22
arms,triceps-extension,678,720,-54
arms,triceps-extension,798,706,-42
arms,triceps-extension,856,716,-20
arms,triceps-extension,897,663,5
arms,triceps-extension,846,702,74
arms,triceps-extension,884,611,123
arms,triceps-extension,957,544,-12
arms,triceps-extension,1034,544,65
arms,triceps-extension,1049,541,129
arms,triceps-extension,1062,508,134
arms,triceps-extension,1132,465,112
arms,triceps-extension,1192,477,106
arms,triceps-extension,1193,423,-8
arms,triceps-extension,1216,400,-16
