-744,776,-184,triceps-extension,,,
-728,706,-339,triceps-extension,,,
-690,636,-283,triceps-extension,,,
-658,483,-466,triceps-extension,,,
-685,406,-444,triceps-extension,,,
-681,336,-354,triceps-extension,,,
-638,279,-365,triceps-extension,,,
-564,258,-341,triceps-extension,,,
-539,149,-323,triceps-extension,,,
-575,95,-229,triceps-extension,,,
-552,18,-360,triceps-extension,,,
-525,-62,-369,triceps-extension,,,
-514,-68,-354,triceps-extension,,,
-518,-105,-287,triceps-extension,,,
-526,-154,-379,triceps-extension,,,
-539,-179,-318,triceps-extension,,,
-539,-195,-256,triceps-extension,,,
-520,-200,-311,triceps-extension,,,
-502,-195,-298,triceps-extension,,,
-536,-148,-119,triceps-extension,,,
-546,-158,-144,triceps-extension,,,
-508,-221,-256,triceps-extension,,,
-479,-226,-173,triceps-extension,,,
-507,-178,-75,triceps-extension,,,
-511,-194,-122,triceps-extension,,,
-480,-264,-160,triceps-extension,,,
-487,-308,-136,triceps-extension,,,
-533,-309,-87,triceps-extension,,,
-617,-292,-93,triceps-extension,,,
-720,-315,-120,triceps-extension,,,
-815,-336,-3,triceps-extension,,,
-884,-343,24,triceps-extension,,,
-919,-398,-48,triceps-extension,,,
-955,-375,68,triceps-extension,,,
-973,-330,130,triceps-extension,,,
-944,-387,26,triceps-extension,,,
-877,-425,37,triceps-extension,,,
-865,-383,57,triceps-extension,,,
-914,-322,151,triceps-extension,,,
-922,-363,42,triceps-extension,,,
-930,-395,112,triceps-extension,,,
-930,-383,166,triceps-extension,,,
-892,-417,263,triceps-extension,,,
-833,-420,254,triceps-extension,,,
-841,-405,247,triceps-extension,,,
-844,-443,296,triceps-extension,,,
-807,-465,297,triceps-extension,,,
-791,-478,302,triceps-extension,,,
-783,-456,279,triceps-extension,,,
-760,-465,263,triceps-extension,,,
-744,-512,241,triceps-extension,,,
-736,-520,303,triceps-extension,,,
-713,-559,250,triceps-extension,,,
-674,-590,301,triceps-extension,,,
-679,-570,297,triceps-extension,,,
-702,-561,274,triceps-extension,,,
-668,-624,265,triceps-extension,,,
-650,-688,292,triceps-extension,,,
-648,-703,276,triceps-extension,,,
-628,-731,279,triceps-extension,,,
-617,-743,300,triceps-extension,,,
-616,-782,247,triceps-extension,,,
-585,-817,201,triceps-extension,,,
-546,-812,264,triceps-extension,,,
-524,-790,276,triceps-extension,,,
-474,-750,261,triceps-extension,,,
-462,-753,262,triceps-extension,,,
-453,-809,204,triceps-extension,,,
-448,-864,229,triceps-extension,,,
-443,-916,246,triceps-extension,,,
-415,-931,260,triceps-extension,,,
-390,-918,277,triceps-extension,,,
-384,-903,312,triceps-extension,,,
-371,-914,314,triceps-extension,,,
-351,-932,326,triceps-extension,,,
-336,-919,344,triceps-extension,,,
-320,-920,276,triceps-extension,,,
-304,-936,247,triceps-extension,,,
-289,-932,317,triceps-extension,,,
-280,-935,318,triceps-extension,,,
-260,-944,301,triceps-extension,,,
-226,-938,320,triceps-extension,,,
-228,-931,284,triceps-extension,,,
-231,-942,319,triceps-extension,,,
-192,-947,314,triceps-extension,,,
-173,-931,287,triceps-extension,,,
-170,-930,306,triceps-extension,,,
-176,-950,220,triceps-extension,,,
-168,-942,283,triceps-extension,,,
-144,-940,302,triceps-extension,,,
-135,-963,256,triceps-extension,,,
-104,-995,220,triceps-extension,,,
-97,-982,280,triceps-extension,,,
-73,-1007,216,triceps-extension,,,
-119,-1004,262,triceps-extension,,,
-115,-1025,293,triceps-extension,,,
-135,-1029,275,triceps-extension,,,
-124,-1009,305,triceps-extension,,,
-86,-1017,321,triceps-extension,,,
-64,-1023,334,triceps-extension,,,
-55,-1009,303,triceps-extension,,,
-32,-1032,280,triceps-extension,,,
-40,-1016,288,triceps-extension,,,
-40,-1016,288,triceps-extension,,,
-40,-1032,358,triceps-extension,,,
-32,-1040,284,triceps-extension,,,
-39,-1025,347,triceps-extension,,,
-55,-1017,264,triceps-extension,,,
-56,-1037,270,triceps-extension,,,
-56,-1019,335,triceps-extension,,,
-63,-1016,303,triceps-extension,,,
-57,-1009,283,triceps-extension,,,
-76,-995,358,triceps-extension,,,
-80,-986,452,triceps-extension,,,
-92,-990,410,triceps-extension,,,
-120,-974,392,triceps-extension,,,
-128,-980,404,triceps-extension,,,
-145,-973,397,triceps-extension,,,
-158,-968,403,triceps-extension,,,
-160,-952,419,triceps-extension,,,
-160,-944,408,triceps-extension,,,
-191,-924,395,triceps-extension,,,
-203,-907,417,triceps-extension,,,
-195,-918,432,triceps-extension,,,
-229,-923,437,triceps-extension,,,
-256,-920,427,triceps-extension,,,
-269,-916,399,triceps-extension,,,
-288,-912,396,triceps-extension,,,
-304,-920,376,triceps-extension,,,
-324,-920,375,triceps-extension,,,
-343,-905,404,triceps-extension,,,
-366,-896,404,triceps-extension,,,
-397,-893,418,triceps-extension,,,
-422,-878,422,triceps-extension,,,
-429,-870,390,triceps-extension,,,
-439,-865,375,triceps-extension,,,
-461,-843,373,triceps-extension,,,
-472,-840,336,triceps-extension,,,
-514,-819,373,triceps-extension,,,
-545,-808,379,triceps-extension,,,
-579,-802,383,triceps-extension,,,
-612,-782,412,triceps-extension,,,
-633,-774,372,triceps-extension,,,
-661,-766,358,triceps-extension,,,
-651,-751,346,triceps-extension,,,
-665,-704,320,triceps-extension,,,
-671,-664,314,triceps-extension,,,
-664,-656,279,triceps-extension,,,
-659,-594,270,triceps-extension,,,
-617,-538,260,triceps-extension,,,
-637,-479,291,triceps-extension,,,
-713,-464,228,triceps-extension,,,
-735,-472,293,triceps-extension,,,
-704,-488,200,triceps-extension,,,
-720,-480,152,triceps-extension,,,
-767,-418,183,triceps-extension,,,
-768,-393,199,triceps-extension,,,
-701,-422,140,triceps-extension,,,
-725,-366,165,triceps-extension,,,
-721,-403,139,triceps-extension,,,
-790,-352,220,triceps-extension,,,
-766,-371,143,triceps-extension,,,
-787,-396,195,triceps-extension,,,
-831,-380,156,triceps-extension,,,
-834,-395,214,triceps-extension,,,
-894,-369,232,triceps-extension,,,
-876,-390,196,triceps-extension,,,
-905,-382,302,triceps-extension,,,
-880,-370,235,triceps-extension,,,
-864,-351,198,triceps-extension,,,
-826,-344,200,triceps-extension,,,
-803,-349,242,triceps-extension,,,
-795,-352,228,triceps-extension,,,
-772,-367,223,triceps-extension,,,
-770,-381,275,triceps-extension,,,
-771,-412,346,triceps-extension,,,
-786,-454,349,triceps-extension,,,
-778,-485,328,triceps-extension,,,
-768,-484,378,triceps-extension,,,
-748,-512,404,triceps-extension,,,
-708,-567,403,triceps-extension,,,
-707,-569,413,triceps-extension,,,
-709,-566,414,triceps-extension,,,
-686,-614,442,triceps-extension,,,
-653,-662,469,triceps-extension,,,
-606,-672,482,triceps-extension,,,
-556,-663,489,triceps-extension,,,
-525,-643,520,triceps-extension,,,
-523,-650,504,triceps-extension,,,
-491,-698,489,triceps-extension,,,
-478,-718,528,triceps-extension,,,
-461,-708,520,triceps-extension,,,
-432,-700,510,triceps-extension,,,
-423,-717,550,triceps-extension,,,
-392,-739,544,triceps-extension,,,
-389,-751,550,triceps-extension,,,
-376,-744,577,triceps-extension,,,
-372,-750,579,triceps-extension,,,
-353,-787,562,triceps-extension,,,
-355,-808,634,triceps-extension,,,
-311,-807,644,triceps-extension,,,
-302,-802,599,triceps-extension,,,
-272,-824,593,triceps-extension,,,
-271,-832,616,triceps-extension,,,
-240,-824,616,triceps-extension,,,
-216,-808,624,triceps-extension,,,
-177,-800,593,triceps-extension,,,
-130,-808,546,triceps-extension,,,
-91,-801,596,triceps-extension,,,
-66,-778,585,triceps-extension,,,
-35,-797,548,triceps-extension,,,
-39,-814,544,triceps-extension,,,
-20,-830,551,triceps-extension,,,
-9,-839,585,triceps-extension,,,
-8,-879,592,triceps-extension,,,
-21,-926,611,triceps-extension,,,
-18,-973,591,triceps-extension,,,
-10,-990,675,triceps-extension,,,
21,-1021,675,triceps-extension,,,
43,-1072,601,triceps-extension,,,
65,-1099,559,triceps-extension,,,
99,-1093,520,triceps-extension,,,
154,-1104,499,triceps-extension,,,
135,-1102,542,triceps-extension,,,
117,-1101,538,triceps-extension,,,
115,-1099,510,triceps-extension,,,
93,-1077,513,triceps-extension,,,
80,-1051,498,triceps-extension,,,
84,-1031,480,triceps-extension,,,
67,-1016,472,triceps-extension,,,
32,-992,476,triceps-extension,,,
-3,-972,473,triceps-extension,,,
-42,-961,430,triceps-extension,,,
-75,-945,418,triceps-extension,,,
-105,-926,447,triceps-extension,,,
-125,-915,440,triceps-extension,,,
-135,-911,419,triceps-extension,,,
-172,-899,439,triceps-extension,,,
-200,-896,461,triceps-extension,,,
-229,-872,456,triceps-extension,,,
-266,-856,454,triceps-extension,,,
-290,-854,439,triceps-extension,,,
-304,-856,399,triceps-extension,,,
-344,-874,344,triceps-extension,,,
-397,-849,340,triceps-extension,,,
-423,-822,410,triceps-extension,,,
-454,-809,410,triceps-extension,,,
-479,-772,376,triceps-extension,,,
-479,-746,337,triceps-extension,,,
-523,-707,349,triceps-extension,,,
-548,-671,381,triceps-extension,,,
-589,-664,351,triceps-extension,,,
-643,-660,347,triceps-extension,,,
-679,-606,380,triceps-extension,,,
-665,-575,297,triceps-extension,,,
-688,-536,336,triceps-extension,,,
-672,-504,304,triceps-extension,,,
-664,-473,288,triceps-extension,,,
-611,-442,258,triceps-extension,,,
-586,-447,234,triceps-extension,,,
-569,-455,217,triceps-extension,,,
-568,-413,245,triceps-extension,,,
-617,-408,283,triceps-extension,,,
-706,-388,302,triceps-extension,,,
-760,-431,277,triceps-extension,,,
-807,-473,272,triceps-extension,,,
-854,-480,310,triceps-extension,,,
-876,-468,264,triceps-extension,,,
-868,-476,248,triceps-extension,,,
-840,-451,260,triceps-extension,,,
-780,-411,281,triceps-extension,,,
-727,-378,266,triceps-extension,,,
-685,-411,348,triceps-extension,,,
-677,-379,350,triceps-extension,,,
-665,-367,333,triceps-extension,,,
-676,-396,390,triceps-extension,,,
-678,-413,400,triceps-extension,,,
-672,-448,440,triceps-extension,,,
-694,-468,458,triceps-extension,,,
-712,-490,423,triceps-extension,,,
-733,-549,416,triceps-extension,,,
-724,-600,456,triceps-extension,,,
-669,-620,488,triceps-extension,,,
-633,-617,499,triceps-extension,,,
-606,-633,477,triceps-extension,,,
-584,-667,449,triceps-extension,,,
-561,-695,472,triceps-extension,,,
-504,-734,466,triceps-extension,,,
-458,-732,479,triceps-extension,,,
-432,-726,520,triceps-extension,,,
-395,-765,512,triceps-extension,,,
-377,-790,518,triceps-extension,,,
-353,-777,568,triceps-extension,,,
-328,-777,547,triceps-extension,,,
-304,-824,502,triceps-extension,,,
-293,-829,542,triceps-extension,,,
-253,-846,539,triceps-extension,,,
-236,-837,553,triceps-extension,,,
-217,-828,560,triceps-extension,,,
-218,-853,561,triceps-extension,,,
-180,-877,572,triceps-extension,,,
-148,-852,598,triceps-extension,,,
-111,-816,582,triceps-extension,,,
-93,-818,559,triceps-extension,,,
-55,-841,552,triceps-extension,,,
-31,-864,552,triceps-extension,,,
-8,-856,560,triceps-extension,,,
24,-824,600,triceps-extension,,,
24,-824,600,triceps-extension,,,
40,-824,631,triceps-extension,,,
55,-847,571,triceps-extension,,,
49,-841,583,triceps-extension,,,
70,-855,599,triceps-extension,,,
72,-877,614,triceps-extension,,,
93,-943,553,triceps-extension,,,
116,-966,599,triceps-extension,,,
133,-961,635,triceps-extension,,,
175,-960,666,triceps-extension,,,
190,-973,659,triceps-extension,,,
211,-970,656,triceps-extension,,,
246,-980,626,triceps-extension,,,
256,-966,634,triceps-extension,,,
267,-954,623,triceps-extension,,,
261,-935,622,triceps-extension,,,
245,-923,651,triceps-extension,,,
229,-925,648,triceps-extension,,,
199,-933,640,triceps-extension,,,
169,-941,625,triceps-extension,,,
150,-939,592,triceps-extension,,,
121,-927,599,triceps-extension,,,
95,-924,603,triceps-extension,,,
84,-932,592,triceps-extension,,,
72,-940,596,triceps-extension,,,
56,-936,608,triceps-extension,,,
44,-916,624,triceps-extension,,,
33,-908,614,triceps-extension,,,
17,-894,606,triceps-extension,,,
8,-872,594,triceps-extension,,,
-2,-869,558,triceps-extension,,,
-22,-864,562,triceps-extension,,,
-49,-855,564,triceps-extension,,,
-91,-845,565,triceps-extension,,,
-128,-853,525,triceps-extension,,,
-170,-848,525,triceps-extension,,,
-206,-846,531,triceps-extension,,,
-248,-838,524,triceps-extension,,,
-282,-828,534,triceps-extension,,,
-319,-816,528,triceps-extension,,,
-349,-816,520,triceps-extension,,,
-374,-815,485,triceps-extension,,,
-405,-803,475,triceps-extension,,,
-432,-776,482,triceps-extension,,,
-437,-773,452,triceps-extension,,,
-475,-751,478,triceps-extension,,,
-497,-742,462,triceps-extension,,,
-505,-718,437,triceps-extension,,,
-520,-687,402,triceps-extension,,,
-513,-663,439,triceps-extension,,,
-552,-640,416,triceps-extension,,,
-584,-632,416,triceps-extension,,,
-623,-616,424,triceps-extension,,,
-632,-586,432,triceps-extension,,,
-647,-547,372,triceps-extension,,,
-633,-529,339,triceps-extension,,,
-589,-464,315,triceps-extension,,,
-577,-428,291,triceps-extension,,,
-556,-424,295,triceps-extension,,,
-545,-384,296,triceps-extension,,,
-622,-369,303,triceps-extension,,,
-684,-381,285,triceps-extension,,,
-733,-409,292,triceps-extension,,,
-762,-458,296,triceps-extension,,,
-815,-448,314,triceps-extension,,,
-849,-463,314,triceps-extension,,,
-884,-461,279,triceps-extension,,,
-847,-456,248,triceps-extension,,,
-835,-456,272,triceps-extension,,,
-804,-431,242,triceps-extension,,,
-774,-372,206,triceps-extension,,,
-749,-363,224,triceps-extension,,,
-736,-371,291,triceps-extension,,,
-732,-372,319,triceps-extension,,,
-737,-372,338,triceps-extension,,,
-744,-385,343,triceps-extension,,,
-784,-424,364,triceps-extension,,,
-805,-452,358,triceps-extension,,,
-762,-478,360,triceps-extension,,,
-771,-500,427,triceps-extension,,,
-789,-523,427,triceps-extension,,,
-736,-557,408,triceps-extension,,,
-721,-552,432,triceps-extension,,,
-710,-569,455,triceps-extension,,,
-645,-605,446,triceps-extension,,,
-595,-611,485,triceps-extension,,,
-563,-598,482,triceps-extension,,,
-543,-606,490,triceps-extension,,,
-516,-659,507,triceps-extension,,,
-496,-722,540,triceps-extension,,,
-463,-745,548,triceps-extension,,,
-429,-720,543,triceps-extension,,,
-413,-727,562,triceps-extension,,,
-395,-763,537,triceps-extension,,,
-361,-775,545,triceps-extension,,,
-317,-763,554,triceps-extension,,,
-295,-729,568,triceps-extension,,,
-287,-740,567,triceps-extension,,,
-279,-785,563,triceps-extension,,,
-271,-798,606,triceps-extension,,,
-255,-761,576,triceps-extension,,,
-224,-792,584,triceps-extension,,,
-216,-800,616,triceps-extension,,,
-216,-792,608,triceps-extension,,,
-201,-853,608,triceps-extension,,,
-178,-841,630,triceps-extension,,,
-125,-855,683,triceps-extension,,,
-134,-863,659,triceps-extension,,,
-101,-885,635,triceps-extension,,,
-69,-868,700,triceps-extension,,,
-44,-837,625,triceps-extension,,,
6,-812,608,triceps-extension,,,
16,-833,595,triceps-extension,,,
22,-846,592,triceps-extension,,,
42,-824,586,triceps-extension,,,
60,-810,596,triceps-extension,,,
64,-831,606,triceps-extension,,,
70,-851,597,triceps-extension,,,
88,-861,597,triceps-extension,,,
96,-880,616,triceps-extension,,,
101,-919,609,triceps-extension,,,
109,-921,630,triceps-extension,,,
131,-922,643,triceps-extension,,,
144,-923,659,triceps-extension,,,
153,-924,659,triceps-extension,,,
173,-941,652,triceps-extension,,,
184,-948,635,triceps-extension,,,
192,-948,612,triceps-extension,,,
196,-940,612,triceps-extension,,,
188,-924,631,triceps-extension,,,
184,-927,627,triceps-extension,,,
181,-933,600,triceps-extension,,,
170,-925,606,triceps-extension,,,
148,-926,607,triceps-extension,,,
116,-933,592,triceps-extension,,,
91,-925,584,triceps-extension,,,
75,-920,565,triceps-extension,,,
57,-918,555,triceps-extension,,,
33,-910,537,triceps-extension,,,
12,-906,520,triceps-extension,,,
-6,-908,512,triceps-extension,,,
-28,-901,488,triceps-extension,,,
-48,-913,491,triceps-extension,,,
-86,-889,505,triceps-extension,,,
-113,-891,509,triceps-extension,,,
-124,-866,496,triceps-extension,,,
-149,-878,492,triceps-extension,,,
-185,-866,467,triceps-extension,,,
-197,-878,492,triceps-extension,,,
-249,-857,457,triceps-extension,,,
-265,-864,464,triceps-extension,,,
-281,-856,464,triceps-extension,,,
-320,-872,456,triceps-extension,,,
-344,-856,464,triceps-extension,,,
-375,-848,410,triceps-extension,,,
-399,-825,393,triceps-extension,,,
-422,-809,385,triceps-extension,,,
-468,-793,413,triceps-extension,,,
-486,-792,373,triceps-extension,,,
-502,-778,403,triceps-extension,,,
-531,-756,435,triceps-extension,,,
-556,-745,353,triceps-extension,,,
-586,-737,395,triceps-extension,,,
-617,-711,421,triceps-extension,,,
-630,-692,387,triceps-extension,,,
-650,-658,334,triceps-extension,,,
-662,-648,332,triceps-extension,,,
-675,-602,302,triceps-extension,,,
-697,-562,277,triceps-extension,,,
-731,-541,267,triceps-extension,,,
-739,-520,243,triceps-extension,,,
-726,-471,222,triceps-extension,,,
-700,-433,211,triceps-extension,,,
-674,-386,222,triceps-extension,,,
-669,-341,246,triceps-extension,,,
-672,-319,234,triceps-extension,,,
-659,-321,229,triceps-extension,,,
-681,-307,248,triceps-extension,,,
-732,-300,252,triceps-extension,,,
-771,-316,233,triceps-extension,,,
-814,-338,242,triceps-extension,,,
-858,-360,261,triceps-extension,,,
-877,-377,238,triceps-extension,,,
-878,-400,237,triceps-extension,,,
-879,-391,259,triceps-extension,,,
-838,-370,284,triceps-extension,,,
-803,-346,328,triceps-extension,,,
-798,-320,339,triceps-extension,,,
-729,-318,340,triceps-extension,,,
-687,-314,379,triceps-extension,,,
-672,-312,416,triceps-extension,,,
-710,-294,440,triceps-extension,,,
-756,-334,438,triceps-extension,,,
-770,-413,442,triceps-extension,,,
-777,-435,480,triceps-extension,,,
-785,-453,475,triceps-extension,,,
-786,-485,450,triceps-extension,,,
-745,-512,465,triceps-extension,,,
-692,-513,476,triceps-extension,,,
-652,-520,511,triceps-extension,,,
-615,-521,501,triceps-extension,,,
-598,-529,567,triceps-extension,,,
-553,-552,544,triceps-extension,,,
-576,-560,560,triceps-extension,,,
-552,-600,576,triceps-extension,,,
-552,-600,576,triceps-extension,,,
-513,-616,607,triceps-extension,,,
-542,-677,517,triceps-extension,,,
-551,-725,587,triceps-extension,,,
-523,-735,548,triceps-extension,,,
-477,-743,544,triceps-extension,,,
-451,-779,537,triceps-extension,,,
-428,-764,563,triceps-extension,,,
-391,-747,595,triceps-extension,,,
-358,-751,587,triceps-extension,,,
-339,-790,603,triceps-extension,,,
-324,-825,583,triceps-extension,,,
-290,-838,594,triceps-extension,,,
-245,-805,600,triceps-extension,,,
-221,-809,611,triceps-extension,,,
-222,-838,605,triceps-extension,,,
-197,-837,605,triceps-extension,,,
-168,-811,613,triceps-extension,,,
-150,-805,591,triceps-extension,,,
-149,-818,596,triceps-extension,,,
-142,-824,618,triceps-extension,,,
-127,-819,638,triceps-extension,,,
-124,-834,621,triceps-extension,,,
-124,-857,596,triceps-extension,,,
-99,-843,617,triceps-extension,,,
-72,-816,628,triceps-extension,,,
-72,-812,639,triceps-extension,,,
-76,-820,657,triceps-extension,,,
-61,-831,655,triceps-extension,,,
-41,-843,657,triceps-extension,,,
-16,-851,629,triceps-extension,,,
5,-874,612,triceps-extension,,,
-3,-910,626,triceps-extension,,,
-8,-923,616,triceps-extension,,,
-11,-928,637,triceps-extension,,,
-14,-933,682,triceps-extension,,,
-8,-946,683,triceps-extension,,,
-8,-956,657,triceps-extension,,,
-6,-964,612,triceps-extension,,,
2,-950,598,triceps-extension,,,
8,-947,592,triceps-extension,,,
4,-960,591,triceps-extension,,,
-17,-959,583,triceps-extension,,,
-25,-951,569,triceps-extension,,,
-34,-944,531,triceps-extension,,,
-50,-942,555,triceps-extension,,,
-67,-929,568,triceps-extension,,,
-97,-944,489,triceps-extension,,,
-105,-943,505,triceps-extension,,,
-128,-928,527,triceps-extension,,,
-144,-920,496,triceps-extension,,,
-160,-928,480,triceps-extension,,,
-160,-920,472,triceps-extension,,,
-168,-905,457,triceps-extension,,,
-190,-911,456,triceps-extension,,,
-214,-897,463,triceps-extension,,,
-237,-889,464,triceps-extension,,,
-282,-888,478,triceps-extension,,,
-302,-868,480,triceps-extension,,,
-331,-864,447,triceps-extension,,,
-336,-864,375,triceps-extension,,,
-361,-845,436,triceps-extension,,,
-368,-840,400,triceps-extension,,,
-404,-828,366,triceps-extension,,,
-428,-812,366,triceps-extension,,,
-455,-797,362,triceps-extension,,,
-497,-781,343,triceps-extension,,,
-528,-781,341,triceps-extension,,,
-578,-773,365,triceps-extension,,,
-625,-773,376,triceps-extension,,,
-660,-756,376,triceps-extension,,,
-682,-720,376,triceps-extension,,,
-697,-685,362,triceps-extension,,,
-722,-654,316,triceps-extension,,,
-732,-627,284,triceps-extension,,,
-745,-583,247,triceps-extension,,,
-740,-532,224,triceps-extension,,,
-701,-474,224,triceps-extension,,,
-658,-406,201,triceps-extension,,,
-614,-369,180,triceps-extension,,,
-595,-340,176,triceps-extension,,,
-610,-302,176,triceps-extension,,,
-652,-288,176,triceps-extension,,,
-719,-300,182,triceps-extension,,,
-785,-342,184,triceps-extension,,,
-845,-394,168,triceps-extension,,,
-882,-411,173,triceps-extension,,,
-897,-398,157,triceps-extension,,,
-882,-388,96,triceps-extension,,,
-880,-374,126,triceps-extension,,,
-854,-352,155,triceps-extension,,,
-841,-298,192,triceps-extension,,,
-815,-305,193,triceps-extension,,,
-804,-313,205,triceps-extension,,,
-784,-319,233,triceps-extension,,,
-781,-320,252,triceps-extension,,,
-760,-371,329,triceps-extension,,,
-761,-334,271,triceps-extension,,,
-767,-395,257,triceps-extension,,,
-750,-434,276,triceps-extension,,,
-705,-464,360,triceps-extension,,,
-728,-464,344,triceps-extension,,,
-744,-544,328,triceps-extension,,,
-721,-591,413,triceps-extension,,,
-728,-592,393,triceps-extension,,,
-691,-622,414,triceps-extension,,,
-666,-639,438,triceps-extension,,,
-621,-647,419,triceps-extension,,,
-581,-648,416,triceps-extension,,,
-569,-682,477,triceps-extension,,,
-541,-715,501,triceps-extension,,,
-510,-713,517,triceps-extension,,,
-479,-699,507,triceps-extension,,,
-466,-727,504,triceps-extension,,,
-446,-778,504,triceps-extension,,,
-434,-798,504,triceps-extension,,,
-398,-789,521,triceps-extension,,,
-390,-795,534,triceps-extension,,,
-370,-822,531,triceps-extension,,,
-360,-858,544,triceps-extension,,,
-340,-847,557,triceps-extension,,,
-298,-822,575,triceps-extension,,,
-275,-816,574,triceps-extension,,,
-267,-830,559,triceps-extension,,,
-264,-849,574,triceps-extension,,,
-251,-856,592,triceps-extension,,,
-223,-844,592,triceps-extension,,,
-196,-844,592,triceps-extension,,,
-176,-868,584,triceps-extension,,,
-150,-858,587,triceps-extension,,,
-110,-825,596,triceps-extension,,,
-85,-823,585,triceps-extension,,,
-74,-832,586,triceps-extension,,,
-49,-817,588,triceps-extension,,,
-15,-798,562,triceps-extension,,,
-3,-813,547,triceps-extension,,,
0,-827,544,triceps-extension,,,
28,-827,550,triceps-extension,,,
61,-823,530,triceps-extension,,,
74,-848,538,triceps-extension,,,
72,-874,556,triceps-extension,,,
53,-894,581,triceps-extension,,,
74,-957,552,triceps-extension,,,
80,-1017,591,triceps-extension,,,
88,-1060,620,triceps-extension,,,
133,-1082,594,triceps-extension,,,
163,-1093,564,triceps-extension,,,
189,-1069,590,triceps-extension,,,
228,-1037,577,triceps-extension,,,
185,-1008,588,triceps-extension,,,
192,-1006,536,triceps-extension,,,
184,-968,536,triceps-extension,,,
168,-968,536,triceps-extension,,,
168,-976,488,triceps-extension,,,
152,-945,480,triceps-extension,,,
144,-952,457,triceps-extension,,,
114,-945,493,triceps-extension,,,
90,-959,452,triceps-extension,,,
59,-960,462,triceps-extension,,,
28,-967,464,triceps-extension,,,
-10,-961,478,triceps-extension,,,
-43,-953,467,triceps-extension,,,
-74,-945,484,triceps-extension,,,
-99,-957,475,triceps-extension,,,
-129,-954,460,triceps-extension,,,
-154,-934,468,triceps-extension,,,
-178,-922,454,triceps-extension,,,
-201,-874,465,triceps-extension,,,
-219,-867,444,triceps-extension,,,
-246,-861,454,triceps-extension,,,
-261,-835,459,triceps-extension,,,
-279,-834,456,triceps-extension,,,
-308,-840,441,triceps-extension,,,
-353,-826,442,triceps-extension,,,
-399,-807,462,triceps-extension,,,
-429,-796,450,triceps-extension,,,
-462,-792,445,triceps-extension,,,
-488,-792,452,triceps-extension,,,
-504,-784,436,triceps-extension,,,
-527,-772,409,triceps-extension,,,
-566,-761,407,triceps-extension,,,
-606,-734,417,triceps-extension,,,
-648,-695,401,triceps-extension,,,
-670,-659,373,triceps-extension,,,
-659,-622,347,triceps-extension,,,
-667,-580,349,triceps-extension,,,
-669,-546,339,triceps-extension,,,
-667,-502,307,triceps-extension,,,
-672,-459,266,triceps-extension,,,
-674,-441,267,triceps-extension,,,
-678,-422,248,triceps-extension,,,
-670,-408,226,triceps-extension,,,
-662,-388,232,triceps-extension,,,
-668,-392,227,triceps-extension,,,
-706,-363,199,triceps-extension,,,
-689,-377,168,triceps-extension,,,
-740,-385,210,triceps-extension,,,
-764,-389,228,triceps-extension,,,
-795,-371,253,triceps-extension,,,
-824,-404,222,triceps-extension,,,
-825,-440,202,triceps-extension,,,
-832,-439,231,triceps-extension,,,
-832,-416,216,triceps-extension,,,
-816,-424,200,triceps-extension,,,
-792,-424,216,triceps-extension,,,
-792,-424,216,triceps-extension,,,
-776,-432,270,triceps-extension,,,
-708,-455,257,triceps-extension,,,
-726,-404,293,triceps-extension,,,
-713,-466,245,triceps-extension,,,
-698,-479,319,triceps-extension,,,
-682,-508,314,triceps-extension,,,
-700,-539,305,triceps-extension,,,
-677,-544,357,triceps-extension,,,
-679,-551,368,triceps-extension,,,
-705,-603,400,triceps-extension,,,
-712,-672,389,triceps-extension,,,
-688,-682,408,triceps-extension,,,
-656,-692,434,triceps-extension,,,
-642,-725,429,triceps-extension,,,
-590,-730,446,triceps-extension,,,
-536,-723,461,triceps-extension,,,
-504,-731,448,triceps-extension,,,
-481,-736,476,triceps-extension,,,
-442,-726,506,triceps-extension,,,
-414,-701,502,triceps-extension,,,
-417,-725,501,triceps-extension,,,
-420,-761,504,triceps-extension,,,
-412,-772,508,triceps-extension,,,
-408,-793,533,triceps-extension,,,
-396,-812,544,triceps-extension,,,
-388,-812,540,triceps-extension,,,
-392,-826,522,triceps-extension,,,
-367,-848,524,triceps-extension,,,
-326,-838,563,triceps-extension,,,
-306,-811,571,triceps-extension,,,
-293,-798,564,triceps-extension,,,
-276,-808,559,triceps-extension,,,
-248,-805,576,triceps-extension,,,
-227,-805,560,triceps-extension,,,
-216,-818,577,triceps-extension,,,
-207,-831,618,triceps-extension,,,
-190,-852,616,triceps-extension,,,
-206,-868,596,triceps-extension,,,
-191,-880,599,triceps-extension,,,
-155,-885,560,triceps-extension,,,
-136,-905,529,triceps-extension,,,
-131,-912,544,triceps-extension,,,
-102,-910,579,triceps-extension,,,
-86,-898,552,triceps-extension,,,
-70,-910,559,triceps-extension,,,
-56,-894,619,triceps-extension,,,
-55,-874,646,triceps-extension,,,
-40,-903,623,triceps-extension,,,
-40,-881,608,triceps-extension,,,
-40,-904,609,triceps-extension,,,
-56,-904,663,triceps-extension,,,
-56,-912,610,triceps-extension,,,
-71,-920,631,triceps-extension,,,
-79,-942,632,triceps-extension,,,
-87,-929,581,triceps-extension,,,
-88,-942,583,triceps-extension,,,
-95,-937,591,triceps-extension,,,
-96,-943,606,triceps-extension,,,
-109,-951,595,triceps-extension,,,
-119,-939,618,triceps-extension,,,
-139,-911,605,triceps-extension,,,
-156,-898,550,triceps-extension,,,
-166,-896,530,triceps-extension,,,
-174,-890,552,triceps-extension,,,
-193,-877,560,triceps-extension,,,
-206,-850,549,triceps-extension,,,
-224,-818,539,triceps-extension,,,
-248,-819,557,triceps-extension,,,
-271,-819,522,triceps-extension,,,
-290,-826,521,triceps-extension,,,
-310,-837,512,triceps-extension,,,
-334,-831,524,triceps-extension,,,
-353,-815,548,triceps-extension,,,
-364,-799,548,triceps-extension,,,
-380,-792,527,triceps-extension,,,
-404,-776,524,triceps-extension,,,
-424,-760,521,triceps-extension,,,
-439,-764,504,triceps-extension,,,
-462,-761,508,triceps-extension,,,
-493,-749,525,triceps-extension,,,
-518,-747,541,triceps-extension,,,
-537,-737,542,triceps-extension,,,
-561,-706,532,triceps-extension,,,
-584,-685,496,triceps-extension,,,
-603,-664,486,triceps-extension,,,
-608,-647,471,triceps-extension,,,
-615,-599,486,triceps-extension,,,
-638,-568,480,triceps-extension,,,
-654,-542,470,triceps-extension,,,
-653,-531,436,triceps-extension,,,
-682,-510,406,triceps-extension,,,
-723,-503,343,triceps-extension,,,
-741,-495,369,triceps-extension,,,
-770,-486,340,triceps-extension,,,
-785,-472,367,triceps-extension,,,
-789,-468,406,triceps-extension,,,
-769,-429,319,triceps-extension,,,
-777,-399,301,triceps-extension,,,
-790,-389,264,triceps-extension,,,
-744,-336,256,triceps-extension,,,
-736,-336,248,triceps-extension,,,
-720,-296,256,triceps-extension,,,
-728,-265,256,triceps-extension,,,
-720,-264,210,triceps-extension,,,
-757,-264,245,triceps-extension,,,
-782,-279,219,triceps-extension,,,
-827,-301,223,triceps-extension,,,
-867,-346,189,triceps-extension,,,
-899,-372,245,triceps-extension,,,
-891,-376,223,triceps-extension,,,
-875,-389,177,triceps-extension,,,
-878,-386,232,triceps-extension,,,
-861,-372,205,triceps-extension,,,
-820,-356,258,triceps-extension,,,
-820,-352,286,triceps-extension,,,
-795,-381,288,triceps-extension,,,
-778,-398,310,triceps-extension,,,
-771,-422,336,triceps-extension,,,
-747,-469,360,triceps-extension,,,
-731,-483,363,triceps-extension,,,
-743,-500,350,triceps-extension,,,
-733,-545,339,triceps-extension,,,
-697,-577,345,triceps-extension,,,
-676,-593,348,triceps-extension,,,
-668,-617,353,triceps-extension,,,
-656,-653,352,triceps-extension,,,
-628,-668,372,triceps-extension,,,
-596,-672,392,triceps-extension,,,
-580,-709,391,triceps-extension,,,
-562,-748,432,triceps-extension,,,
-534,-745,465,triceps-extension,,,
-507,-742,450,triceps-extension,,,
-485,-761,461,triceps-extension,,,
-468,-770,496,triceps-extension,,,
-434,-763,493,triceps-extension,,,
-400,-768,504,triceps-extension,,,
-382,-768,534,triceps-extension,,,
-365,-770,542,triceps-extension,,,
-336,-772,584,triceps-extension,,,
-334,-764,606,triceps-extension,,,
-321,-781,595,triceps-extension,,,
-298,-795,591,triceps-extension,,,
-298,-773,651,triceps-extension,,,
-272,-761,659,triceps-extension,,,
-263,-764,625,triceps-extension,,,
-204,-741,587,triceps-extension,,,
-177,-722,609,triceps-extension,,,
-182,-739,615,triceps-extension,,,
-157,-767,611,triceps-extension,,,
-120,-760,650,triceps-extension,,,
-119,-769,679,triceps-extension,,,
-88,-800,656,triceps-extension,,,
-64,-800,672,triceps-extension,,,
-25,-784,680,triceps-extension,,,
-16,-776,718,triceps-extension,,,
-9,-798,698,triceps-extension,,,
28,-778,681,triceps-extension,,,
53,-747,701,triceps-extension,,,
42,-800,676,triceps-extension,,,
67,-828,692,triceps-extension,,,
72,-852,709,triceps-extension,,,
79,-876,719,triceps-extension,,,
118,-899,733,triceps-extension,,,
153,-910,748,triceps-extension,,,
166,-912,794,triceps-extension,,,
168,-930,755,triceps-extension,,,
185,-930,776,triceps-extension,,,
186,-928,770,triceps-extension,,,
189,-928,728,triceps-extension,,,
192,-912,759,triceps-extension,,,
167,-884,774,triceps-extension,,,
157,-877,738,triceps-extension,,,
141,-866,701,triceps-extension,,,
109,-851,716,triceps-extension,,,
92,-839,736,triceps-extension,,,
71,-832,710,triceps-extension,,,
56,-815,680,triceps-extension,,,
32,-808,672,triceps-extension,,,
12,-812,664,triceps-extension,,,
5,-808,671,triceps-extension,,,
-15,-801,667,triceps-extension,,,
-27,-789,640,triceps-extension,,,
-35,-781,627,triceps-extension,,,
-52,-779,629,triceps-extension,,,
-81,-793,667,triceps-extension,,,
-104,-808,661,triceps-extension,,,
-128,-805,637,triceps-extension,,,
-151,-795,632,triceps-extension,,,
-173,-786,625,triceps-extension,,,
-188,-794,612,triceps-extension,,,
-206,-804,622,triceps-extension,,,
-229,-809,603,triceps-extension,,,
-250,-784,563,triceps-extension,,,
-263,-781,576,triceps-extension,,,
-297,-765,576,triceps-extension,,,
-308,-750,578,triceps-extension,,,
-331,-734,591,triceps-extension,,,
-357,-718,592,triceps-extension,,,
-402,-705,650,triceps-extension,,,
-427,-719,590,triceps-extension,,,
-466,-704,561,triceps-extension,,,
-505,-696,583,triceps-extension,,,
-536,-688,560,triceps-extension,,,
-568,-680,552,triceps-extension,,,
-568,-680,552,triceps-extension,,,
-607,-680,568,triceps-extension,,,
-669,-634,598,triceps-extension,,,
-687,-639,555,triceps-extension,,,
-688,-618,486,triceps-extension,,,
-709,-580,459,triceps-extension,,,
-726,-555,435,triceps-extension,,,
-728,-511,412,triceps-extension,,,
-715,-491,388,triceps-extension,,,
-719,-468,358,triceps-extension,,,
-682,-400,339,triceps-extension,,,
-635,-347,330,triceps-extension,,,
-600,-306,249,triceps-extension,,,
-568,-290,242,triceps-extension,,,
-577,-225,340,triceps-extension,,,
-567,-183,337,triceps-extension,,,
-565,-219,228,triceps-extension,,,
-663,-272,226,triceps-extension,,,
-778,-319,228,triceps-extension,,,
-865,-400,201,triceps-extension,,,
-910,-459,163,triceps-extension,,,
-934,-477,121,triceps-extension,,,
-935,-467,108,triceps-extension,,,
-906,-426,99,triceps-extension,,,
-880,-396,105,triceps-extension,,,
-840,-368,108,triceps-extension,,,
-800,-329,115,triceps-extension,,,
-785,-319,136,triceps-extension,,,
-783,-314,143,triceps-extension,,,
-795,-309,135,triceps-extension,,,
-797,-341,109,triceps-extension,,,
-786,-354,98,triceps-extension,,,
-761,-353,79,triceps-extension,,,
-741,-338,72,triceps-extension,,,
-742,-290,80,triceps-extension,,,
-718,-310,71,triceps-extension,,,
-710,-290,63,triceps-extension,,,
-691,-260,2,triceps-extension,,,
-699,-237,24,triceps-extension,,,
-798,-144,20,triceps-extension,,,
-680,-193,-157,triceps-extension,,,
-689,-169,-140,triceps-extension,,,
-724,-176,-127,triceps-extension,,,
-696,-169,-175,triceps-extension,,,
-651,-135,-243,triceps-extension,,,
-673,-187,-106,triceps-extension,,,
-683,-205,-186,triceps-extension,,,
-709,-99,-128,triceps-extension,,,
-674,-137,-240,triceps-extension,,,
-720,-150,-248,triceps-extension,,,
-705,-97,-240,triceps-extension,,,
-807,-159,-272,triceps-extension,,,
-831,-121,-194,triceps-extension,,,
-870,-105,-260,triceps-extension,,,
-872,-134,-309,triceps-extension,,,
-938,-34,-392,triceps-extension,,,
-930,-10,-543,triceps-extension,,,
-942,-15,-462,triceps-extension,,,
-992,39,-550,triceps-extension,,,
-960,48,-595,triceps-extension,,,
-972,48,-613,triceps-extension,,,
-1008,29,-692,triceps-extension,,,
-985,36,-669,triceps-extension,,,
-958,70,-674,triceps-extension,,,
-934,121,-692,triceps-extension,,,
-876,188,-650,triceps-extension,,,
-800,258,-727,triceps-extension,,,
-679,361,-708,triceps-extension,,,
-590,426,-680,triceps-extension,,,
-476,542,-634,triceps-extension,,,
-399,610,-559,triceps-extension,,,
-341,654,-495,triceps-extension,,,
-261,708,-495,triceps-extension,,,
-179,746,-490,triceps-extension,,,
-105,812,-472,triceps-extension,,,
-43,852,-476,triceps-extension,,,
24,848,-452,triceps-extension,,,
87,836,-443,triceps-extension,,,
130,820,-409,triceps-extension,,,
173,798,-337,triceps-extension,,,
230,816,-304,triceps-extension,,,
311,833,-275,triceps-extension,,,
374,767,-246,triceps-extension,,,
410,767,-157,triceps-extension,,,
470,795,-121,triceps-extension,,,
532,774,-145,triceps-extension,,,
601,732,-69,triceps-extension,,,
600,751,-22,triceps-extension,,,
678,720,-54,triceps-extension,,,
798,706,-42,triceps-extension,,,
856,716,-20,triceps-extension,,,
897,663,5,triceps-extension,,,
846,702,74,triceps-extension,,,
884,611,123,triceps-extension,,,
957,544,-12,triceps-extension,,,
1034,544,65,triceps-extension,,,
1049,541,129,triceps-extension,,,
1062,508,134,triceps-extension,,,
1132,465,112,triceps-extension,,,
1192,477,106,triceps-extension,,,
1193,423,-8,triceps-extension,,,
1216,400,-16,triceps-extension,,,
