shoulders,lateral-raise,152,672,-512
shoulders,lateral-raise,183,773,-442
shoulders,lateral-raise,199,852,-417
shoulders,lateral-raise,163,849,-416
shoulders,lateral-raise,153,782,-380
shoulders,lateral-raise,159,962,-140
shoulders,lateral-raise,153,1068,-154
shoulders,lateral-raise,145,1060,-194
shoulders,lateral-raise,97,1109,-160
shoulders,lateral-raise,68,1061,-211
shoulders,lateral-raise,64,978,-230
shoulders,lateral-raise,39,954,-257
shoulders,lateral-raise,26,982,-252
shoulders,lateral-raise,30,963,-248
shoulders,lateral-raise,38,935,-311
shoulders,lateral-raise,46,945,-319
shoulders,lateral-raise,48,930,-312
shoulders,lateral-raise,69,899,-323
shoulders,lateral-raise,136,903,-338
shoulders,lateral-raise,153,892,-472
shoulders,lateral-raise,111,904,-519
shoulders,lateral-raise,111,920,-422
shoulders,lateral-raise,164,1027,-243
shoulders,lateral-raise,145,1095,-334
shoulders,lateral-raise,137,989,-496
shoulders,lateral-raise,204,936,-544
shoulders,lateral-raise,290,987,-481
shoulders,lateral-raise,359,997,-367
shoulders,lateral-raise,383,995,-411
shoulders,lateral-raise,399,988,-473
shoulders,lateral-raise,405,963,-496
shoulders,lateral-raise,394,959,-481
shoulders,lateral-raise,375,912,-433
shoulders,lateral-raise,352,837,-408
shoulders,lateral-raise,331,787,-432
shoulders,lateral-raise,310,765,-431
shoulders,lateral-raise,288,756,-466
shoulders,lateral-raise,275,698,-428
shoulders,lateral-raise,238,674,-284
shoulders,lateral-raise,225,663,-222
shoulders,lateral-raise,197,681,-223
shoulders,lateral-raise,178,668,-241
shoulders,lateral-raise,149,713,-195
shoulders,lateral-raise,128,674,-121
shoulders,lateral-raise,83,638,-98
shoulders,lateral-raise,107,639,-234
shoulders,lateral-raise,133,763,-306
shoulders,lateral-raise,186,797,-160
shoulders,lateral-raise,218,865,-157
shoulders,lateral-raise,259,880,-100
shoulders,lateral-raise,353,888,-241
shoulders,lateral-raise,471,856,-351
shoulders,lateral-raise,526,903,-290
shoulders,lateral-raise,581,866,-204
shoulders,lateral-raise,666,894,-178
shoulders,lateral-raise,738,845,-300
shoulders,lateral-raise,808,776,-326
shoulders,lateral-raise,844,719,-112
shoulders,lateral-raise,896,623,-210
shoulders,lateral-raise,971,755,-392
shoulders,lateral-raise,971,667,-385
shoulders,lateral-raise,949,538,-293
shoulders,lateral-raise,944,549,-297
shoulders,lateral-raise,920,536,-262
shoulders,lateral-raise,941,552,-307
shoulders,lateral-raise,969,440,-339
shoulders,lateral-raise,998,420,-260
shoulders,lateral-raise,997,405,-300
shoulders,lateral-raise,997,387,-347
shoulders,lateral-raise,995,343,-377
shoulders,lateral-raise,977,310,-333
shoulders,lateral-raise,949,275,-329
shoulders,lateral-raise,959,224,-315
shoulders,lateral-raise,980,213,-324
shoulders,lateral-raise,997,185,-374
shoulders,lateral-raise,1008,144,-400
shoulders,lateral-raise,1008,116,-496
shoulders,lateral-raise,1012,96,-565
shoulders,lateral-raise,1020,74,-537
shoulders,lateral-raise,1035,48,-517
shoulders,lateral-raise,1065,48,-544
shoulders,lateral-raise,1088,42,-606
shoulders,lateral-raise,1091,38,-625
shoulders,lateral-raise,1105,48,-640
shoulders,lateral-raise,1128,43,-629
shoulders,lateral-raise,1144,27,-616
shoulders,lateral-raise,1142,11,-659
shoulders,lateral-raise,1131,2,-713
shoulders,lateral-raise,1124,8,-696
shoulders,lateral-raise,1138,-2,-712
shoulders,lateral-raise,1146,-30,-756
shoulders,lateral-raise,1149,-26,-749
shoulders,lateral-raise,1135,-28,-772
shoulders,lateral-raise,1125,-7,-796
shoulders,lateral-raise,1104,4,-827
shoulders,lateral-raise,1055,25,-884
shoulders,lateral-raise,1045,32,-856
shoulders,lateral-raise,1012,31,-853
shoulders,lateral-raise,974,15,-819
shoulders,lateral-raise,948,8,-748
shoulders,lateral-raise,863,9,-831
shoulders,lateral-raise,816,32,-792
shoulders,lateral-raise,776,8,-744
shoulders,lateral-raise,776,8,-744
shoulders,lateral-raise,714,-8,-775
shoulders,lateral-raise,621,7,-669
shoulders,lateral-raise,564,1,-679
shoulders,lateral-raise,487,-36,-622
shoulders,lateral-raise,394,-40,-537
shoulders,lateral-raise,349,-47,-479
shoulders,lateral-raise,276,-68,-486
shoulders,lateral-raise,164,-72,-548
shoulders,lateral-raise,98,-72,-482
shoulders,lateral-raise,44,-91,-470
shoulders,lateral-raise,13,-96,-515
shoulders,lateral-raise,-40,-108,-534
shoulders,lateral-raise,-103,-130,-507
shoulders,lateral-raise,-154,-102,-519
shoulders,lateral-raise,-196,-82,-639
shoulders,lateral-raise,-240,-102,-650
shoulders,lateral-raise,-261,-80,-648
shoulders,lateral-raise,-284,-33,-641
shoulders,lateral-raise,-291,-70,-627
shoulders,lateral-raise,-293,-128,-595
shoulders,lateral-raise,-301,-144,-516
shoulders,lateral-raise,-313,-157,-476
shoulders,lateral-raise,-316,-198,-549
shoulders,lateral-raise,-341,-212,-608
shoulders,lateral-raise,-364,-160,-536
shoulders,lateral-raise,-345,-135,-468
shoulders,lateral-raise,-332,-156,-490
shoulders,lateral-raise,-329,-132,-491
shoulders,lateral-raise,-293,-120,-498
shoulders,lateral-raise,-243,-162,-563
shoulders,lateral-raise,-227,-155,-586
shoulders,lateral-raise,-212,-120,-602
shoulders,lateral-raise,-160,-128,-637
shoulders,lateral-raise,-115,-136,-621
shoulders,lateral-raise,-83,-115,-642
shoulders,lateral-raise,-45,-106,-684
shoulders,lateral-raise,32,-120,-747
shoulders,lateral-raise,58,-136,-752
shoulders,lateral-raise,80,-99,-698
shoulders,lateral-raise,152,-68,-744
shoulders,lateral-raise,223,-112,-701
shoulders,lateral-raise,256,-105,-808
shoulders,lateral-raise,268,-61,-901
shoulders,lateral-raise,345,4,-968
shoulders,lateral-raise,415,29,-888
shoulders,lateral-raise,478,7,-712
shoulders,lateral-raise,545,-3,-957
shoulders,lateral-raise,555,62,-905
shoulders,lateral-raise,618,16,-767
shoulders,lateral-raise,688,16,-1007
shoulders,lateral-raise,688,40,-913
shoulders,lateral-raise,719,32,-601
shoulders,lateral-raise,804,2,-995
shoulders,lateral-raise,786,52,-986
shoulders,lateral-raise,842,41,-678
shoulders,lateral-raise,855,26,-534
shoulders,lateral-raise,863,87,-911
shoulders,lateral-raise,871,89,-845
shoulders,lateral-raise,939,101,-631
shoulders,lateral-raise,985,104,-651
shoulders,lateral-raise,935,104,-836
shoulders,lateral-raise,908,135,-781
shoulders,lateral-raise,934,144,-547
shoulders,lateral-raise,997,109,-515
shoulders,lateral-raise,993,107,-671
shoulders,lateral-raise,995,90,-672
shoulders,lateral-raise,1005,91,-605
shoulders,lateral-raise,992,80,-573
shoulders,lateral-raise,953,82,-563
shoulders,lateral-raise,926,113,-491
shoulders,lateral-raise,920,147,-438
shoulders,lateral-raise,948,165,-349
shoulders,lateral-raise,1004,168,-324
shoulders,lateral-raise,1036,177,-404
shoulders,lateral-raise,1032,180,-406
shoulders,lateral-raise,1012,180,-372
shoulders,lateral-raise,1000,199,-357
shoulders,lateral-raise,996,212,-299
shoulders,lateral-raise,988,204,-235
shoulders,lateral-raise,994,220,-262
shoulders,lateral-raise,1018,242,-336
shoulders,lateral-raise,1032,220,-333
shoulders,lateral-raise,1035,215,-322
shoulders,lateral-raise,1040,240,-312
shoulders,lateral-raise,1043,243,-302
shoulders,lateral-raise,1048,246,-297
shoulders,lateral-raise,1043,231,-322
shoulders,lateral-raise,1030,200,-284
shoulders,lateral-raise,1022,178,-286
shoulders,lateral-raise,1021,175,-357
shoulders,lateral-raise,1042,139,-459
shoulders,lateral-raise,1051,121,-476
shoulders,lateral-raise,1067,132,-503
shoulders,lateral-raise,1081,153,-535
shoulders,lateral-raise,1091,163,-532
shoulders,lateral-raise,1114,181,-557
shoulders,lateral-raise,1128,153,-531
shoulders,lateral-raise,1129,169,-568
shoulders,lateral-raise,1137,184,-678
shoulders,lateral-raise,1152,184,-641
shoulders,lateral-raise,1168,176,-664
shoulders,lateral-raise,1168,176,-672
shoulders,lateral-raise,1199,184,-664
shoulders,lateral-raise,1223,169,-687
shoulders,lateral-raise,1246,138,-613
shoulders,lateral-raise,1219,136,-630
shoulders,lateral-raise,1166,143,-703
shoulders,lateral-raise,1111,158,-684
shoulders,lateral-raise,1056,167,-653
shoulders,lateral-raise,1008,188,-681
shoulders,lateral-raise,967,192,-616
shoulders,lateral-raise,922,186,-613
shoulders,lateral-raise,869,209,-647
shoulders,lateral-raise,826,192,-638
shoulders,lateral-raise,763,166,-679
shoulders,lateral-raise,710,160,-748
shoulders,lateral-raise,674,166,-801
shoulders,lateral-raise,626,141,-794
shoulders,lateral-raise,576,112,-795
shoulders,lateral-raise,540,109,-805
shoulders,lateral-raise,493,107,-699
shoulders,lateral-raise,439,128,-546
shoulders,lateral-raise,397,112,-618
shoulders,lateral-raise,353,70,-801
shoulders,lateral-raise,263,69,-833
shoulders,lateral-raise,175,68,-796
shoulders,lateral-raise,116,44,-796
shoulders,lateral-raise,57,28,-754
shoulders,lateral-raise,6,31,-719
shoulders,lateral-raise,-20,33,-722
shoulders,lateral-raise,-34,17,-680
shoulders,lateral-raise,-67,-5,-680
shoulders,lateral-raise,-108,-27,-719
shoulders,lateral-raise,-143,-41,-681
shoulders,lateral-raise,-184,-59,-607
shoulders,lateral-raise,-221,-69,-536
shoulders,lateral-raise,-230,-92,-573
shoulders,lateral-raise,-235,-127,-705
shoulders,lateral-raise,-277,-146,-681
shoulders,lateral-raise,-310,-152,-572
shoulders,lateral-raise,-309,-152,-654
shoulders,lateral-raise,-328,-154,-725
shoulders,lateral-raise,-335,-157,-706
shoulders,lateral-raise,-369,-135,-696
shoulders,lateral-raise,-371,-96,-790
shoulders,lateral-raise,-347,-145,-863
shoulders,lateral-raise,-369,-152,-797
shoulders,lateral-raise,-373,-151,-775
shoulders,lateral-raise,-343,-146,-850
shoulders,lateral-raise,-338,-168,-867
shoulders,lateral-raise,-368,-160,-776
shoulders,lateral-raise,-360,-168,-760
shoulders,lateral-raise,-352,-152,-760
shoulders,lateral-raise,-375,-168,-838
shoulders,lateral-raise,-384,-145,-718
shoulders,lateral-raise,-369,-129,-801
shoulders,lateral-raise,-361,-106,-764
shoulders,lateral-raise,-367,-104,-703
shoulders,lateral-raise,-361,-90,-654
shoulders,lateral-raise,-367,-81,-641
shoulders,lateral-raise,-375,-40,-620
shoulders,lateral-raise,-330,-58,-636
shoulders,lateral-raise,-314,-77,-621
shoulders,lateral-raise,-312,-43,-566
shoulders,lateral-raise,-294,-44,-588
shoulders,lateral-raise,-241,-72,-647
shoulders,lateral-raise,-218,-74,-658
shoulders,lateral-raise,-205,-50,-678
shoulders,lateral-raise,-151,-35,-683
shoulders,lateral-raise,-112,-53,-691
shoulders,lateral-raise,-94,-44,-655
shoulders,lateral-raise,-39,-7,-686
shoulders,lateral-raise,30,3,-715
shoulders,lateral-raise,75,-5,-712
shoulders,lateral-raise,101,-4,-770
shoulders,lateral-raise,151,22,-786
shoulders,lateral-raise,217,44,-693
shoulders,lateral-raise,280,24,-600
shoulders,lateral-raise,331,35,-726
shoulders,lateral-raise,385,94,-811
shoulders,lateral-raise,470,99,-701
shoulders,lateral-raise,545,82,-708
shoulders,lateral-raise,571,112,-749
shoulders,lateral-raise,607,133,-765
shoulders,lateral-raise,694,122,-804
shoulders,lateral-raise,771,109,-842
shoulders,lateral-raise,795,101,-778
shoulders,lateral-raise,829,101,-822
shoulders,lateral-raise,910,119,-820
shoulders,lateral-raise,950,123,-686
shoulders,lateral-raise,978,90,-717
shoulders,lateral-raise,1008,105,-807
shoulders,lateral-raise,1016,129,-708
shoulders,lateral-raise,1057,110,-668
shoulders,lateral-raise,1097,139,-679
shoulders,lateral-raise,1104,156,-610
shoulders,lateral-raise,1106,179,-465
shoulders,lateral-raise,1122,199,-409
shoulders,lateral-raise,1132,191,-802
shoulders,lateral-raise,1097,187,-641
shoulders,lateral-raise,1112,231,-440
shoulders,lateral-raise,1111,215,-432
shoulders,lateral-raise,1080,176,-432
shoulders,lateral-raise,1064,184,-392
shoulders,lateral-raise,1064,184,-392
shoulders,lateral-raise,1048,192,-384
shoulders,lateral-raise,1063,131,-627
shoulders,lateral-raise,1034,128,-484
shoulders,lateral-raise,1054,164,-333
shoulders,lateral-raise,1035,189,-320
shoulders,lateral-raise,1039,206,-285
shoulders,lateral-raise,1026,242,-287
shoulders,lateral-raise,1024,275,-301
shoulders,lateral-raise,1031,287,-317
shoulders,lateral-raise,1038,269,-263
shoulders,lateral-raise,1034,270,-205
shoulders,lateral-raise,1026,278,-156
shoulders,lateral-raise,1012,286,-97
shoulders,lateral-raise,997,277,-103
shoulders,lateral-raise,975,261,-118
shoulders,lateral-raise,979,256,-136
shoulders,lateral-raise,989,251,-133
shoulders,lateral-raise,992,243,-97
shoulders,lateral-raise,997,235,-50
shoulders,lateral-raise,1005,227,-22
shoulders,lateral-raise,999,210,-62
shoulders,lateral-raise,996,173,-154
shoulders,lateral-raise,1000,139,-174
shoulders,lateral-raise,1000,161,-131
shoulders,lateral-raise,1008,188,-188
shoulders,lateral-raise,1016,180,-306
shoulders,lateral-raise,1031,169,-323
shoulders,lateral-raise,1044,181,-306
shoulders,lateral-raise,1043,211,-365
shoulders,lateral-raise,1054,222,-403
shoulders,lateral-raise,1076,226,-427
shoulders,lateral-raise,1096,225,-493
shoulders,lateral-raise,1104,232,-499
shoulders,lateral-raise,1125,200,-502
shoulders,lateral-raise,1143,173,-452
shoulders,lateral-raise,1158,186,-435
shoulders,lateral-raise,1146,196,-483
shoulders,lateral-raise,1130,200,-542
shoulders,lateral-raise,1138,178,-583
shoulders,lateral-raise,1136,179,-664
shoulders,lateral-raise,1103,170,-667
shoulders,lateral-raise,1093,217,-679
shoulders,lateral-raise,1078,223,-679
shoulders,lateral-raise,1062,220,-712
shoulders,lateral-raise,1046,251,-658
shoulders,lateral-raise,1031,280,-672
shoulders,lateral-raise,1022,279,-671
shoulders,lateral-raise,997,270,-663
shoulders,lateral-raise,943,232,-648
shoulders,lateral-raise,904,232,-639
shoulders,lateral-raise,896,232,-585
shoulders,lateral-raise,857,216,-638
shoulders,lateral-raise,780,140,-861
shoulders,lateral-raise,679,121,-775
shoulders,lateral-raise,577,120,-680
shoulders,lateral-raise,497,134,-729
shoulders,lateral-raise,453,143,-708
shoulders,lateral-raise,400,171,-690
shoulders,lateral-raise,365,169,-701
shoulders,lateral-raise,360,122,-697
shoulders,lateral-raise,347,106,-671
shoulders,lateral-raise,313,92,-707
shoulders,lateral-raise,274,58,-726
shoulders,lateral-raise,235,24,-757
shoulders,lateral-raise,178,22,-711
shoulders,lateral-raise,99,74,-671
shoulders,lateral-raise,56,53,-664
shoulders,lateral-raise,27,-5,-659
shoulders,lateral-raise,-20,-14,-687
shoulders,lateral-raise,-65,-18,-694
shoulders,lateral-raise,-80,-57,-712
shoulders,lateral-raise,-85,-94,-779
shoulders,lateral-raise,-119,-86,-798
shoulders,lateral-raise,-157,-68,-780
shoulders,lateral-raise,-168,-72,-718
shoulders,lateral-raise,-184,-64,-656
shoulders,lateral-raise,-212,-56,-717
shoulders,lateral-raise,-220,-75,-777
shoulders,lateral-raise,-216,-116,-746
shoulders,lateral-raise,-226,-139,-738
shoulders,lateral-raise,-240,-117,-787
shoulders,lateral-raise,-249,-124,-812
shoulders,lateral-raise,-276,-138,-742
shoulders,lateral-raise,-282,-112,-759
shoulders,lateral-raise,-256,-101,-890
shoulders,lateral-raise,-268,-137,-893
shoulders,lateral-raise,-291,-109,-823
shoulders,lateral-raise,-274,-82,-802
shoulders,lateral-raise,-260,-100,-898
shoulders,lateral-raise,-277,-129,-810
shoulders,lateral-raise,-291,-106,-751
shoulders,lateral-raise,-269,-118,-824
shoulders,lateral-raise,-261,-143,-876
shoulders,lateral-raise,-288,-135,-764
shoulders,lateral-raise,-284,-125,-696
shoulders,lateral-raise,-253,-104,-687
shoulders,lateral-raise,-225,-105,-616
shoulders,lateral-raise,-241,-117,-615
shoulders,lateral-raise,-246,-80,-602
shoulders,lateral-raise,-207,-72,-631
shoulders,lateral-raise,-168,-72,-584
shoulders,lateral-raise,-152,-48,-664
shoulders,lateral-raise,-105,-48,-757
shoulders,lateral-raise,-81,-78,-730
shoulders,lateral-raise,-58,-58,-631
shoulders,lateral-raise,-34,10,-609
shoulders,lateral-raise,32,-55,-736
shoulders,lateral-raise,68,-64,-661
shoulders,lateral-raise,99,-30,-682
shoulders,lateral-raise,157,-31,-728
shoulders,lateral-raise,220,-58,-716
shoulders,lateral-raise,264,-70,-693
shoulders,lateral-raise,309,-10,-738
shoulders,lateral-raise,380,8,-704
shoulders,lateral-raise,459,-21,-817
shoulders,lateral-raise,491,8,-835
shoulders,lateral-raise,507,35,-685
shoulders,lateral-raise,593,29,-738
shoulders,lateral-raise,653,24,-918
shoulders,lateral-raise,674,44,-882
shoulders,lateral-raise,720,51,-691
shoulders,lateral-raise,792,86,-881
shoulders,lateral-raise,838,93,-999
shoulders,lateral-raise,888,49,-858
shoulders,lateral-raise,920,41,-831
shoulders,lateral-raise,899,106,-868
shoulders,lateral-raise,916,104,-792
shoulders,lateral-raise,975,64,-685
shoulders,lateral-raise,993,105,-748
shoulders,lateral-raise,977,126,-790
shoulders,lateral-raise,985,107,-659
shoulders,lateral-raise,1005,135,-631
shoulders,lateral-raise,1000,174,-704
shoulders,lateral-raise,1009,169,-745
shoulders,lateral-raise,1029,155,-655
shoulders,lateral-raise,1040,173,-519
shoulders,lateral-raise,1033,180,-459
shoulders,lateral-raise,1016,194,-522
shoulders,lateral-raise,1018,156,-507
shoulders,lateral-raise,1020,148,-446
shoulders,lateral-raise,1008,164,-440
shoulders,lateral-raise,1006,176,-438
shoulders,lateral-raise,999,175,-436
shoulders,lateral-raise,991,167,-444
shoulders,lateral-raise,985,165,-373
shoulders,lateral-raise,989,193,-310
shoulders,lateral-raise,969,203,-312
shoulders,lateral-raise,976,230,-434
shoulders,lateral-raise,976,209,-364
shoulders,lateral-raise,977,217,-300
shoulders,lateral-raise,992,240,-224
shoulders,lateral-raise,1000,248,-232
shoulders,lateral-raise,992,224,-256
shoulders,lateral-raise,992,216,-272
shoulders,lateral-raise,969,208,-219
shoulders,lateral-raise,946,178,-164
shoulders,lateral-raise,929,176,-131
shoulders,lateral-raise,914,212,-149
shoulders,lateral-raise,947,209,-180
shoulders,lateral-raise,959,188,-129
shoulders,lateral-raise,960,191,-140
shoulders,lateral-raise,960,192,-190
shoulders,lateral-raise,973,192,-168
shoulders,lateral-raise,988,192,-135
shoulders,lateral-raise,998,192,-122
shoulders,lateral-raise,971,186,-108
shoulders,lateral-raise,966,178,-70
shoulders,lateral-raise,962,187,-39
shoulders,lateral-raise,938,181,-97
shoulders,lateral-raise,923,181,-139
shoulders,lateral-raise,920,179,-129
shoulders,lateral-raise,930,166,-135
shoulders,lateral-raise,941,165,-134
shoulders,lateral-raise,958,177,-119
shoulders,lateral-raise,977,171,-143
shoulders,lateral-raise,988,156,-194
shoulders,lateral-raise,1000,160,-266
shoulders,lateral-raise,1016,168,-296
shoulders,lateral-raise,1020,172,-245
shoulders,lateral-raise,1020,176,-234
shoulders,lateral-raise,1024,183,-285
shoulders,lateral-raise,1024,185,-312
shoulders,lateral-raise,1021,189,-322
shoulders,lateral-raise,1019,202,-351
shoulders,lateral-raise,1027,195,-376
shoulders,lateral-raise,1035,189,-390
shoulders,lateral-raise,1043,160,-434
shoulders,lateral-raise,1046,149,-455
shoulders,lateral-raise,1038,167,-405
shoulders,lateral-raise,1032,188,-408
shoulders,lateral-raise,1036,202,-500
shoulders,lateral-raise,1050,208,-499
shoulders,lateral-raise,1059,203,-448
shoulders,lateral-raise,1075,188,-426
shoulders,lateral-raise,1081,205,-475
shoulders,lateral-raise,1046,193,-507
shoulders,lateral-raise,1031,196,-620
shoulders,lateral-raise,1024,170,-646
shoulders,lateral-raise,1023,188,-633
shoulders,lateral-raise,1017,223,-650
shoulders,lateral-raise,1024,207,-671
shoulders,lateral-raise,1031,184,-648
shoulders,lateral-raise,1008,200,-648
shoulders,lateral-raise,992,176,-712
shoulders,lateral-raise,992,176,-712
shoulders,lateral-raise,992,168,-766
shoulders,lateral-raise,954,122,-730
shoulders,lateral-raise,930,142,-721
shoulders,lateral-raise,906,137,-771
shoulders,lateral-raise,890,115,-776
shoulders,lateral-raise,811,119,-846
shoulders,lateral-raise,759,127,-870
shoulders,lateral-raise,745,115,-765
shoulders,lateral-raise,692,119,-751
shoulders,lateral-raise,623,139,-758
shoulders,lateral-raise,589,113,-810
shoulders,lateral-raise,554,92,-812
shoulders,lateral-raise,491,100,-773
shoulders,lateral-raise,438,87,-766
shoulders,lateral-raise,407,74,-801
shoulders,lateral-raise,351,94,-827
shoulders,lateral-raise,291,104,-821
shoulders,lateral-raise,262,89,-841
shoulders,lateral-raise,251,65,-851
shoulders,lateral-raise,191,80,-838
shoulders,lateral-raise,120,87,-767
shoulders,lateral-raise,92,67,-720
shoulders,lateral-raise,58,56,-690
shoulders,lateral-raise,-5,48,-631
shoulders,lateral-raise,-60,36,-624
shoulders,lateral-raise,-95,-3,-686
shoulders,lateral-raise,-145,-22,-702
shoulders,lateral-raise,-195,18,-647
shoulders,lateral-raise,-221,30,-589
shoulders,lateral-raise,-253,6,-523
shoulders,lateral-raise,-281,1,-547
shoulders,lateral-raise,-290,7,-691
shoulders,lateral-raise,-294,-22,-733
shoulders,lateral-raise,-330,-43,-662
shoulders,lateral-raise,-342,-20,-616
shoulders,lateral-raise,-320,-12,-697
shoulders,lateral-raise,-331,-60,-743
shoulders,lateral-raise,-358,-40,-706
shoulders,lateral-raise,-347,-23,-747
shoulders,lateral-raise,-330,-50,-787
shoulders,lateral-raise,-342,-56,-784
shoulders,lateral-raise,-364,-59,-713
shoulders,lateral-raise,-337,-74,-729
shoulders,lateral-raise,-298,-91,-776
shoulders,lateral-raise,-314,-107,-718
shoulders,lateral-raise,-324,-68,-709
shoulders,lateral-raise,-287,-109,-763
shoulders,lateral-raise,-279,-72,-803
shoulders,lateral-raise,-256,-63,-710
shoulders,lateral-raise,-256,-32,-656
shoulders,lateral-raise,-240,-40,-704
shoulders,lateral-raise,-217,-32,-681
shoulders,lateral-raise,-193,-24,-710
shoulders,lateral-raise,-155,-31,-824
shoulders,lateral-raise,-152,-47,-766
shoulders,lateral-raise,-131,-41,-717
shoulders,lateral-raise,-72,2,-593
shoulders,lateral-raise,-44,-60,-753
shoulders,lateral-raise,-87,-59,-844
shoulders,lateral-raise,-57,-43,-713
shoulders,lateral-raise,22,-21,-616
shoulders,lateral-raise,108,-78,-718
shoulders,lateral-raise,104,-48,-879
shoulders,lateral-raise,114,-8,-849
shoulders,lateral-raise,194,6,-761
shoulders,lateral-raise,285,8,-641
shoulders,lateral-raise,361,-8,-708
shoulders,lateral-raise,384,-11,-771
shoulders,lateral-raise,420,-18,-832
shoulders,lateral-raise,484,-19,-775
shoulders,lateral-raise,526,-6,-562
shoulders,lateral-raise,555,37,-711
shoulders,lateral-raise,581,64,-914
shoulders,lateral-raise,635,68,-850
shoulders,lateral-raise,709,47,-697
shoulders,lateral-raise,764,36,-740
shoulders,lateral-raise,765,75,-803
shoulders,lateral-raise,803,97,-710
shoulders,lateral-raise,911,70,-782
shoulders,lateral-raise,940,65,-848
shoulders,lateral-raise,915,107,-847
shoulders,lateral-raise,935,127,-942
shoulders,lateral-raise,983,121,-815
shoulders,lateral-raise,1027,133,-619
shoulders,lateral-raise,1037,125,-516
shoulders,lateral-raise,1031,125,-605
shoulders,lateral-raise,992,122,-656
shoulders,lateral-raise,998,80,-574
shoulders,lateral-raise,1016,60,-407
shoulders,lateral-raise,1014,88,-290
shoulders,lateral-raise,1010,141,-406
shoulders,lateral-raise,1022,122,-397
shoulders,lateral-raise,1049,103,-387
shoulders,lateral-raise,1058,141,-401
shoulders,lateral-raise,1072,167,-404
shoulders,lateral-raise,1072,163,-385
shoulders,lateral-raise,1071,185,-446
shoulders,lateral-raise,1063,200,-339
shoulders,lateral-raise,1056,201,-281
shoulders,lateral-raise,1056,224,-448
shoulders,lateral-raise,1048,232,-440
shoulders,lateral-raise,1040,256,-376
shoulders,lateral-raise,1024,264,-314
shoulders,lateral-raise,1077,249,-236
shoulders,lateral-raise,1073,241,-180
shoulders,lateral-raise,1057,233,-191
shoulders,lateral-raise,1035,225,-206
shoulders,lateral-raise,1011,196,-159
shoulders,lateral-raise,1008,165,-172
shoulders,lateral-raise,1015,180,-109
shoulders,lateral-raise,983,177,-57
shoulders,lateral-raise,963,176,-48
shoulders,lateral-raise,941,188,-85
shoulders,lateral-raise,942,192,-96
shoulders,lateral-raise,938,186,-90
shoulders,lateral-raise,947,195,-82
shoulders,lateral-raise,969,200,-113
shoulders,lateral-raise,992,200,-106
shoulders,lateral-raise,1005,200,-117
shoulders,lateral-raise,1013,185,-159
shoulders,lateral-raise,1026,166,-191
shoulders,lateral-raise,1032,160,-181
shoulders,lateral-raise,1023,160,-200
shoulders,lateral-raise,1020,160,-211
shoulders,lateral-raise,1041,156,-252
shoulders,lateral-raise,1052,135,-363
shoulders,lateral-raise,1048,116,-384
shoulders,lateral-raise,1056,120,-317
shoulders,lateral-raise,1071,132,-321
shoulders,lateral-raise,1084,136,-388
shoulders,lateral-raise,1095,129,-448
shoulders,lateral-raise,1110,123,-490
shoulders,lateral-raise,1129,119,-519
shoulders,lateral-raise,1150,107,-535
shoulders,lateral-raise,1171,109,-517
shoulders,lateral-raise,1189,91,-533
shoulders,lateral-raise,1177,64,-605
shoulders,lateral-raise,1167,59,-681
shoulders,lateral-raise,1190,50,-683
shoulders,lateral-raise,1214,58,-616
shoulders,lateral-raise,1223,69,-617
shoulders,lateral-raise,1185,88,-729
shoulders,lateral-raise,1160,87,-805
shoulders,lateral-raise,1157,84,-715
shoulders,lateral-raise,1135,105,-690
shoulders,lateral-raise,1075,115,-708
shoulders,lateral-raise,1037,133,-735
shoulders,lateral-raise,1003,112,-725
shoulders,lateral-raise,947,113,-699
shoulders,lateral-raise,870,120,-739
shoulders,lateral-raise,822,127,-790
shoulders,lateral-raise,759,80,-719
shoulders,lateral-raise,681,64,-665
shoulders,lateral-raise,626,87,-672
shoulders,lateral-raise,578,65,-680
shoulders,lateral-raise,509,34,-650
shoulders,lateral-raise,446,39,-648
shoulders,lateral-raise,376,11,-669
shoulders,lateral-raise,312,-41,-658
shoulders,lateral-raise,243,-48,-642
shoulders,lateral-raise,159,-8,-593
shoulders,lateral-raise,111,-7,-604
shoulders,lateral-raise,72,-59,-646
shoulders,lateral-raise,2,-66,-650
shoulders,lateral-raise,-46,39,-443
shoulders,lateral-raise,-32,-28,-570
shoulders,lateral-raise,-116,-58,-646
shoulders,lateral-raise,-174,28,-771
shoulders,lateral-raise,-195,-6,-792
shoulders,lateral-raise,-226,-87,-566
shoulders,lateral-raise,-260,-92,-415
shoulders,lateral-raise,-312,-11,-432
shoulders,lateral-raise,-350,-11,-509
shoulders,lateral-raise,-397,-45,-530
shoulders,lateral-raise,-411,28,-440
shoulders,lateral-raise,-348,79,-411
shoulders,lateral-raise,-312,1,-457
shoulders,lateral-raise,-364,-28,-428
shoulders,lateral-raise,-404,39,-388
shoulders,lateral-raise,-371,65,-455
shoulders,lateral-raise,-322,63,-514
shoulders,lateral-raise,-297,52,-509
shoulders,lateral-raise,-275,27,-502
shoulders,lateral-raise,-235,26,-455
shoulders,lateral-raise,-162,19,-484
shoulders,lateral-raise,-91,-14,-598
shoulders,lateral-raise,-85,-75,-654
shoulders,lateral-raise,-60,-12,-626
shoulders,lateral-raise,56,61,-618
shoulders,lateral-raise,155,0,-569
shoulders,lateral-raise,212,-55,-689
shoulders,lateral-raise,238,62,-797
shoulders,lateral-raise,313,97,-636
shoulders,lateral-raise,426,65,-644
shoulders,lateral-raise,507,185,-852
shoulders,lateral-raise,535,219,-747
shoulders,lateral-raise,634,154,-740
shoulders,lateral-raise,705,229,-869
shoulders,lateral-raise,717,271,-765
shoulders,lateral-raise,775,258,-660
shoulders,lateral-raise,872,281,-823
shoulders,lateral-raise,874,294,-794
shoulders,lateral-raise,928,240,-600
shoulders,lateral-raise,1000,216,-680
shoulders,lateral-raise,1023,255,-781
shoulders,lateral-raise,1062,226,-586
shoulders,lateral-raise,1131,157,-531
shoulders,lateral-raise,1107,167,-667
shoulders,lateral-raise,1068,289,-666
shoulders,lateral-raise,1141,255,-636
shoulders,lateral-raise,1186,268,-489
shoulders,lateral-raise,1172,299,-557
shoulders,lateral-raise,1129,317,-622
shoulders,lateral-raise,1177,288,-638
shoulders,lateral-raise,1211,286,-491
shoulders,lateral-raise,1204,264,-351
shoulders,lateral-raise,1141,268,-314
shoulders,lateral-raise,1097,312,-386
shoulders,lateral-raise,1071,283,-461
shoulders,lateral-raise,1064,269,-399
shoulders,lateral-raise,1043,288,-365
shoulders,lateral-raise,1027,311,-363
shoulders,lateral-raise,1029,325,-335
shoulders,lateral-raise,1027,347,-334
shoulders,lateral-raise,1024,379,-316
shoulders,lateral-raise,1024,396,-251
shoulders,lateral-raise,1020,404,-194
shoulders,lateral-raise,1008,416,-164
shoulders,lateral-raise,988,432,-168
shoulders,lateral-raise,984,436,-215
shoulders,lateral-raise,1003,428,-160
shoulders,lateral-raise,1023,435,-60
shoulders,lateral-raise,1035,472,-64
shoulders,lateral-raise,1040,517,-70
shoulders,lateral-raise,1034,536,-101
shoulders,lateral-raise,1021,545,-136
shoulders,lateral-raise,1008,590,-109
shoulders,lateral-raise,979,666,-66
shoulders,lateral-raise,947,714,-86
shoulders,lateral-raise,936,741,-50
shoulders,lateral-raise,921,769,24
shoulders,lateral-raise,864,826,8
shoulders,lateral-raise,802,851,-42
shoulders,lateral-raise,740,837,-27
shoulders,lateral-raise,686,863,53
shoulders,lateral-raise,633,892,24
shoulders,lateral-raise,588,871,-65
shoulders,lateral-raise,517,869,-103
shoulders,lateral-raise,494,907,19
shoulders,lateral-raise,476,937,37
shoulders,lateral-raise,429,942,-1
shoulders,lateral-raise,390,911,-125
shoulders,lateral-raise,360,888,-61
shoulders,lateral-raise,344,904,39
shoulders,lateral-raise,312,944,-23
shoulders,lateral-raise,289,936,-133
shoulders,lateral-raise,265,928,-166
shoulders,lateral-raise,242,935,-101
shoulders,lateral-raise,233,936,-74
shoulders,lateral-raise,225,915,-15
shoulders,lateral-raise,210,905,-120
shoulders,lateral-raise,201,877,-348
shoulders,lateral-raise,200,919,-344
shoulders,lateral-raise,213,928,-160
shoulders,lateral-raise,210,934,-69
shoulders,lateral-raise,171,917,-112
shoulders,lateral-raise,124,894,-231
shoulders,lateral-raise,71,800,-258
shoulders,lateral-raise,45,728,-193
shoulders,lateral-raise,34,690,-174
shoulders,lateral-raise,48,696,-192
shoulders,lateral-raise,61,736,-221
shoulders,lateral-raise,84,762,-217
shoulders,lateral-raise,96,773,-193
shoulders,lateral-raise,106,800,-203
shoulders,lateral-raise,117,835,-211
shoulders,lateral-raise,116,861,-244
shoulders,lateral-raise,108,881,-263
shoulders,lateral-raise,100,884,-273
shoulders,lateral-raise,96,888,-236
shoulders,lateral-raise,100,919,-230
shoulders,lateral-raise,100,944,-328
shoulders,lateral-raise,96,944,-363
shoulders,lateral-raise,99,951,-306
shoulders,lateral-raise,107,957,-283
shoulders,lateral-raise,109,961,-327
shoulders,lateral-raise,95,979,-335
shoulders,lateral-raise,64,984,-320
shoulders,lateral-raise,37,984,-329
shoulders,lateral-raise,46,984,-265
shoulders,lateral-raise,42,982,-250
shoulders,lateral-raise,48,974,-315
shoulders,lateral-raise,52,1011,-399
shoulders,lateral-raise,77,1083,-420
shoulders,lateral-raise,110,892,-196
shoulders,lateral-raise,76,950,-326
shoulders,lateral-raise,92,861,-259
shoulders,lateral-raise,68,821,-161
shoulders,lateral-raise,49,895,-233
shoulders,lateral-raise,54,889,-349
shoulders,lateral-raise,41,898,-312
shoulders,lateral-raise,57,921,-235
shoulders,lateral-raise,64,929,-276
shoulders,lateral-raise,57,944,-352
shoulders,lateral-raise,80,944,-336
