arms,biceps-curl,799,293,-384
arms,biceps-curl,-294,-259,-817
arms,biceps-curl,1029,-944,-383
arms,biceps-curl,1829,-563,-779
arms,biceps-curl,1505,-464,-662
arms,biceps-curl,1258,3,-747
arms,biceps-curl,1148,73,-634
arms,biceps-curl,1190,429,-755
arms,biceps-curl,595,631,-1019
arms,biceps-curl,1412,141,-369
arms,biceps-curl,2618,25,-596
arms,biceps-curl,1616,-1408,320
arms,biceps-curl,289,-1335,-208
arms,biceps-curl,383,176,-932
arms,biceps-curl,177,445,-664
arms,biceps-curl,755,201,-286
arms,biceps-curl,781,231,-404
arms,biceps-curl,682,311,-523
arms,biceps-curl,699,236,-533
arms,biceps-curl,663,197,-530
arms,biceps-curl,618,142,-401
arms,biceps-curl,587,100,-305
arms,biceps-curl,607,127,-388
arms,biceps-curl,599,102,-381
arms,biceps-curl,580,48,-302
arms,biceps-curl,549,72,-161
arms,biceps-curl,521,177,-70
arms,biceps-curl,475,194,-61
arms,biceps-curl,445,156,-80
arms,biceps-curl,446,175,-21
arms,biceps-curl,461,260,50
arms,biceps-curl,470,296,99
arms,biceps-curl,512,289,119
arms,biceps-curl,593,273,98
arms,biceps-curl,768,288,32
arms,biceps-curl,940,366,34
arms,biceps-curl,1082,343,69
arms,biceps-curl,1185,317,122
arms,biceps-curl,1282,253,85
arms,biceps-curl,1407,249,72
arms,biceps-curl,1465,239,83
arms,biceps-curl,1480,203,45
arms,biceps-curl,1480,117,43
arms,biceps-curl,1486,17,98
arms,biceps-curl,1453,0,376
arms,biceps-curl,1586,275,-724
arms,biceps-curl,1492,-33,-267
arms,biceps-curl,1403,114,-143
arms,biceps-curl,1366,12,17
arms,biceps-curl,1399,-25,-8
arms,biceps-curl,1513,-58,-433
arms,biceps-curl,1590,-266,-288
arms,biceps-curl,1731,-42,19
arms,biceps-curl,1719,162,150
arms,biceps-curl,1501,108,177
arms,biceps-curl,1195,428,-145
arms,biceps-curl,991,357,412
arms,biceps-curl,1480,64,688
arms,biceps-curl,1528,-148,-54
arms,biceps-curl,1621,-251,-413
arms,biceps-curl,1678,-135,-217
arms,biceps-curl,1650,-60,-42
arms,biceps-curl,1594,-8,172
arms,biceps-curl,1572,-71,119
arms,biceps-curl,1558,-128,32
arms,biceps-curl,1535,-111,-47
arms,biceps-curl,1497,-98,-7
arms,biceps-curl,1474,-61,113
arms,biceps-curl,1426,-56,143
arms,biceps-curl,1390,-121,-28
arms,biceps-curl,1330,-129,58
arms,biceps-curl,1265,-77,60
arms,biceps-curl,1157,-54,18
arms,biceps-curl,1074,-45,77
arms,biceps-curl,1009,-49,122
arms,biceps-curl,886,-46,26
arms,biceps-curl,743,-51,-37
arms,biceps-curl,639,-24,23
arms,biceps-curl,570,30,94
arms,biceps-curl,494,47,53
arms,biceps-curl,416,40,8
arms,biceps-curl,351,48,83
arms,biceps-curl,336,122,67
arms,biceps-curl,338,52,-155
arms,biceps-curl,350,48,-22
arms,biceps-curl,398,54,51
arms,biceps-curl,452,36,82
arms,biceps-curl,510,51,112
arms,biceps-curl,589,92,29
arms,biceps-curl,671,104,-38
arms,biceps-curl,758,90,-55
arms,biceps-curl,791,88,-64
arms,biceps-curl,848,136,-40
arms,biceps-curl,895,183,-9
arms,biceps-curl,904,161,-137
arms,biceps-curl,919,182,-77
arms,biceps-curl,927,162,-65
arms,biceps-curl,914,131,-78
arms,biceps-curl,933,128,-122
arms,biceps-curl,943,155,-114
arms,biceps-curl,964,167,-145
arms,biceps-curl,1007,194,-106
arms,biceps-curl,1073,232,-115
arms,biceps-curl,1069,290,-114
arms,biceps-curl,1106,328,-94
arms,biceps-curl,1144,342,-12
arms,biceps-curl,1129,378,-18
arms,biceps-curl,1137,437,-65
arms,biceps-curl,1139,488,-53
arms,biceps-curl,1120,525,34
arms,biceps-curl,1092,541,21
arms,biceps-curl,1075,579,-18
arms,biceps-curl,1062,619,-24
arms,biceps-curl,1047,669,4
arms,biceps-curl,1027,700,11
arms,biceps-curl,1007,726,-4
arms,biceps-curl,988,752,-4
arms,biceps-curl,972,768,-44
arms,biceps-curl,953,803,-100
arms,biceps-curl,921,839,-94
arms,biceps-curl,872,859,-90
arms,biceps-curl,798,885,-112
arms,biceps-curl,736,930,-147
arms,biceps-curl,678,959,-224
arms,biceps-curl,595,938,-220
arms,biceps-curl,514,933,-191
arms,biceps-curl,428,926,-267
arms,biceps-curl,346,895,-250
arms,biceps-curl,271,896,-279
arms,biceps-curl,185,852,-292
arms,biceps-curl,108,842,-286
arms,biceps-curl,56,843,-295
arms,biceps-curl,-13,811,-271
arms,biceps-curl,-79,760,-296
arms,biceps-curl,-159,737,-276
arms,biceps-curl,-238,620,-169
arms,biceps-curl,-280,595,-124
arms,biceps-curl,-343,556,-108
arms,biceps-curl,-410,514,-214
arms,biceps-curl,-515,447,-276
arms,biceps-curl,-557,324,-212
arms,biceps-curl,-655,248,-151
arms,biceps-curl,-625,240,-368
arms,biceps-curl,-687,192,-352
arms,biceps-curl,-672,176,-274
arms,biceps-curl,-687,184,-295
arms,biceps-curl,-628,221,-326
arms,biceps-curl,-617,260,-240
arms,biceps-curl,-595,314,-268
arms,biceps-curl,-571,355,-300
arms,biceps-curl,-548,394,-352
arms,biceps-curl,-524,407,-353
arms,biceps-curl,-513,421,-319
arms,biceps-curl,-474,507,-420
arms,biceps-curl,-445,596,-392
arms,biceps-curl,-452,664,-358
arms,biceps-curl,-397,674,-370
arms,biceps-curl,-376,741,-439
arms,biceps-curl,-337,796,-408
arms,biceps-curl,-304,813,-400
arms,biceps-curl,-270,811,-397
arms,biceps-curl,-251,823,-392
arms,biceps-curl,-238,876,-397
arms,biceps-curl,-218,866,-285
arms,biceps-curl,-166,863,-291
arms,biceps-curl,-109,898,-374
arms,biceps-curl,-75,877,-362
arms,biceps-curl,-27,885,-324
arms,biceps-curl,16,904,-324
arms,biceps-curl,51,888,-324
arms,biceps-curl,109,932,-312
arms,biceps-curl,158,910,-245
arms,biceps-curl,220,880,-170
arms,biceps-curl,296,955,-229
arms,biceps-curl,332,915,-256
arms,biceps-curl,369,883,-221
arms,biceps-curl,416,915,-283
arms,biceps-curl,464,968,-281
arms,biceps-curl,503,932,-198
arms,biceps-curl,536,850,-170
arms,biceps-curl,587,854,-279
arms,biceps-curl,630,823,-212
arms,biceps-curl,688,758,-157
arms,biceps-curl,744,792,-164
arms,biceps-curl,757,719,-127
arms,biceps-curl,820,685,-141
arms,biceps-curl,844,704,-56
arms,biceps-curl,867,656,-87
arms,biceps-curl,890,649,11
arms,biceps-curl,900,589,-149
arms,biceps-curl,867,558,-36
arms,biceps-curl,916,525,-81
arms,biceps-curl,984,472,54
arms,biceps-curl,992,480,-24
arms,biceps-curl,1008,456,8
arms,biceps-curl,1008,456,8
arms,biceps-curl,1031,440,-85
arms,biceps-curl,1062,410,-126
arms,biceps-curl,1079,386,-91
arms,biceps-curl,1058,391,-37
arms,biceps-curl,1070,378,-46
arms,biceps-curl,1065,341,-55
arms,biceps-curl,1057,316,-104
arms,biceps-curl,1049,312,-79
arms,biceps-curl,1009,332,-13
arms,biceps-curl,1000,336,-25
arms,biceps-curl,1006,367,-51
arms,biceps-curl,1020,388,-62
arms,biceps-curl,1030,416,-11
arms,biceps-curl,1049,435,-32
arms,biceps-curl,1062,446,-20
arms,biceps-curl,1069,448,-30
arms,biceps-curl,1088,495,-3
arms,biceps-curl,1086,535,-4
arms,biceps-curl,1065,539,-36
arms,biceps-curl,1046,569,-29
arms,biceps-curl,1021,611,-44
arms,biceps-curl,1004,646,-104
arms,biceps-curl,991,681,-149
arms,biceps-curl,959,713,-114
arms,biceps-curl,928,764,-80
arms,biceps-curl,908,800,-88
arms,biceps-curl,889,822,-77
arms,biceps-curl,859,855,-131
arms,biceps-curl,805,864,-186
arms,biceps-curl,752,877,-144
arms,biceps-curl,707,902,-144
arms,biceps-curl,655,918,-161
arms,biceps-curl,608,936,-241
arms,biceps-curl,558,952,-326
arms,biceps-curl,496,945,-287
arms,biceps-curl,429,935,-271
arms,biceps-curl,379,939,-326
arms,biceps-curl,304,902,-306
arms,biceps-curl,240,892,-286
arms,biceps-curl,172,868,-348
arms,biceps-curl,112,830,-303
arms,biceps-curl,29,844,-303
arms,biceps-curl,-33,778,-329
arms,biceps-curl,-97,741,-288
arms,biceps-curl,-166,712,-298
arms,biceps-curl,-222,644,-373
arms,biceps-curl,-282,602,-260
arms,biceps-curl,-316,520,-213
arms,biceps-curl,-402,517,-319
arms,biceps-curl,-472,423,-280
arms,biceps-curl,-520,353,-264
arms,biceps-curl,-551,228,-318
arms,biceps-curl,-537,239,-388
arms,biceps-curl,-573,218,-325
arms,biceps-curl,-591,252,-327
arms,biceps-curl,-592,270,-349
arms,biceps-curl,-585,335,-401
arms,biceps-curl,-577,358,-388
arms,biceps-curl,-603,360,-331
arms,biceps-curl,-582,393,-437
arms,biceps-curl,-563,406,-458
arms,biceps-curl,-566,408,-388
arms,biceps-curl,-556,444,-416
arms,biceps-curl,-499,491,-491
arms,biceps-curl,-446,561,-426
arms,biceps-curl,-393,573,-392
arms,biceps-curl,-316,665,-473
arms,biceps-curl,-272,738,-470
arms,biceps-curl,-254,772,-397
arms,biceps-curl,-223,740,-363
arms,biceps-curl,-175,779,-389
arms,biceps-curl,-133,801,-362
arms,biceps-curl,-111,793,-297
arms,biceps-curl,-78,796,-393
arms,biceps-curl,-23,859,-463
arms,biceps-curl,4,852,-468
arms,biceps-curl,4,849,-354
arms,biceps-curl,63,902,-303
arms,biceps-curl,139,862,-393
arms,biceps-curl,182,887,-263
arms,biceps-curl,247,962,-152
arms,biceps-curl,311,970,-219
arms,biceps-curl,372,945,-241
arms,biceps-curl,425,964,-181
arms,biceps-curl,498,1030,-308
arms,biceps-curl,525,965,-144
arms,biceps-curl,552,909,-41
arms,biceps-curl,603,928,-119
arms,biceps-curl,642,938,-138
arms,biceps-curl,670,873,-70
arms,biceps-curl,679,794,-76
arms,biceps-curl,748,806,-116
arms,biceps-curl,797,827,-57
arms,biceps-curl,780,795,104
arms,biceps-curl,767,754,-71
arms,biceps-curl,821,660,-23
arms,biceps-curl,868,692,-133
arms,biceps-curl,904,649,-14
arms,biceps-curl,905,562,7
arms,biceps-curl,929,599,-18
arms,biceps-curl,952,568,-88
arms,biceps-curl,992,528,-56
arms,biceps-curl,953,528,37
arms,biceps-curl,960,475,-21
arms,biceps-curl,967,472,-76
arms,biceps-curl,1019,406,-87
arms,biceps-curl,988,379,98
arms,biceps-curl,1012,404,-13
arms,biceps-curl,1043,401,-39
arms,biceps-curl,1035,393,0
arms,biceps-curl,1019,359,15
arms,biceps-curl,1035,358,-3
arms,biceps-curl,1021,348,-51
arms,biceps-curl,1010,356,-46
arms,biceps-curl,1002,325,1
arms,biceps-curl,989,329,62
arms,biceps-curl,978,286,13
arms,biceps-curl,998,334,-65
arms,biceps-curl,1013,384,-46
arms,biceps-curl,1021,387,-34
arms,biceps-curl,1039,424,-45
arms,biceps-curl,1058,477,-34
arms,biceps-curl,1083,487,32
arms,biceps-curl,1083,493,41
arms,biceps-curl,1055,517,-27
arms,biceps-curl,1044,561,-118
arms,biceps-curl,1028,608,-116
arms,biceps-curl,985,651,-49
arms,biceps-curl,942,687,-47
arms,biceps-curl,916,689,-64
arms,biceps-curl,895,717,-91
arms,biceps-curl,869,768,-112
arms,biceps-curl,849,774,-100
arms,biceps-curl,818,804,-129
arms,biceps-curl,789,835,-133
arms,biceps-curl,739,840,-115
arms,biceps-curl,700,889,-130
arms,biceps-curl,661,923,-184
arms,biceps-curl,613,925,-236
arms,biceps-curl,554,962,-178
arms,biceps-curl,527,964,-219
arms,biceps-curl,486,944,-183
arms,biceps-curl,438,916,-211
arms,biceps-curl,380,936,-231
arms,biceps-curl,309,927,-284
arms,biceps-curl,238,872,-396
arms,biceps-curl,158,866,-367
arms,biceps-curl,66,818,-360
arms,biceps-curl,4,837,-361
arms,biceps-curl,-51,796,-369
arms,biceps-curl,-114,728,-380
arms,biceps-curl,-177,744,-257
arms,biceps-curl,-239,720,-311
arms,biceps-curl,-279,666,-390
arms,biceps-curl,-348,634,-270
arms,biceps-curl,-367,565,-227
arms,biceps-curl,-404,524,-326
arms,biceps-curl,-437,484,-365
arms,biceps-curl,-454,438,-410
arms,biceps-curl,-538,350,-341
arms,biceps-curl,-552,329,-368
arms,biceps-curl,-572,321,-383
arms,biceps-curl,-576,333,-384
arms,biceps-curl,-607,336,-378
arms,biceps-curl,-592,360,-485
arms,biceps-curl,-596,403,-426
arms,biceps-curl,-577,410,-426
arms,biceps-curl,-568,386,-446
arms,biceps-curl,-552,387,-491
arms,biceps-curl,-512,418,-528
arms,biceps-curl,-501,427,-485
arms,biceps-curl,-489,459,-486
arms,biceps-curl,-456,499,-504
arms,biceps-curl,-417,512,-448
arms,biceps-curl,-355,584,-417
arms,biceps-curl,-298,644,-471
arms,biceps-curl,-268,702,-450
arms,biceps-curl,-244,732,-400
arms,biceps-curl,-209,685,-446
arms,biceps-curl,-158,741,-451
arms,biceps-curl,-128,822,-380
arms,biceps-curl,-94,800,-361
arms,biceps-curl,-38,813,-374
arms,biceps-curl,4,850,-369
arms,biceps-curl,42,860,-352
arms,biceps-curl,51,840,-318
arms,biceps-curl,104,864,-337
arms,biceps-curl,155,858,-278
arms,biceps-curl,207,887,-274
arms,biceps-curl,230,889,-286
arms,biceps-curl,272,856,-206
arms,biceps-curl,360,893,-266
arms,biceps-curl,421,924,-305
arms,biceps-curl,446,873,-173
arms,biceps-curl,485,849,-39
arms,biceps-curl,568,898,-294
arms,biceps-curl,664,899,-185
arms,biceps-curl,669,812,-134
arms,biceps-curl,720,849,-120
arms,biceps-curl,808,852,-123
arms,biceps-curl,808,791,-163
arms,biceps-curl,810,768,-64
arms,biceps-curl,880,760,-64
arms,biceps-curl,848,744,0
arms,biceps-curl,887,659,-70
arms,biceps-curl,926,656,-80
arms,biceps-curl,921,693,-5
arms,biceps-curl,935,623,-29
arms,biceps-curl,929,559,-39
arms,biceps-curl,970,545,-33
arms,biceps-curl,962,530,-39
arms,biceps-curl,947,488,-47
arms,biceps-curl,951,460,-15
arms,biceps-curl,946,437,5
arms,biceps-curl,969,407,-79
arms,biceps-curl,964,418,17
arms,biceps-curl,972,389,-20
arms,biceps-curl,987,382,-8
arms,biceps-curl,986,373,53
arms,biceps-curl,995,336,29
arms,biceps-curl,1021,336,-50
arms,biceps-curl,1012,349,27
arms,biceps-curl,1015,327,-16
arms,biceps-curl,1029,331,-13
arms,biceps-curl,1027,358,0
arms,biceps-curl,1020,355,7
arms,biceps-curl,1012,335,23
arms,biceps-curl,1016,374,-1
arms,biceps-curl,1020,432,12
arms,biceps-curl,1031,429,9
arms,biceps-curl,1041,426,20
arms,biceps-curl,1032,476,58
arms,biceps-curl,1042,505,-17
arms,biceps-curl,1062,515,-99
arms,biceps-curl,1063,547,-52
arms,biceps-curl,1045,561,35
arms,biceps-curl,1032,590,37
arms,biceps-curl,1008,626,35
arms,biceps-curl,987,658,-9
arms,biceps-curl,969,691,-102
arms,biceps-curl,939,739,-60
arms,biceps-curl,898,792,-82
arms,biceps-curl,871,797,-96
arms,biceps-curl,832,818,-50
arms,biceps-curl,791,824,-82
arms,biceps-curl,743,827,-80
arms,biceps-curl,688,852,-188
arms,biceps-curl,636,921,-132
arms,biceps-curl,601,929,-215
arms,biceps-curl,540,940,-212
arms,biceps-curl,492,974,-242
arms,biceps-curl,429,943,-162
arms,biceps-curl,367,921,-212
arms,biceps-curl,343,944,-328
arms,biceps-curl,257,896,-312
arms,biceps-curl,178,935,-141
arms,biceps-curl,138,868,-387
arms,biceps-curl,39,849,-258
arms,biceps-curl,3,921,-255
arms,biceps-curl,-64,828,-370
arms,biceps-curl,-121,781,-342
arms,biceps-curl,-148,810,-275
arms,biceps-curl,-165,756,-284
arms,biceps-curl,-201,705,-275
arms,biceps-curl,-246,709,-208
arms,biceps-curl,-287,638,-266
arms,biceps-curl,-362,574,-179
arms,biceps-curl,-431,501,-197
arms,biceps-curl,-488,463,-359
arms,biceps-curl,-549,423,-332
arms,biceps-curl,-617,311,-242
arms,biceps-curl,-635,301,-274
arms,biceps-curl,-652,289,-426
arms,biceps-curl,-689,237,-372
arms,biceps-curl,-704,230,-329
arms,biceps-curl,-699,235,-431
arms,biceps-curl,-709,268,-443
arms,biceps-curl,-724,283,-378
arms,biceps-curl,-716,297,-385
arms,biceps-curl,-680,304,-448
arms,biceps-curl,-648,303,-434
arms,biceps-curl,-629,320,-391
arms,biceps-curl,-602,341,-428
arms,biceps-curl,-577,381,-430
arms,biceps-curl,-558,403,-371
arms,biceps-curl,-535,420,-361
arms,biceps-curl,-503,457,-382
arms,biceps-curl,-458,502,-351
arms,biceps-curl,-419,544,-321
arms,biceps-curl,-380,591,-426
arms,biceps-curl,-341,651,-407
arms,biceps-curl,-297,722,-352
arms,biceps-curl,-246,736,-378
arms,biceps-curl,-207,762,-371
arms,biceps-curl,-169,773,-328
arms,biceps-curl,-138,802,-321
arms,biceps-curl,-99,852,-296
arms,biceps-curl,-25,877,-336
arms,biceps-curl,17,905,-322
arms,biceps-curl,27,916,-221
arms,biceps-curl,52,953,-204
arms,biceps-curl,101,970,-251
arms,biceps-curl,170,990,-290
arms,biceps-curl,203,960,-180
arms,biceps-curl,296,968,-296
arms,biceps-curl,352,920,-72
arms,biceps-curl,352,920,-72
arms,biceps-curl,422,998,-95
arms,biceps-curl,454,1000,-96
arms,biceps-curl,516,970,-163
arms,biceps-curl,564,975,-88
arms,biceps-curl,611,955,-137
arms,biceps-curl,658,931,17
arms,biceps-curl,684,914,-15
arms,biceps-curl,701,825,-57
arms,biceps-curl,763,795,-90
arms,biceps-curl,808,811,-45
arms,biceps-curl,810,773,-20
arms,biceps-curl,802,730,-28
arms,biceps-curl,841,720,39
arms,biceps-curl,856,680,41
arms,biceps-curl,873,625,-7
arms,biceps-curl,891,592,-19
arms,biceps-curl,917,589,5
arms,biceps-curl,928,582,26
arms,biceps-curl,918,546,76
arms,biceps-curl,926,518,23
arms,biceps-curl,950,498,-37
arms,biceps-curl,964,475,-4
arms,biceps-curl,981,455,20
arms,biceps-curl,996,444,8
arms,biceps-curl,992,432,-12
arms,biceps-curl,992,420,-1
arms,biceps-curl,993,383,28
arms,biceps-curl,998,355,21
arms,biceps-curl,1016,361,15
arms,biceps-curl,1016,355,53
arms,biceps-curl,1019,354,59
arms,biceps-curl,1030,341,0
arms,biceps-curl,1032,331,27
arms,biceps-curl,1011,328,75
arms,biceps-curl,1002,342,49
arms,biceps-curl,1013,336,34
arms,biceps-curl,1024,349,74
arms,biceps-curl,1036,394,42
arms,biceps-curl,1072,419,23
arms,biceps-curl,1079,415,84
arms,biceps-curl,1105,472,12
arms,biceps-curl,1105,485,40
arms,biceps-curl,1068,553,75
arms,biceps-curl,1044,564,48
arms,biceps-curl,1014,596,39
arms,biceps-curl,997,635,-35
arms,biceps-curl,966,666,15
arms,biceps-curl,935,697,4
arms,biceps-curl,911,713,-63
arms,biceps-curl,887,760,-32
arms,biceps-curl,833,776,0
arms,biceps-curl,801,799,-47
arms,biceps-curl,777,823,-94
arms,biceps-curl,731,869,-44
arms,biceps-curl,713,872,-47
arms,biceps-curl,655,901,-141
arms,biceps-curl,634,904,-152
arms,biceps-curl,598,938,-166
arms,biceps-curl,552,964,-235
arms,biceps-curl,505,942,-131
arms,biceps-curl,439,917,-123
arms,biceps-curl,356,924,-147
arms,biceps-curl,300,922,-249
arms,biceps-curl,247,896,-280
arms,biceps-curl,186,905,-349
arms,biceps-curl,118,901,-309
arms,biceps-curl,74,912,-177
arms,biceps-curl,27,888,-207
arms,biceps-curl,-28,867,-279
arms,biceps-curl,-83,859,-296
arms,biceps-curl,-133,818,-263
arms,biceps-curl,-194,783,-194
arms,biceps-curl,-246,749,-200
arms,biceps-curl,-294,724,-202
arms,biceps-curl,-349,683,-238
arms,biceps-curl,-400,628,-268
arms,biceps-curl,-451,589,-232
arms,biceps-curl,-506,539,-261
arms,biceps-curl,-561,479,-290
arms,biceps-curl,-609,451,-242
arms,biceps-curl,-645,421,-242
arms,biceps-curl,-676,368,-289
arms,biceps-curl,-713,324,-255
arms,biceps-curl,-741,256,-221
arms,biceps-curl,-746,249,-246
arms,biceps-curl,-770,198,-374
arms,biceps-curl,-783,181,-366
arms,biceps-curl,-800,156,-358
arms,biceps-curl,-792,176,-348
arms,biceps-curl,-763,200,-361
arms,biceps-curl,-741,203,-430
arms,biceps-curl,-728,225,-360
arms,biceps-curl,-723,260,-359
arms,biceps-curl,-690,249,-351
arms,biceps-curl,-655,304,-332
arms,biceps-curl,-646,311,-252
arms,biceps-curl,-626,374,-299
arms,biceps-curl,-567,436,-400
arms,biceps-curl,-558,488,-285
arms,biceps-curl,-527,498,-230
arms,biceps-curl,-480,552,-432
arms,biceps-curl,-464,608,-368
arms,biceps-curl,-433,686,-407
arms,biceps-curl,-394,627,-446
arms,biceps-curl,-347,661,-366
arms,biceps-curl,-300,708,-433
arms,biceps-curl,-303,705,-419
arms,biceps-curl,-227,767,-437
arms,biceps-curl,-216,790,-447
arms,biceps-curl,-176,852,-268
arms,biceps-curl,-103,871,-343
arms,biceps-curl,-63,891,-381
arms,biceps-curl,-6,946,-316
arms,biceps-curl,32,948,-284
arms,biceps-curl,105,962,-215
arms,biceps-curl,185,951,-329
arms,biceps-curl,258,961,-328
arms,biceps-curl,291,973,-163
arms,biceps-curl,307,1013,-175
arms,biceps-curl,368,991,-129
arms,biceps-curl,415,963,-100
arms,biceps-curl,505,946,-232
arms,biceps-curl,574,941,-252
arms,biceps-curl,602,953,-163
arms,biceps-curl,642,921,-184
arms,biceps-curl,685,846,-195
arms,biceps-curl,720,804,-152
arms,biceps-curl,755,812,-163
arms,biceps-curl,802,795,-169
arms,biceps-curl,843,771,-103
arms,biceps-curl,866,757,-114
arms,biceps-curl,890,704,-177
arms,biceps-curl,910,671,-108
arms,biceps-curl,926,650,-158
arms,biceps-curl,933,648,-236
arms,biceps-curl,925,643,-129
arms,biceps-curl,915,600,-119
arms,biceps-curl,904,605,-226
arms,biceps-curl,908,588,-244
arms,biceps-curl,918,504,-176
arms,biceps-curl,914,464,-173
arms,biceps-curl,915,403,-87
arms,biceps-curl,895,384,-125
arms,biceps-curl,892,388,-207
arms,biceps-curl,916,412,-298
arms,biceps-curl,933,429,-157
arms,biceps-curl,909,405,-96
arms,biceps-curl,888,375,-228
arms,biceps-curl,888,362,-260
arms,biceps-curl,890,383,-200
arms,biceps-curl,920,369,-204
arms,biceps-curl,920,392,-81
arms,biceps-curl,952,352,-159
arms,biceps-curl,1030,399,-207
arms,biceps-curl,1047,385,-117
arms,biceps-curl,1055,369,-112
arms,biceps-curl,1041,383,-119
arms,biceps-curl,1047,413,-91
arms,biceps-curl,1083,472,-46
arms,biceps-curl,1088,528,8
arms,biceps-curl,1101,516,-17
arms,biceps-curl,1117,512,15
arms,biceps-curl,1107,569,-46
arms,biceps-curl,1079,572,-27
arms,biceps-curl,1042,580,14
arms,biceps-curl,1020,596,-17
arms,biceps-curl,982,629,2
arms,biceps-curl,951,662,44
arms,biceps-curl,922,710,-52
arms,biceps-curl,891,744,-109
arms,biceps-curl,839,767,-61
arms,biceps-curl,796,791,-32
arms,biceps-curl,765,790,-56
arms,biceps-curl,724,779,-95
arms,biceps-curl,677,803,-125
arms,biceps-curl,626,833,-136
arms,biceps-curl,575,882,-178
arms,biceps-curl,520,936,-236
arms,biceps-curl,469,937,-198
arms,biceps-curl,422,924,-184
arms,biceps-curl,381,932,-286
arms,biceps-curl,348,939,-293
arms,biceps-curl,297,931,-253
arms,biceps-curl,243,927,-314
arms,biceps-curl,185,943,-332
arms,biceps-curl,122,920,-268
arms,biceps-curl,62,881,-187
arms,biceps-curl,-3,832,-253
arms,biceps-curl,-82,825,-403
arms,biceps-curl,-153,795,-415
arms,biceps-curl,-244,752,-352
arms,biceps-curl,-315,723,-345
arms,biceps-curl,-365,699,-448
arms,biceps-curl,-420,665,-295
arms,biceps-curl,-445,588,-279
arms,biceps-curl,-477,528,-253
arms,biceps-curl,-507,528,-375
arms,biceps-curl,-530,526,-349
arms,biceps-curl,-546,514,-189
arms,biceps-curl,-568,532,-164
arms,biceps-curl,-571,478,-216
arms,biceps-curl,-633,439,-224
arms,biceps-curl,-672,408,-232
arms,biceps-curl,-720,344,-224
arms,biceps-curl,-720,344,-224
arms,biceps-curl,-751,290,-387
arms,biceps-curl,-798,204,-362
arms,biceps-curl,-815,170,-382
arms,biceps-curl,-860,161,-486
arms,biceps-curl,-857,139,-489
arms,biceps-curl,-807,143,-453
arms,biceps-curl,-780,151,-468
arms,biceps-curl,-749,192,-465
arms,biceps-curl,-731,167,-366
arms,biceps-curl,-703,204,-338
arms,biceps-curl,-665,253,-324
arms,biceps-curl,-620,306,-302
arms,biceps-curl,-620,349,-349
arms,biceps-curl,-578,446,-368
arms,biceps-curl,-549,513,-335
arms,biceps-curl,-517,533,-336
arms,biceps-curl,-493,562,-381
arms,biceps-curl,-473,607,-395
arms,biceps-curl,-454,609,-372
arms,biceps-curl,-424,643,-336
arms,biceps-curl,-385,686,-334
arms,biceps-curl,-346,723,-366
arms,biceps-curl,-315,744,-345
arms,biceps-curl,-275,761,-324
arms,biceps-curl,-232,820,-348
arms,biceps-curl,-208,883,-318
arms,biceps-curl,-189,904,-272
arms,biceps-curl,-151,932,-290
arms,biceps-curl,-90,978,-292
arms,biceps-curl,-38,973,-254
arms,biceps-curl,-3,959,-243
arms,biceps-curl,47,993,-219
arms,biceps-curl,94,1005,-171
arms,biceps-curl,136,997,-173
arms,biceps-curl,170,1021,-175
arms,biceps-curl,228,1058,-133
arms,biceps-curl,208,997,-20
arms,biceps-curl,302,1007,-95
arms,biceps-curl,342,951,-21
arms,biceps-curl,424,1009,-52
arms,biceps-curl,459,916,-80
arms,biceps-curl,476,887,-20
arms,biceps-curl,510,854,-96
arms,biceps-curl,592,933,-172
arms,biceps-curl,594,899,-35
arms,biceps-curl,612,798,-50
arms,biceps-curl,651,859,5
arms,biceps-curl,690,790,-28
arms,biceps-curl,728,751,47
arms,biceps-curl,744,704,8
arms,biceps-curl,792,680,40
arms,biceps-curl,846,719,17
arms,biceps-curl,878,644,31
arms,biceps-curl,895,595,2
arms,biceps-curl,932,636,15
arms,biceps-curl,950,561,-91
arms,biceps-curl,966,566,29
arms,biceps-curl,995,479,48
arms,biceps-curl,993,417,41
arms,biceps-curl,999,401,53
arms,biceps-curl,1006,394,5
arms,biceps-curl,1014,380,-8
arms,biceps-curl,1022,352,46
arms,biceps-curl,1024,320,52
arms,biceps-curl,1030,295,2
arms,biceps-curl,1032,266,34
arms,biceps-curl,1048,251,-9
arms,biceps-curl,1067,232,-8
arms,biceps-curl,1062,260,28
arms,biceps-curl,1061,245,15
arms,biceps-curl,1054,229,24
arms,biceps-curl,1034,227,77
arms,biceps-curl,1028,224,64
arms,biceps-curl,1036,224,45
arms,biceps-curl,1044,220,-2
arms,biceps-curl,1068,268,-32
arms,biceps-curl,1088,320,38
arms,biceps-curl,1106,305,36
arms,biceps-curl,1128,316,-38
arms,biceps-curl,1108,386,-96
arms,biceps-curl,1077,438,-120
arms,biceps-curl,1063,469,-75
arms,biceps-curl,1025,516,-36
arms,biceps-curl,973,550,-31
arms,biceps-curl,962,584,-155
arms,biceps-curl,977,629,-109
arms,biceps-curl,960,691,-41
arms,biceps-curl,960,680,-5
arms,biceps-curl,960,694,-62
arms,biceps-curl,951,734,-61
arms,biceps-curl,910,741,-75
arms,biceps-curl,866,798,-80
arms,biceps-curl,829,829,-191
arms,biceps-curl,768,858,-230
arms,biceps-curl,713,869,-253
arms,biceps-curl,661,852,-181
arms,biceps-curl,637,886,-223
arms,biceps-curl,604,868,-208
arms,biceps-curl,542,926,-108
arms,biceps-curl,510,896,-187
arms,biceps-curl,440,904,-296
arms,biceps-curl,392,896,-272
arms,biceps-curl,330,896,-179
arms,biceps-curl,260,873,-130
arms,biceps-curl,196,865,-307
arms,biceps-curl,141,879,-291
arms,biceps-curl,57,873,-110
arms,biceps-curl,-15,879,-116
arms,biceps-curl,-79,846,-195
arms,biceps-curl,-135,800,-248
arms,biceps-curl,-190,746,-171
arms,biceps-curl,-257,768,-279
arms,biceps-curl,-284,739,-256
arms,biceps-curl,-342,662,-234
arms,biceps-curl,-407,681,-220
arms,biceps-curl,-418,627,-371
arms,biceps-curl,-455,567,-304
arms,biceps-curl,-510,584,-102
arms,biceps-curl,-528,574,-195
arms,biceps-curl,-538,545,-275
arms,biceps-curl,-569,516,-208
arms,biceps-curl,-594,499,-158
arms,biceps-curl,-595,403,-226
arms,biceps-curl,-632,340,-289
arms,biceps-curl,-677,335,-283
arms,biceps-curl,-721,303,-268
arms,biceps-curl,-776,264,-312
arms,biceps-curl,-835,217,-322
arms,biceps-curl,-898,155,-306
arms,biceps-curl,-974,109,-329
arms,biceps-curl,-988,83,-360
arms,biceps-curl,-912,80,-365
arms,biceps-curl,-864,113,-300
arms,biceps-curl,-815,134,-314
arms,biceps-curl,-784,144,-282
arms,biceps-curl,-749,147,-232
arms,biceps-curl,-737,157,-221
arms,biceps-curl,-711,191,-257
arms,biceps-curl,-688,259,-307
arms,biceps-curl,-684,304,-274
arms,biceps-curl,-663,365,-302
arms,biceps-curl,-627,421,-371
arms,biceps-curl,-609,482,-318
arms,biceps-curl,-607,525,-195
arms,biceps-curl,-554,520,-339
arms,biceps-curl,-517,567,-394
arms,biceps-curl,-492,566,-355
arms,biceps-curl,-452,620,-385
arms,biceps-curl,-406,661,-478
arms,biceps-curl,-382,728,-444
arms,biceps-curl,-350,737,-361
arms,biceps-curl,-287,768,-385
arms,biceps-curl,-233,808,-471
arms,biceps-curl,-209,839,-278
arms,biceps-curl,-223,832,-120
arms,biceps-curl,-135,921,-321
arms,biceps-curl,-92,935,-336
arms,biceps-curl,-52,965,-193
arms,biceps-curl,15,982,-204
arms,biceps-curl,65,923,-365
arms,biceps-curl,119,965,-232
arms,biceps-curl,161,983,-167
arms,biceps-curl,187,952,-173
arms,biceps-curl,273,1006,-368
arms,biceps-curl,320,1000,-327
arms,biceps-curl,346,963,-84
arms,biceps-curl,386,923,-82
arms,biceps-curl,450,923,-196
arms,biceps-curl,510,928,-189
arms,biceps-curl,581,928,-115
arms,biceps-curl,664,948,-149
arms,biceps-curl,686,876,-115
arms,biceps-curl,680,824,24
arms,biceps-curl,712,815,56
arms,biceps-curl,754,786,81
arms,biceps-curl,777,716,81
arms,biceps-curl,792,672,31
arms,biceps-curl,804,640,40
arms,biceps-curl,839,616,33
arms,biceps-curl,887,613,66
arms,biceps-curl,915,579,112
arms,biceps-curl,945,539,62
arms,biceps-curl,974,514,64
arms,biceps-curl,993,492,82
arms,biceps-curl,1017,466,69
arms,biceps-curl,1032,440,61
arms,biceps-curl,1035,413,72
arms,biceps-curl,1040,414,80
arms,biceps-curl,1038,381,29
arms,biceps-curl,1026,339,46
arms,biceps-curl,1012,302,64
arms,biceps-curl,1022,289,59
arms,biceps-curl,1016,264,50
arms,biceps-curl,1017,264,82
arms,biceps-curl,1024,256,55
arms,biceps-curl,1024,211,42
arms,biceps-curl,1024,185,16
arms,biceps-curl,1026,192,70
arms,biceps-curl,1039,188,64
arms,biceps-curl,1033,150,148
arms,biceps-curl,1041,123,86
arms,biceps-curl,1056,179,55
arms,biceps-curl,1048,280,16
arms,biceps-curl,1064,256,-8
arms,biceps-curl,1064,256,-8
arms,biceps-curl,1072,272,77
arms,biceps-curl,1080,318,57
arms,biceps-curl,1102,350,-100
arms,biceps-curl,1082,388,27
arms,biceps-curl,1087,392,-3
arms,biceps-curl,1102,406,62
arms,biceps-curl,1097,469,24
arms,biceps-curl,1109,513,9
arms,biceps-curl,1145,540,-168
arms,biceps-curl,1076,582,-17
arms,biceps-curl,1037,573,-11
arms,biceps-curl,1026,610,-24
arms,biceps-curl,965,636,-12
arms,biceps-curl,904,640,-2
arms,biceps-curl,871,657,-67
arms,biceps-curl,826,675,-69
arms,biceps-curl,771,717,-19
arms,biceps-curl,732,772,-107
arms,biceps-curl,705,807,-188
arms,biceps-curl,658,869,-114
arms,biceps-curl,604,904,-65
arms,biceps-curl,562,926,-112
arms,biceps-curl,527,940,-183
arms,biceps-curl,483,957,-237
arms,biceps-curl,444,964,-268
arms,biceps-curl,409,967,-299
arms,biceps-curl,351,984,-243
arms,biceps-curl,287,970,-159
arms,biceps-curl,226,962,-185
arms,biceps-curl,145,953,-250
arms,biceps-curl,64,920,-312
arms,biceps-curl,12,905,-318
arms,biceps-curl,-35,888,-270
arms,biceps-curl,-104,894,-160
arms,biceps-curl,-151,865,-187
arms,biceps-curl,-202,850,-257
arms,biceps-curl,-261,833,-301
arms,biceps-curl,-312,766,-321
arms,biceps-curl,-371,762,-218
arms,biceps-curl,-416,756,-255
arms,biceps-curl,-451,693,-173
arms,biceps-curl,-475,612,-219
arms,biceps-curl,-524,620,-180
arms,biceps-curl,-512,544,-330
arms,biceps-curl,-571,479,-224
arms,biceps-curl,-604,409,-164
arms,biceps-curl,-642,419,-202
arms,biceps-curl,-664,344,-232
arms,biceps-curl,-673,334,-232
arms,biceps-curl,-712,279,-239
arms,biceps-curl,-752,225,-185
arms,biceps-curl,-783,154,-262
arms,biceps-curl,-814,129,-226
arms,biceps-curl,-838,106,-187
arms,biceps-curl,-869,68,-213
arms,biceps-curl,-986,-57,-359
arms,biceps-curl,-993,-44,-222
arms,biceps-curl,-958,-20,-241
arms,biceps-curl,-912,-3,-248
arms,biceps-curl,-884,-7,-189
arms,biceps-curl,-848,11,-240
arms,biceps-curl,-840,16,-144
arms,biceps-curl,-810,22,-203
arms,biceps-curl,-788,59,-279
arms,biceps-curl,-784,112,-325
arms,biceps-curl,-778,150,-286
arms,biceps-curl,-754,187,-302
arms,biceps-curl,-723,263,-288
arms,biceps-curl,-687,342,-287
arms,biceps-curl,-662,373,-296
arms,biceps-curl,-632,453,-296
arms,biceps-curl,-593,527,-310
arms,biceps-curl,-567,548,-293
arms,biceps-curl,-547,548,-328
arms,biceps-curl,-515,581,-401
arms,biceps-curl,-500,624,-368
arms,biceps-curl,-500,644,-312
arms,biceps-curl,-474,667,-338
arms,biceps-curl,-427,705,-322
arms,biceps-curl,-397,743,-247
arms,biceps-curl,-357,771,-234
arms,biceps-curl,-292,821,-257
arms,biceps-curl,-263,859,-240
arms,biceps-curl,-223,872,-206
arms,biceps-curl,-158,904,-251
arms,biceps-curl,-108,938,-263
arms,biceps-curl,-71,953,-253
arms,biceps-curl,-37,980,-209
arms,biceps-curl,2,1000,-266
arms,biceps-curl,36,1029,-213
arms,biceps-curl,66,1050,-176
arms,biceps-curl,143,1055,-183
arms,biceps-curl,179,1043,-203
arms,biceps-curl,200,1012,-140
arms,biceps-curl,251,993,-149
arms,biceps-curl,281,1000,-82
arms,biceps-curl,366,994,-167
arms,biceps-curl,427,931,-155
arms,biceps-curl,474,966,-91
arms,biceps-curl,521,919,-145
arms,biceps-curl,552,888,-184
arms,biceps-curl,624,936,-40
arms,biceps-curl,632,843,38
arms,biceps-curl,708,870,-44
arms,biceps-curl,757,850,-93
arms,biceps-curl,767,768,-45
arms,biceps-curl,825,760,-90
arms,biceps-curl,853,718,-131
arms,biceps-curl,876,678,-13
arms,biceps-curl,880,659,1
arms,biceps-curl,906,623,13
arms,biceps-curl,899,591,-48
arms,biceps-curl,908,559,-58
arms,biceps-curl,912,516,-14
arms,biceps-curl,941,498,-18
arms,biceps-curl,958,479,-76
arms,biceps-curl,960,455,-63
arms,biceps-curl,960,432,-43
arms,biceps-curl,965,387,-14
arms,biceps-curl,988,363,-20
arms,biceps-curl,1010,350,-32
arms,biceps-curl,1016,330,-13
arms,biceps-curl,1030,306,-19
arms,biceps-curl,1040,287,-1
arms,biceps-curl,1040,258,33
arms,biceps-curl,1048,236,19
arms,biceps-curl,1052,244,4
arms,biceps-curl,1048,248,-7
arms,biceps-curl,1033,233,-6
arms,biceps-curl,1023,224,-16
arms,biceps-curl,1035,224,-49
arms,biceps-curl,1027,234,-8
arms,biceps-curl,1017,245,19
arms,biceps-curl,1032,255,4
arms,biceps-curl,1037,296,24
arms,biceps-curl,1051,333,-16
arms,biceps-curl,1058,354,-30
arms,biceps-curl,1064,378,-15
arms,biceps-curl,1047,395,14
arms,biceps-curl,998,436,20
arms,biceps-curl,987,479,-20
arms,biceps-curl,973,507,-34
arms,biceps-curl,982,526,-40
arms,biceps-curl,933,553,-33
arms,biceps-curl,920,569,-4
arms,biceps-curl,921,621,-15
arms,biceps-curl,927,605,43
arms,biceps-curl,919,647,-3
arms,biceps-curl,903,638,-32
arms,biceps-curl,894,721,-35
arms,biceps-curl,863,745,-93
arms,biceps-curl,839,776,-1
arms,biceps-curl,761,816,-79
arms,biceps-curl,706,824,-72
arms,biceps-curl,643,900,-194
arms,biceps-curl,588,897,-185
arms,biceps-curl,555,925,-213
arms,biceps-curl,545,928,-123
arms,biceps-curl,516,921,-161
arms,biceps-curl,464,975,-86
arms,biceps-curl,436,1004,-299
arms,biceps-curl,399,975,-285
arms,biceps-curl,348,974,-196
arms,biceps-curl,299,976,-170
arms,biceps-curl,258,970,-174
arms,biceps-curl,177,950,-141
arms,biceps-curl,112,961,-197
arms,biceps-curl,46,957,-230
arms,biceps-curl,-3,941,-259
arms,biceps-curl,-69,920,-204
arms,biceps-curl,-127,932,-178
arms,biceps-curl,-164,904,-233
arms,biceps-curl,-209,866,-245
arms,biceps-curl,-251,842,-278
arms,biceps-curl,-286,823,-281
arms,biceps-curl,-321,803,-325
arms,biceps-curl,-378,763,-301
arms,biceps-curl,-444,732,-220
arms,biceps-curl,-487,724,-270
arms,biceps-curl,-530,705,-262
arms,biceps-curl,-567,660,-170
arms,biceps-curl,-579,617,-145
arms,biceps-curl,-587,589,-171
arms,biceps-curl,-601,548,-175
arms,biceps-curl,-631,511,-131
arms,biceps-curl,-648,469,-145
arms,biceps-curl,-642,435,-90
arms,biceps-curl,-664,396,-138
arms,biceps-curl,-671,361,-79
arms,biceps-curl,-686,352,-56
arms,biceps-curl,-688,354,-60
arms,biceps-curl,-723,284,-79
arms,biceps-curl,-767,262,-111
arms,biceps-curl,-802,209,-143
arms,biceps-curl,-860,145,-172
arms,biceps-curl,-933,121,-183
arms,biceps-curl,-1016,-44,-346
arms,biceps-curl,-1065,32,-254
arms,biceps-curl,-1004,-25,-304
arms,biceps-curl,-957,47,-295
arms,biceps-curl,-918,42,-177
arms,biceps-curl,-879,73,-192
arms,biceps-curl,-832,96,-192
arms,biceps-curl,-792,120,-264
arms,biceps-curl,-761,198,-303
arms,biceps-curl,-707,261,-220
arms,biceps-curl,-659,316,-276
arms,biceps-curl,-605,400,-258
arms,biceps-curl,-564,394,-199
arms,biceps-curl,-497,497,-192
arms,biceps-curl,-474,526,-363
arms,biceps-curl,-432,581,-272
arms,biceps-curl,-424,618,-261
arms,biceps-curl,-380,649,-353
arms,biceps-curl,-343,718,-413
arms,biceps-curl,-360,736,-364
arms,biceps-curl,-339,754,-315
arms,biceps-curl,-288,794,-361
arms,biceps-curl,-255,836,-362
arms,biceps-curl,-216,870,-282
arms,biceps-curl,-163,906,-358
arms,biceps-curl,-108,956,-370
arms,biceps-curl,-73,956,-304
arms,biceps-curl,-11,958,-266
arms,biceps-curl,61,987,-298
arms,biceps-curl,115,996,-239
arms,biceps-curl,171,988,-177
arms,biceps-curl,237,1001,-188
arms,biceps-curl,316,1024,-220
arms,biceps-curl,372,990,-213
arms,biceps-curl,402,951,-154
arms,biceps-curl,449,953,-146
arms,biceps-curl,493,934,-175
arms,biceps-curl,535,914,-139
arms,biceps-curl,589,895,-93
arms,biceps-curl,641,880,-143
arms,biceps-curl,688,872,-132
arms,biceps-curl,736,843,-61
arms,biceps-curl,785,801,-37
arms,biceps-curl,835,766,-15
arms,biceps-curl,870,749,-64
arms,biceps-curl,896,702,-38
arms,biceps-curl,931,648,-28
arms,biceps-curl,971,641,-31
arms,biceps-curl,984,609,-85
arms,biceps-curl,987,571,-65
arms,biceps-curl,1000,540,-16
arms,biceps-curl,1000,517,74
arms,biceps-curl,1002,493,24
arms,biceps-curl,1014,461,-39
arms,biceps-curl,991,431,-21
arms,biceps-curl,984,422,14
arms,biceps-curl,984,391,-14
arms,biceps-curl,1000,360,40
arms,biceps-curl,976,328,40
arms,biceps-curl,984,281,32
arms,biceps-curl,999,265,-14
arms,biceps-curl,1007,242,6
arms,biceps-curl,1037,225,37
arms,biceps-curl,1047,203,33
arms,biceps-curl,1062,214,32
arms,biceps-curl,1064,209,-9
arms,biceps-curl,1064,195,4
arms,biceps-curl,1064,192,34
arms,biceps-curl,1064,186,27
arms,biceps-curl,1058,196,30
arms,biceps-curl,1068,212,-28
arms,biceps-curl,1090,204,-89
arms,biceps-curl,1085,240,-24
arms,biceps-curl,1063,289,-25
arms,biceps-curl,1061,353,-8
arms,biceps-curl,1090,392,-13
arms,biceps-curl,1109,415,-24
arms,biceps-curl,1102,454,-49
arms,biceps-curl,1091,477,-35
arms,biceps-curl,1069,512,16
arms,biceps-curl,1038,549,-5
arms,biceps-curl,1002,590,16
arms,biceps-curl,972,624,27
arms,biceps-curl,948,640,-68
arms,biceps-curl,917,667,-74
arms,biceps-curl,892,706,28
arms,biceps-curl,874,724,-29
arms,biceps-curl,843,720,-134
arms,biceps-curl,801,730,-78
arms,biceps-curl,753,750,-107
arms,biceps-curl,702,772,-211
arms,biceps-curl,653,789,-299
arms,biceps-curl,617,805,-308
arms,biceps-curl,528,870,-180
arms,biceps-curl,458,920,-114
arms,biceps-curl,405,920,-177
arms,biceps-curl,340,916,-242
arms,biceps-curl,291,909,-298
arms,biceps-curl,236,940,-297
arms,biceps-curl,189,981,-291
arms,biceps-curl,164,967,-343
arms,biceps-curl,96,958,-165
arms,biceps-curl,46,934,-144
arms,biceps-curl,27,861,-404
arms,biceps-curl,-20,833,-299
arms,biceps-curl,-61,843,-253
arms,biceps-curl,-129,878,-329
arms,biceps-curl,-154,831,-342
arms,biceps-curl,-216,800,-288
arms,biceps-curl,-272,768,-360
arms,biceps-curl,-272,768,-360
arms,biceps-curl,-326,807,-290
arms,biceps-curl,-374,747,-265
arms,biceps-curl,-406,699,-294
arms,biceps-curl,-452,711,-478
arms,biceps-curl,-499,698,-332
arms,biceps-curl,-532,668,-340
arms,biceps-curl,-570,623,-324
arms,biceps-curl,-603,636,-293
arms,biceps-curl,-628,575,-281
arms,biceps-curl,-638,547,-375
arms,biceps-curl,-659,525,-257
arms,biceps-curl,-682,472,-288
arms,biceps-curl,-706,438,-265
arms,biceps-curl,-718,432,-225
arms,biceps-curl,-731,376,-222
arms,biceps-curl,-725,347,-278
arms,biceps-curl,-736,302,-225
arms,biceps-curl,-739,285,-189
arms,biceps-curl,-751,253,-212
arms,biceps-curl,-755,208,-152
arms,biceps-curl,-766,192,-90
arms,biceps-curl,-789,152,-102
arms,biceps-curl,-826,73,-137
arms,biceps-curl,-890,-26,-202
arms,biceps-curl,-980,-72,-228
arms,biceps-curl,-1009,-87,-266
arms,biceps-curl,-962,-90,-295
arms,biceps-curl,-915,-60,-217
arms,biceps-curl,-875,-39,-141
arms,biceps-curl,-843,-16,-133
arms,biceps-curl,-815,-7,-185
arms,biceps-curl,-803,17,-194
arms,biceps-curl,-800,59,-203
arms,biceps-curl,-774,135,-258
arms,biceps-curl,-750,191,-269
arms,biceps-curl,-733,217,-203
arms,biceps-curl,-683,265,-222
arms,biceps-curl,-618,346,-294
arms,biceps-curl,-589,389,-264
arms,biceps-curl,-544,440,-284
arms,biceps-curl,-508,485,-366
arms,biceps-curl,-484,556,-393
arms,biceps-curl,-460,623,-392
arms,biceps-curl,-436,666,-341
arms,biceps-curl,-401,685,-317
arms,biceps-curl,-342,732,-288
arms,biceps-curl,-318,773,-210
arms,biceps-curl,-293,849,-238
arms,biceps-curl,-239,872,-352
arms,biceps-curl,-215,888,-336
arms,biceps-curl,-137,904,-288
arms,biceps-curl,-113,951,-327
arms,biceps-curl,-66,937,-267
arms,biceps-curl,-19,988,-234
arms,biceps-curl,72,1014,-261
arms,biceps-curl,130,980,-200
arms,biceps-curl,185,990,-157
arms,biceps-curl,260,1040,-179
arms,biceps-curl,312,1028,-224
arms,biceps-curl,346,1024,-180
arms,biceps-curl,384,980,-104
arms,biceps-curl,435,980,-113
arms,biceps-curl,508,924,-150
arms,biceps-curl,540,904,-125
arms,biceps-curl,601,870,-118
arms,biceps-curl,669,878,-120
arms,biceps-curl,726,856,-142
arms,biceps-curl,781,814,-136
arms,biceps-curl,825,795,-87
arms,biceps-curl,875,748,-59
arms,biceps-curl,920,710,-23
arms,biceps-curl,950,658,5
arms,biceps-curl,964,611,-10
arms,biceps-curl,985,591,-59
arms,biceps-curl,1008,572,-42
arms,biceps-curl,1028,512,-8
arms,biceps-curl,1048,464,-24
arms,biceps-curl,1056,453,-14
arms,biceps-curl,1045,436,-13
arms,biceps-curl,1015,422,-30
arms,biceps-curl,979,405,-39
arms,biceps-curl,942,382,-78
arms,biceps-curl,892,355,-85
arms,biceps-curl,834,355,-69
arms,biceps-curl,779,331,-48
arms,biceps-curl,733,297,-46
arms,biceps-curl,672,273,-40
arms,biceps-curl,630,256,-38
arms,biceps-curl,628,252,-38
arms,biceps-curl,638,236,-45
arms,biceps-curl,629,221,-1
arms,biceps-curl,629,207,23
arms,biceps-curl,703,197,21
arms,biceps-curl,778,178,63
arms,biceps-curl,791,142,137
arms,biceps-curl,786,125,31
arms,biceps-curl,796,106,18
arms,biceps-curl,758,126,-38
arms,biceps-curl,729,93,-18
arms,biceps-curl,744,40,-47
arms,biceps-curl,728,40,0
