1272,368,56,biceps-curl,,,
1194,352,180,biceps-curl,,,
1192,329,138,biceps-curl,,,
1147,380,99,biceps-curl,,,
1122,406,23,biceps-curl,,,
1113,379,9,biceps-curl,,,
1084,369,120,biceps-curl,,,
1053,388,122,biceps-curl,,,
1041,332,153,biceps-curl,,,
1033,307,180,biceps-curl,,,
1007,329,146,biceps-curl,,,
975,336,86,biceps-curl,,,
932,330,138,biceps-curl,,,
920,316,154,biceps-curl,,,
886,283,169,biceps-curl,,,
855,278,154,biceps-curl,,,
837,264,106,biceps-curl,,,
821,256,77,biceps-curl,,,
806,261,103,biceps-curl,,,
795,239,90,biceps-curl,,,
778,219,67,biceps-curl,,,
763,230,110,biceps-curl,,,
769,240,81,biceps-curl,,,
789,257,54,biceps-curl,,,
779,326,68,biceps-curl,,,
764,380,24,biceps-curl,,,
799,392,-16,biceps-curl,,,
843,422,-27,biceps-curl,,,
860,437,-44,biceps-curl,,,
844,431,-21,biceps-curl,,,
803,450,-13,biceps-curl,,,
772,473,-102,biceps-curl,,,
749,491,-150,biceps-curl,,,
736,491,-74,biceps-curl,,,
720,480,-6,biceps-curl,,,
715,473,-23,biceps-curl,,,
695,458,-82,biceps-curl,,,
668,477,-14,biceps-curl,,,
658,522,-40,biceps-curl,,,
662,559,-59,biceps-curl,,,
651,604,-48,biceps-curl,,,
636,687,-81,biceps-curl,,,
660,716,-81,biceps-curl,,,
685,692,-35,biceps-curl,,,
722,665,39,biceps-curl,,,
801,617,45,biceps-curl,,,
877,628,161,biceps-curl,,,
931,663,253,biceps-curl,,,
975,650,213,biceps-curl,,,
959,698,313,biceps-curl,,,
936,760,345,biceps-curl,,,
928,768,415,biceps-curl,,,
866,752,470,biceps-curl,,,
834,805,495,biceps-curl,,,
787,838,518,biceps-curl,,,
748,833,556,biceps-curl,,,
708,832,517,biceps-curl,,,
676,846,533,biceps-curl,,,
638,882,570,biceps-curl,,,
612,888,596,biceps-curl,,,
582,895,613,biceps-curl,,,
557,934,667,biceps-curl,,,
527,919,699,biceps-curl,,,
514,912,710,biceps-curl,,,
500,936,671,biceps-curl,,,
473,955,593,biceps-curl,,,
436,960,640,biceps-curl,,,
392,944,661,biceps-curl,,,
344,910,661,biceps-curl,,,
287,901,593,biceps-curl,,,
205,914,567,biceps-curl,,,
115,925,600,biceps-curl,,,
52,909,551,biceps-curl,,,
-4,833,464,biceps-curl,,,
-71,767,441,biceps-curl,,,
-133,731,419,biceps-curl,,,
-208,704,368,biceps-curl,,,
-291,681,336,biceps-curl,,,
-361,660,365,biceps-curl,,,
-407,645,394,biceps-curl,,,
-426,612,288,biceps-curl,,,
-459,565,181,biceps-curl,,,
-497,508,191,biceps-curl,,,
-521,444,153,biceps-curl,,,
-547,375,131,biceps-curl,,,
-586,304,111,biceps-curl,,,
-641,261,-23,biceps-curl,,,
-698,195,-72,biceps-curl,,,
-742,173,-144,biceps-curl,,,
-736,142,-232,biceps-curl,,,
-741,136,-245,biceps-curl,,,
-760,131,-257,biceps-curl,,,
-751,115,-146,biceps-curl,,,
-715,131,-184,biceps-curl,,,
-723,151,-151,biceps-curl,,,
-697,194,-179,biceps-curl,,,
-703,217,-75,biceps-curl,,,
-695,289,21,biceps-curl,,,
-679,307,-89,biceps-curl,,,
-672,355,10,biceps-curl,,,
-663,409,52,biceps-curl,,,
-624,456,168,biceps-curl,,,
-592,512,160,biceps-curl,,,
-592,512,160,biceps-curl,,,
-561,582,292,biceps-curl,,,
-537,546,304,biceps-curl,,,
-476,641,244,biceps-curl,,,
-494,699,211,biceps-curl,,,
-482,675,258,biceps-curl,,,
-431,700,250,biceps-curl,,,
-383,868,412,biceps-curl,,,
-309,903,453,biceps-curl,,,
-289,865,495,biceps-curl,,,
-224,881,364,biceps-curl,,,
-152,956,427,biceps-curl,,,
-94,934,522,biceps-curl,,,
-74,955,491,biceps-curl,,,
-61,968,518,biceps-curl,,,
16,990,547,biceps-curl,,,
43,1038,579,biceps-curl,,,
103,1009,545,biceps-curl,,,
167,969,561,biceps-curl,,,
214,975,638,biceps-curl,,,
261,984,662,biceps-curl,,,
322,965,656,biceps-curl,,,
348,921,652,biceps-curl,,,
387,887,609,biceps-curl,,,
441,843,572,biceps-curl,,,
456,788,640,biceps-curl,,,
479,749,708,biceps-curl,,,
515,717,619,biceps-curl,,,
542,715,527,biceps-curl,,,
590,728,573,biceps-curl,,,
632,702,647,biceps-curl,,,
641,652,668,biceps-curl,,,
671,629,613,biceps-curl,,,
712,629,494,biceps-curl,,,
754,650,405,biceps-curl,,,
771,655,458,biceps-curl,,,
767,614,475,biceps-curl,,,
790,600,468,biceps-curl,,,
822,596,480,biceps-curl,,,
873,654,487,biceps-curl,,,
916,643,491,biceps-curl,,,
960,624,424,biceps-curl,,,
967,624,492,biceps-curl,,,
1000,619,480,biceps-curl,,,
999,591,534,biceps-curl,,,
989,587,573,biceps-curl,,,
964,619,547,biceps-curl,,,
916,648,582,biceps-curl,,,
852,651,664,biceps-curl,,,
783,704,671,biceps-curl,,,
743,720,641,biceps-curl,,,
689,736,695,biceps-curl,,,
665,728,649,biceps-curl,,,
611,751,755,biceps-curl,,,
615,767,730,biceps-curl,,,
594,761,728,biceps-curl,,,
578,767,699,biceps-curl,,,
548,782,724,biceps-curl,,,
503,798,755,biceps-curl,,,
456,780,780,biceps-curl,,,
422,769,784,biceps-curl,,,
372,781,809,biceps-curl,,,
323,803,785,biceps-curl,,,
282,802,776,biceps-curl,,,
213,806,747,biceps-curl,,,
135,802,810,biceps-curl,,,
84,789,779,biceps-curl,,,
29,779,741,biceps-curl,,,
-13,776,662,biceps-curl,,,
-55,756,670,biceps-curl,,,
-107,739,701,biceps-curl,,,
-166,731,623,biceps-curl,,,
-215,696,503,biceps-curl,,,
-272,659,469,biceps-curl,,,
-339,618,454,biceps-curl,,,
-405,613,465,biceps-curl,,,
-452,596,464,biceps-curl,,,
-487,560,436,biceps-curl,,,
-530,556,462,biceps-curl,,,
-552,534,386,biceps-curl,,,
-572,509,229,biceps-curl,,,
-603,481,224,biceps-curl,,,
-629,442,275,biceps-curl,,,
-655,397,216,biceps-curl,,,
-645,317,57,biceps-curl,,,
-659,267,-9,biceps-curl,,,
-669,238,13,biceps-curl,,,
-682,241,-46,biceps-curl,,,
-690,260,-25,biceps-curl,,,
-702,240,-11,biceps-curl,,,
-720,212,-94,biceps-curl,,,
-722,202,-95,biceps-curl,,,
-734,207,-108,biceps-curl,,,
-760,207,-53,biceps-curl,,,
-760,241,-39,biceps-curl,,,
-760,251,-32,biceps-curl,,,
-762,275,-23,biceps-curl,,,
-772,309,55,biceps-curl,,,
-725,363,53,biceps-curl,,,
-688,403,122,biceps-curl,,,
-679,456,152,biceps-curl,,,
-648,448,144,biceps-curl,,,
-616,488,272,biceps-curl,,,
-569,581,350,biceps-curl,,,
-545,599,352,biceps-curl,,,
-499,578,307,biceps-curl,,,
-489,649,406,biceps-curl,,,
-452,656,516,biceps-curl,,,
-427,635,416,biceps-curl,,,
-397,659,393,biceps-curl,,,
-352,751,439,biceps-curl,,,
-266,781,520,biceps-curl,,,
-216,816,587,biceps-curl,,,
-134,892,575,biceps-curl,,,
-100,888,592,biceps-curl,,,
-55,933,635,biceps-curl,,,
6,969,648,biceps-curl,,,
30,926,620,biceps-curl,,,
32,909,619,biceps-curl,,,
111,923,571,biceps-curl,,,
167,913,631,biceps-curl,,,
186,879,695,biceps-curl,,,
240,883,690,biceps-curl,,,
300,887,699,biceps-curl,,,
342,849,708,biceps-curl,,,
369,811,652,biceps-curl,,,
397,792,683,biceps-curl,,,
440,748,700,biceps-curl,,,
491,716,656,biceps-curl,,,
553,705,623,biceps-curl,,,
606,681,611,biceps-curl,,,
637,672,656,biceps-curl,,,
662,672,637,biceps-curl,,,
703,657,590,biceps-curl,,,
752,623,577,biceps-curl,,,
757,597,581,biceps-curl,,,
760,576,505,biceps-curl,,,
751,581,439,biceps-curl,,,
779,585,400,biceps-curl,,,
814,564,419,biceps-curl,,,
838,550,496,biceps-curl,,,
863,537,545,biceps-curl,,,
901,510,436,biceps-curl,,,
961,511,340,biceps-curl,,,
1003,545,412,biceps-curl,,,
1011,552,526,biceps-curl,,,
982,557,601,biceps-curl,,,
965,593,550,biceps-curl,,,
931,599,532,biceps-curl,,,
877,587,491,biceps-curl,,,
838,624,537,biceps-curl,,,
799,631,553,biceps-curl,,,
760,600,592,biceps-curl,,,
752,632,544,biceps-curl,,,
721,655,629,biceps-curl,,,
720,664,594,biceps-curl,,,
698,671,674,biceps-curl,,,
689,679,702,biceps-curl,,,
659,709,718,biceps-curl,,,
642,712,685,biceps-curl,,,
633,726,639,biceps-curl,,,
579,755,732,biceps-curl,,,
561,760,739,biceps-curl,,,
522,741,793,biceps-curl,,,
481,748,752,biceps-curl,,,
436,746,772,biceps-curl,,,
389,738,772,biceps-curl,,,
342,742,814,biceps-curl,,,
289,772,737,biceps-curl,,,
240,773,728,biceps-curl,,,
198,757,791,biceps-curl,,,
159,742,750,biceps-curl,,,
109,716,727,biceps-curl,,,
64,714,760,biceps-curl,,,
2,706,674,biceps-curl,,,
-54,696,636,biceps-curl,,,
-102,696,599,biceps-curl,,,
-161,659,573,biceps-curl,,,
-232,636,620,biceps-curl,,,
-295,621,617,biceps-curl,,,
-342,585,577,biceps-curl,,,
-386,565,574,biceps-curl,,,
-428,532,531,biceps-curl,,,
-466,491,419,biceps-curl,,,
-498,472,413,biceps-curl,,,
-540,478,484,biceps-curl,,,
-571,474,477,biceps-curl,,,
-595,438,390,biceps-curl,,,
-610,426,291,biceps-curl,,,
-639,439,226,biceps-curl,,,
-664,410,249,biceps-curl,,,
-694,384,251,biceps-curl,,,
-716,335,99,biceps-curl,,,
-738,253,59,biceps-curl,,,
-775,265,73,biceps-curl,,,
-764,225,63,biceps-curl,,,
-743,194,-16,biceps-curl,,,
-741,210,50,biceps-curl,,,
-773,227,163,biceps-curl,,,
-742,257,53,biceps-curl,,,
-722,273,44,biceps-curl,,,
-750,282,318,biceps-curl,,,
-711,328,285,biceps-curl,,,
-680,336,184,biceps-curl,,,
-672,344,368,biceps-curl,,,
-672,344,368,biceps-curl,,,
-664,383,469,biceps-curl,,,
-611,468,396,biceps-curl,,,
-578,427,481,biceps-curl,,,
-576,453,466,biceps-curl,,,
-533,563,571,biceps-curl,,,
-535,541,591,biceps-curl,,,
-522,563,626,biceps-curl,,,
-480,621,505,biceps-curl,,,
-420,645,428,biceps-curl,,,
-414,673,588,biceps-curl,,,
-373,649,632,biceps-curl,,,
-269,664,638,biceps-curl,,,
-222,690,699,biceps-curl,,,
-216,662,737,biceps-curl,,,
-138,726,744,biceps-curl,,,
-88,738,706,biceps-curl,,,
-64,686,767,biceps-curl,,,
-36,710,798,biceps-curl,,,
35,771,738,biceps-curl,,,
86,782,771,biceps-curl,,,
91,730,830,biceps-curl,,,
106,723,840,biceps-curl,,,
159,744,810,biceps-curl,,,
204,715,809,biceps-curl,,,
240,684,796,biceps-curl,,,
302,688,745,biceps-curl,,,
351,700,769,biceps-curl,,,
388,672,812,biceps-curl,,,
441,642,832,biceps-curl,,,
461,650,841,biceps-curl,,,
484,640,750,biceps-curl,,,
548,634,665,biceps-curl,,,
589,608,694,biceps-curl,,,
605,573,736,biceps-curl,,,
633,558,724,biceps-curl,,,
681,527,615,biceps-curl,,,
698,508,573,biceps-curl,,,
700,522,514,biceps-curl,,,
771,524,507,biceps-curl,,,
808,510,564,biceps-curl,,,
812,503,619,biceps-curl,,,
843,493,519,biceps-curl,,,
896,482,473,biceps-curl,,,
899,498,492,biceps-curl,,,
917,509,574,biceps-curl,,,
897,485,552,biceps-curl,,,
903,457,471,biceps-curl,,,
886,464,454,biceps-curl,,,
849,465,422,biceps-curl,,,
880,488,345,biceps-curl,,,
888,488,431,biceps-curl,,,
872,457,580,biceps-curl,,,
902,486,493,biceps-curl,,,
979,510,391,biceps-curl,,,
969,585,464,biceps-curl,,,
932,606,572,biceps-curl,,,
914,615,549,biceps-curl,,,
864,609,605,biceps-curl,,,
809,615,649,biceps-curl,,,
761,636,617,biceps-curl,,,
746,646,665,biceps-curl,,,
738,660,761,biceps-curl,,,
730,676,699,biceps-curl,,,
681,656,701,biceps-curl,,,
653,642,701,biceps-curl,,,
620,651,763,biceps-curl,,,
576,629,781,biceps-curl,,,
539,621,676,biceps-curl,,,
477,644,736,biceps-curl,,,
438,656,790,biceps-curl,,,
399,642,794,biceps-curl,,,
357,632,786,biceps-curl,,,
313,654,745,biceps-curl,,,
271,681,767,biceps-curl,,,
227,700,850,biceps-curl,,,
180,704,848,biceps-curl,,,
141,696,785,biceps-curl,,,
94,703,786,biceps-curl,,,
36,716,837,biceps-curl,,,
-10,713,810,biceps-curl,,,
-56,701,749,biceps-curl,,,
-119,681,771,biceps-curl,,,
-161,636,721,biceps-curl,,,
-217,611,597,biceps-curl,,,
-282,642,562,biceps-curl,,,
-337,669,641,biceps-curl,,,
-374,680,679,biceps-curl,,,
-383,672,528,biceps-curl,,,
-428,630,502,biceps-curl,,,
-451,572,494,biceps-curl,,,
-496,552,480,biceps-curl,,,
-535,516,467,biceps-curl,,,
-569,499,531,biceps-curl,,,
-576,510,412,biceps-curl,,,
-578,496,348,biceps-curl,,,
-595,487,369,biceps-curl,,,
-622,408,308,biceps-curl,,,
-603,325,263,biceps-curl,,,
-641,287,244,biceps-curl,,,
-656,262,154,biceps-curl,,,
-664,192,-40,biceps-curl,,,
-688,184,64,biceps-curl,,,
-696,207,25,biceps-curl,,,
-704,208,-6,biceps-curl,,,
-689,230,14,biceps-curl,,,
-703,239,140,biceps-curl,,,
-704,240,116,biceps-curl,,,
-725,268,182,biceps-curl,,,
-728,299,172,biceps-curl,,,
-735,324,275,biceps-curl,,,
-723,380,257,biceps-curl,,,
-707,436,343,biceps-curl,,,
-636,442,306,biceps-curl,,,
-622,410,409,biceps-curl,,,
-565,476,419,biceps-curl,,,
-527,544,454,biceps-curl,,,
-498,538,472,biceps-curl,,,
-488,647,580,biceps-curl,,,
-488,672,606,biceps-curl,,,
-452,666,516,biceps-curl,,,
-412,721,521,biceps-curl,,,
-405,733,633,biceps-curl,,,
-357,720,637,biceps-curl,,,
-298,747,587,biceps-curl,,,
-250,794,606,biceps-curl,,,
-203,783,674,biceps-curl,,,
-144,776,712,biceps-curl,,,
-108,808,731,biceps-curl,,,
-71,790,741,biceps-curl,,,
-6,746,647,biceps-curl,,,
33,765,632,biceps-curl,,,
104,787,710,biceps-curl,,,
188,744,697,biceps-curl,,,
202,793,779,biceps-curl,,,
230,847,737,biceps-curl,,,
312,766,679,biceps-curl,,,
323,755,797,biceps-curl,,,
353,791,849,biceps-curl,,,
452,726,683,biceps-curl,,,
434,728,724,biceps-curl,,,
441,736,720,biceps-curl,,,
535,678,630,biceps-curl,,,
567,671,775,biceps-curl,,,
609,655,604,biceps-curl,,,
664,607,485,biceps-curl,,,
712,598,604,biceps-curl,,,
715,584,574,biceps-curl,,,
738,582,564,biceps-curl,,,
761,558,593,biceps-curl,,,
769,534,506,biceps-curl,,,
793,496,542,biceps-curl,,,
824,504,480,biceps-curl,,,
824,520,472,biceps-curl,,,
863,504,418,biceps-curl,,,
872,496,538,biceps-curl,,,
872,459,499,biceps-curl,,,
923,434,365,biceps-curl,,,
971,439,345,biceps-curl,,,
990,426,400,biceps-curl,,,
992,431,435,biceps-curl,,,
1012,452,373,biceps-curl,,,
1016,449,393,biceps-curl,,,
1016,448,406,biceps-curl,,,
1004,460,451,biceps-curl,,,
988,470,446,biceps-curl,,,
972,507,446,biceps-curl,,,
962,514,522,biceps-curl,,,
954,540,468,biceps-curl,,,
914,557,464,biceps-curl,,,
885,581,533,biceps-curl,,,
849,597,601,biceps-curl,,,
783,635,639,biceps-curl,,,
747,656,624,biceps-curl,,,
716,675,659,biceps-curl,,,
669,679,660,biceps-curl,,,
639,663,684,biceps-curl,,,
620,652,732,biceps-curl,,,
592,652,748,biceps-curl,,,
576,671,710,biceps-curl,,,
558,692,715,biceps-curl,,,
522,692,770,biceps-curl,,,
494,698,732,biceps-curl,,,
457,712,772,biceps-curl,,,
412,718,854,biceps-curl,,,
372,731,792,biceps-curl,,,
325,747,766,biceps-curl,,,
286,771,834,biceps-curl,,,
229,769,844,biceps-curl,,,
170,759,800,biceps-curl,,,
119,770,739,biceps-curl,,,
56,744,692,biceps-curl,,,
-8,720,694,biceps-curl,,,
-80,720,597,biceps-curl,,,
-156,719,677,biceps-curl,,,
-215,703,656,biceps-curl,,,
-254,652,615,biceps-curl,,,
-293,632,604,biceps-curl,,,
-332,633,568,biceps-curl,,,
-372,636,507,biceps-curl,,,
-410,599,532,biceps-curl,,,
-432,582,475,biceps-curl,,,
-426,552,524,biceps-curl,,,
-488,544,392,biceps-curl,,,
-520,512,328,biceps-curl,,,
-520,512,328,biceps-curl,,,
-574,489,312,biceps-curl,,,
-629,480,350,biceps-curl,,,
-647,428,322,biceps-curl,,,
-699,388,181,biceps-curl,,,
-711,341,89,biceps-curl,,,
-733,308,129,biceps-curl,,,
-770,277,61,biceps-curl,,,
-783,252,-105,biceps-curl,,,
-784,228,-45,biceps-curl,,,
-771,224,-11,biceps-curl,,,
-756,205,-14,biceps-curl,,,
-722,212,-64,biceps-curl,,,
-724,192,44,biceps-curl,,,
-717,224,59,biceps-curl,,,
-695,257,26,biceps-curl,,,
-688,286,92,biceps-curl,,,
-688,270,117,biceps-curl,,,
-673,292,143,biceps-curl,,,
-654,332,145,biceps-curl,,,
-648,382,270,biceps-curl,,,
-634,422,286,biceps-curl,,,
-624,459,357,biceps-curl,,,
-615,506,469,biceps-curl,,,
-600,536,438,biceps-curl,,,
-576,576,416,biceps-curl,,,
-545,620,440,biceps-curl,,,
-521,647,422,biceps-curl,,,
-487,692,431,biceps-curl,,,
-443,715,507,biceps-curl,,,
-414,706,557,biceps-curl,,,
-376,735,552,biceps-curl,,,
-324,777,570,biceps-curl,,,
-282,824,667,biceps-curl,,,
-214,846,679,biceps-curl,,,
-148,817,718,biceps-curl,,,
-106,814,744,biceps-curl,,,
-53,827,788,biceps-curl,,,
2,774,601,biceps-curl,,,
22,814,736,biceps-curl,,,
87,872,854,biceps-curl,,,
153,817,592,biceps-curl,,,
191,845,720,biceps-curl,,,
198,799,826,biceps-curl,,,
282,829,753,biceps-curl,,,
301,748,811,biceps-curl,,,
348,712,767,biceps-curl,,,
393,707,754,biceps-curl,,,
402,639,784,biceps-curl,,,
434,617,787,biceps-curl,,,
496,656,617,biceps-curl,,,
488,656,703,biceps-curl,,,
581,633,665,biceps-curl,,,
554,624,664,biceps-curl,,,
597,617,604,biceps-curl,,,
688,580,651,biceps-curl,,,
696,576,642,biceps-curl,,,
696,576,577,biceps-curl,,,
737,576,548,biceps-curl,,,
791,543,564,biceps-curl,,,
780,510,581,biceps-curl,,,
808,491,520,biceps-curl,,,
816,482,492,biceps-curl,,,
846,510,488,biceps-curl,,,
856,520,470,biceps-curl,,,
856,491,424,biceps-curl,,,
884,474,419,biceps-curl,,,
896,477,413,biceps-curl,,,
922,469,403,biceps-curl,,,
956,454,415,biceps-curl,,,
993,463,439,biceps-curl,,,
1013,467,386,biceps-curl,,,
1025,478,376,biceps-curl,,,
1050,501,463,biceps-curl,,,
1060,525,512,biceps-curl,,,
1035,540,524,biceps-curl,,,
1004,552,524,biceps-curl,,,
961,568,524,biceps-curl,,,
906,605,540,biceps-curl,,,
859,647,544,biceps-curl,,,
812,646,554,biceps-curl,,,
755,638,581,biceps-curl,,,
703,645,609,biceps-curl,,,
688,634,609,biceps-curl,,,
677,629,595,biceps-curl,,,
653,648,632,biceps-curl,,,
643,662,666,biceps-curl,,,
618,661,679,biceps-curl,,,
584,676,704,biceps-curl,,,
576,678,736,biceps-curl,,,
547,653,746,biceps-curl,,,
520,669,732,biceps-curl,,,
476,659,838,biceps-curl,,,
409,680,697,biceps-curl,,,
329,724,753,biceps-curl,,,
282,749,813,biceps-curl,,,
235,788,839,biceps-curl,,,
186,823,768,biceps-curl,,,
127,804,764,biceps-curl,,,
109,744,702,biceps-curl,,,
55,744,673,biceps-curl,,,
8,736,720,biceps-curl,,,
-24,736,664,biceps-curl,,,
-78,759,726,biceps-curl,,,
-126,745,652,biceps-curl,,,
-165,751,633,biceps-curl,,,
-204,708,559,biceps-curl,,,
-279,718,652,biceps-curl,,,
-309,671,594,biceps-curl,,,
-353,664,509,biceps-curl,,,
-413,697,516,biceps-curl,,,
-457,619,527,biceps-curl,,,
-483,581,509,biceps-curl,,,
-519,582,454,biceps-curl,,,
-558,560,537,biceps-curl,,,
-580,528,386,biceps-curl,,,
-601,503,394,biceps-curl,,,
-602,468,379,biceps-curl,,,
-622,429,263,biceps-curl,,,
-637,390,232,biceps-curl,,,
-665,371,291,biceps-curl,,,
-680,358,261,biceps-curl,,,
-680,366,205,biceps-curl,,,
-699,357,160,biceps-curl,,,
-712,331,140,biceps-curl,,,
-725,290,131,biceps-curl,,,
-753,231,99,biceps-curl,,,
-780,192,12,biceps-curl,,,
-819,176,-83,biceps-curl,,,
-859,172,-101,biceps-curl,,,
-868,190,-70,biceps-curl,,,
-864,198,-4,biceps-curl,,,
-845,207,66,biceps-curl,,,
-810,249,101,biceps-curl,,,
-785,267,174,biceps-curl,,,
-738,297,226,biceps-curl,,,
-678,362,203,biceps-curl,,,
-633,412,242,biceps-curl,,,
-611,481,386,biceps-curl,,,
-581,584,480,biceps-curl,,,
-516,588,313,biceps-curl,,,
-480,602,488,biceps-curl,,,
-467,608,696,biceps-curl,,,
-410,611,531,biceps-curl,,,
-385,628,495,biceps-curl,,,
-393,649,604,biceps-curl,,,
-392,659,592,biceps-curl,,,
-331,683,663,biceps-curl,,,
-287,716,789,biceps-curl,,,
-276,755,835,biceps-curl,,,
-214,681,759,biceps-curl,,,
-174,698,738,biceps-curl,,,
-119,768,816,biceps-curl,,,
-65,720,824,biceps-curl,,,
-25,704,840,biceps-curl,,,
14,689,901,biceps-curl,,,
38,673,807,biceps-curl,,,
40,672,815,biceps-curl,,,
147,658,845,biceps-curl,,,
139,649,953,biceps-curl,,,
191,662,927,biceps-curl,,,
267,611,833,biceps-curl,,,
280,593,855,biceps-curl,,,
293,567,896,biceps-curl,,,
346,548,817,biceps-curl,,,
390,568,713,biceps-curl,,,
400,600,741,biceps-curl,,,
440,574,771,biceps-curl,,,
484,549,843,biceps-curl,,,
501,549,764,biceps-curl,,,
551,531,665,biceps-curl,,,
596,515,701,biceps-curl,,,
593,472,756,biceps-curl,,,
613,458,706,biceps-curl,,,
678,469,632,biceps-curl,,,
734,468,608,biceps-curl,,,
782,468,612,biceps-curl,,,
825,472,587,biceps-curl,,,
868,464,556,biceps-curl,,,
888,464,617,biceps-curl,,,
902,472,588,biceps-curl,,,
946,461,468,biceps-curl,,,
958,435,494,biceps-curl,,,
944,429,501,biceps-curl,,,
953,445,436,biceps-curl,,,
959,437,436,biceps-curl,,,
944,432,477,biceps-curl,,,
941,435,504,biceps-curl,,,
946,438,512,biceps-curl,,,
963,434,465,biceps-curl,,,
952,446,501,biceps-curl,,,
956,472,534,biceps-curl,,,
964,509,519,biceps-curl,,,
947,554,496,biceps-curl,,,
921,559,555,biceps-curl,,,
884,549,668,biceps-curl,,,
853,537,662,biceps-curl,,,
787,545,727,biceps-curl,,,
747,553,600,biceps-curl,,,
701,561,546,biceps-curl,,,
668,578,657,biceps-curl,,,
607,600,772,biceps-curl,,,
582,591,703,biceps-curl,,,
520,552,672,biceps-curl,,,
496,584,744,biceps-curl,,,
496,584,744,biceps-curl,,,
473,623,783,biceps-curl,,,
480,632,845,biceps-curl,,,
443,639,803,biceps-curl,,,
433,655,815,biceps-curl,,,
418,656,823,biceps-curl,,,
388,691,803,biceps-curl,,,
350,703,882,biceps-curl,,,
304,697,843,biceps-curl,,,
244,716,806,biceps-curl,,,
156,720,787,biceps-curl,,,
93,757,772,biceps-curl,,,
26,762,853,biceps-curl,,,
2,736,845,biceps-curl,,,
-29,739,861,biceps-curl,,,
-73,738,761,biceps-curl,,,
-104,725,766,biceps-curl,,,
-128,731,834,biceps-curl,,,
-156,721,820,biceps-curl,,,
-178,687,756,biceps-curl,,,
-217,667,742,biceps-curl,,,
-263,673,761,biceps-curl,,,
-298,649,696,biceps-curl,,,
-325,615,653,biceps-curl,,,
-365,608,689,biceps-curl,,,
-412,592,712,biceps-curl,,,
-428,564,612,biceps-curl,,,
-461,537,500,biceps-curl,,,
-504,516,531,biceps-curl,,,
-511,502,536,biceps-curl,,,
-533,424,374,biceps-curl,,,
-567,331,240,biceps-curl,,,
-609,330,286,biceps-curl,,,
-651,315,321,biceps-curl,,,
-669,286,283,biceps-curl,,,
-679,241,65,biceps-curl,,,
-717,224,31,biceps-curl,,,
-747,224,172,biceps-curl,,,
-796,224,184,biceps-curl,,,
-784,210,191,biceps-curl,,,
-787,153,183,biceps-curl,,,
-801,125,31,biceps-curl,,,
-811,112,-79,biceps-curl,,,
-833,107,-68,biceps-curl,,,
-888,80,-52,biceps-curl,,,
-886,81,-80,biceps-curl,,,
-869,89,-82,biceps-curl,,,
-841,98,-88,biceps-curl,,,
-855,130,124,biceps-curl,,,
-831,177,39,biceps-curl,,,
-800,201,9,biceps-curl,,,
-800,255,119,biceps-curl,,,
-761,272,136,biceps-curl,,,
-760,302,227,biceps-curl,,,
-753,364,329,biceps-curl,,,
-679,361,212,biceps-curl,,,
-665,374,200,biceps-curl,,,
-636,418,451,biceps-curl,,,
-577,465,413,biceps-curl,,,
-501,505,407,biceps-curl,,,
-501,545,590,biceps-curl,,,
-466,558,556,biceps-curl,,,
-462,560,524,biceps-curl,,,
-392,614,441,biceps-curl,,,
-327,656,622,biceps-curl,,,
-306,675,742,biceps-curl,,,
-298,719,771,biceps-curl,,,
-247,758,803,biceps-curl,,,
-240,763,769,biceps-curl,,,
-207,750,703,biceps-curl,,,
-164,754,769,biceps-curl,,,
-114,741,800,biceps-curl,,,
-60,733,715,biceps-curl,,,
9,758,753,biceps-curl,,,
74,741,798,biceps-curl,,,
133,695,801,biceps-curl,,,
168,700,844,biceps-curl,,,
180,724,887,biceps-curl,,,
225,706,901,biceps-curl,,,
306,666,874,biceps-curl,,,
357,661,843,biceps-curl,,,
375,677,814,biceps-curl,,,
420,663,797,biceps-curl,,,
457,636,783,biceps-curl,,,
499,624,765,biceps-curl,,,
528,622,739,biceps-curl,,,
532,569,735,biceps-curl,,,
527,543,785,biceps-curl,,,
609,554,650,biceps-curl,,,
700,536,556,biceps-curl,,,
760,536,603,biceps-curl,,,
773,533,615,biceps-curl,,,
831,521,526,biceps-curl,,,
865,525,561,biceps-curl,,,
881,508,581,biceps-curl,,,
942,486,425,biceps-curl,,,
984,472,440,biceps-curl,,,
988,473,494,biceps-curl,,,
1025,478,387,biceps-curl,,,
1040,456,326,biceps-curl,,,
1038,464,450,biceps-curl,,,
984,472,512,biceps-curl,,,
976,488,408,biceps-curl,,,
898,504,385,biceps-curl,,,
850,527,498,biceps-curl,,,
855,521,467,biceps-curl,,,
856,513,413,biceps-curl,,,
827,555,494,biceps-curl,,,
810,560,546,biceps-curl,,,
849,594,511,biceps-curl,,,
843,587,524,biceps-curl,,,
860,577,495,biceps-curl,,,
864,576,577,biceps-curl,,,
833,570,557,biceps-curl,,,
830,574,623,biceps-curl,,,
820,564,683,biceps-curl,,,
787,554,656,biceps-curl,,,
748,546,573,biceps-curl,,,
714,555,576,biceps-curl,,,
678,592,666,biceps-curl,,,
639,623,704,biceps-curl,,,
594,657,719,biceps-curl,,,
552,696,718,biceps-curl,,,
522,693,652,biceps-curl,,,
490,671,662,biceps-curl,,,
433,664,773,biceps-curl,,,
379,660,757,biceps-curl,,,
340,664,664,biceps-curl,,,
289,695,698,biceps-curl,,,
245,742,760,biceps-curl,,,
218,757,753,biceps-curl,,,
173,747,778,biceps-curl,,,
130,771,827,biceps-curl,,,
102,806,811,biceps-curl,,,
49,813,770,biceps-curl,,,
-8,800,776,biceps-curl,,,
-56,800,790,biceps-curl,,,
-100,827,737,biceps-curl,,,
-135,807,729,biceps-curl,,,
-158,782,779,biceps-curl,,,
-180,764,719,biceps-curl,,,
-194,730,638,biceps-curl,,,
-215,733,655,biceps-curl,,,
-275,717,729,biceps-curl,,,
-292,692,647,biceps-curl,,,
-316,636,560,biceps-curl,,,
-341,653,555,biceps-curl,,,
-376,630,517,biceps-curl,,,
-380,608,493,biceps-curl,,,
-418,525,539,biceps-curl,,,
-442,480,467,biceps-curl,,,
-481,486,518,biceps-curl,,,
-520,432,464,biceps-curl,,,
-544,408,424,biceps-curl,,,
-606,400,440,biceps-curl,,,
-638,362,356,biceps-curl,,,
-662,345,330,biceps-curl,,,
-686,322,299,biceps-curl,,,
-717,277,232,biceps-curl,,,
-748,251,112,biceps-curl,,,
-759,248,-13,biceps-curl,,,
-793,195,21,biceps-curl,,,
-839,171,136,biceps-curl,,,
-848,162,96,biceps-curl,,,
-854,117,-44,biceps-curl,,,
-880,122,-80,biceps-curl,,,
-894,116,-80,biceps-curl,,,
-896,106,-57,biceps-curl,,,
-874,110,-81,biceps-curl,,,
-869,96,-58,biceps-curl,,,
-872,99,-19,biceps-curl,,,
-836,129,-8,biceps-curl,,,
-801,154,-28,biceps-curl,,,
-806,179,46,biceps-curl,,,
-807,201,104,biceps-curl,,,
-764,248,131,biceps-curl,,,
-732,310,225,biceps-curl,,,
-699,315,255,biceps-curl,,,
-668,348,280,biceps-curl,,,
-645,423,321,biceps-curl,,,
-587,444,359,biceps-curl,,,
-530,451,392,biceps-curl,,,
-509,481,443,biceps-curl,,,
-475,514,568,biceps-curl,,,
-423,537,577,biceps-curl,,,
-393,593,615,biceps-curl,,,
-363,656,670,biceps-curl,,,
-326,645,670,biceps-curl,,,
-270,683,652,biceps-curl,,,
-262,751,743,biceps-curl,,,
-228,768,760,biceps-curl,,,
-146,770,766,biceps-curl,,,
-112,783,779,biceps-curl,,,
-44,810,776,biceps-curl,,,
10,815,833,biceps-curl,,,
72,804,801,biceps-curl,,,
158,788,815,biceps-curl,,,
195,802,855,biceps-curl,,,
220,757,840,biceps-curl,,,
255,737,789,biceps-curl,,,
245,740,908,biceps-curl,,,
314,688,749,biceps-curl,,,
360,696,694,biceps-curl,,,
344,712,904,biceps-curl,,,
384,656,744,biceps-curl,,,
431,640,760,biceps-curl,,,
478,625,737,biceps-curl,,,
525,624,691,biceps-curl,,,
572,639,608,biceps-curl,,,
633,619,679,biceps-curl,,,
696,567,786,biceps-curl,,,
718,526,677,biceps-curl,,,
760,533,583,biceps-curl,,,
794,543,581,biceps-curl,,,
794,531,559,biceps-curl,,,
767,509,564,biceps-curl,,,
772,498,526,biceps-curl,,,
805,490,483,biceps-curl,,,
827,482,518,biceps-curl,,,
865,474,508,biceps-curl,,,
902,472,447,biceps-curl,,,
928,483,429,biceps-curl,,,
941,478,391,biceps-curl,,,
979,472,363,biceps-curl,,,
1019,462,422,biceps-curl,,,
1046,475,459,biceps-curl,,,
1056,501,465,biceps-curl,,,
1052,512,455,biceps-curl,,,
1023,529,448,biceps-curl,,,
968,568,452,biceps-curl,,,
921,592,436,biceps-curl,,,
863,581,487,biceps-curl,,,
809,582,542,biceps-curl,,,
793,624,507,biceps-curl,,,
765,656,520,biceps-curl,,,
736,656,605,biceps-curl,,,
739,662,658,biceps-curl,,,
733,664,632,biceps-curl,,,
699,653,634,biceps-curl,,,
677,664,680,biceps-curl,,,
679,666,640,biceps-curl,,,
648,670,705,biceps-curl,,,
616,668,766,biceps-curl,,,
585,676,732,biceps-curl,,,
553,671,725,biceps-curl,,,
519,703,740,biceps-curl,,,
469,736,723,biceps-curl,,,
408,732,737,biceps-curl,,,
350,714,745,biceps-curl,,,
273,727,745,biceps-curl,,,
208,721,694,biceps-curl,,,
124,727,757,biceps-curl,,,
62,720,717,biceps-curl,,,
31,720,668,biceps-curl,,,
-16,712,807,biceps-curl,,,
-48,688,753,biceps-curl,,,
-141,688,705,biceps-curl,,,
-159,703,704,biceps-curl,,,
-205,719,801,biceps-curl,,,
-230,713,684,biceps-curl,,,
-268,676,736,biceps-curl,,,
-321,665,688,biceps-curl,,,
-335,650,769,biceps-curl,,,
-363,635,684,biceps-curl,,,
-414,606,710,biceps-curl,,,
-424,556,669,biceps-curl,,,
-430,513,650,biceps-curl,,,
-450,486,600,biceps-curl,,,
-474,445,549,biceps-curl,,,
-503,386,536,biceps-curl,,,
-540,329,464,biceps-curl,,,
-574,301,394,biceps-curl,,,
-589,301,371,biceps-curl,,,
-592,273,399,biceps-curl,,,
-592,241,367,biceps-curl,,,
-616,218,293,biceps-curl,,,
-651,171,269,biceps-curl,,,
-677,131,268,biceps-curl,,,
-714,98,173,biceps-curl,,,
-798,59,84,biceps-curl,,,
-884,16,32,biceps-curl,,,
-931,-8,-27,biceps-curl,,,
-974,-26,-81,biceps-curl,,,
-993,-55,-134,biceps-curl,,,
-981,-64,-112,biceps-curl,,,
-963,-48,-59,biceps-curl,,,
-923,-15,-55,biceps-curl,,,
-871,3,-40,biceps-curl,,,
-837,19,-21,biceps-curl,,,
-827,50,29,biceps-curl,,,
-804,89,80,biceps-curl,,,
-767,137,134,biceps-curl,,,
-742,177,166,biceps-curl,,,
-724,236,290,biceps-curl,,,
-686,281,346,biceps-curl,,,
-673,327,367,biceps-curl,,,
-636,383,411,biceps-curl,,,
-579,387,360,biceps-curl,,,
-545,438,408,biceps-curl,,,
-505,428,456,biceps-curl,,,
-508,466,468,biceps-curl,,,
-467,551,571,biceps-curl,,,
-412,546,597,biceps-curl,,,
-352,582,564,biceps-curl,,,
-342,697,651,biceps-curl,,,
-288,720,760,biceps-curl,,,
-232,760,688,biceps-curl,,,
-232,760,688,biceps-curl,,,
-216,783,750,biceps-curl,,,
-117,814,691,biceps-curl,,,
-37,801,710,biceps-curl,,,
-3,851,821,biceps-curl,,,
79,870,861,biceps-curl,,,
123,844,759,biceps-curl,,,
142,854,805,biceps-curl,,,
117,829,916,biceps-curl,,,
177,785,838,biceps-curl,,,
192,770,810,biceps-curl,,,
217,712,783,biceps-curl,,,
248,702,782,biceps-curl,,,
297,698,778,biceps-curl,,,
295,662,828,biceps-curl,,,
316,637,781,biceps-curl,,,
371,643,741,biceps-curl,,,
445,616,710,biceps-curl,,,
518,585,676,biceps-curl,,,
584,566,694,biceps-curl,,,
665,574,674,biceps-curl,,,
727,570,611,biceps-curl,,,
771,560,584,biceps-curl,,,
818,560,558,biceps-curl,,,
869,556,536,biceps-curl,,,
900,536,540,biceps-curl,,,
912,524,536,biceps-curl,,,
931,535,510,biceps-curl,,,
948,540,442,biceps-curl,,,
965,533,391,biceps-curl,,,
981,525,429,biceps-curl,,,
973,514,457,biceps-curl,,,
977,489,397,biceps-curl,,,
997,456,372,biceps-curl,,,
1003,456,450,biceps-curl,,,
985,486,457,biceps-curl,,,
975,480,419,biceps-curl,,,
992,476,410,biceps-curl,,,
986,472,432,biceps-curl,,,
961,507,480,biceps-curl,,,
934,544,495,biceps-curl,,,
925,541,533,biceps-curl,,,
908,529,459,biceps-curl,,,
884,537,518,biceps-curl,,,
852,546,562,biceps-curl,,,
766,560,617,biceps-curl,,,
751,564,497,biceps-curl,,,
736,598,516,biceps-curl,,,
736,568,678,biceps-curl,,,
727,569,631,biceps-curl,,,
680,592,608,biceps-curl,,,
664,616,616,biceps-curl,,,
610,632,593,biceps-curl,,,
608,624,676,biceps-curl,,,
563,587,747,biceps-curl,,,
524,591,745,biceps-curl,,,
456,606,758,biceps-curl,,,
413,636,753,biceps-curl,,,
360,660,807,biceps-curl,,,
312,671,743,biceps-curl,,,
226,705,735,biceps-curl,,,
176,731,736,biceps-curl,,,
131,773,786,biceps-curl,,,
84,820,770,biceps-curl,,,
54,820,736,biceps-curl,,,
8,805,774,biceps-curl,,,
-25,800,736,biceps-curl,,,
-64,773,739,biceps-curl,,,
-96,755,778,biceps-curl,,,
-124,727,777,biceps-curl,,,
-146,707,793,biceps-curl,,,
-195,704,794,biceps-curl,,,
-243,699,803,biceps-curl,,,
-256,687,812,biceps-curl,,,
-273,676,748,biceps-curl,,,
-300,647,679,biceps-curl,,,
-344,636,692,biceps-curl,,,
-388,636,705,biceps-curl,,,
-411,609,692,biceps-curl,,,
-435,585,640,biceps-curl,,,
-458,566,578,biceps-curl,,,
-498,536,576,biceps-curl,,,
-539,494,534,biceps-curl,,,
-559,461,498,biceps-curl,,,
-598,437,499,biceps-curl,,,
-629,390,486,biceps-curl,,,
-645,353,416,biceps-curl,,,
-658,315,402,biceps-curl,,,
-664,296,364,biceps-curl,,,
-664,260,342,biceps-curl,,,
-666,229,289,biceps-curl,,,
-672,251,196,biceps-curl,,,
-675,255,167,biceps-curl,,,
-687,204,220,biceps-curl,,,
-682,137,134,biceps-curl,,,
-701,95,-21,biceps-curl,,,
-745,85,-54,biceps-curl,,,
-824,61,-52,biceps-curl,,,
-907,31,-175,biceps-curl,,,
-945,26,-160,biceps-curl,,,
-969,63,-167,biceps-curl,,,
-992,32,-120,biceps-curl,,,
-944,24,-48,biceps-curl,,,
-928,55,-102,biceps-curl,,,
-890,71,-112,biceps-curl,,,
-858,65,-37,biceps-curl,,,
-849,93,34,biceps-curl,,,
-819,139,54,biceps-curl,,,
-788,172,28,biceps-curl,,,
-777,217,113,biceps-curl,,,
-736,224,128,biceps-curl,,,
-702,302,271,biceps-curl,,,
-632,339,196,biceps-curl,,,
-604,437,261,biceps-curl,,,
-594,470,397,biceps-curl,,,
-551,513,373,biceps-curl,,,
-525,562,295,biceps-curl,,,
-492,593,322,biceps-curl,,,
-480,649,420,biceps-curl,,,
-438,714,472,biceps-curl,,,
-385,731,500,biceps-curl,,,
-348,763,552,biceps-curl,,,
-322,817,614,biceps-curl,,,
-289,826,659,biceps-curl,,,
-236,816,632,biceps-curl,,,
-195,838,652,biceps-curl,,,
-130,806,713,biceps-curl,,,
-56,780,680,biceps-curl,,,
3,819,659,biceps-curl,,,
22,799,788,biceps-curl,,,
39,759,862,biceps-curl,,,
108,775,791,biceps-curl,,,
152,768,787,biceps-curl,,,
176,747,871,biceps-curl,,,
202,737,899,biceps-curl,,,
264,715,803,biceps-curl,,,
299,712,821,biceps-curl,,,
319,698,818,biceps-curl,,,
368,697,799,biceps-curl,,,
421,672,740,biceps-curl,,,
464,646,756,biceps-curl,,,
497,636,750,biceps-curl,,,
540,617,675,biceps-curl,,,
588,595,649,biceps-curl,,,
616,608,749,biceps-curl,,,
664,609,682,biceps-curl,,,
715,612,611,biceps-curl,,,
736,582,683,biceps-curl,,,
740,567,639,biceps-curl,,,
788,550,612,biceps-curl,,,
844,528,448,biceps-curl,,,
921,536,441,biceps-curl,,,
960,520,465,biceps-curl,,,
928,528,543,biceps-curl,,,
944,505,435,biceps-curl,,,
1012,458,356,biceps-curl,,,
1038,441,434,biceps-curl,,,
1040,455,491,biceps-curl,,,
1033,449,482,biceps-curl,,,
1004,469,473,biceps-curl,,,
973,472,472,biceps-curl,,,
928,492,472,biceps-curl,,,
900,483,439,biceps-curl,,,
858,467,470,biceps-curl,,,
848,483,474,biceps-curl,,,
842,476,484,biceps-curl,,,
875,484,447,biceps-curl,,,
911,494,501,biceps-curl,,,
892,507,578,biceps-curl,,,
891,501,546,biceps-curl,,,
870,512,541,biceps-curl,,,
815,510,572,biceps-curl,,,
782,509,574,biceps-curl,,,
752,498,587,biceps-curl,,,
717,520,632,biceps-curl,,,
691,544,598,biceps-curl,,,
671,531,574,biceps-curl,,,
643,545,625,biceps-curl,,,
608,576,664,biceps-curl,,,
580,596,695,biceps-curl,,,
550,615,716,biceps-curl,,,
514,628,730,biceps-curl,,,
489,612,749,biceps-curl,,,
474,587,744,biceps-curl,,,
446,595,716,biceps-curl,,,
401,603,710,biceps-curl,,,
368,613,754,biceps-curl,,,
336,627,753,biceps-curl,,,
297,632,850,biceps-curl,,,
264,637,836,biceps-curl,,,
211,650,763,biceps-curl,,,
166,658,843,biceps-curl,,,
131,675,908,biceps-curl,,,
105,709,853,biceps-curl,,,
74,696,882,biceps-curl,,,
44,697,792,biceps-curl,,,
24,703,832,biceps-curl,,,
20,696,836,biceps-curl,,,
-8,694,855,biceps-curl,,,
-9,676,788,biceps-curl,,,
-27,641,824,biceps-curl,,,
-66,647,821,biceps-curl,,,
-113,633,759,biceps-curl,,,
-144,680,720,biceps-curl,,,
-192,704,720,biceps-curl,,,
-192,704,720,biceps-curl,,,
-223,626,712,biceps-curl,,,
-262,632,826,biceps-curl,,,
-286,617,713,biceps-curl,,,
-332,623,646,biceps-curl,,,
-386,603,676,biceps-curl,,,
-399,607,708,biceps-curl,,,
-420,594,616,biceps-curl,,,
-451,632,640,biceps-curl,,,
-495,581,635,biceps-curl,,,
-529,536,638,biceps-curl,,,
-555,491,590,biceps-curl,,,
-578,486,552,biceps-curl,,,
-613,470,538,biceps-curl,,,
-630,447,525,biceps-curl,,,
-654,462,537,biceps-curl,,,
-664,434,506,biceps-curl,,,
-669,384,493,biceps-curl,,,
-703,368,496,biceps-curl,,,
-730,378,427,biceps-curl,,,
-750,355,379,biceps-curl,,,
-774,331,367,biceps-curl,,,
-802,346,356,biceps-curl,,,
-820,343,309,biceps-curl,,,
-836,307,243,biceps-curl,,,
-860,272,204,biceps-curl,,,
-868,248,215,biceps-curl,,,
-868,214,225,biceps-curl,,,
-879,180,187,biceps-curl,,,
-885,179,153,biceps-curl,,,
-874,165,150,biceps-curl,,,
-861,136,184,biceps-curl,,,
-862,121,198,biceps-curl,,,
-869,96,144,biceps-curl,,,
-867,99,105,biceps-curl,,,
-884,97,51,biceps-curl,,,
-914,78,26,biceps-curl,,,
-924,66,-19,biceps-curl,,,
-942,48,-38,biceps-curl,,,
-960,48,-22,biceps-curl,,,
-953,55,-82,biceps-curl,,,
-922,80,-98,biceps-curl,,,
-895,80,-16,biceps-curl,,,
-883,81,-88,biceps-curl,,,
-854,92,-29,biceps-curl,,,
-832,122,44,biceps-curl,,,
-765,139,12,biceps-curl,,,
-735,172,57,biceps-curl,,,
-724,225,182,biceps-curl,,,
-655,241,140,biceps-curl,,,
-616,273,273,biceps-curl,,,
-608,343,375,biceps-curl,,,
-530,383,291,biceps-curl,,,
-460,445,440,biceps-curl,,,
-441,448,567,biceps-curl,,,
-374,499,540,biceps-curl,,,
-347,583,586,biceps-curl,,,
-309,585,599,biceps-curl,,,
-290,598,723,biceps-curl,,,
-241,633,644,biceps-curl,,,
-225,705,715,biceps-curl,,,
-148,726,685,biceps-curl,,,
-91,765,722,biceps-curl,,,
-50,800,736,biceps-curl,,,
48,808,736,biceps-curl,,,
103,877,776,biceps-curl,,,
162,882,825,biceps-curl,,,
244,802,748,biceps-curl,,,
319,779,814,biceps-curl,,,
375,769,785,biceps-curl,,,
427,755,701,biceps-curl,,,
458,752,761,biceps-curl,,,
510,738,682,biceps-curl,,,
571,710,633,biceps-curl,,,
631,687,663,biceps-curl,,,
681,663,702,biceps-curl,,,
732,644,676,biceps-curl,,,
791,659,543,biceps-curl,,,
842,695,487,biceps-curl,,,
886,684,518,biceps-curl,,,
934,621,489,biceps-curl,,,
986,574,392,biceps-curl,,,
1012,557,326,biceps-curl,,,
1041,546,287,biceps-curl,,,
1051,539,275,biceps-curl,,,
1037,539,298,biceps-curl,,,
1020,528,346,biceps-curl,,,
981,533,350,biceps-curl,,,
946,542,287,biceps-curl,,,
920,526,242,biceps-curl,,,
891,498,261,biceps-curl,,,
874,494,294,biceps-curl,,,
880,459,255,biceps-curl,,,
876,465,245,biceps-curl,,,
855,427,228,biceps-curl,,,
847,401,203,biceps-curl,,,
840,408,166,biceps-curl,,,
841,409,150,biceps-curl,,,
857,413,131,biceps-curl,,,
864,369,167,biceps-curl,,,
864,392,152,biceps-curl,,,
856,376,144,biceps-curl,,,
880,360,64,biceps-curl,,,
888,329,142,biceps-curl,,,
873,275,91,biceps-curl,,,
872,339,140,biceps-curl,,,
879,322,129,biceps-curl,,,
894,370,142,biceps-curl,,,
896,355,102,biceps-curl,,,
876,345,76,biceps-curl,,,
859,297,52,biceps-curl,,,
889,340,28,biceps-curl,,,
909,339,30,biceps-curl,,,
856,311,63,biceps-curl,,,
822,232,60,biceps-curl,,,
840,237,21,biceps-curl,,,
854,282,-3,biceps-curl,,,
867,341,-19,biceps-curl,,,
867,349,25,biceps-curl,,,
859,339,64,biceps-curl,,,
876,295,36,biceps-curl,,,
913,237,-4,biceps-curl,,,
942,187,13,biceps-curl,,,
933,196,64,biceps-curl,,,
947,238,66,biceps-curl,,,
959,247,61,biceps-curl,,,
952,240,93,biceps-curl,,,
964,212,112,biceps-curl,,,
984,199,70,biceps-curl,,,
996,201,42,biceps-curl,,,
1011,191,57,biceps-curl,,,
1034,193,48,biceps-curl,,,
1058,200,51,biceps-curl,,,
1072,224,74,biceps-curl,,,
1072,212,107,biceps-curl,,,
1075,187,107,biceps-curl,,,
1072,186,91,biceps-curl,,,
1061,218,73,biceps-curl,,,
1077,238,56,biceps-curl,,,
1082,219,56,biceps-curl,,,
1062,180,76,biceps-curl,,,
1058,182,127,biceps-curl,,,
1072,239,89,biceps-curl,,,
1104,265,63,biceps-curl,,,
1100,261,59,biceps-curl,,,
1091,193,101,biceps-curl,,,
1179,94,284,biceps-curl,,,
1369,19,333,biceps-curl,,,
1420,2,25,biceps-curl,,,
1190,288,-200,biceps-curl,,,
948,504,-81,biceps-curl,,,
874,493,57,biceps-curl,,,
944,383,96,biceps-curl,,,
944,305,120,biceps-curl,,,
983,211,198,biceps-curl,,,
969,474,367,biceps-curl,,,
998,324,294,biceps-curl,,,
985,130,18,biceps-curl,,,
941,162,-22,biceps-curl,,,
915,315,46,biceps-curl,,,
905,377,152,biceps-curl,,,
891,344,181,biceps-curl,,,
940,323,119,biceps-curl,,,
977,345,9,biceps-curl,,,
953,290,9,biceps-curl,,,
908,290,-14,biceps-curl,,,
908,272,-95,biceps-curl,,,
929,247,-160,biceps-curl,,,
936,240,-204,biceps-curl,,,
931,229,-254,biceps-curl,,,
954,224,-162,biceps-curl,,,
1009,295,110,biceps-curl,,,
1032,356,232,biceps-curl,,,
1013,339,218,biceps-curl,,,
986,362,245,biceps-curl,,,
980,432,276,biceps-curl,,,
1001,503,254,biceps-curl,,,
1053,507,207,biceps-curl,,,
1112,492,240,biceps-curl,,,
1209,596,254,biceps-curl,,,
1310,578,234,biceps-curl,,,
1442,331,10,biceps-curl,,,
1573,280,-278,biceps-curl,,,
1565,458,-293,biceps-curl,,,
1542,532,-427,biceps-curl,,,
1457,518,-470,biceps-curl,,,
1302,501,-380,biceps-curl,,,
1140,451,-273,biceps-curl,,,
981,475,-214,biceps-curl,,,
837,511,-235,biceps-curl,,,
749,475,-369,biceps-curl,,,
669,448,-416,biceps-curl,,,
568,476,-344,biceps-curl,,,
504,485,-346,biceps-curl,,,
473,469,-370,biceps-curl,,,
479,461,-449,biceps-curl,,,
473,490,-457,biceps-curl,,,
482,502,-466,biceps-curl,,,
494,488,-483,biceps-curl,,,
481,491,-505,biceps-curl,,,
489,518,-504,biceps-curl,,,
494,485,-395,biceps-curl,,,
465,424,-456,biceps-curl,,,
504,424,-448,biceps-curl,,,
