-526,295,-758,biceps-curl,,,
-509,288,-750,biceps-curl,,,
-504,274,-765,biceps-curl,,,
-530,264,-761,biceps-curl,,,
-537,248,-737,biceps-curl,,,
-565,254,-752,biceps-curl,,,
-576,240,-752,biceps-curl,,,
-576,196,-728,biceps-curl,,,
-496,327,-831,biceps-curl,,,
330,-702,-280,biceps-curl,,,
233,546,-784,biceps-curl,,,
-258,503,-795,biceps-curl,,,
-592,651,-783,biceps-curl,,,
-703,275,-523,biceps-curl,,,
-574,-326,-344,biceps-curl,,,
-956,89,-685,biceps-curl,,,
-2460,648,-899,biceps-curl,,,
-1222,2084,-1158,biceps-curl,,,
-243,1514,-515,biceps-curl,,,
285,230,-144,biceps-curl,,,
-136,-146,-196,biceps-curl,,,
-465,-272,-104,biceps-curl,,,
-336,52,-212,biceps-curl,,,
-433,33,-85,biceps-curl,,,
-464,148,-58,biceps-curl,,,
-495,380,54,biceps-curl,,,
-548,517,46,biceps-curl,,,
-621,472,-77,biceps-curl,,,
-678,405,-57,biceps-curl,,,
-754,318,-39,biceps-curl,,,
-882,369,9,biceps-curl,,,
-948,376,148,biceps-curl,,,
-993,371,191,biceps-curl,,,
-1035,292,210,biceps-curl,,,
-1071,207,285,biceps-curl,,,
-1144,210,437,biceps-curl,,,
-1160,250,460,biceps-curl,,,
-1192,270,470,biceps-curl,,,
-1272,354,463,biceps-curl,,,
-1279,157,400,biceps-curl,,,
-1344,152,264,biceps-curl,,,
-1386,205,287,biceps-curl,,,
-1423,200,428,biceps-curl,,,
-1472,114,239,biceps-curl,,,
-1529,159,240,biceps-curl,,,
-1571,211,206,biceps-curl,,,
-1598,138,-30,biceps-curl,,,
-1389,352,206,biceps-curl,,,
-1284,631,-105,biceps-curl,,,
-1288,389,436,biceps-curl,,,
-1443,39,526,biceps-curl,,,
-1527,-154,187,biceps-curl,,,
-1616,-58,-10,biceps-curl,,,
-1636,70,125,biceps-curl,,,
-1577,151,143,biceps-curl,,,
-1504,183,156,biceps-curl,,,
-1480,102,318,biceps-curl,,,
-1452,69,232,biceps-curl,,,
-1448,0,178,biceps-curl,,,
-1379,-8,152,biceps-curl,,,
-1314,21,182,biceps-curl,,,
-1246,26,203,biceps-curl,,,
-1221,66,73,biceps-curl,,,
-1137,146,25,biceps-curl,,,
-949,58,321,biceps-curl,,,
-855,-13,320,biceps-curl,,,
-781,-121,127,biceps-curl,,,
-692,-180,132,biceps-curl,,,
-637,-134,207,biceps-curl,,,
-604,-65,160,biceps-curl,,,
-662,114,-251,biceps-curl,,,
-645,69,4,biceps-curl,,,
-687,311,-31,biceps-curl,,,
-592,105,121,biceps-curl,,,
-564,141,71,biceps-curl,,,
-554,80,113,biceps-curl,,,
-560,155,37,biceps-curl,,,
-636,112,-64,biceps-curl,,,
-682,135,21,biceps-curl,,,
-730,158,14,biceps-curl,,,
-757,187,7,biceps-curl,,,
-808,144,-32,biceps-curl,,,
-808,144,-32,biceps-curl,,,
-847,175,-40,biceps-curl,,,
-856,153,-40,biceps-curl,,,
-871,130,-25,biceps-curl,,,
-901,150,12,biceps-curl,,,
-925,181,37,biceps-curl,,,
-956,184,5,biceps-curl,,,
-967,170,27,biceps-curl,,,
-975,161,39,biceps-curl,,,
-983,186,79,biceps-curl,,,
-997,192,37,biceps-curl,,,
-1019,192,30,biceps-curl,,,
-1042,204,38,biceps-curl,,,
-1054,196,64,biceps-curl,,,
-1073,215,3,biceps-curl,,,
-1091,252,-30,biceps-curl,,,
-1069,291,38,biceps-curl,,,
-1082,325,109,biceps-curl,,,
-1101,361,113,biceps-curl,,,
-1109,401,104,biceps-curl,,,
-1122,449,161,biceps-curl,,,
-1100,486,265,biceps-curl,,,
-1093,505,232,biceps-curl,,,
-1100,521,194,biceps-curl,,,
-1075,549,249,biceps-curl,,,
-1064,592,256,biceps-curl,,,
-1064,620,259,biceps-curl,,,
-1052,624,336,biceps-curl,,,
-1037,645,350,biceps-curl,,,
-1011,679,286,biceps-curl,,,
-969,701,343,biceps-curl,,,
-924,738,427,biceps-curl,,,
-898,774,383,biceps-curl,,,
-869,789,395,biceps-curl,,,
-811,800,479,biceps-curl,,,
-761,810,522,biceps-curl,,,
-719,839,492,biceps-curl,,,
-645,858,529,biceps-curl,,,
-598,870,482,biceps-curl,,,
-533,893,478,biceps-curl,,,
-483,919,520,biceps-curl,,,
-423,941,482,biceps-curl,,,
-372,925,471,biceps-curl,,,
-305,906,535,biceps-curl,,,
-252,864,478,biceps-curl,,,
-159,802,467,biceps-curl,,,
-82,748,495,biceps-curl,,,
-12,707,485,biceps-curl,,,
45,638,448,biceps-curl,,,
146,599,446,biceps-curl,,,
217,552,376,biceps-curl,,,
319,536,384,biceps-curl,,,
359,528,314,biceps-curl,,,
413,460,327,biceps-curl,,,
416,404,365,biceps-curl,,,
438,327,222,biceps-curl,,,
497,334,279,biceps-curl,,,
546,329,225,biceps-curl,,,
641,287,18,biceps-curl,,,
716,193,-83,biceps-curl,,,
787,163,-76,biceps-curl,,,
825,109,-180,biceps-curl,,,
838,65,-96,biceps-curl,,,
840,86,-76,biceps-curl,,,
816,131,32,biceps-curl,,,
774,201,72,biceps-curl,,,
727,257,83,biceps-curl,,,
690,272,142,biceps-curl,,,
648,335,273,biceps-curl,,,
601,383,267,biceps-curl,,,
569,417,291,biceps-curl,,,
531,485,366,biceps-curl,,,
493,543,383,biceps-curl,,,
467,609,389,biceps-curl,,,
443,670,383,biceps-curl,,,
428,725,376,biceps-curl,,,
420,780,340,biceps-curl,,,
416,819,319,biceps-curl,,,
416,858,326,biceps-curl,,,
384,866,279,biceps-curl,,,
344,851,272,biceps-curl,,,
318,882,285,biceps-curl,,,
259,938,241,biceps-curl,,,
201,974,210,biceps-curl,,,
146,995,175,biceps-curl,,,
115,1021,128,biceps-curl,,,
89,1042,118,biceps-curl,,,
47,1055,85,biceps-curl,,,
5,1030,71,biceps-curl,,,
-58,1016,102,biceps-curl,,,
-101,985,56,biceps-curl,,,
-157,963,7,biceps-curl,,,
-218,977,19,biceps-curl,,,
-275,973,-35,biceps-curl,,,
-336,926,-15,biceps-curl,,,
-391,955,-61,biceps-curl,,,
-446,921,-97,biceps-curl,,,
-501,931,-103,biceps-curl,,,
-555,957,-98,biceps-curl,,,
-602,916,-124,biceps-curl,,,
-649,833,-42,biceps-curl,,,
-688,864,-112,biceps-curl,,,
-712,832,-96,biceps-curl,,,
-759,785,-88,biceps-curl,,,
-806,738,-111,biceps-curl,,,
-853,729,-75,biceps-curl,,,
-878,735,-116,biceps-curl,,,
-894,722,-113,biceps-curl,,,
-875,622,-112,biceps-curl,,,
-886,615,-44,biceps-curl,,,
-895,589,-52,biceps-curl,,,
-922,525,-49,biceps-curl,,,
-934,518,-29,biceps-curl,,,
-936,508,-36,biceps-curl,,,
-948,462,-34,biceps-curl,,,
-964,448,-26,biceps-curl,,,
-974,431,-7,biceps-curl,,,
-987,402,17,biceps-curl,,,
-1008,387,19,biceps-curl,,,
-1016,389,-42,biceps-curl,,,
-1026,377,-52,biceps-curl,,,
-1032,388,-10,biceps-curl,,,
-1037,424,-30,biceps-curl,,,
-1054,426,-33,biceps-curl,,,
-1055,416,-7,biceps-curl,,,
-1065,425,-4,biceps-curl,,,
-1072,432,34,biceps-curl,,,
-1056,460,36,biceps-curl,,,
-1036,496,-12,biceps-curl,,,
-1028,500,-9,biceps-curl,,,
-1021,500,33,biceps-curl,,,
-1005,517,74,biceps-curl,,,
-997,546,82,biceps-curl,,,
-995,569,66,biceps-curl,,,
-997,596,62,biceps-curl,,,
-997,619,72,biceps-curl,,,
-998,640,82,biceps-curl,,,
-971,677,102,biceps-curl,,,
-958,699,119,biceps-curl,,,
-944,734,184,biceps-curl,,,
-910,756,190,biceps-curl,,,
-869,764,147,biceps-curl,,,
-825,764,199,biceps-curl,,,
-788,812,265,biceps-curl,,,
-728,831,304,biceps-curl,,,
-680,830,305,biceps-curl,,,
-625,866,321,biceps-curl,,,
-574,881,389,biceps-curl,,,
-550,888,433,biceps-curl,,,
-443,888,449,biceps-curl,,,
-372,892,464,biceps-curl,,,
-287,960,469,biceps-curl,,,
-239,968,360,biceps-curl,,,
-177,1000,376,biceps-curl,,,
-106,1016,485,biceps-curl,,,
-89,986,427,biceps-curl,,,
-13,954,528,biceps-curl,,,
43,945,456,biceps-curl,,,
84,908,362,biceps-curl,,,
165,862,450,biceps-curl,,,
217,836,416,biceps-curl,,,
277,792,495,biceps-curl,,,
321,745,460,biceps-curl,,,
347,698,492,biceps-curl,,,
383,651,547,biceps-curl,,,
380,580,481,biceps-curl,,,
405,478,385,biceps-curl,,,
456,408,297,biceps-curl,,,
494,359,261,biceps-curl,,,
526,328,245,biceps-curl,,,
552,283,124,biceps-curl,,,
580,264,146,biceps-curl,,,
617,239,138,biceps-curl,,,
661,210,118,biceps-curl,,,
712,191,54,biceps-curl,,,
763,162,-130,biceps-curl,,,
819,122,-103,biceps-curl,,,
811,104,54,biceps-curl,,,
788,120,64,biceps-curl,,,
762,174,51,biceps-curl,,,
705,253,186,biceps-curl,,,
670,300,334,biceps-curl,,,
621,351,349,biceps-curl,,,
558,429,350,biceps-curl,,,
514,476,436,biceps-curl,,,
513,514,531,biceps-curl,,,
517,534,483,biceps-curl,,,
488,620,483,biceps-curl,,,
470,673,453,biceps-curl,,,
453,674,417,biceps-curl,,,
420,724,455,biceps-curl,,,
408,734,469,biceps-curl,,,
404,753,373,biceps-curl,,,
384,843,349,biceps-curl,,,
345,863,399,biceps-curl,,,
303,903,391,biceps-curl,,,
250,942,385,biceps-curl,,,
212,974,371,biceps-curl,,,
179,970,230,biceps-curl,,,
129,1058,274,biceps-curl,,,
54,1076,214,biceps-curl,,,
30,1026,188,biceps-curl,,,
-17,1064,263,biceps-curl,,,
-64,1064,224,biceps-curl,,,
-104,1000,144,biceps-curl,,,
-143,1023,82,biceps-curl,,,
-220,1001,141,biceps-curl,,,
-284,1030,62,biceps-curl,,,
-346,959,114,biceps-curl,,,
-402,966,49,biceps-curl,,,
-457,961,-16,biceps-curl,,,
-484,980,-24,biceps-curl,,,
-501,891,3,biceps-curl,,,
-537,865,-5,biceps-curl,,,
-588,870,49,biceps-curl,,,
-619,841,39,biceps-curl,,,
-678,772,32,biceps-curl,,,
-720,770,26,biceps-curl,,,
-757,776,-10,biceps-curl,,,
-807,748,15,biceps-curl,,,
-846,704,21,biceps-curl,,,
-882,709,58,biceps-curl,,,
-901,679,44,biceps-curl,,,
-904,626,29,biceps-curl,,,
-914,598,56,biceps-curl,,,
-934,578,21,biceps-curl,,,
-940,546,6,biceps-curl,,,
-940,515,28,biceps-curl,,,
-944,508,24,biceps-curl,,,
-932,488,16,biceps-curl,,,
-924,460,8,biceps-curl,,,
-928,467,11,biceps-curl,,,
-935,455,31,biceps-curl,,,
-951,427,47,biceps-curl,,,
-970,432,46,biceps-curl,,,
-999,417,14,biceps-curl,,,
-1044,401,-13,biceps-curl,,,
-1075,430,28,biceps-curl,,,
-1074,456,57,biceps-curl,,,
-1089,454,-5,biceps-curl,,,
-1063,462,45,biceps-curl,,,
-1044,488,56,biceps-curl,,,
-1050,470,56,biceps-curl,,,
-1030,493,54,biceps-curl,,,
-1024,519,68,biceps-curl,,,
-1025,544,132,biceps-curl,,,
-1029,547,80,biceps-curl,,,
-1018,567,73,biceps-curl,,,
-1032,614,36,biceps-curl,,,
-1031,654,65,biceps-curl,,,
-1022,648,76,biceps-curl,,,
-998,731,112,biceps-curl,,,
-976,769,109,biceps-curl,,,
-975,784,55,biceps-curl,,,
-944,792,33,biceps-curl,,,
-920,832,103,biceps-curl,,,
-873,840,73,biceps-curl,,,
-788,878,201,biceps-curl,,,
-732,895,268,biceps-curl,,,
-670,889,206,biceps-curl,,,
-614,909,171,biceps-curl,,,
-559,961,161,biceps-curl,,,
-497,1002,249,biceps-curl,,,
-448,988,291,biceps-curl,,,
-420,958,296,biceps-curl,,,
-352,977,328,biceps-curl,,,
-280,978,348,biceps-curl,,,
-228,922,352,biceps-curl,,,
-145,933,417,biceps-curl,,,
-80,950,366,biceps-curl,,,
-19,935,325,biceps-curl,,,
49,906,380,biceps-curl,,,
125,854,366,biceps-curl,,,
188,822,324,biceps-curl,,,
248,801,337,biceps-curl,,,
305,759,376,biceps-curl,,,
347,704,383,biceps-curl,,,
382,653,403,biceps-curl,,,
422,615,385,biceps-curl,,,
461,563,261,biceps-curl,,,
492,504,152,biceps-curl,,,
535,442,170,biceps-curl,,,
572,367,253,biceps-curl,,,
580,317,208,biceps-curl,,,
601,264,86,biceps-curl,,,
643,208,75,biceps-curl,,,
687,199,56,biceps-curl,,,
729,167,-33,biceps-curl,,,
774,125,-106,biceps-curl,,,
810,101,-106,biceps-curl,,,
825,91,-138,biceps-curl,,,
813,91,-70,biceps-curl,,,
822,126,-28,biceps-curl,,,
804,150,-26,biceps-curl,,,
770,179,54,biceps-curl,,,
763,226,194,biceps-curl,,,
708,276,226,biceps-curl,,,
680,339,213,biceps-curl,,,
635,410,286,biceps-curl,,,
606,519,336,biceps-curl,,,
586,572,442,biceps-curl,,,
536,609,400,biceps-curl,,,
538,614,472,biceps-curl,,,
566,596,363,biceps-curl,,,
529,680,256,biceps-curl,,,
560,664,264,biceps-curl,,,
520,760,264,biceps-curl,,,
520,760,264,biceps-curl,,,
512,807,248,biceps-curl,,,
466,785,157,biceps-curl,,,
412,918,92,biceps-curl,,,
408,928,205,biceps-curl,,,
337,928,223,biceps-curl,,,
300,977,196,biceps-curl,,,
235,991,199,biceps-curl,,,
177,1012,120,biceps-curl,,,
142,1029,84,biceps-curl,,,
92,1026,80,biceps-curl,,,
30,999,68,biceps-curl,,,
-8,1010,46,biceps-curl,,,
-51,992,-1,biceps-curl,,,
-116,1024,-33,biceps-curl,,,
-181,1023,-62,biceps-curl,,,
-216,984,-2,biceps-curl,,,
-256,921,-57,biceps-curl,,,
-308,983,-73,biceps-curl,,,
-353,958,8,biceps-curl,,,
-401,907,19,biceps-curl,,,
-480,895,-42,biceps-curl,,,
-538,870,-54,biceps-curl,,,
-582,843,-36,biceps-curl,,,
-616,824,-32,biceps-curl,,,
-652,812,-36,biceps-curl,,,
-711,789,-48,biceps-curl,,,
-759,750,-63,biceps-curl,,,
-808,746,-26,biceps-curl,,,
-865,731,2,biceps-curl,,,
-907,677,-34,biceps-curl,,,
-933,660,-12,biceps-curl,,,
-937,634,-9,biceps-curl,,,
-955,616,-54,biceps-curl,,,
-957,582,-33,biceps-curl,,,
-957,537,52,biceps-curl,,,
-970,515,13,biceps-curl,,,
-972,491,-3,biceps-curl,,,
-964,450,42,biceps-curl,,,
-971,436,59,biceps-curl,,,
-959,440,24,biceps-curl,,,
-988,407,49,biceps-curl,,,
-1008,407,12,biceps-curl,,,
-1013,436,1,biceps-curl,,,
-1044,412,58,biceps-curl,,,
-1077,390,73,biceps-curl,,,
-1117,442,76,biceps-curl,,,
-1089,463,35,biceps-curl,,,
-1095,457,72,biceps-curl,,,
-1071,480,79,biceps-curl,,,
-1040,496,40,biceps-curl,,,
-1040,512,32,biceps-curl,,,
-978,496,94,biceps-curl,,,
-968,526,58,biceps-curl,,,
-946,535,93,biceps-curl,,,
-959,580,169,biceps-curl,,,
-974,584,147,biceps-curl,,,
-997,612,172,biceps-curl,,,
-986,643,142,biceps-curl,,,
-984,668,136,biceps-curl,,,
-971,705,162,biceps-curl,,,
-930,718,130,biceps-curl,,,
-901,732,188,biceps-curl,,,
-872,742,208,biceps-curl,,,
-835,779,184,biceps-curl,,,
-790,809,193,biceps-curl,,,
-754,827,300,biceps-curl,,,
-695,859,306,biceps-curl,,,
-635,893,251,biceps-curl,,,
-611,884,263,biceps-curl,,,
-578,882,275,biceps-curl,,,
-522,898,239,biceps-curl,,,
-459,923,262,biceps-curl,,,
-410,918,256,biceps-curl,,,
-362,930,228,biceps-curl,,,
-319,940,261,biceps-curl,,,
-272,936,284,biceps-curl,,,
-213,936,292,biceps-curl,,,
-158,932,359,biceps-curl,,,
-89,957,360,biceps-curl,,,
-27,967,290,biceps-curl,,,
18,931,301,biceps-curl,,,
74,909,308,biceps-curl,,,
133,916,331,biceps-curl,,,
189,911,350,biceps-curl,,,
231,848,371,biceps-curl,,,
311,814,362,biceps-curl,,,
358,806,382,biceps-curl,,,
403,766,416,biceps-curl,,,
440,660,389,biceps-curl,,,
468,615,304,biceps-curl,,,
490,581,306,biceps-curl,,,
537,559,311,biceps-curl,,,
580,519,312,biceps-curl,,,
600,499,337,biceps-curl,,,
601,421,257,biceps-curl,,,
610,397,318,biceps-curl,,,
623,367,305,biceps-curl,,,
609,361,310,biceps-curl,,,
626,364,283,biceps-curl,,,
656,279,329,biceps-curl,,,
648,256,96,biceps-curl,,,
760,192,240,biceps-curl,,,
752,176,100,biceps-curl,,,
851,161,119,biceps-curl,,,
878,115,649,biceps-curl,,,
858,105,61,biceps-curl,,,
885,140,-14,biceps-curl,,,
860,123,110,biceps-curl,,,
836,154,128,biceps-curl,,,
785,180,201,biceps-curl,,,
743,249,262,biceps-curl,,,
679,296,316,biceps-curl,,,
627,329,334,biceps-curl,,,
574,408,366,biceps-curl,,,
525,456,429,biceps-curl,,,
495,556,477,biceps-curl,,,
488,547,510,biceps-curl,,,
428,582,471,biceps-curl,,,
411,655,501,biceps-curl,,,
406,736,518,biceps-curl,,,
385,793,507,biceps-curl,,,
366,827,461,biceps-curl,,,
351,868,381,biceps-curl,,,
322,910,353,biceps-curl,,,
282,945,295,biceps-curl,,,
227,977,265,biceps-curl,,,
168,988,312,biceps-curl,,,
90,992,321,biceps-curl,,,
17,1015,263,biceps-curl,,,
-25,1028,227,biceps-curl,,,
-76,1034,240,biceps-curl,,,
-127,1064,192,biceps-curl,,,
-172,1051,178,biceps-curl,,,
-207,1007,234,biceps-curl,,,
-248,1010,160,biceps-curl,,,
-298,971,157,biceps-curl,,,
-346,991,138,biceps-curl,,,
-382,994,43,biceps-curl,,,
-424,922,87,biceps-curl,,,
-460,938,110,biceps-curl,,,
-507,952,56,biceps-curl,,,
-551,893,51,biceps-curl,,,
-579,879,47,biceps-curl,,,
-599,864,100,biceps-curl,,,
-637,823,39,biceps-curl,,,
-667,803,38,biceps-curl,,,
-692,711,80,biceps-curl,,,
-736,702,77,biceps-curl,,,
-818,679,46,biceps-curl,,,
-849,662,23,biceps-curl,,,
-873,633,8,biceps-curl,,,
-904,664,8,biceps-curl,,,
-912,632,0,biceps-curl,,,
-943,570,78,biceps-curl,,,
-959,568,12,biceps-curl,,,
-975,531,135,biceps-curl,,,
-1005,492,71,biceps-curl,,,
-1015,488,85,biceps-curl,,,
-1023,467,81,biceps-curl,,,
-1024,444,46,biceps-curl,,,
-1004,480,100,biceps-curl,,,
-980,468,60,biceps-curl,,,
-976,458,16,biceps-curl,,,
-976,462,95,biceps-curl,,,
-988,434,54,biceps-curl,,,
-998,412,67,biceps-curl,,,
-989,425,46,biceps-curl,,,
-990,454,54,biceps-curl,,,
-992,469,69,biceps-curl,,,
-1003,477,40,biceps-curl,,,
-1013,475,9,biceps-curl,,,
-1016,492,20,biceps-curl,,,
-1011,499,65,biceps-curl,,,
-1008,510,42,biceps-curl,,,
-1017,520,30,biceps-curl,,,
-1028,524,83,biceps-curl,,,
-1028,528,100,biceps-curl,,,
-1012,532,108,biceps-curl,,,
-1004,544,124,biceps-curl,,,
-990,574,127,biceps-curl,,,
-968,618,154,biceps-curl,,,
-951,653,210,biceps-curl,,,
-934,672,227,biceps-curl,,,
-920,687,187,biceps-curl,,,
-868,727,180,biceps-curl,,,
-845,749,185,biceps-curl,,,
-822,754,229,biceps-curl,,,
-772,783,219,biceps-curl,,,
-724,823,247,biceps-curl,,,
-661,880,323,biceps-curl,,,
-620,876,262,biceps-curl,,,
-573,866,279,biceps-curl,,,
-516,875,353,biceps-curl,,,
-440,885,307,biceps-curl,,,
-431,887,216,biceps-curl,,,
-382,956,211,biceps-curl,,,
-362,939,194,biceps-curl,,,
-317,965,253,biceps-curl,,,
-294,1002,169,biceps-curl,,,
-268,935,265,biceps-curl,,,
-212,922,271,biceps-curl,,,
-141,968,87,biceps-curl,,,
-48,976,64,biceps-curl,,,
64,920,296,biceps-curl,,,
64,920,296,biceps-curl,,,
95,897,218,biceps-curl,,,
180,972,277,biceps-curl,,,
251,961,258,biceps-curl,,,
271,945,307,biceps-curl,,,
301,937,433,biceps-curl,,,
304,894,371,biceps-curl,,,
324,861,408,biceps-curl,,,
388,803,283,biceps-curl,,,
413,759,243,biceps-curl,,,
448,714,405,biceps-curl,,,
444,654,281,biceps-curl,,,
464,616,280,biceps-curl,,,
490,543,349,biceps-curl,,,
513,514,265,biceps-curl,,,
548,484,235,biceps-curl,,,
565,445,235,biceps-curl,,,
568,406,179,biceps-curl,,,
609,367,198,biceps-curl,,,
652,332,209,biceps-curl,,,
688,291,152,biceps-curl,,,
755,230,14,biceps-curl,,,
819,222,-104,biceps-curl,,,
887,218,-153,biceps-curl,,,
936,188,-180,biceps-curl,,,
932,164,-164,biceps-curl,,,
920,164,-136,biceps-curl,,,
913,169,-99,biceps-curl,,,
879,178,-7,biceps-curl,,,
821,210,49,biceps-curl,,,
758,240,88,biceps-curl,,,
699,270,203,biceps-curl,,,
655,306,287,biceps-curl,,,
615,379,342,biceps-curl,,,
558,440,436,biceps-curl,,,
519,458,432,biceps-curl,,,
471,500,316,biceps-curl,,,
452,573,503,biceps-curl,,,
444,555,522,biceps-curl,,,
389,671,431,biceps-curl,,,
400,701,341,biceps-curl,,,
367,730,338,biceps-curl,,,
352,788,388,biceps-curl,,,
306,848,397,biceps-curl,,,
264,850,336,biceps-curl,,,
203,868,340,biceps-curl,,,
155,910,379,biceps-curl,,,
100,970,403,biceps-curl,,,
48,993,332,biceps-curl,,,
54,1016,412,biceps-curl,,,
-16,1032,288,biceps-curl,,,
-56,1008,256,biceps-curl,,,
-118,1047,202,biceps-curl,,,
-150,1018,307,biceps-curl,,,
-212,994,215,biceps-curl,,,
-289,970,244,biceps-curl,,,
-346,1004,169,biceps-curl,,,
-415,994,167,biceps-curl,,,
-485,965,182,biceps-curl,,,
-543,980,217,biceps-curl,,,
-604,958,211,biceps-curl,,,
-660,882,202,biceps-curl,,,
-697,845,113,biceps-curl,,,
-752,870,124,biceps-curl,,,
-774,809,89,biceps-curl,,,
-805,778,135,biceps-curl,,,
-833,726,205,biceps-curl,,,
-883,699,175,biceps-curl,,,
-909,664,152,biceps-curl,,,
-922,623,147,biceps-curl,,,
-933,583,85,biceps-curl,,,
-946,578,81,biceps-curl,,,
-966,519,127,biceps-curl,,,
-976,454,153,biceps-curl,,,
-980,431,164,biceps-curl,,,
-996,420,164,biceps-curl,,,
-1024,400,116,biceps-curl,,,
-1032,369,87,biceps-curl,,,
-1028,352,108,biceps-curl,,,
-1032,334,119,biceps-curl,,,
-1039,322,81,biceps-curl,,,
-1045,323,22,biceps-curl,,,
-1055,289,81,biceps-curl,,,
-1071,273,157,biceps-curl,,,
-1053,280,136,biceps-curl,,,
-1043,272,104,biceps-curl,,,
-1030,283,111,biceps-curl,,,
-1024,288,114,biceps-curl,,,
-1022,313,86,biceps-curl,,,
-1014,288,104,biceps-curl,,,
-1021,334,100,biceps-curl,,,
-1056,336,108,biceps-curl,,,
-1025,372,168,biceps-curl,,,
-1033,397,101,biceps-curl,,,
-1039,426,124,biceps-curl,,,
-1031,444,108,biceps-curl,,,
-1021,478,138,biceps-curl,,,
-999,529,151,biceps-curl,,,
-983,535,142,biceps-curl,,,
-966,529,114,biceps-curl,,,
-936,553,160,biceps-curl,,,
-936,592,160,biceps-curl,,,
-920,584,168,biceps-curl,,,
-889,638,75,biceps-curl,,,
-880,670,133,biceps-curl,,,
-858,694,315,biceps-curl,,,
-805,776,204,biceps-curl,,,
-800,727,135,biceps-curl,,,
-772,790,191,biceps-curl,,,
-727,793,220,biceps-curl,,,
-713,779,257,biceps-curl,,,
-679,809,257,biceps-curl,,,
-653,816,269,biceps-curl,,,
-629,828,297,biceps-curl,,,
-606,856,316,biceps-curl,,,
-576,876,296,biceps-curl,,,
-545,880,277,biceps-curl,,,
-514,891,305,biceps-curl,,,
-455,896,298,biceps-curl,,,
-421,901,362,biceps-curl,,,
-370,914,380,biceps-curl,,,
-339,895,328,biceps-curl,,,
-288,875,328,biceps-curl,,,
-196,881,316,biceps-curl,,,
-139,888,287,biceps-curl,,,
-98,905,267,biceps-curl,,,
-47,916,314,biceps-curl,,,
-4,916,360,biceps-curl,,,
62,939,367,biceps-curl,,,
119,956,388,biceps-curl,,,
163,948,381,biceps-curl,,,
228,944,392,biceps-curl,,,
285,934,421,biceps-curl,,,
331,917,385,biceps-curl,,,
342,889,342,biceps-curl,,,
368,826,363,biceps-curl,,,
413,787,397,biceps-curl,,,
440,775,405,biceps-curl,,,
449,727,360,biceps-curl,,,
476,698,375,biceps-curl,,,
488,666,383,biceps-curl,,,
490,602,278,biceps-curl,,,
504,515,279,biceps-curl,,,
549,463,307,biceps-curl,,,
608,452,307,biceps-curl,,,
610,424,228,biceps-curl,,,
629,373,168,biceps-curl,,,
671,349,223,biceps-curl,,,
730,322,199,biceps-curl,,,
756,258,24,biceps-curl,,,
809,279,25,biceps-curl,,,
825,255,49,biceps-curl,,,
863,225,72,biceps-curl,,,
809,287,96,biceps-curl,,,
808,272,119,biceps-curl,,,
785,280,196,biceps-curl,,,
747,340,178,biceps-curl,,,
686,351,205,biceps-curl,,,
637,381,229,biceps-curl,,,
576,454,288,biceps-curl,,,
527,484,330,biceps-curl,,,
480,481,269,biceps-curl,,,
446,552,341,biceps-curl,,,
408,593,309,biceps-curl,,,
363,693,197,biceps-curl,,,
358,799,283,biceps-curl,,,
378,795,302,biceps-curl,,,
327,807,273,biceps-curl,,,
265,883,281,biceps-curl,,,
237,912,239,biceps-curl,,,
200,917,237,biceps-curl,,,
143,956,202,biceps-curl,,,
100,996,176,biceps-curl,,,
35,1018,138,biceps-curl,,,
-23,1043,80,biceps-curl,,,
-62,1056,87,biceps-curl,,,
-132,1065,47,biceps-curl,,,
-193,1047,42,biceps-curl,,,
-232,996,60,biceps-curl,,,
-294,1006,20,biceps-curl,,,
-362,1022,23,biceps-curl,,,
-417,992,51,biceps-curl,,,
-468,975,71,biceps-curl,,,
-528,936,48,biceps-curl,,,
-588,909,-3,biceps-curl,,,
-625,907,-2,biceps-curl,,,
-672,896,30,biceps-curl,,,
-712,838,64,biceps-curl,,,
-743,772,46,biceps-curl,,,
-783,749,24,biceps-curl,,,
-808,745,-1,biceps-curl,,,
-836,686,52,biceps-curl,,,
-852,627,77,biceps-curl,,,
-872,603,28,biceps-curl,,,
-911,574,-9,biceps-curl,,,
-952,529,35,biceps-curl,,,
-992,527,93,biceps-curl,,,
-993,473,108,biceps-curl,,,
-1003,471,21,biceps-curl,,,
-1023,399,-4,biceps-curl,,,
-1014,382,33,biceps-curl,,,
-985,359,42,biceps-curl,,,
-1000,342,73,biceps-curl,,,
-1000,280,120,biceps-curl,,,
-1024,280,-16,biceps-curl,,,
-1024,280,-16,biceps-curl,,,
-1055,257,77,biceps-curl,,,
-1071,286,126,biceps-curl,,,
-1072,258,16,biceps-curl,,,
-1079,220,66,biceps-curl,,,
-1051,245,108,biceps-curl,,,
-1048,220,42,biceps-curl,,,
-1021,250,32,biceps-curl,,,
-1023,236,85,biceps-curl,,,
-1017,252,50,biceps-curl,,,
-1022,224,91,biceps-curl,,,
-1024,241,98,biceps-curl,,,
-1048,254,120,biceps-curl,,,
-1085,291,99,biceps-curl,,,
-1096,321,88,biceps-curl,,,
-1113,328,110,biceps-curl,,,
-1120,355,120,biceps-curl,,,
-1115,389,141,biceps-curl,,,
-1092,415,121,biceps-curl,,,
-1075,444,144,biceps-curl,,,
-1048,466,163,biceps-curl,,,
-1027,486,169,biceps-curl,,,
-1002,514,149,biceps-curl,,,
-980,554,145,biceps-curl,,,
-964,593,181,biceps-curl,,,
-940,632,188,biceps-curl,,,
-916,679,191,biceps-curl,,,
-904,686,179,biceps-curl,,,
-879,692,169,biceps-curl,,,
-841,731,193,biceps-curl,,,
-816,736,194,biceps-curl,,,
-768,739,190,biceps-curl,,,
-711,747,154,biceps-curl,,,
-666,755,163,biceps-curl,,,
-627,776,208,biceps-curl,,,
-585,810,226,biceps-curl,,,
-538,832,196,biceps-curl,,,
-493,878,132,biceps-curl,,,
-448,896,226,biceps-curl,,,
-396,889,262,biceps-curl,,,
-369,864,221,biceps-curl,,,
-296,871,282,biceps-curl,,,
-215,909,169,biceps-curl,,,
-161,935,97,biceps-curl,,,
-113,932,113,biceps-curl,,,
-56,965,181,biceps-curl,,,
13,1007,216,biceps-curl,,,
67,998,140,biceps-curl,,,
113,966,300,biceps-curl,,,
137,935,217,biceps-curl,,,
185,912,241,biceps-curl,,,
247,912,327,biceps-curl,,,
333,935,266,biceps-curl,,,
374,951,150,biceps-curl,,,
443,989,189,biceps-curl,,,
441,926,280,biceps-curl,,,
440,891,167,biceps-curl,,,
475,783,292,biceps-curl,,,
514,768,380,biceps-curl,,,
500,735,225,biceps-curl,,,
503,669,264,biceps-curl,,,
529,612,331,biceps-curl,,,
524,557,387,biceps-curl,,,
550,532,352,biceps-curl,,,
542,416,277,biceps-curl,,,
547,365,227,biceps-curl,,,
580,310,266,biceps-curl,,,
608,288,288,biceps-curl,,,
642,256,204,biceps-curl,,,
692,220,53,biceps-curl,,,
766,183,61,biceps-curl,,,
843,168,37,biceps-curl,,,
872,177,-3,biceps-curl,,,
881,184,0,biceps-curl,,,
897,180,13,biceps-curl,,,
875,180,61,biceps-curl,,,
840,188,144,biceps-curl,,,
794,211,188,biceps-curl,,,
730,261,177,biceps-curl,,,
704,296,217,biceps-curl,,,
657,340,270,biceps-curl,,,
566,410,266,biceps-curl,,,
534,458,326,biceps-curl,,,
506,527,359,biceps-curl,,,
437,560,285,biceps-curl,,,
406,610,293,biceps-curl,,,
347,682,373,biceps-curl,,,
327,713,489,biceps-curl,,,
308,778,440,biceps-curl,,,
293,804,325,biceps-curl,,,
210,875,227,biceps-curl,,,
206,915,177,biceps-curl,,,
155,940,148,biceps-curl,,,
88,993,119,biceps-curl,,,
36,1004,71,biceps-curl,,,
-39,1024,69,biceps-curl,,,
-95,1022,92,biceps-curl,,,
-159,1012,-10,biceps-curl,,,
-237,1054,-30,biceps-curl,,,
-315,1034,-8,biceps-curl,,,
-370,1071,-13,biceps-curl,,,
-440,1032,72,biceps-curl,,,
-488,968,8,biceps-curl,,,
-581,945,-15,biceps-curl,,,
-592,967,7,biceps-curl,,,
-644,938,53,biceps-curl,,,
-736,878,-24,biceps-curl,,,
-758,822,89,biceps-curl,,,
-802,774,-8,biceps-curl,,,
-863,741,-4,biceps-curl,,,
-885,723,-53,biceps-curl,,,
-908,687,-12,biceps-curl,,,
-931,636,25,biceps-curl,,,
-955,636,-5,biceps-curl,,,
-960,580,-40,biceps-curl,,,
-972,531,-42,biceps-curl,,,
-976,514,40,biceps-curl,,,
-998,473,33,biceps-curl,,,
-1013,407,16,biceps-curl,,,
-1016,405,16,biceps-curl,,,
-1021,391,52,biceps-curl,,,
-1044,351,37,biceps-curl,,,
-1051,312,30,biceps-curl,,,
-1048,291,35,biceps-curl,,,
-1048,275,10,biceps-curl,,,
-1039,251,-17,biceps-curl,,,
-1020,244,-3,biceps-curl,,,
-996,240,32,biceps-curl,,,
-972,228,36,biceps-curl,,,
-964,220,31,biceps-curl,,,
-957,216,26,biceps-curl,,,
-934,219,15,biceps-curl,,,
-910,211,21,biceps-curl,,,
-890,192,16,biceps-curl,,,
-865,198,13,biceps-curl,,,
-835,205,0,biceps-curl,,,
-814,192,2,biceps-curl,,,
-787,181,23,biceps-curl,,,
-774,183,2,biceps-curl,,,
-760,160,50,biceps-curl,,,
-736,156,60,biceps-curl,,,
-729,146,72,biceps-curl,,,
-702,150,72,biceps-curl,,,
-706,138,66,biceps-curl,,,
-755,119,51,biceps-curl,,,
-782,153,97,biceps-curl,,,
-860,153,55,biceps-curl,,,
-831,106,47,biceps-curl,,,
-828,119,39,biceps-curl,,,
-871,116,35,biceps-curl,,,
-864,176,73,biceps-curl,,,
-865,166,86,biceps-curl,,,
-888,96,16,biceps-curl,,,
-880,112,64,biceps-curl,,,
-927,73,41,biceps-curl,,,
-936,57,55,biceps-curl,,,
-906,78,78,biceps-curl,,,
-904,109,102,biceps-curl,,,
-933,126,83,biceps-curl,,,
-950,107,52,biceps-curl,,,
-972,77,7,biceps-curl,,,
-929,92,133,biceps-curl,,,
-966,142,114,biceps-curl,,,
-1001,114,72,biceps-curl,,,
-1033,123,39,biceps-curl,,,
-1070,164,20,biceps-curl,,,
-1086,170,145,biceps-curl,,,
-1111,145,100,biceps-curl,,,
-1103,136,75,biceps-curl,,,
-1139,125,42,biceps-curl,,,
-1181,136,45,biceps-curl,,,
-1217,129,66,biceps-curl,,,
-1247,120,82,biceps-curl,,,
-1256,130,107,biceps-curl,,,
-1247,155,83,biceps-curl,,,
-1222,172,38,biceps-curl,,,
-1199,189,37,biceps-curl,,,
-1196,204,36,biceps-curl,,,
-1184,204,28,biceps-curl,,,
-1156,196,63,biceps-curl,,,
-1129,192,74,biceps-curl,,,
-1108,206,52,biceps-curl,,,
-1107,217,59,biceps-curl,,,
-1106,192,41,biceps-curl,,,
-1093,171,29,biceps-curl,,,
-1085,182,79,biceps-curl,,,
-1088,178,101,biceps-curl,,,
-1164,258,52,biceps-curl,,,
-1276,402,-21,biceps-curl,,,
-1189,247,-62,biceps-curl,,,
-1038,323,-236,biceps-curl,,,
-1042,351,4,biceps-curl,,,
-1126,218,335,biceps-curl,,,
-1248,55,208,biceps-curl,,,
-1045,140,43,biceps-curl,,,
-1224,135,16,biceps-curl,,,
-1152,194,330,biceps-curl,,,
-1253,151,1123,biceps-curl,,,
-1608,379,384,biceps-curl,,,
-1545,101,3,biceps-curl,,,
-1557,403,184,biceps-curl,,,
-1620,446,-22,biceps-curl,,,
-1555,412,311,biceps-curl,,,
-1640,544,0,biceps-curl,,,
